currency,nodes,wallets,miners,transactions,interval,shards,average block time,block size,messages,mode,tps,no. of blocks generated,blocktime in configuration file
memo,256,1024,256,1024,0.01,128,0.6205268298218656,1024,523264,sharded,1651.8222109658761,1024,0.29296875
memo,256,1024,256,1024,0.01,128,0.9138441851904681,1024,523264,sharded,1121.6354129192869,1024,0.5859375
memo,256,1024,256,1024,0.01,128,1210.3851708395323,1024,523264,sharded,0.8468378700385533,1024,1200.0
memo,256,1024,256,1024,0.01,128,150.7144538386473,1024,523264,sharded,6.800940280733459,1024,150.0
memo,256,1024,256,1024,0.01,128,19.115704296228436,1024,523264,sharded,53.62083364107251,1024,18.75
memo,256,1024,256,1024,0.01,128,1.5012708388604605,1024,523264,sharded,682.7548857060503,1024,1.171875
memo,256,1024,256,1024,0.01,128,2.654323461282805,1024,523264,sharded,386.16243082319323,1024,2.34375
memo,256,1024,256,1024,0.01,128,297.4232201907942,1024,523264,sharded,3.446267575687171,1024,300.0
memo,256,1024,256,1024,0.01,128,37.76652093602829,1024,523264,sharded,27.14044011986755,1024,37.5
memo,256,1024,256,1024,0.01,128,5.061342633461986,1024,523264,sharded,202.51543399244133,1024,4.6875
memo,256,1024,256,1024,0.01,128,610.9514141905004,1024,523264,sharded,1.6777111504981235,1024,600.0
memo,256,1024,256,1024,0.01,128,75.98932345391425,1024,523264,sharded,13.488737014768114,1024,75.0
memo,256,1024,256,1024,0.01,128,9.769427563109968,1024,523264,sharded,104.91914632444491,1024,9.375
memo,256,1024,256,1024,0.01,128,0.6680789237678555,131072,4088,sharded,196193.8856875918,8,0.29296875
memo,256,1024,256,1024,0.01,128,0.9116922683503489,131072,4088,sharded,143768.90596776534,8,0.5859375
memo,256,1024,256,1024,0.01,128,1164.693012848293,131072,4088,sharded,112.53866774683992,8,1200.0
memo,256,1024,256,1024,0.01,128,144.16346972157237,131072,4088,sharded,909.1970403677545,8,150.0
memo,256,1024,256,1024,0.01,128,20.851698880426696,131072,4088,sharded,6285.962633147224,8,18.75
memo,256,1024,256,1024,0.01,128,1.5074718102145812,131072,4088,sharded,86948.88959903164,8,1.171875
memo,256,1024,256,1024,0.01,128,2.702959697815652,131072,4088,sharded,48492.39894546866,8,2.34375
memo,256,1024,256,1024,0.01,128,276.26941265270807,131072,4088,sharded,474.4390583867091,8,300.0
memo,256,1024,256,1024,0.01,128,38.803045259013814,131072,4088,sharded,3377.904984649425,8,37.5
memo,256,1024,256,1024,0.01,128,5.256830367515995,131072,4088,sharded,24933.8462222314,8,4.6875
memo,256,1024,256,1024,0.01,128,589.4097730429064,131072,4088,sharded,222.3800927550254,8,600.0
memo,256,1024,256,1024,0.01,128,83.01375343039417,131072,4088,sharded,1578.9311359099406,8,75.0
memo,256,1024,256,1024,0.01,128,9.274121725531106,131072,4088,sharded,14133.198148474137,8,9.375
memo,256,1024,256,1024,0.01,128,0.6249943092228284,16384,32704,sharded,26216.2387052364,64,0.29296875
memo,256,1024,256,1024,0.01,128,0.8790852911996659,16384,32704,sharded,18638.692017744714,64,0.5859375
memo,256,1024,256,1024,0.01,128,1258.5196194507892,16384,32704,sharded,13.019264655683573,64,1200.0
memo,256,1024,256,1024,0.01,128,148.2474290465913,16384,32704,sharded,110.5246823191147,64,150.0
memo,256,1024,256,1024,0.01,128,19.15499447923914,16384,32704,sharded,855.390484072373,64,18.75
memo,256,1024,256,1024,0.01,128,1.4583479260368097,16384,32704,sharded,11235.316146077497,64,1.171875
memo,256,1024,256,1024,0.01,128,2.745170193713118,16384,32704,sharded,5968.66454310348,64,2.34375
memo,256,1024,256,1024,0.01,128,322.1703616715555,16384,32704,sharded,50.8581854488033,64,300.0
memo,256,1024,256,1024,0.01,128,38.13516388527334,16384,32704,sharded,429.65594822911976,64,37.5
memo,256,1024,256,1024,0.01,128,4.8496047116796195,16384,32704,sharded,3378.625882752657,64,4.6875
memo,256,1024,256,1024,0.01,128,601.3095906295694,16384,32704,sharded,27.248858583554195,64,600.0
memo,256,1024,256,1024,0.01,128,74.65999926738012,16384,32704,sharded,219.46156122129526,64,75.0
memo,256,1024,256,1024,0.01,128,9.487560028170588,16384,32704,sharded,1726.998295805185,64,9.375
memo,256,1024,256,1024,0.01,128,0.6229910225642991,2048,261632,sharded,3288.971952703415,512,0.29296875
memo,256,1024,256,1024,0.01,128,0.9191611121036004,2048,261632,sharded,2229.2065808905254,512,0.5859375
memo,256,1024,256,1024,0.01,128,1164.807646090508,2048,261632,sharded,1.7590887275484013,512,1200.0
memo,256,1024,256,1024,0.01,128,148.73442116128953,2048,261632,sharded,13.776232724085018,512,150.0
memo,256,1024,256,1024,0.01,128,18.83912100152221,2048,261632,sharded,108.76303622841215,512,18.75
memo,256,1024,256,1024,0.01,128,1.4967009100675315,2048,261632,sharded,1369.0109935909297,512,1.171875
memo,256,1024,256,1024,0.01,128,2.6510209139000196,2048,261632,sharded,772.9097832674721,512,2.34375
memo,256,1024,256,1024,0.01,128,306.7885149903586,2048,261632,sharded,6.678868014548699,512,300.0
memo,256,1024,256,1024,0.01,128,37.64500652682065,2048,261632,sharded,54.42952967852893,512,37.5
memo,256,1024,256,1024,0.01,128,5.029749711615272,2048,261632,sharded,407.3761354900454,512,4.6875
memo,256,1024,256,1024,0.01,128,607.2831145142096,2048,261632,sharded,3.374044084263858,512,600.0
memo,256,1024,256,1024,0.01,128,75.18621804003108,2048,261632,sharded,27.252334981246957,512,75.0
memo,256,1024,256,1024,0.01,128,9.613385204604276,2048,261632,sharded,213.14032012559355,512,9.375
memo,256,1024,256,1024,0.01,128,0.6955197537078832,262144,2044,sharded,376905.1829261205,4,0.29296875
memo,256,1024,256,1024,0.01,128,0.9955181362351138,262144,2044,sharded,263325.1876167614,4,0.5859375
memo,256,1024,256,1024,0.01,128,1160.230363502848,262144,2044,sharded,225.9421992789077,4,1200.0
memo,256,1024,256,1024,0.01,128,120.72739878334545,262144,2044,sharded,2171.3795098860637,4,150.0
memo,256,1024,256,1024,0.01,128,18.68896932787456,262144,2044,sharded,14026.723218439407,4,18.75
memo,256,1024,256,1024,0.01,128,1.5315932489408466,262144,2044,sharded,171158.36739374697,4,1.171875
memo,256,1024,256,1024,0.01,128,2.35666297688288,262144,2044,sharded,111235.6762810162,4,2.34375
memo,256,1024,256,1024,0.01,128,320.94237282263896,262144,2044,sharded,816.7977250696906,4,300.0
memo,256,1024,256,1024,0.01,128,35.208125012016154,262144,2044,sharded,7445.582515698656,4,37.5
memo,256,1024,256,1024,0.01,128,7.284672923855128,262144,2044,sharded,35985.829801850596,4,4.6875
memo,256,1024,256,1024,0.01,128,586.7209667571035,262144,2044,sharded,446.796714030718,4,600.0
memo,256,1024,256,1024,0.01,128,85.63616424387072,262144,2044,sharded,3061.148316422435,4,75.0
memo,256,1024,256,1024,0.01,128,9.05685843664553,262144,2044,sharded,28944.363195445174,4,9.375
memo,256,1024,256,1024,0.01,128,0.6519351575445649,32768,16352,sharded,50264.20131017398,32,0.29296875
memo,256,1024,256,1024,0.01,128,0.9714071536815971,32768,16352,sharded,33733.53786391906,32,0.5859375
memo,256,1024,256,1024,0.01,128,1155.5777871205228,32768,16352,sharded,28.357242900673988,32,1200.0
memo,256,1024,256,1024,0.01,128,155.2484390426389,32768,16352,sharded,211.0745860124237,32,150.0
memo,256,1024,256,1024,0.01,128,18.08759813117419,32768,16352,sharded,1811.6833292266838,32,18.75
memo,256,1024,256,1024,0.01,128,1.538959944419556,32768,16352,sharded,21292.95185285629,32,1.171875
memo,256,1024,256,1024,0.01,128,2.646440366720883,32768,16352,sharded,12382.292989508389,32,2.34375
memo,256,1024,256,1024,0.01,128,292.3709116014795,32768,16352,sharded,112.08023336010345,32,300.0
memo,256,1024,256,1024,0.01,128,35.68699003888252,32768,16352,sharded,918.2337867188227,32,37.5
memo,256,1024,256,1024,0.01,128,4.951681556925414,32768,16352,sharded,6617.751893630827,32,4.6875
memo,256,1024,256,1024,0.01,128,625.3443722550923,32768,16352,sharded,52.40152698876896,32,600.0
memo,256,1024,256,1024,0.01,128,76.85428849396085,32768,16352,sharded,426.37828860487025,32,75.0
memo,256,1024,256,1024,0.01,128,9.297707952878449,32768,16352,sharded,3524.4170032093925,32,9.375
memo,256,1024,256,1024,0.01,128,0.6283116725954122,4096,130816,sharded,6520.649191628459,256,0.29296875
memo,256,1024,256,1024,0.01,128,0.9216872593850025,4096,130816,sharded,4445.10863992384,256,0.5859375
memo,256,1024,256,1024,0.01,128,1202.755856993404,4096,130816,sharded,3.4063438362640777,256,1200.0
memo,256,1024,256,1024,0.01,128,151.46791692618024,4096,130816,sharded,27.048632364811116,256,150.0
memo,256,1024,256,1024,0.01,128,19.48158187808909,4096,130816,sharded,210.3011975946312,256,18.75
memo,256,1024,256,1024,0.01,128,1.5039770010005735,4096,130816,sharded,2724.1108057332835,256,1.171875
memo,256,1024,256,1024,0.01,128,2.6769744909113387,4096,130816,sharded,1530.4591111756292,256,2.34375
memo,256,1024,256,1024,0.01,128,290.72834386475904,4096,130816,sharded,14.092193232820264,256,300.0
memo,256,1024,256,1024,0.01,128,37.94744597901138,4096,130816,sharded,107.96510527391064,256,37.5
memo,256,1024,256,1024,0.01,128,4.9941114230170065,4096,130816,sharded,820.3661578549543,256,4.6875
memo,256,1024,256,1024,0.01,128,601.7700723343631,4096,130816,sharded,6.808248180417276,256,600.0
memo,256,1024,256,1024,0.01,128,75.29806548135231,4096,130816,sharded,54.41042839293964,256,75.0
memo,256,1024,256,1024,0.01,128,9.513362462787654,4096,130816,sharded,430.6574059409354,256,9.375
memo,256,1024,256,1024,0.01,128,0.7933745848402574,524288,1022,sharded,660834.1255417999,2,0.29296875
memo,256,1024,256,1024,0.01,128,1.0514950702987491,524288,1022,sharded,498612.8939729977,2,0.5859375
memo,256,1024,256,1024,0.01,128,1217.3762397241949,524288,1022,sharded,430.67129363292105,2,1200.0
memo,256,1024,256,1024,0.01,128,132.05445999519466,524288,1022,sharded,3970.248335566087,2,150.0
memo,256,1024,256,1024,0.01,128,17.87497951767435,524288,1022,sharded,29330.88675607128,2,18.75
memo,256,1024,256,1024,0.01,128,1.5549479905784398,524288,1022,sharded,337174.6213871531,2,1.171875
memo,256,1024,256,1024,0.01,128,2.9287551727989904,524288,1022,sharded,179014.2804934223,2,2.34375
memo,256,1024,256,1024,0.01,128,290.04277420302014,524288,1022,sharded,1807.6264835096888,2,300.0
memo,256,1024,256,1024,0.01,128,37.53607726734538,524288,1022,sharded,13967.602322049428,2,37.5
memo,256,1024,256,1024,0.01,128,4.786242402287915,524288,1022,sharded,109540.83724413539,2,4.6875
memo,256,1024,256,1024,0.01,128,567.761565317222,524288,1022,sharded,923.4316516424763,2,600.0
memo,256,1024,256,1024,0.01,128,73.62270404867985,524288,1022,sharded,7121.295078395062,2,75.0
memo,256,1024,256,1024,0.01,128,8.175428054162587,524288,1022,sharded,64129.85308250054,2,9.375
memo,256,1024,256,1024,0.01,128,0.6496016132618614,65536,8176,sharded,100887.98836400262,16,0.29296875
memo,256,1024,256,1024,0.01,128,0.8832676382141571,65536,8176,sharded,74198.34845586169,16,0.5859375
memo,256,1024,256,1024,0.01,128,1188.605310691863,65536,8176,sharded,55.13773109582713,16,1200.0
memo,256,1024,256,1024,0.01,128,142.82593467907378,65536,8176,sharded,458.85924112633995,16,150.0
memo,256,1024,256,1024,0.01,128,20.3061096270322,65536,8176,sharded,3227.452289174824,16,18.75
memo,256,1024,256,1024,0.01,128,1.5789925266987603,65536,8176,sharded,41505.57959702309,16,1.171875
memo,256,1024,256,1024,0.01,128,2.7421398588585806,65536,8176,sharded,23899.947987073083,16,2.34375
memo,256,1024,256,1024,0.01,128,300.8080976078839,65536,8176,sharded,217.86979978654117,16,300.0
memo,256,1024,256,1024,0.01,128,41.52454217924348,65536,8176,sharded,1578.2714645499311,16,37.5
memo,256,1024,256,1024,0.01,128,4.834745648029755,65536,8176,sharded,13555.418375878262,16,4.6875
memo,256,1024,256,1024,0.01,128,549.5324708761756,65536,8176,sharded,119.2595587582071,16,600.0
memo,256,1024,256,1024,0.01,128,73.10090312007873,65536,8176,sharded,896.5279114588512,16,75.0
memo,256,1024,256,1024,0.01,128,9.94558018323856,65536,8176,sharded,6589.56026622263,16,9.375
memo,256,1024,256,1024,0.01,128,0.6298557231133227,8192,65408,sharded,13007.740819600249,128,0.29296875
memo,256,1024,256,1024,0.01,128,0.9208339402861454,8192,65408,sharded,8897.369701049527,128,0.5859375
memo,256,1024,256,1024,0.01,128,1198.1509167328281,8192,65408,sharded,6.838036749444754,128,1200.0
memo,256,1024,256,1024,0.01,128,152.1551600528129,8192,65408,sharded,53.846349983505114,128,150.0
memo,256,1024,256,1024,0.01,128,18.972463982862884,8192,65408,sharded,431.83637124837503,128,18.75
memo,256,1024,256,1024,0.01,128,1.485738215198918,8192,65408,sharded,5514.430413236077,128,1.171875
memo,256,1024,256,1024,0.01,128,2.6229798719070665,8192,65408,sharded,3123.5466530832314,128,2.34375
memo,256,1024,256,1024,0.01,128,309.781301911212,8192,65408,sharded,26.447690514091253,128,300.0
memo,256,1024,256,1024,0.01,128,40.06571909744976,8192,65408,sharded,204.48902913916493,128,37.5
memo,256,1024,256,1024,0.01,128,5.086719877211946,8192,65408,sharded,1610.6646714917235,128,4.6875
memo,256,1024,256,1024,0.01,128,601.9510335783542,8192,65408,sharded,13.610741643379106,128,600.0
memo,256,1024,256,1024,0.01,128,75.0662022351718,8192,65408,sharded,109.1436592773468,128,75.0
memo,256,1024,256,1024,0.01,128,9.506180484041845,8192,65408,sharded,861.8603458827339,128,9.375
memo,100,1024,100,1024,0.01,16,0.60193894654114,1024,134144,sharded,1702.8305044720105,1024,0.29296875
memo,100,1024,100,1024,0.01,16,0.9071946602863739,1024,134144,sharded,1129.8567384385162,1024,0.5859375
memo,100,1024,100,1024,0.01,16,1184.2468509274136,1024,134144,sharded,0.8655290062179998,1024,1200.0
memo,100,1024,100,1024,0.01,16,147.63149075592952,1024,134144,sharded,6.9429631493362916,1024,150.0
memo,100,1024,100,1024,0.01,16,18.91154342051322,1024,134144,sharded,54.19970106132055,1024,18.75
memo,100,1024,100,1024,0.01,16,1.4704638274695276,1024,134144,sharded,697.0589693211892,1024,1.171875
memo,100,1024,100,1024,0.01,16,2.6374924264584276,1024,134144,sharded,388.6267083528083,1024,2.34375
memo,100,1024,100,1024,0.01,16,299.95793240132485,1024,134144,sharded,3.417145837065627,1024,300.0
memo,100,1024,100,1024,0.01,16,37.07866695945291,1024,134144,sharded,27.64392800638925,1024,37.5
memo,100,1024,100,1024,0.01,16,4.89802476223541,1024,134144,sharded,209.26803145278507,1024,4.6875
memo,100,1024,100,1024,0.01,16,595.392089143386,1024,134144,sharded,1.7215546170166751,1024,600.0
memo,100,1024,100,1024,0.01,16,75.10622623385848,1024,134144,sharded,13.647337263470734,1024,75.0
memo,100,1024,100,1024,0.01,16,9.85220662555697,1024,134144,sharded,104.03760689926193,1024,9.375
memo,100,1024,100,1024,0.01,16,0.9416336249253805,131072,1048,sharded,139197.45061184157,8,0.29296875
memo,100,1024,100,1024,0.01,16,1.1759096550924786,131072,1048,sharded,111465.19584422653,8,0.5859375
memo,100,1024,100,1024,0.01,16,1197.6289006488528,131072,1048,sharded,109.44375167381742,8,1200.0
memo,100,1024,100,1024,0.01,16,144.36459436862015,131072,1048,sharded,907.9303729092923,8,150.0
memo,100,1024,100,1024,0.01,16,15.556261588803789,131072,1048,sharded,8425.73900237936,8,18.75
memo,100,1024,100,1024,0.01,16,1.5356759258609032,131072,1048,sharded,85351.99243064268,8,1.171875
memo,100,1024,100,1024,0.01,16,3.2941835139357067,131072,1048,sharded,39789.22225963097,8,2.34375
memo,100,1024,100,1024,0.01,16,282.0375460080085,131072,1048,sharded,464.73599651969084,8,300.0
memo,100,1024,100,1024,0.01,16,39.50145500014284,131072,1048,sharded,3318.1815707681153,8,37.5
memo,100,1024,100,1024,0.01,16,5.8964305414741505,131072,1048,sharded,22229.21122839697,8,4.6875
memo,100,1024,100,1024,0.01,16,550.9848786789481,131072,1048,sharded,237.88856114211904,8,600.0
memo,100,1024,100,1024,0.01,16,63.503223280489166,131072,1048,sharded,2064.0369611013284,8,75.0
memo,100,1024,100,1024,0.01,16,12.26298652556304,131072,1048,sharded,10688.505587669799,8,9.375
memo,100,1024,100,1024,0.01,16,0.6657049023784756,16384,8384,sharded,24613.007867988596,64,0.29296875
memo,100,1024,100,1024,0.01,16,0.9962466762765608,16384,8384,sharded,16446.729901512343,64,0.5859375
memo,100,1024,100,1024,0.01,16,1281.7033953967539,16384,8384,sharded,12.783768896022929,64,1200.0
memo,100,1024,100,1024,0.01,16,139.8440735143924,16384,8384,sharded,117.1662093947349,64,150.0
memo,100,1024,100,1024,0.01,16,19.01709247598251,16384,8384,sharded,861.5933282489586,64,18.75
memo,100,1024,100,1024,0.01,16,1.500268424025733,16384,8384,sharded,10921.378959662063,64,1.171875
memo,100,1024,100,1024,0.01,16,2.7194203976260196,16384,8384,sharded,6025.180959260165,64,2.34375
memo,100,1024,100,1024,0.01,16,308.44970952692137,16384,8384,sharded,53.120490938798966,64,300.0
memo,100,1024,100,1024,0.01,16,38.699193294177086,16384,8384,sharded,423.39383861175696,64,37.5
memo,100,1024,100,1024,0.01,16,5.183481200185518,16384,8384,sharded,3161.0030724937474,64,4.6875
memo,100,1024,100,1024,0.01,16,619.3162080938415,16384,8384,sharded,26.456598076821642,64,600.0
memo,100,1024,100,1024,0.01,16,78.59966298172236,16384,8384,sharded,208.46145363002617,64,75.0
memo,100,1024,100,1024,0.01,16,9.902181541818221,16384,8384,sharded,1654.6858821769708,64,9.375
memo,100,1024,100,1024,0.01,16,0.6039666603248806,2048,67072,sharded,3392.5713695815916,512,0.29296875
memo,100,1024,100,1024,0.01,16,0.9017027353751195,2048,67072,sharded,2272.367510505101,512,0.5859375
memo,100,1024,100,1024,0.01,16,1235.8870893196965,2048,67072,sharded,1.6579184439315469,512,1200.0
memo,100,1024,100,1024,0.01,16,150.5448419473098,2048,67072,sharded,13.610562630349987,512,150.0
memo,100,1024,100,1024,0.01,16,18.87177060159832,2048,67072,sharded,108.57486789429618,512,18.75
memo,100,1024,100,1024,0.01,16,1.4798692181786552,2048,67072,sharded,1384.581809547874,512,1.171875
memo,100,1024,100,1024,0.01,16,2.6649613557553664,2048,67072,sharded,768.8666837794441,512,2.34375
memo,100,1024,100,1024,0.01,16,296.4310220352879,2048,67072,sharded,6.912232012464882,512,300.0
memo,100,1024,100,1024,0.01,16,37.486151911603926,2048,67072,sharded,54.660185041978856,512,37.5
memo,100,1024,100,1024,0.01,16,4.930642257848484,2048,67072,sharded,415.5645234124314,512,4.6875
memo,100,1024,100,1024,0.01,16,612.0180506472278,2048,67072,sharded,3.3479404697837256,512,600.0
memo,100,1024,100,1024,0.01,16,75.08717698767069,2048,67072,sharded,27.288281197952692,512,75.0
memo,100,1024,100,1024,0.01,16,9.676850950487946,2048,67072,sharded,211.74243671663467,512,9.375
memo,100,1024,100,1024,0.01,16,1.2167054059075932,262144,524,sharded,215454.78365361143,4,0.29296875
memo,100,1024,100,1024,0.01,16,1.5862169715332113,262144,524,sharded,165264.27639127764,4,0.5859375
memo,100,1024,100,1024,0.01,16,1529.3767087894862,262144,524,sharded,171.40642883694093,4,1200.0
memo,100,1024,100,1024,0.01,16,139.85956932309577,262144,524,sharded,1874.3443960878162,4,150.0
memo,100,1024,100,1024,0.01,16,26.715935277961695,262144,524,sharded,9812.308544415686,4,18.75
memo,100,1024,100,1024,0.01,16,2.5332235024123406,262144,524,sharded,103482.77589812517,4,1.171875
memo,100,1024,100,1024,0.01,16,3.4992657395974924,262144,524,sharded,74914.28759856163,4,2.34375
memo,100,1024,100,1024,0.01,16,344.0014263814,262144,524,sharded,762.0462588121817,4,300.0
memo,100,1024,100,1024,0.01,16,41.44444120191879,262144,524,sharded,6325.214972083234,4,37.5
memo,100,1024,100,1024,0.01,16,5.654777081830929,262144,524,sharded,46358.14926149512,4,4.6875
memo,100,1024,100,1024,0.01,16,517.1443655926096,262144,524,sharded,506.90874239652794,4,600.0
memo,100,1024,100,1024,0.01,16,103.33385297999229,262144,524,sharded,2536.874339242504,4,75.0
memo,100,1024,100,1024,0.01,16,11.901314159058526,262144,524,sharded,22026.55912586526,4,9.375
memo,100,1024,100,1024,0.01,16,0.6919431063248522,32768,4192,sharded,47357.9398370589,32,0.29296875
memo,100,1024,100,1024,0.01,16,0.9833981080516742,32768,4192,sharded,33322.21175910388,32,0.5859375
memo,100,1024,100,1024,0.01,16,1183.0961135200462,32768,4192,sharded,27.69766515630158,32,1200.0
memo,100,1024,100,1024,0.01,16,147.3358840800604,32768,4192,sharded,222.41017661518055,32,150.0
memo,100,1024,100,1024,0.01,16,18.712569439891354,32768,4192,sharded,1751.1758663213413,32,18.75
memo,100,1024,100,1024,0.01,16,1.5706850321288068,32768,4192,sharded,20862.871504917173,32,1.171875
memo,100,1024,100,1024,0.01,16,2.986756217049315,32768,4192,sharded,10971.434432092099,32,2.34375
memo,100,1024,100,1024,0.01,16,300.4117709887334,32768,4192,sharded,109.08027968460985,32,300.0
memo,100,1024,100,1024,0.01,16,41.72562589481585,32768,4192,sharded,785.344720354964,32,37.5
memo,100,1024,100,1024,0.01,16,4.321576808943652,32768,4192,sharded,7582.648984089194,32,4.6875
memo,100,1024,100,1024,0.01,16,698.444498961995,32768,4192,sharded,46.91711374160753,32,600.0
memo,100,1024,100,1024,0.01,16,75.15869977192476,32768,4192,sharded,435.9974307623764,32,75.0
memo,100,1024,100,1024,0.01,16,9.221336029730749,32768,4192,sharded,3553.6065375286853,32,9.375
memo,100,1024,100,1024,0.01,16,0.6105192149053098,4096,33536,sharded,6710.68149859204,256,0.29296875
memo,100,1024,100,1024,0.01,16,0.8867823828364001,4096,33536,sharded,4620.073739958188,256,0.5859375
memo,100,1024,100,1024,0.01,16,1212.202971082172,4096,33536,sharded,3.379797028828001,256,1200.0
memo,100,1024,100,1024,0.01,16,150.08332763641937,4096,33536,sharded,27.298168720812782,256,150.0
memo,100,1024,100,1024,0.01,16,19.01657818099107,4096,33536,sharded,215.44359668740788,256,18.75
memo,100,1024,100,1024,0.01,16,1.4369971261909462,4096,33536,sharded,2851.084337837149,256,1.171875
memo,100,1024,100,1024,0.01,16,2.692923357334286,4096,33536,sharded,1521.3949512679794,256,2.34375
memo,100,1024,100,1024,0.01,16,306.9123428691523,4096,33536,sharded,13.349088412995815,256,300.0
memo,100,1024,100,1024,0.01,16,38.72875744366462,4096,33536,sharded,105.78702417601578,256,37.5
memo,100,1024,100,1024,0.01,16,4.8370625493783646,4096,33536,sharded,847.001658170934,256,4.6875
memo,100,1024,100,1024,0.01,16,581.5322530884486,4096,33536,sharded,7.045181033797044,256,600.0
memo,100,1024,100,1024,0.01,16,72.78848620508788,4096,33536,sharded,56.2863745847983,256,75.0
memo,100,1024,100,1024,0.01,16,9.920889560965922,4096,33536,sharded,412.96700006819816,256,9.375
memo,100,1024,100,1024,0.01,16,1.87355813315659,524288,262,sharded,279835.99266101903,2,0.29296875
memo,100,1024,100,1024,0.01,16,2.3244877417125704,524288,262,sharded,225550.33979819104,2,0.5859375
memo,100,1024,100,1024,0.01,16,1357.8558077755144,524288,262,sharded,386.1153717484245,2,1200.0
memo,100,1024,100,1024,0.01,16,145.12122852587402,524288,262,sharded,3612.765722325202,2,150.0
memo,100,1024,100,1024,0.01,16,21.801217641034203,524288,262,sharded,24048.610891035023,2,18.75
memo,100,1024,100,1024,0.01,16,3.162386747838572,524288,262,sharded,165789.0200679411,2,1.171875
memo,100,1024,100,1024,0.01,16,3.5248314455207734,524288,262,sharded,148741.58044244847,2,2.34375
memo,100,1024,100,1024,0.01,16,433.04369371958984,524288,262,sharded,1210.706927739016,2,300.0
memo,100,1024,100,1024,0.01,16,40.32377624749268,524288,262,sharded,13001.981679049717,2,37.5
memo,100,1024,100,1024,0.01,16,6.163623226537786,524288,262,sharded,85061.81846785307,2,4.6875
memo,100,1024,100,1024,0.01,16,603.8001218317828,524288,262,sharded,868.3154922351367,2,600.0
memo,100,1024,100,1024,0.01,16,77.03815469884346,524288,262,sharded,6805.57578318878,2,75.0
memo,100,1024,100,1024,0.01,16,12.645627021559147,524288,262,sharded,41460.1030938328,2,9.375
memo,100,1024,100,1024,0.01,16,0.7958358542757363,65536,2096,sharded,82349.89621024682,16,0.29296875
memo,100,1024,100,1024,0.01,16,1.0286569292718812,65536,2096,sharded,63711.23173825246,16,0.5859375
memo,100,1024,100,1024,0.01,16,1165.7200233061237,65536,2096,sharded,56.220188973102736,16,1200.0
memo,100,1024,100,1024,0.01,16,150.98912269100302,65536,2096,sharded,434.0511344921216,16,150.0
memo,100,1024,100,1024,0.01,16,19.180158646640503,65536,2096,sharded,3416.916471203387,16,18.75
memo,100,1024,100,1024,0.01,16,1.4941730733450664,65536,2096,sharded,43861.719347732345,16,1.171875
memo,100,1024,100,1024,0.01,16,2.7481970252169323,65536,2096,sharded,23847.27128318857,16,2.34375
memo,100,1024,100,1024,0.01,16,297.59011383865857,65536,2096,sharded,220.22572979535045,16,300.0
memo,100,1024,100,1024,0.01,16,34.08243087037292,65536,2096,sharded,1922.8968804854183,16,37.5
memo,100,1024,100,1024,0.01,16,5.276428909046299,65536,2096,sharded,12420.711266978038,16,4.6875
memo,100,1024,100,1024,0.01,16,686.886828292595,65536,2096,sharded,95.41164177351648,16,600.0
memo,100,1024,100,1024,0.01,16,72.67535424069435,65536,2096,sharded,901.7775101989494,16,75.0
memo,100,1024,100,1024,0.01,16,10.80587864793159,65536,2096,sharded,6064.939477415359,16,9.375
memo,100,1024,100,1024,0.01,16,0.619964652319237,8192,16768,sharded,13215.26956311244,128,0.29296875
memo,100,1024,100,1024,0.01,16,0.9234219458481137,8192,16768,sharded,8872.433709029048,128,0.5859375
memo,100,1024,100,1024,0.01,16,1238.22635415376,8192,16768,sharded,6.616722356551145,128,1200.0
memo,100,1024,100,1024,0.01,16,152.31732127601146,8192,16768,sharded,53.78902367350338,128,150.0
memo,100,1024,100,1024,0.01,16,19.924659513905926,8192,16768,sharded,411.1989966143159,128,18.75
memo,100,1024,100,1024,0.01,16,1.4966801049922114,8192,16768,sharded,5474.115659500021,128,1.171875
memo,100,1024,100,1024,0.01,16,2.7763280981833693,8192,16768,sharded,2951.0200920996745,128,2.34375
memo,100,1024,100,1024,0.01,16,296.03744169109603,8192,16768,sharded,27.675553312439067,128,300.0
memo,100,1024,100,1024,0.01,16,38.556288816586445,8192,16768,sharded,212.49451779382542,128,37.5
memo,100,1024,100,1024,0.01,16,5.392750151507866,8192,16768,sharded,1519.261929408904,128,4.6875
memo,100,1024,100,1024,0.01,16,576.4468694393835,8192,16768,sharded,14.212931727720205,128,600.0
memo,100,1024,100,1024,0.01,16,78.16113559803186,8192,16768,sharded,104.82191612638627,128,75.0
memo,100,1024,100,1024,0.01,16,9.647453464355545,8192,16768,sharded,849.2396496412949,128,9.375
memo,100,1024,100,1024,0.01,1,0.5323260771695373,1024,103424,conventional,1925.5115312969235,1024,0.29296875
memo,100,1024,100,1024,0.01,1,0.8508176097431077,1024,103424,conventional,1204.7235368218157,1024,0.5859375
memo,100,1024,100,1024,0.01,1,1305.3492417899754,1024,103424,conventional,0.7852304710381237,1024,1200.0
memo,100,1024,100,1024,0.01,1,155.31512279376048,1024,103424,conventional,6.599486138649067,1024,150.0
memo,100,1024,100,1024,0.01,1,20.086886839945468,1024,103424,conventional,51.02831554572459,1024,18.75
memo,100,1024,100,1024,0.01,1,1.3970004864204908,1024,103424,conventional,733.7148483221642,1024,1.171875
memo,100,1024,100,1024,0.01,1,2.4784216337826224,1024,103424,conventional,413.5696630583482,1024,2.34375
memo,100,1024,100,1024,0.01,1,307.13887317636875,1024,103424,conventional,3.3372525900080805,1024,300.0
memo,100,1024,100,1024,0.01,1,40.25531073568684,1024,103424,conventional,25.4624788945257,1024,37.5
memo,100,1024,100,1024,0.01,1,4.7452023664649845,1024,103424,conventional,216.00764748071015,1024,4.6875
memo,100,1024,100,1024,0.01,1,589.7689899753011,1024,103424,conventional,1.7379686240250203,1024,600.0
memo,100,1024,100,1024,0.01,1,76.42393038293423,1024,103424,conventional,13.41202938482848,1024,75.0
memo,100,1024,100,1024,0.01,1,9.506708169309373,1024,103424,conventional,107.8186036370634,1024,9.375
memo,100,1024,100,1024,0.01,1,5.873590828451326,131072,808,conventional,22315.650481659388,8,0.29296875
memo,100,1024,100,1024,0.01,1,6.209984837790504,131072,808,conventional,21106.81481899325,8,0.5859375
memo,100,1024,100,1024,0.01,1,700.8456742180908,131072,808,conventional,187.0212014167507,8,1200.0
memo,100,1024,100,1024,0.01,1,155.40178184160732,131072,808,conventional,843.4459273677805,8,150.0
memo,100,1024,100,1024,0.01,1,25.320201719866205,131072,808,conventional,5176.61752659578,8,18.75
memo,100,1024,100,1024,0.01,1,6.514808625815456,131072,808,conventional,20119.240261427272,8,1.171875
memo,100,1024,100,1024,0.01,1,7.382260136614917,131072,808,conventional,17755.13156870446,8,2.34375
memo,100,1024,100,1024,0.01,1,428.6327076032789,131072,808,conventional,305.79327632952044,8,300.0
memo,100,1024,100,1024,0.01,1,40.146374019705284,131072,808,conventional,3264.877668296137,8,37.5
memo,100,1024,100,1024,0.01,1,8.89247969436252,131072,808,conventional,14739.758144524649,8,4.6875
memo,100,1024,100,1024,0.01,1,618.6257020112863,131072,808,conventional,211.87771470511692,8,600.0
memo,100,1024,100,1024,0.01,1,105.55322005965577,131072,808,conventional,1241.7716856569714,8,75.0
memo,100,1024,100,1024,0.01,1,12.944076326064227,131072,808,conventional,10126.099128144899,8,9.375
memo,100,1024,100,1024,0.01,1,1.1691439041022706,16384,6464,conventional,14014.52801704616,64,0.29296875
memo,100,1024,100,1024,0.01,1,1.5883927039144405,16384,6464,conventional,10315.45911764814,64,0.5859375
memo,100,1024,100,1024,0.01,1,1201.832507283172,16384,6464,conventional,13.633347326441902,64,1200.0
memo,100,1024,100,1024,0.01,1,129.69732014595778,16384,6464,conventional,126.33260256696727,64,150.0
memo,100,1024,100,1024,0.01,1,22.601034784784538,16384,6464,conventional,724.9668059902596,64,18.75
memo,100,1024,100,1024,0.01,1,2.340440453829259,16384,6464,conventional,7000.81900105258,64,1.171875
memo,100,1024,100,1024,0.01,1,3.259983444208128,16384,6464,conventional,5026.099144494283,64,2.34375
memo,100,1024,100,1024,0.01,1,307.63188069903697,16384,6464,conventional,53.26170994621265,64,300.0
memo,100,1024,100,1024,0.01,1,33.77108940586208,16384,6464,conventional,485.1783074891225,64,37.5
memo,100,1024,100,1024,0.01,1,6.045549323947161,16384,6464,conventional,2710.2582614117478,64,4.6875
memo,100,1024,100,1024,0.01,1,527.5313123651348,16384,6464,conventional,31.059767668651673,64,600.0
memo,100,1024,100,1024,0.01,1,73.2143092102276,16384,6464,conventional,223.79505013087135,64,75.0
memo,100,1024,100,1024,0.01,1,10.221738939617804,16384,6464,conventional,1602.9562187794088,64,9.375
memo,100,1024,100,1024,0.01,1,0.5755870225433902,2048,51712,conventional,3559.8439849215633,512,0.29296875
memo,100,1024,100,1024,0.01,1,0.8912858644177399,2048,51712,conventional,2298.9257227125136,512,0.5859375
memo,100,1024,100,1024,0.01,1,1153.9628886076885,2048,51712,conventional,1.775620360263246,512,1200.0
memo,100,1024,100,1024,0.01,1,145.3373974006429,2048,51712,conventional,14.098229613618608,512,150.0
memo,100,1024,100,1024,0.01,1,19.23692429353885,2048,51712,conventional,106.51390881068251,512,18.75
memo,100,1024,100,1024,0.01,1,1.4962916789747716,2048,51712,conventional,1369.3854138144595,512,1.171875
memo,100,1024,100,1024,0.01,1,2.6525825829154934,2048,51712,conventional,772.4547439906332,512,2.34375
memo,100,1024,100,1024,0.01,1,318.39035370719625,2048,51712,conventional,6.435496478276907,512,300.0
memo,100,1024,100,1024,0.01,1,38.745766078022825,2048,51712,conventional,52.88319750534558,512,37.5
memo,100,1024,100,1024,0.01,1,4.969636415670412,2048,51712,conventional,412.3038042660484,512,4.6875
memo,100,1024,100,1024,0.01,1,549.6594756733523,2048,51712,conventional,3.7277625342306755,512,600.0
memo,100,1024,100,1024,0.01,1,75.72641303677618,2048,51712,conventional,27.05793022316946,512,75.0
memo,100,1024,100,1024,0.01,1,9.334462009755415,2048,51712,conventional,219.50916912604038,512,9.375
memo,100,1024,100,1024,0.01,1,10.897118363861887,262144,404,conventional,24056.35978676266,4,0.29296875
memo,100,1024,100,1024,0.01,1,11.0198714216579,262144,404,conventional,23788.39007910686,4,0.5859375
memo,100,1024,100,1024,0.01,1,1315.2117842410923,262144,404,conventional,199.31770923970524,4,1200.0
memo,100,1024,100,1024,0.01,1,329.4987738961428,262144,404,conventional,795.5871789757477,4,150.0
memo,100,1024,100,1024,0.01,1,23.769582768327155,262144,404,conventional,11028.590722648563,4,18.75
memo,100,1024,100,1024,0.01,1,11.949545119076745,262144,404,conventional,21937.65514818643,4,1.171875
memo,100,1024,100,1024,0.01,1,13.416202482428789,262144,404,conventional,19539.433781156145,4,2.34375
memo,100,1024,100,1024,0.01,1,111.90564101135638,262144,404,conventional,2342.553937682168,4,300.0
memo,100,1024,100,1024,0.01,1,38.113838577741966,262144,404,conventional,6877.948004772461,4,37.5
memo,100,1024,100,1024,0.01,1,12.806425475378855,262144,404,conventional,20469.802483447857,4,4.6875
memo,100,1024,100,1024,0.01,1,748.8100899373168,262144,404,conventional,350.082088266124,4,600.0
memo,100,1024,100,1024,0.01,1,58.09609277580938,262144,404,conventional,4512.265584048959,4,75.0
memo,100,1024,100,1024,0.01,1,27.272715230247176,262144,404,conventional,9611.987577579534,4,9.375
memo,100,1024,100,1024,0.01,1,1.8157479967248868,32768,3232,conventional,18047.107891131545,32,0.29296875
memo,100,1024,100,1024,0.01,1,2.4356344332228694,32768,3232,conventional,13453.98946287664,32,0.5859375
memo,100,1024,100,1024,0.01,1,1191.2910228535295,32768,3232,conventional,27.507132490184965,32,1200.0
memo,100,1024,100,1024,0.01,1,182.43453250558696,32768,3232,conventional,179.62059896196718,32,150.0
memo,100,1024,100,1024,0.01,1,21.510391046193718,32768,3232,conventional,1523.4032672687513,32,18.75
memo,100,1024,100,1024,0.01,1,2.2553464494001214,32768,3232,conventional,14529.475065223758,32,1.171875
memo,100,1024,100,1024,0.01,1,4.066452184846309,32768,3232,conventional,8058.375829946836,32,2.34375
memo,100,1024,100,1024,0.01,1,283.8445827286171,32768,3232,conventional,115.44698047427713,32,300.0
memo,100,1024,100,1024,0.01,1,31.443948209524073,32768,3232,conventional,1042.1401212610629,32,37.5
memo,100,1024,100,1024,0.01,1,7.054070784217562,32768,3232,conventional,4645.402775559863,32,4.6875
memo,100,1024,100,1024,0.01,1,595.3492549215331,32768,3232,conventional,55.04164106885285,32,600.0
memo,100,1024,100,1024,0.01,1,110.44718721912926,32768,3232,conventional,296.69383915577407,32,75.0
memo,100,1024,100,1024,0.01,1,11.255194056523392,32768,3232,conventional,2911.455798579273,32,9.375
memo,100,1024,100,1024,0.01,1,0.676335651518548,4096,25856,conventional,6057.643110785566,256,0.29296875
memo,100,1024,100,1024,0.01,1,0.897713436643844,4096,25856,conventional,4563.81717457286,256,0.5859375
memo,100,1024,100,1024,0.01,1,1235.6305159410033,4096,25856,conventional,3.315716103757684,256,1200.0
memo,100,1024,100,1024,0.01,1,147.49685425726113,4096,25856,conventional,27.776863585538525,256,150.0
memo,100,1024,100,1024,0.01,1,21.40598132099309,4096,25856,conventional,191.3951030117935,256,18.75
memo,100,1024,100,1024,0.01,1,1.731054704010131,4096,25856,conventional,2366.765181082355,256,1.171875
memo,100,1024,100,1024,0.01,1,2.664713915128302,4096,25856,conventional,1537.5008839561435,256,2.34375
memo,100,1024,100,1024,0.01,1,321.77124757775346,4096,25856,conventional,12.732647900773026,256,300.0
memo,100,1024,100,1024,0.01,1,33.89040735582954,4096,25856,conventional,120.8896652372421,256,37.5
memo,100,1024,100,1024,0.01,1,4.34059805480982,4096,25856,conventional,943.8791494319801,256,4.6875
memo,100,1024,100,1024,0.01,1,647.2916177939868,4096,25856,conventional,6.329450107762635,256,600.0
memo,100,1024,100,1024,0.01,1,79.90362503684769,4096,25856,conventional,51.27426944785874,256,75.0
memo,100,1024,100,1024,0.01,1,8.91324287574678,4096,25856,conventional,459.6531315384739,256,9.375
memo,100,1024,100,1024,0.01,1,21.385837273353477,524288,202,conventional,24515.710715392866,2,0.29296875
memo,100,1024,100,1024,0.01,1,21.386113549176393,524288,202,conventional,24515.394009969197,2,0.5859375
memo,100,1024,100,1024,0.01,1,850.5763879000888,524288,202,conventional,616.3926103031965,2,1200.0
memo,100,1024,100,1024,0.01,1,251.69348590707818,524288,202,conventional,2083.0455667555907,2,150.0
memo,100,1024,100,1024,0.01,1,41.95169222465472,524288,202,conventional,12497.445804865029,2,18.75
memo,100,1024,100,1024,0.01,1,22.15235905412623,524288,202,conventional,23667.411616025736,2,1.171875
memo,100,1024,100,1024,0.01,1,22.70364550112066,524288,202,conventional,23092.72314766018,2,2.34375
memo,100,1024,100,1024,0.01,1,113.28412846299105,524288,202,conventional,4628.088745647019,2,300.0
memo,100,1024,100,1024,0.01,1,44.916639632997324,524288,202,conventional,11672.489400004872,2,37.5
memo,100,1024,100,1024,0.01,1,28.41140755951419,524288,202,conventional,18453.467991747922,2,4.6875
memo,100,1024,100,1024,0.01,1,591.8960798600903,524288,202,conventional,885.7788011096966,2,600.0
memo,100,1024,100,1024,0.01,1,46.30341454508249,524288,202,conventional,11322.90145664172,2,75.0
memo,100,1024,100,1024,0.01,1,25.267164534221024,524288,202,conventional,20749.81540924072,2,9.375
memo,100,1024,100,1024,0.01,1,3.0163308012399512,65536,1616,conventional,21727.39142969965,16,0.29296875
memo,100,1024,100,1024,0.01,1,3.4675110226528254,65536,1616,conventional,18900.300409098858,16,0.5859375
memo,100,1024,100,1024,0.01,1,1447.8077918930899,65536,1616,conventional,45.26636779203039,16,1200.0
memo,100,1024,100,1024,0.01,1,122.83250667362556,65536,1616,conventional,533.547688431828,16,150.0
memo,100,1024,100,1024,0.01,1,25.216401252099672,65536,1616,conventional,2598.983072358233,16,18.75
memo,100,1024,100,1024,0.01,1,4.777031668830438,65536,1616,conventional,13719.188932244495,16,1.171875
memo,100,1024,100,1024,0.01,1,5.462572881001173,65536,1616,conventional,11997.46006647118,16,2.34375
memo,100,1024,100,1024,0.01,1,231.51957909998598,65536,1616,conventional,283.07325131969355,16,300.0
memo,100,1024,100,1024,0.01,1,33.524866309609095,65536,1616,conventional,1954.8772959973116,16,37.5
memo,100,1024,100,1024,0.01,1,6.333813959315319,65536,1616,conventional,10347.162139742499,16,4.6875
memo,100,1024,100,1024,0.01,1,434.81984088725073,65536,1616,conventional,150.72219304958952,16,600.0
memo,100,1024,100,1024,0.01,1,67.14869286912399,65536,1616,conventional,975.9981497738868,16,75.0
memo,100,1024,100,1024,0.01,1,14.547787377920947,65536,1616,conventional,4504.94623666723,16,9.375
memo,100,1024,100,1024,0.01,1,0.819536798142245,8192,12928,conventional,9997.110585604189,128,0.29296875
memo,100,1024,100,1024,0.01,1,1.1040624906148568,8192,12928,conventional,7420.775607943428,128,0.5859375
memo,100,1024,100,1024,0.01,1,1410.3871962679693,8192,12928,conventional,5.809043092336294,128,1200.0
memo,100,1024,100,1024,0.01,1,164.52921642838214,8192,12928,conventional,49.79662687183785,128,150.0
memo,100,1024,100,1024,0.01,1,22.003532540470736,8192,12928,conventional,372.34930277357734,128,18.75
memo,100,1024,100,1024,0.01,1,1.5455188871170844,8192,12928,conventional,5301.132239983632,128,1.171875
memo,100,1024,100,1024,0.01,1,2.8887336732130158,8192,12928,conventional,2836.19084582736,128,2.34375
memo,100,1024,100,1024,0.01,1,332.55060587325215,8192,12928,conventional,24.63685182135157,128,300.0
memo,100,1024,100,1024,0.01,1,39.00681775472517,8192,12928,conventional,210.04020506152477,128,37.5
memo,100,1024,100,1024,0.01,1,5.4824842002708944,8192,12928,conventional,1494.395551490176,128,4.6875
memo,100,1024,100,1024,0.01,1,588.458322963586,8192,12928,conventional,13.92282117574363,128,600.0
memo,100,1024,100,1024,0.01,1,77.01610625368347,8192,12928,conventional,106.38034559956932,128,75.0
memo,100,1024,100,1024,0.01,1,10.161771734475272,8192,12928,conventional,806.2570400203017,128,9.375
memo,512,1024,512,1024,0.01,256,0.6439139894881889,1024,1047552,sharded,1591.827506053588,1024,0.29296875
memo,512,1024,512,1024,0.01,256,0.9412640126809977,1024,1047552,sharded,1088.9612119351057,1024,0.5859375
memo,512,1024,512,1024,0.01,256,1201.1094838233425,1024,1047552,sharded,0.8533776594097359,1024,1200.0
memo,512,1024,512,1024,0.01,256,150.1038560636771,1024,1047552,sharded,6.82860538616126,1024,150.0
memo,512,1024,512,1024,0.01,256,19.01043479662425,1024,1047552,sharded,53.91775679859847,1024,18.75
memo,512,1024,512,1024,0.01,256,1.518148830814114,1024,1047552,sharded,675.1643707095168,1024,1.171875
memo,512,1024,512,1024,0.01,256,2.6901010864417407,1024,1047552,sharded,381.0265737470079,1024,2.34375
memo,512,1024,512,1024,0.01,256,298.84960263103517,1024,1047552,sharded,3.429818848598178,1024,300.0
memo,512,1024,512,1024,0.01,256,37.7800166853674,1024,1047552,sharded,27.130745032121528,1024,37.5
memo,512,1024,512,1024,0.01,256,5.041597466395742,1024,1047552,sharded,203.30857567111096,1024,4.6875
memo,512,1024,512,1024,0.01,256,603.2974901526458,1024,1047552,sharded,1.6989959625733824,1024,600.0
memo,512,1024,512,1024,0.01,256,75.11618959466878,1024,1047552,sharded,13.645527089845187,1024,75.0
memo,512,1024,512,1024,0.01,256,9.622385466648408,1024,1047552,sharded,106.52244223147088,1024,9.375
memo,512,1024,512,1024,0.01,256,0.6290320866891781,131072,8184,sharded,208372.51830806327,8,0.29296875
memo,512,1024,512,1024,0.01,256,0.9652236397806027,131072,8184,sharded,135795.4722594581,8,0.5859375
memo,512,1024,512,1024,0.01,256,1223.6067501408274,131072,8184,sharded,107.12020016636434,8,1200.0
memo,512,1024,512,1024,0.01,256,143.02847009175574,131072,8184,sharded,916.4119557170258,8,150.0
memo,512,1024,512,1024,0.01,256,20.914544489025978,131072,8184,sharded,6267.0740961523215,8,18.75
memo,512,1024,512,1024,0.01,256,1.5176417565820854,131072,8184,sharded,86366.23197242043,8,1.171875
memo,512,1024,512,1024,0.01,256,2.3723975906479486,131072,8184,sharded,55249.17093015651,8,2.34375
memo,512,1024,512,1024,0.01,256,317.0045117346018,131072,8184,sharded,413.4736104631064,8,300.0
memo,512,1024,512,1024,0.01,256,34.9192280640291,131072,8184,sharded,3753.605313372336,8,37.5
memo,512,1024,512,1024,0.01,256,4.897222905782222,131072,8184,sharded,26764.760869929,8,4.6875
memo,512,1024,512,1024,0.01,256,653.5584585676071,131072,8184,sharded,200.55283239279078,8,600.0
memo,512,1024,512,1024,0.01,256,79.68354331091578,131072,8184,sharded,1644.9193215287708,8,75.0
memo,512,1024,512,1024,0.01,256,10.580481794891252,131072,8184,sharded,12388.188226294962,8,9.375
memo,512,1024,512,1024,0.01,256,0.6481067615870337,16384,65472,sharded,25281.328588329612,64,0.29296875
memo,512,1024,512,1024,0.01,256,0.9318228496764984,16384,65472,sharded,17583.814354507824,64,0.5859375
memo,512,1024,512,1024,0.01,256,1213.1201073625205,16384,65472,sharded,13.506494452246038,64,1200.0
memo,512,1024,512,1024,0.01,256,146.45715147785492,16384,65472,sharded,111.87572497938072,64,150.0
memo,512,1024,512,1024,0.01,256,18.63596517771117,16384,65472,sharded,879.2139201674754,64,18.75
memo,512,1024,512,1024,0.01,256,1.5717023870583222,16384,65472,sharded,10425.001663748184,64,1.171875
memo,512,1024,512,1024,0.01,256,2.689906362807876,16384,65472,sharded,6091.29010085556,64,2.34375
memo,512,1024,512,1024,0.01,256,284.6628208443395,16384,65472,sharded,57.55932563093554,64,300.0
memo,512,1024,512,1024,0.01,256,37.28803997941429,16384,65472,sharded,439.4170358389905,64,37.5
memo,512,1024,512,1024,0.01,256,4.925270082864475,16384,65472,sharded,3326.7211187067924,64,4.6875
memo,512,1024,512,1024,0.01,256,594.7432659132228,16384,65472,sharded,27.549702433101086,64,600.0
memo,512,1024,512,1024,0.01,256,75.34008639015615,16384,65472,sharded,217.48050453710187,64,75.0
memo,512,1024,512,1024,0.01,256,9.87717507277661,16384,65472,sharded,1658.8751216084245,64,9.375
memo,512,1024,512,1024,0.01,256,0.6460081281747143,2048,523776,sharded,3171.78671697122,512,0.29296875
memo,512,1024,512,1024,0.01,256,0.9402074268730414,2048,523776,sharded,2179.3063332998768,512,0.5859375
memo,512,1024,512,1024,0.01,256,1210.1501869724113,2048,523776,sharded,1.6931782699850233,512,1200.0
memo,512,1024,512,1024,0.01,256,149.42546350324804,2048,523776,sharded,13.71252229681363,512,150.0
memo,512,1024,512,1024,0.01,256,19.243135386992062,2048,523776,sharded,106.47952939026138,512,18.75
memo,512,1024,512,1024,0.01,256,1.5233537746824293,2048,523776,sharded,1345.0585373231186,512,1.171875
memo,512,1024,512,1024,0.01,256,2.7016638247585116,2048,523776,sharded,758.4215257363303,512,2.34375
memo,512,1024,512,1024,0.01,256,303.30575904092115,2048,523776,sharded,6.755559164056475,512,300.0
memo,512,1024,512,1024,0.01,256,37.5624890914091,2048,523776,sharded,54.549100700268184,512,37.5
memo,512,1024,512,1024,0.01,256,5.05852949396117,2048,523776,sharded,405.0584270480342,512,4.6875
memo,512,1024,512,1024,0.01,256,600.9951105586059,2048,523776,sharded,3.4093455404246455,512,600.0
memo,512,1024,512,1024,0.01,256,75.94193922537214,2048,523776,sharded,26.981138760747246,512,75.0
memo,512,1024,512,1024,0.01,256,9.760838313955656,2048,523776,sharded,209.92049392626674,512,9.375
memo,512,1024,512,1024,0.01,256,0.6512157047156668,262144,4092,sharded,402547.11012299295,4,0.29296875
memo,512,1024,512,1024,0.01,256,1.1517889527316625,262144,4092,sharded,227598.11975820636,4,0.5859375
memo,512,1024,512,1024,0.01,256,1418.1993374288463,262144,4092,sharded,184.84354990269645,4,1200.0
memo,512,1024,512,1024,0.01,256,162.94785151839352,262144,4092,sharded,1608.7662252509608,4,150.0
memo,512,1024,512,1024,0.01,256,22.880494581274498,262144,4092,sharded,11457.138702523533,4,18.75
memo,512,1024,512,1024,0.01,256,1.4943005689357904,262144,4092,sharded,175429.9004160148,4,1.171875
memo,512,1024,512,1024,0.01,256,2.572065324569782,262144,4092,sharded,101920.03970344254,4,2.34375
memo,512,1024,512,1024,0.01,256,311.1416363635586,262144,4092,sharded,842.5262625208165,4,300.0
memo,512,1024,512,1024,0.01,256,34.39626773474496,262144,4092,sharded,7621.321069529806,4,37.5
memo,512,1024,512,1024,0.01,256,4.652004219387785,262144,4092,sharded,56350.980703645815,4,4.6875
memo,512,1024,512,1024,0.01,256,591.9660120020159,262144,4092,sharded,442.83792428121245,4,600.0
memo,512,1024,512,1024,0.01,256,90.00507706412496,262144,4092,sharded,2912.5579195186106,4,75.0
memo,512,1024,512,1024,0.01,256,8.139664369125226,262144,4092,sharded,32205.87337659143,4,9.375
memo,512,1024,512,1024,0.01,256,0.6442008861216162,32768,32736,sharded,50867.67296655607,32,0.29296875
memo,512,1024,512,1024,0.01,256,0.9764716774857866,32768,32736,sharded,33558.57702332281,32,0.5859375
memo,512,1024,512,1024,0.01,256,1198.0325097844748,32768,32736,sharded,27.35234622797934,32,1200.0
memo,512,1024,512,1024,0.01,256,138.39106284606973,32768,32736,sharded,236.78552159432766,32,150.0
memo,512,1024,512,1024,0.01,256,18.987594693707578,32768,32736,sharded,1725.8110112735621,32,18.75
memo,512,1024,512,1024,0.01,256,1.5927363426338805,32768,32736,sharded,20574.02667525654,32,1.171875
memo,512,1024,512,1024,0.01,256,2.671218369025313,32768,32736,sharded,12267.435856229496,32,2.34375
memo,512,1024,512,1024,0.01,256,294.7770917954176,32768,32736,sharded,111.16535481238303,32,300.0
memo,512,1024,512,1024,0.01,256,38.52449859014438,32768,32736,sharded,850.6015963666092,32,37.5
memo,512,1024,512,1024,0.01,256,5.032934138587828,32768,32736,sharded,6510.913732957079,32,4.6875
memo,512,1024,512,1024,0.01,256,604.3800559963048,32768,32736,sharded,54.21919481770648,32,600.0
memo,512,1024,512,1024,0.01,256,76.77678626132098,32768,32736,sharded,426.80869564487807,32,75.0
memo,512,1024,512,1024,0.01,256,9.321073151617016,32768,32736,sharded,3515.582322655117,32,9.375
memo,512,1024,512,1024,0.01,256,0.6418623505630402,4096,261888,sharded,6382.988496530636,256,0.29296875
memo,512,1024,512,1024,0.01,256,0.9525872430480532,4096,261888,sharded,4300.918398708103,256,0.5859375
memo,512,1024,512,1024,0.01,256,1201.3823145642616,4096,261888,sharded,3.4102383149247304,256,1200.0
memo,512,1024,512,1024,0.01,256,148.74082788712195,4096,261888,sharded,27.544555574943928,256,150.0
memo,512,1024,512,1024,0.01,256,18.81386423302323,4096,261888,sharded,217.7649391563429,256,18.75
memo,512,1024,512,1024,0.01,256,1.5235021508397784,4096,261888,sharded,2689.1986977121555,256,1.171875
memo,512,1024,512,1024,0.01,256,2.699706548584862,4096,261888,sharded,1517.5723458342443,256,2.34375
memo,512,1024,512,1024,0.01,256,302.84995785744707,4096,261888,sharded,13.52815113128884,256,300.0
memo,512,1024,512,1024,0.01,256,37.165111108538355,4096,261888,sharded,110.23779770319994,256,37.5
memo,512,1024,512,1024,0.01,256,5.1043050528011085,4096,261888,sharded,802.6557891072114,256,4.6875
memo,512,1024,512,1024,0.01,256,600.4667836443955,4096,261888,sharded,6.823025205714457,256,600.0
memo,512,1024,512,1024,0.01,256,75.39768151777443,4096,261888,sharded,54.33854088781448,256,75.0
memo,512,1024,512,1024,0.01,256,9.60075356898574,4096,261888,sharded,426.7373358311105,256,9.375
memo,512,1024,512,1024,0.01,256,0.8193333101734581,524288,2046,sharded,639897.0888770587,2,0.29296875
memo,512,1024,512,1024,0.01,256,0.987996052781932,524288,2046,sharded,530659.0026587077,2,0.5859375
memo,512,1024,512,1024,0.01,256,1387.8116020672005,524288,2046,sharded,377.78110459593415,2,1200.0
memo,512,1024,512,1024,0.01,256,119.5789123521336,524288,2046,sharded,4384.460350802357,2,150.0
memo,512,1024,512,1024,0.01,256,16.9050385127859,524288,2046,sharded,31013.771403328126,2,18.75
memo,512,1024,512,1024,0.01,256,1.3512650526179313,524288,2046,sharded,387998.63800536114,2,1.171875
memo,512,1024,512,1024,0.01,256,2.584887423018578,524288,2046,sharded,202828.56240901438,2,2.34375
memo,512,1024,512,1024,0.01,256,281.6879320004819,524288,2046,sharded,1861.2405447284232,2,300.0
memo,512,1024,512,1024,0.01,256,28.462573108257065,524288,2046,sharded,18420.295241961187,2,37.5
memo,512,1024,512,1024,0.01,256,6.298708823809234,524288,2046,sharded,83237.53560700854,2,4.6875
memo,512,1024,512,1024,0.01,256,527.7408834241012,524288,2046,sharded,993.4591320617334,2,600.0
memo,512,1024,512,1024,0.01,256,70.75866010771502,524288,2046,sharded,7409.538269971215,2,75.0
memo,512,1024,512,1024,0.01,256,12.251127481571364,524288,2046,sharded,42795.163203440374,2,9.375
memo,512,1024,512,1024,0.01,256,0.6473756927898849,65536,16368,sharded,101234.8791125696,16,0.29296875
memo,512,1024,512,1024,0.01,256,0.9848076535888156,65536,16368,sharded,66548.02058165513,16,0.5859375
memo,512,1024,512,1024,0.01,256,1204.0183596854315,65536,16368,sharded,54.431894225535366,16,1200.0
memo,512,1024,512,1024,0.01,256,146.68235660102815,65536,16368,sharded,446.79538506637704,16,150.0
memo,512,1024,512,1024,0.01,256,18.20997988650823,65536,16368,sharded,3598.960592403309,16,18.75
memo,512,1024,512,1024,0.01,256,1.4997078767375187,65536,16368,sharded,43699.84382729917,16,1.171875
memo,512,1024,512,1024,0.01,256,2.579711464101817,65536,16368,sharded,25404.77914370867,16,2.34375
memo,512,1024,512,1024,0.01,256,288.16931123222696,65536,16368,sharded,227.4253275609411,16,300.0
memo,512,1024,512,1024,0.01,256,37.996270181610164,65536,16368,sharded,1724.8271918994642,16,37.5
memo,512,1024,512,1024,0.01,256,5.124253429744321,65536,16368,sharded,12789.570402506422,16,4.6875
memo,512,1024,512,1024,0.01,256,601.171615609062,65536,16368,sharded,109.01545964308849,16,600.0
memo,512,1024,512,1024,0.01,256,71.32387135608545,65536,16368,sharded,918.8648730634038,16,75.0
memo,512,1024,512,1024,0.01,256,10.656131071680575,65536,16368,sharded,6150.168345260808,16,9.375
memo,512,1024,512,1024,0.01,256,0.645998851176951,8192,130944,sharded,12682.685093128419,128,0.29296875
memo,512,1024,512,1024,0.01,256,0.9503462692548873,8192,130944,sharded,8621.068199093019,128,0.5859375
memo,512,1024,512,1024,0.01,256,1210.1578199173039,8192,130944,sharded,6.770191346249259,128,1200.0
memo,512,1024,512,1024,0.01,256,148.08356352627192,8192,130944,sharded,55.32686953840395,128,150.0
memo,512,1024,512,1024,0.01,256,19.06316722724836,8192,130944,sharded,429.7816780565799,128,18.75
memo,512,1024,512,1024,0.01,256,1.503012176390196,8192,130944,sharded,5451.053643276021,128,1.171875
memo,512,1024,512,1024,0.01,256,2.7188417683268504,8192,130944,sharded,3013.4155269513512,128,2.34375
memo,512,1024,512,1024,0.01,256,292.6793077236913,8192,130944,sharded,27.993096142398752,128,300.0
memo,512,1024,512,1024,0.01,256,38.12122051587471,8192,130944,sharded,214.91966650407252,128,37.5
memo,512,1024,512,1024,0.01,256,5.037444040749736,8192,130944,sharded,1626.4200522574172,128,4.6875
memo,512,1024,512,1024,0.01,256,597.3575000726595,8192,130944,sharded,13.715404927540787,128,600.0
memo,512,1024,512,1024,0.01,256,75.39003966049681,8192,130944,sharded,108.67483339835677,128,75.0
memo,512,1024,512,1024,0.01,256,9.692846436306397,8192,130944,sharded,845.2625401462632,128,9.375
memo,100,1024,100,1024,0.01,2,0.6133510096844471,1024,105472,sharded,1671.1474894731737,1024,0.29296875
memo,100,1024,100,1024,0.01,2,0.9058913250890116,1024,105472,sharded,1131.4822999318212,1024,0.5859375
memo,100,1024,100,1024,0.01,2,1196.746027678077,1024,105472,sharded,0.8564891600172694,1024,1200.0
memo,100,1024,100,1024,0.01,2,148.806371475727,1024,105472,sharded,6.8881459163003385,1024,150.0
memo,100,1024,100,1024,0.01,2,19.301834011157755,1024,105472,sharded,53.103762026317355,1024,18.75
memo,100,1024,100,1024,0.01,2,1.5197831656491538,1024,105472,sharded,674.4383167069664,1024,1.171875
memo,100,1024,100,1024,0.01,2,2.672651029924629,1024,105472,sharded,383.5143415745174,1024,2.34375
memo,100,1024,100,1024,0.01,2,307.19235489750224,1024,105472,sharded,3.3366715794147983,1024,300.0
memo,100,1024,100,1024,0.01,2,37.90819277381772,1024,105472,sharded,27.03900990785145,1024,37.5
memo,100,1024,100,1024,0.01,2,5.055862704406255,1024,105472,sharded,202.73493564346558,1024,4.6875
memo,100,1024,100,1024,0.01,2,615.5815656725978,1024,105472,sharded,1.6650920969019967,1024,600.0
memo,100,1024,100,1024,0.01,2,75.37616884673186,1024,105472,sharded,13.598462427617024,1024,75.0
memo,100,1024,100,1024,0.01,2,9.386300923518547,1024,105472,sharded,109.20169812921027,1024,9.375
memo,100,1024,100,1024,0.01,2,3.1693587341604483,131072,824,sharded,41356.315581208815,8,0.29296875
memo,100,1024,100,1024,0.01,2,3.525645706066778,131072,824,sharded,37177.0197369677,8,0.5859375
memo,100,1024,100,1024,0.01,2,1416.7399291030738,131072,824,sharded,92.51733314453925,8,1200.0
memo,100,1024,100,1024,0.01,2,208.25978506418144,131072,824,sharded,629.3725884697612,8,150.0
memo,100,1024,100,1024,0.01,2,21.089327399344807,131072,824,sharded,6215.13420120132,8,18.75
memo,100,1024,100,1024,0.01,2,4.1924834654302146,131072,824,sharded,31263.808451669076,8,1.171875
memo,100,1024,100,1024,0.01,2,5.411618999041,131072,824,sharded,24220.662988881446,8,2.34375
memo,100,1024,100,1024,0.01,2,422.04558543154843,131072,824,sharded,310.5659779996887,8,300.0
memo,100,1024,100,1024,0.01,2,47.42360988929351,131072,824,sharded,2763.8764806386325,8,37.5
memo,100,1024,100,1024,0.01,2,8.82443820792109,131072,824,sharded,14853.410144834466,8,4.6875
memo,100,1024,100,1024,0.01,2,820.9805392245835,131072,824,sharded,159.65421071222775,8,600.0
memo,100,1024,100,1024,0.01,2,61.808206347944676,131072,824,sharded,2120.6407327553616,8,75.0
memo,100,1024,100,1024,0.01,2,13.399347779703229,131072,824,sharded,9782.043287102668,8,9.375
memo,100,1024,100,1024,0.01,2,0.990388290458547,16384,6592,sharded,16544.01627912401,64,0.29296875
memo,100,1024,100,1024,0.01,2,1.2222060628199776,16384,6592,sharded,13406.086337188623,64,0.5859375
memo,100,1024,100,1024,0.01,2,1234.5620364252545,16384,6592,sharded,13.271913048163794,64,1200.0
memo,100,1024,100,1024,0.01,2,156.52636613636307,16384,6592,sharded,104.67884998828677,64,150.0
memo,100,1024,100,1024,0.01,2,21.269029695468745,16384,6592,sharded,770.3689465199599,64,18.75
memo,100,1024,100,1024,0.01,2,2.0374329645790357,16384,6592,sharded,8041.982379226591,64,1.171875
memo,100,1024,100,1024,0.01,2,3.024730489401214,16384,6592,sharded,5417.0115510832275,64,2.34375
memo,100,1024,100,1024,0.01,2,332.65405807247504,16384,6592,sharded,49.25537387080429,64,300.0
memo,100,1024,100,1024,0.01,2,35.76983280032228,16384,6592,sharded,458.06755909276643,64,37.5
memo,100,1024,100,1024,0.01,2,4.8038725925116825,16384,6592,sharded,3410.7898751397106,64,4.6875
memo,100,1024,100,1024,0.01,2,602.4283866365402,16384,6592,sharded,27.198253540939916,64,600.0
memo,100,1024,100,1024,0.01,2,59.83408902872106,16384,6592,sharded,273.84055253410827,64,75.0
memo,100,1024,100,1024,0.01,2,8.453501540757015,16384,6592,sharded,1938.2500755459394,64,9.375
memo,100,1024,100,1024,0.01,2,0.6450253029700292,2048,52736,sharded,3176.6195691321673,512,0.29296875
memo,100,1024,100,1024,0.01,2,0.9275350620997147,2048,52736,sharded,2209.080911034846,512,0.5859375
memo,100,1024,100,1024,0.01,2,1176.2160374696214,2048,52736,sharded,1.742026919143177,512,1200.0
memo,100,1024,100,1024,0.01,2,150.1900260908776,2048,52736,sharded,13.64271685231736,512,150.0
memo,100,1024,100,1024,0.01,2,18.52500970044483,2048,52736,sharded,110.60722953094047,512,18.75
memo,100,1024,100,1024,0.01,2,1.5513793637314406,2048,52736,sharded,1320.760123475964,512,1.171875
memo,100,1024,100,1024,0.01,2,2.643097560720433,2048,52736,sharded,775.2267757537869,512,2.34375
memo,100,1024,100,1024,0.01,2,310.12725794117875,2048,52736,sharded,6.606965197456555,512,300.0
memo,100,1024,100,1024,0.01,2,37.12704492002727,2048,52736,sharded,55.1888792769154,512,37.5
memo,100,1024,100,1024,0.01,2,4.968766790135428,2048,52736,sharded,412.37596501166297,512,4.6875
memo,100,1024,100,1024,0.01,2,620.7901991606565,2048,52736,sharded,3.300632005418842,512,600.0
memo,100,1024,100,1024,0.01,2,75.22001539917552,2048,52736,sharded,27.240090142582698,512,75.0
memo,100,1024,100,1024,0.01,2,9.068485222268688,2048,52736,sharded,225.94732745094512,512,9.375
memo,100,1024,100,1024,0.01,2,5.776285908169717,262144,412,sharded,45382.968254606996,4,0.29296875
memo,100,1024,100,1024,0.01,2,6.073121232092857,262144,412,sharded,43164.78956730166,4,0.5859375
memo,100,1024,100,1024,0.01,2,1127.087037590109,262144,412,sharded,232.58629658318813,4,1200.0
memo,100,1024,100,1024,0.01,2,261.1655235696613,262144,412,sharded,1003.7504047890818,4,150.0
memo,100,1024,100,1024,0.01,2,18.075084857950422,262144,412,sharded,14503.113100721856,4,18.75
memo,100,1024,100,1024,0.01,2,6.4932540060708295,262144,412,sharded,40371.89978320717,4,1.171875
memo,100,1024,100,1024,0.01,2,8.22887675874307,262144,412,sharded,31856.71722710812,4,2.34375
memo,100,1024,100,1024,0.01,2,569.6476201137541,262144,412,sharded,460.18800174685487,4,300.0
memo,100,1024,100,1024,0.01,2,77.47984228122614,262144,412,sharded,3383.396149007384,4,37.5
memo,100,1024,100,1024,0.01,2,12.055748908315497,262144,412,sharded,21744.39779673783,4,4.6875
memo,100,1024,100,1024,0.01,2,941.1030991653884,262144,412,sharded,278.55077752106195,4,600.0
memo,100,1024,100,1024,0.01,2,74.94029411089005,262144,412,sharded,3498.0513902454254,4,75.0
memo,100,1024,100,1024,0.01,2,16.571554235243468,262144,412,sharded,15818.974869749058,4,9.375
memo,100,1024,100,1024,0.01,2,1.2079620794281816,32768,3296,sharded,27127.507194192727,32,0.29296875
memo,100,1024,100,1024,0.01,2,1.5637213166482298,32768,3296,sharded,20955.7800684325,32,0.5859375
memo,100,1024,100,1024,0.01,2,1272.0396962603254,32768,3296,sharded,25.760988510293913,32,1200.0
memo,100,1024,100,1024,0.01,2,123.66642105952046,32768,3296,sharded,264.978962916929,32,150.0
memo,100,1024,100,1024,0.01,2,21.646919341565116,32768,3296,sharded,1513.7950801654688,32,18.75
memo,100,1024,100,1024,0.01,2,1.930368656688924,32768,3296,sharded,16975.51391878027,32,1.171875
memo,100,1024,100,1024,0.01,2,3.7976418787258828,32768,3296,sharded,8628.775710413767,32,2.34375
memo,100,1024,100,1024,0.01,2,336.19616654601526,32768,3296,sharded,97.46987997114744,32,300.0
memo,100,1024,100,1024,0.01,2,34.11205868625094,32768,3296,sharded,960.6280377679971,32,37.5
memo,100,1024,100,1024,0.01,2,5.898220952663667,32768,3296,sharded,5555.743038958442,32,4.6875
memo,100,1024,100,1024,0.01,2,531.5088954664047,32768,3296,sharded,61.6527781181251,32,600.0
memo,100,1024,100,1024,0.01,2,68.73735963008592,32768,3296,sharded,476.72765111066633,32,75.0
memo,100,1024,100,1024,0.01,2,10.175001711027521,32768,3296,sharded,3220.5399989746857,32,9.375
memo,100,1024,100,1024,0.01,2,0.7190388614038657,4096,26368,sharded,5697.883966940168,256,0.29296875
memo,100,1024,100,1024,0.01,2,0.9474255667030362,4096,26368,sharded,4324.350264535531,256,0.5859375
memo,100,1024,100,1024,0.01,2,1116.157747146564,4096,26368,sharded,3.6706281083242067,256,1200.0
memo,100,1024,100,1024,0.01,2,156.71676697046564,4096,26368,sharded,26.142703676193804,256,150.0
memo,100,1024,100,1024,0.01,2,19.354055595474087,4096,26368,sharded,211.68689837586683,256,18.75
memo,100,1024,100,1024,0.01,2,1.6275474004132593,4096,26368,sharded,2517.284595803298,256,1.171875
memo,100,1024,100,1024,0.01,2,2.7389522066733294,4096,26368,sharded,1495.8274883431154,256,2.34375
memo,100,1024,100,1024,0.01,2,309.9488469108437,4096,26368,sharded,13.218310185159345,256,300.0
memo,100,1024,100,1024,0.01,2,37.53354134644679,4096,26368,sharded,109.15570055549404,256,37.5
memo,100,1024,100,1024,0.01,2,5.442498374484953,4096,26368,sharded,752.7792785767651,256,4.6875
memo,100,1024,100,1024,0.01,2,617.3746997076476,4096,26368,sharded,6.636164394070731,256,600.0
memo,100,1024,100,1024,0.01,2,70.21907866602193,4096,26368,sharded,58.34596633610465,256,75.0
memo,100,1024,100,1024,0.01,2,10.23763610428967,4096,26368,sharded,400.190039796718,256,9.375
memo,100,1024,100,1024,0.01,2,11.250794650287753,524288,206,sharded,46600.175036222055,2,0.29296875
memo,100,1024,100,1024,0.01,2,11.128799932358396,524288,206,sharded,47111.00955958093,2,0.5859375
memo,100,1024,100,1024,0.01,2,1032.6001576197602,524288,206,sharded,507.7367034385653,2,1200.0
memo,100,1024,100,1024,0.01,2,171.49080595446958,524288,206,sharded,3057.242614739344,2,150.0
memo,100,1024,100,1024,0.01,2,41.1834186893026,524288,206,sharded,12730.58470340599,2,18.75
memo,100,1024,100,1024,0.01,2,11.521581613244809,524288,206,sharded,45504.95041386467,2,1.171875
memo,100,1024,100,1024,0.01,2,12.830900148479929,524288,206,sharded,40861.435591649606,2,2.34375
memo,100,1024,100,1024,0.01,2,240.73200743033095,524288,206,sharded,2177.8948532705267,2,300.0
memo,100,1024,100,1024,0.01,2,51.17312213731238,524288,206,sharded,10245.397937479367,2,37.5
memo,100,1024,100,1024,0.01,2,12.449831265945242,524288,206,sharded,42112.137008163205,2,4.6875
memo,100,1024,100,1024,0.01,2,1026.3557456312774,524288,206,sharded,510.8258050209747,2,600.0
memo,100,1024,100,1024,0.01,2,44.38525375584927,524288,206,sharded,11812.233920841492,2,75.0
memo,100,1024,100,1024,0.01,2,26.318088930197305,524288,206,sharded,19921.241294934305,2,9.375
memo,100,1024,100,1024,0.01,2,1.9595976642116955,65536,1648,sharded,33444.11008285425,16,0.29296875
memo,100,1024,100,1024,0.01,2,2.0486170911869346,65536,1648,sharded,31990.848988782454,16,0.5859375
memo,100,1024,100,1024,0.01,2,1223.8274281323554,65536,1648,sharded,53.550850792757565,16,1200.0
memo,100,1024,100,1024,0.01,2,138.30136330426797,65536,1648,sharded,473.8709614583932,16,150.0
memo,100,1024,100,1024,0.01,2,25.406028070182646,65536,1648,sharded,2579.5846489249684,16,18.75
memo,100,1024,100,1024,0.01,2,2.92128844397164,65536,1648,sharded,22434.279002897474,16,1.171875
memo,100,1024,100,1024,0.01,2,4.204628546370793,65536,1648,sharded,15586.870344722362,16,2.34375
memo,100,1024,100,1024,0.01,2,343.1399474313969,65536,1648,sharded,190.99204418075703,16,300.0
memo,100,1024,100,1024,0.01,2,35.43603315992734,65536,1648,sharded,1849.4451595138528,16,37.5
memo,100,1024,100,1024,0.01,2,6.1817870191067685,65536,1648,sharded,10601.626972497947,16,4.6875
memo,100,1024,100,1024,0.01,2,642.6708403929822,65536,1648,sharded,101.97599747940212,16,600.0
memo,100,1024,100,1024,0.01,2,92.25294433355074,65536,1648,sharded,710.4055103438619,16,75.0
memo,100,1024,100,1024,0.01,2,12.45398957318872,65536,1648,sharded,5262.329763073658,16,9.375
memo,100,1024,100,1024,0.01,2,0.7480610024432586,8192,13184,sharded,10952.315350273122,128,0.29296875
memo,100,1024,100,1024,0.01,2,1.110833997496799,8192,13184,sharded,7375.539476161567,128,0.5859375
memo,100,1024,100,1024,0.01,2,1156.742483135027,8192,13184,sharded,7.082821042238515,128,1200.0
memo,100,1024,100,1024,0.01,2,151.6361477277459,8192,13184,sharded,54.030652471533806,128,150.0
memo,100,1024,100,1024,0.01,2,20.129178311487554,8192,13184,sharded,407.0210851738704,128,18.75
memo,100,1024,100,1024,0.01,2,1.7755123973613691,8192,13184,sharded,4614.442575661995,128,1.171875
memo,100,1024,100,1024,0.01,2,2.8560641897482135,8192,13184,sharded,2868.63300531151,128,2.34375
memo,100,1024,100,1024,0.01,2,293.46296599189884,8192,13184,sharded,27.918343877933037,128,300.0
memo,100,1024,100,1024,0.01,2,37.221858897945346,8192,13184,sharded,220.11259626939952,128,37.5
memo,100,1024,100,1024,0.01,2,5.079865967043258,8192,13184,sharded,1612.8378294139807,128,4.6875
memo,100,1024,100,1024,0.01,2,601.2692815047652,8192,13184,sharded,13.626174248409642,128,600.0
memo,100,1024,100,1024,0.01,2,73.22757310669111,8192,13184,sharded,111.88408481137239,128,75.0
memo,100,1024,100,1024,0.01,2,9.11053063924366,8192,13184,sharded,899.2890013133383,128,9.375
memo,100,1024,100,1024,0.01,32,0.6018015409460142,1024,166912,sharded,1703.219301148233,1024,0.29296875
memo,100,1024,100,1024,0.01,32,0.8923139293110144,1024,166912,sharded,1148.6988674394413,1024,0.5859375
memo,100,1024,100,1024,0.01,32,1194.5466247626528,1024,166912,sharded,0.8580661304900172,1024,1200.0
memo,100,1024,100,1024,0.01,32,150.98299880756187,1024,166912,sharded,6.788843830731117,1024,150.0
memo,100,1024,100,1024,0.01,32,19.174171206403443,1024,166912,sharded,53.45733012218484,1024,18.75
memo,100,1024,100,1024,0.01,32,1.4899156383455412,1024,166912,sharded,687.9584143020331,1024,1.171875
memo,100,1024,100,1024,0.01,32,2.6475251830782414,1024,166912,sharded,387.15401332207404,1024,2.34375
memo,100,1024,100,1024,0.01,32,303.06858956661137,1024,166912,sharded,3.382072690098805,1024,300.0
memo,100,1024,100,1024,0.01,32,37.82739926061173,1024,166912,sharded,27.096761078874767,1024,37.5
memo,100,1024,100,1024,0.01,32,5.085799901993062,1024,166912,sharded,201.54155093642498,1024,4.6875
memo,100,1024,100,1024,0.01,32,603.6595234801761,1024,166912,sharded,1.697977022031792,1024,600.0
memo,100,1024,100,1024,0.01,32,76.15705472521996,1024,166912,sharded,13.45902889362348,1024,75.0
memo,100,1024,100,1024,0.01,32,9.729446619279795,1024,166912,sharded,105.35028764830962,1024,9.375
memo,100,1024,100,1024,0.01,32,0.7477306746822259,131072,1304,sharded,175294.40002672625,8,0.29296875
memo,100,1024,100,1024,0.01,32,1.1281712349479092,131072,1304,sharded,116181.83121470209,8,0.5859375
memo,100,1024,100,1024,0.01,32,1136.875924458839,131072,1304,sharded,115.29226468789166,8,1200.0
memo,100,1024,100,1024,0.01,32,189.0685984534042,131072,1304,sharded,693.2563158144044,8,150.0
memo,100,1024,100,1024,0.01,32,15.821338452018612,131072,1304,sharded,8284.57089123687,8,18.75
memo,100,1024,100,1024,0.01,32,1.6857738612397073,131072,1304,sharded,77752.42161105153,8,1.171875
memo,100,1024,100,1024,0.01,32,2.8398000385201967,131072,1304,sharded,46155.71456513585,8,2.34375
memo,100,1024,100,1024,0.01,32,255.15708654775392,131072,1304,sharded,513.6953152013242,8,300.0
memo,100,1024,100,1024,0.01,32,30.560797758260197,131072,1304,sharded,4288.92599718123,8,37.5
memo,100,1024,100,1024,0.01,32,5.875247245715161,131072,1304,sharded,22309.35899686469,8,4.6875
memo,100,1024,100,1024,0.01,32,668.472028259162,131072,1304,sharded,196.07851108047245,8,600.0
memo,100,1024,100,1024,0.01,32,71.53343868319877,131072,1304,sharded,1832.3318774102975,8,75.0
memo,100,1024,100,1024,0.01,32,8.582639797935201,131072,1304,sharded,15271.874747852444,8,9.375
memo,100,1024,100,1024,0.01,32,0.5999865861397694,16384,10432,sharded,27308.943863926725,64,0.29296875
memo,100,1024,100,1024,0.01,32,0.8835429369173036,16384,10432,sharded,18544.656196525713,64,0.5859375
memo,100,1024,100,1024,0.01,32,1275.534577216494,16384,10432,sharded,12.845594539472062,64,1200.0
memo,100,1024,100,1024,0.01,32,147.18298689097125,16384,10432,sharded,111.32400793128025,64,150.0
memo,100,1024,100,1024,0.01,32,20.114177702740974,16384,10432,sharded,814.5995447662374,64,18.75
memo,100,1024,100,1024,0.01,32,1.4521316820859078,16384,10432,sharded,11283.41196747656,64,1.171875
memo,100,1024,100,1024,0.01,32,2.796093626343237,16384,10432,sharded,5859.961142083961,64,2.34375
memo,100,1024,100,1024,0.01,32,284.4236169634879,16384,10432,sharded,57.6077337561718,64,300.0
memo,100,1024,100,1024,0.01,32,38.371467555883505,16384,10432,sharded,427.00999059098234,64,37.5
memo,100,1024,100,1024,0.01,32,4.866069187749131,16384,10432,sharded,3367.194211140905,64,4.6875
memo,100,1024,100,1024,0.01,32,603.468302342547,16384,10432,sharded,27.151384648367788,64,600.0
memo,100,1024,100,1024,0.01,32,77.77466548465256,16384,10432,sharded,210.67271582458028,64,75.0
memo,100,1024,100,1024,0.01,32,10.226766467234567,16384,10432,sharded,1602.168197787222,64,9.375
memo,100,1024,100,1024,0.01,32,0.6043092575900958,2048,83456,sharded,3390.648040328121,512,0.29296875
memo,100,1024,100,1024,0.01,32,0.8903246865666579,2048,83456,sharded,2301.4075998516,512,0.5859375
memo,100,1024,100,1024,0.01,32,1192.2394056145645,2048,83456,sharded,1.7186145587461106,512,1200.0
memo,100,1024,100,1024,0.01,32,150.80761061428404,2048,83456,sharded,13.586847451887982,512,150.0
memo,100,1024,100,1024,0.01,32,18.673116037737636,2048,83456,sharded,109.72994522494538,512,18.75
memo,100,1024,100,1024,0.01,32,1.494377883509684,2048,83456,sharded,1371.1391359645493,512,1.171875
memo,100,1024,100,1024,0.01,32,2.6802803558333155,2048,83456,sharded,764.4722670673581,512,2.34375
memo,100,1024,100,1024,0.01,32,297.73537062484445,2048,83456,sharded,6.881950222104454,512,300.0
memo,100,1024,100,1024,0.01,32,37.350083750533514,2048,83456,sharded,54.85931473903942,512,37.5
memo,100,1024,100,1024,0.01,32,5.021132759317442,2048,83456,sharded,408.0752487967546,512,4.6875
memo,100,1024,100,1024,0.01,32,616.001836269211,2048,83456,sharded,3.3262887857764865,512,600.0
memo,100,1024,100,1024,0.01,32,75.1923856822339,2048,83456,sharded,27.250099613266134,512,75.0
memo,100,1024,100,1024,0.01,32,9.606609188143713,2048,83456,sharded,213.29065853213174,512,9.375
memo,100,1024,100,1024,0.01,32,0.8986468454499046,262144,652,sharded,291710.8109012033,4,0.29296875
memo,100,1024,100,1024,0.01,32,1.1862734922160119,262144,652,sharded,220981.92509579004,4,0.5859375
memo,100,1024,100,1024,0.01,32,1215.498272708071,262144,652,sharded,215.6687556749494,4,1200.0
memo,100,1024,100,1024,0.01,32,199.72850836489107,262144,652,sharded,1312.5066729136036,4,150.0
memo,100,1024,100,1024,0.01,32,21.63335294757154,262144,652,sharded,12117.63154030301,4,18.75
memo,100,1024,100,1024,0.01,32,1.7640609249681978,262144,652,sharded,148603.1441939716,4,1.171875
memo,100,1024,100,1024,0.01,32,2.734587749812368,262144,652,sharded,95862.7127683092,4,2.34375
memo,100,1024,100,1024,0.01,32,273.07275298455266,262144,652,sharded,959.9822652933417,4,300.0
memo,100,1024,100,1024,0.01,32,33.44332845630557,262144,652,sharded,7838.484149162907,4,37.5
memo,100,1024,100,1024,0.01,32,5.136767164915535,262144,652,sharded,51033.07033078469,4,4.6875
memo,100,1024,100,1024,0.01,32,523.7028063101898,262144,652,sharded,500.5606172840159,4,600.0
memo,100,1024,100,1024,0.01,32,68.22385560852888,262144,652,sharded,3842.42429076712,4,75.0
memo,100,1024,100,1024,0.01,32,9.892493292912743,262144,652,sharded,26499.386174748077,4,9.375
memo,100,1024,100,1024,0.01,32,0.6256251651820296,32768,5216,sharded,52378.00814880209,32,0.29296875
memo,100,1024,100,1024,0.01,32,0.9400130421059768,32768,5216,sharded,34860.154627839336,32,0.5859375
memo,100,1024,100,1024,0.01,32,1361.0403904239524,32768,5216,sharded,24.076434638205512,32,1200.0
memo,100,1024,100,1024,0.01,32,147.7738404905444,32768,5216,sharded,221.75102096028147,32,150.0
memo,100,1024,100,1024,0.01,32,19.111908645791274,32768,5216,sharded,1714.5854245811404,32,18.75
memo,100,1024,100,1024,0.01,32,1.486329233071915,32768,5216,sharded,22046.932315442453,32,1.171875
memo,100,1024,100,1024,0.01,32,2.4641367825832203,32768,5216,sharded,13298.368918322538,32,2.34375
memo,100,1024,100,1024,0.01,32,302.0938005318567,32768,5216,sharded,108.47293106415275,32,300.0
memo,100,1024,100,1024,0.01,32,38.67406786909989,32768,5216,sharded,847.3119536044986,32,37.5
memo,100,1024,100,1024,0.01,32,4.786746530574132,32768,5216,sharded,6845.777145436113,32,4.6875
memo,100,1024,100,1024,0.01,32,612.836350285118,32768,5216,sharded,53.47104489600599,32,600.0
memo,100,1024,100,1024,0.01,32,67.73430398671712,32768,5216,sharded,483.7873584177685,32,75.0
memo,100,1024,100,1024,0.01,32,9.350530277579592,32768,5216,sharded,3504.5071271062006,32,9.375
memo,100,1024,100,1024,0.01,32,0.602089981714681,4096,41728,sharded,6804.630743617805,256,0.29296875
memo,100,1024,100,1024,0.01,32,0.8987471285018896,4096,41728,sharded,4558.56811117632,256,0.5859375
memo,100,1024,100,1024,0.01,32,1183.460295382158,4096,41728,sharded,3.4618820893159024,256,1200.0
memo,100,1024,100,1024,0.01,32,153.19010693397362,4096,41728,sharded,26.74454690318772,256,150.0
memo,100,1024,100,1024,0.01,32,19.4127137887716,4096,41728,sharded,211.04725720366426,256,18.75
memo,100,1024,100,1024,0.01,32,1.4984650533567607,4096,41728,sharded,2734.1311636345313,256,1.171875
memo,100,1024,100,1024,0.01,32,2.6464520521124353,4096,41728,sharded,1548.1104207913825,256,2.34375
memo,100,1024,100,1024,0.01,32,294.8185126549247,4096,41728,sharded,13.896684991404875,256,300.0
memo,100,1024,100,1024,0.01,32,37.2530282681792,4096,41728,sharded,109.97763646236449,256,37.5
memo,100,1024,100,1024,0.01,32,5.076813954018348,4096,41728,sharded,807.0021941137284,256,4.6875
memo,100,1024,100,1024,0.01,32,597.3986773150559,4096,41728,sharded,6.858066740980288,256,600.0
memo,100,1024,100,1024,0.01,32,75.59597936807151,4096,41728,sharded,54.19600399714375,256,75.0
memo,100,1024,100,1024,0.01,32,9.730486373544947,4096,41728,sharded,421.0478122798509,256,9.375
memo,100,1024,100,1024,0.01,32,1.3306802804239033,524288,326,sharded,394000.72858446644,2,0.29296875
memo,100,1024,100,1024,0.01,32,1.6806512781179854,524288,326,sharded,311955.8511787796,2,0.5859375
memo,100,1024,100,1024,0.01,32,902.6651459194521,524288,326,sharded,580.823356667838,2,1200.0
memo,100,1024,100,1024,0.01,32,121.84853738638908,524288,326,sharded,4302.79272321052,2,150.0
memo,100,1024,100,1024,0.01,32,25.82689127260855,524288,326,sharded,20300.120307396413,2,18.75
memo,100,1024,100,1024,0.01,32,2.027284642078181,524288,326,sharded,258616.37242146142,2,1.171875
memo,100,1024,100,1024,0.01,32,3.2435594978913165,524288,326,sharded,161640.01318330914,2,2.34375
memo,100,1024,100,1024,0.01,32,249.85055549547016,524288,326,sharded,2098.4103836003096,2,300.0
memo,100,1024,100,1024,0.01,32,36.30392521456154,524288,326,sharded,14441.661525616717,2,37.5
memo,100,1024,100,1024,0.01,32,5.350637669321472,524288,326,sharded,97986.26489064553,2,4.6875
memo,100,1024,100,1024,0.01,32,466.4956405664756,524288,326,sharded,1123.8883162195143,2,600.0
memo,100,1024,100,1024,0.01,32,64.74614241810295,524288,326,sharded,8097.609840820561,2,75.0
memo,100,1024,100,1024,0.01,32,10.869403256343773,524288,326,sharded,48235.30672615409,2,9.375
memo,100,1024,100,1024,0.01,32,0.6730903727620375,65536,2608,sharded,97367.31151133217,16,0.29296875
memo,100,1024,100,1024,0.01,32,0.918191538645721,65536,2608,sharded,71376.17505892426,16,0.5859375
memo,100,1024,100,1024,0.01,32,1316.870136508295,65536,2608,sharded,49.767245974437955,16,1200.0
memo,100,1024,100,1024,0.01,32,163.15728491011436,65536,2608,sharded,401.6798884346798,16,150.0
memo,100,1024,100,1024,0.01,32,17.882173005069856,65536,2608,sharded,3664.934903684206,16,18.75
memo,100,1024,100,1024,0.01,32,1.5654172713453076,65536,2608,sharded,41865.514837253584,16,1.171875
memo,100,1024,100,1024,0.01,32,2.77399722538392,65536,2608,sharded,23625.474243554698,16,2.34375
memo,100,1024,100,1024,0.01,32,260.11939247791634,65536,2608,sharded,251.9496888551436,16,300.0
memo,100,1024,100,1024,0.01,32,44.51110134153069,65536,2608,sharded,1472.3742622573861,16,37.5
memo,100,1024,100,1024,0.01,32,4.958855460422492,65536,2608,sharded,13216.154518530024,16,4.6875
memo,100,1024,100,1024,0.01,32,610.268834295601,65536,2608,sharded,107.39037669463438,16,600.0
memo,100,1024,100,1024,0.01,32,70.36061472604251,65536,2608,sharded,931.4443919396691,16,75.0
memo,100,1024,100,1024,0.01,32,9.443558758473197,65536,2608,sharded,6939.862574709686,16,9.375
memo,100,1024,100,1024,0.01,32,0.6137594709616608,8192,20864,sharded,13348.877512493465,128,0.29296875
memo,100,1024,100,1024,0.01,32,0.883200464746684,8192,20864,sharded,9276.489683856635,128,0.5859375
memo,100,1024,100,1024,0.01,32,1237.7883119056755,8192,20864,sharded,6.619063955601756,128,1200.0
memo,100,1024,100,1024,0.01,32,149.53750167738124,8192,20864,sharded,54.78893192743006,128,150.0
memo,100,1024,100,1024,0.01,32,19.211365728021313,8192,20864,sharded,426.46629687809514,128,18.75
memo,100,1024,100,1024,0.01,32,1.4800210811764192,8192,20864,sharded,5535.73195963375,128,1.171875
memo,100,1024,100,1024,0.01,32,2.700456413773205,8192,20864,sharded,3033.93158216257,128,2.34375
memo,100,1024,100,1024,0.01,32,307.9225239580128,8192,20864,sharded,26.607342310292207,128,300.0
memo,100,1024,100,1024,0.01,32,38.768620564444674,8192,20864,sharded,211.3307071728503,128,37.5
memo,100,1024,100,1024,0.01,32,5.057177421251988,8192,20864,sharded,1620.073673027609,128,4.6875
memo,100,1024,100,1024,0.01,32,604.3503197857174,8192,20864,sharded,13.55670665137559,128,600.0
memo,100,1024,100,1024,0.01,32,77.34436552384616,8192,20864,sharded,105.9288539573578,128,75.0
memo,100,1024,100,1024,0.01,32,9.865652900280828,8192,20864,sharded,830.4569482438192,128,9.375
memo,100,1024,100,1024,0.01,4,0.602397711196395,1024,109568,sharded,1701.533689369924,1024,0.29296875
memo,100,1024,100,1024,0.01,4,0.8939745814793678,1024,109568,sharded,1146.5650380168624,1024,0.5859375
memo,100,1024,100,1024,0.01,4,1206.948820089431,1024,109568,sharded,0.8492489349499102,1024,1200.0
memo,100,1024,100,1024,0.01,4,153.07097932464086,1024,109568,sharded,6.696239904666233,1024,150.0
memo,100,1024,100,1024,0.01,4,18.961200643992857,1024,109568,sharded,54.05775822137786,1024,18.75
memo,100,1024,100,1024,0.01,4,1.5042997094237314,1024,109568,sharded,681.380175492195,1024,1.171875
memo,100,1024,100,1024,0.01,4,2.605665438623414,1024,109568,sharded,393.3736023077132,1024,2.34375
memo,100,1024,100,1024,0.01,4,286.6990989098713,1024,109568,sharded,3.5751769150911286,1024,300.0
memo,100,1024,100,1024,0.01,4,37.29043887343546,1024,109568,sharded,27.48693850128371,1024,37.5
memo,100,1024,100,1024,0.01,4,5.049853564759246,1024,109568,sharded,202.97618274577974,1024,4.6875
memo,100,1024,100,1024,0.01,4,596.0454926465572,1024,109568,sharded,1.7196673956023085,1024,600.0
memo,100,1024,100,1024,0.01,4,72.74583291020964,1024,109568,sharded,14.09015415721695,1024,75.0
memo,100,1024,100,1024,0.01,4,9.546072331722034,1024,109568,sharded,107.37400308542375,1024,9.375
memo,100,1024,100,1024,0.01,4,1.8261610277725362,131072,856,sharded,71775.16002511376,8,0.29296875
memo,100,1024,100,1024,0.01,4,2.2186590609197525,131072,856,sharded,59077.576320204535,8,0.5859375
memo,100,1024,100,1024,0.01,4,1340.954921903182,131072,856,sharded,97.74601506661503,8,1200.0
memo,100,1024,100,1024,0.01,4,161.050092803963,131072,856,sharded,813.864790252233,8,150.0
memo,100,1024,100,1024,0.01,4,20.73177939528094,131072,856,sharded,6322.322724977259,8,18.75
memo,100,1024,100,1024,0.01,4,2.7729388134838886,131072,856,sharded,47268.623224802206,8,1.171875
memo,100,1024,100,1024,0.01,4,5.068048600301384,131072,856,sharded,25862.617022300343,8,2.34375
memo,100,1024,100,1024,0.01,4,271.33341617891165,131072,856,sharded,483.0698770754177,8,300.0
memo,100,1024,100,1024,0.01,4,36.399204403440294,131072,856,sharded,3600.985300316387,8,37.5
memo,100,1024,100,1024,0.01,4,8.972854689293237,131072,856,sharded,14607.725694744779,8,4.6875
memo,100,1024,100,1024,0.01,4,584.3767252519372,131072,856,sharded,224.29538059287296,8,600.0
memo,100,1024,100,1024,0.01,4,78.51308987382454,131072,856,sharded,1669.4413659001643,8,75.0
memo,100,1024,100,1024,0.01,4,9.995905778218617,131072,856,sharded,13112.668617346519,8,9.375
memo,100,1024,100,1024,0.01,4,0.7781841544062178,16384,6848,sharded,21055.427442495715,64,0.29296875
memo,100,1024,100,1024,0.01,4,1.0610105263808525,16384,6848,sharded,15442.825111160642,64,0.5859375
memo,100,1024,100,1024,0.01,4,1213.7007615384343,16384,6848,sharded,13.500032725719876,64,1200.0
memo,100,1024,100,1024,0.01,4,165.33731339089394,16384,6848,sharded,99.10043694288318,64,150.0
memo,100,1024,100,1024,0.01,4,19.768972336036903,16384,6848,sharded,828.8240643714063,64,18.75
memo,100,1024,100,1024,0.01,4,1.6447753709541097,16384,6848,sharded,9961.846638362116,64,1.171875
memo,100,1024,100,1024,0.01,4,2.9571883851104426,16384,6848,sharded,5540.735951249879,64,2.34375
memo,100,1024,100,1024,0.01,4,310.78353146305875,16384,6848,sharded,52.72158380743415,64,300.0
memo,100,1024,100,1024,0.01,4,36.11197170336116,16384,6848,sharded,453.7276483985213,64,37.5
memo,100,1024,100,1024,0.01,4,4.417988296777309,16384,6848,sharded,3708.701540009058,64,4.6875
memo,100,1024,100,1024,0.01,4,614.2856633981602,16384,6848,sharded,26.673258023571634,64,600.0
memo,100,1024,100,1024,0.01,4,75.53849653238134,16384,6848,sharded,216.9092681501304,64,75.0
memo,100,1024,100,1024,0.01,4,10.25757483297923,16384,6848,sharded,1597.3561262570977,64,9.375
memo,100,1024,100,1024,0.01,4,0.6313652341812794,2048,54784,sharded,3245.348158355652,512,0.29296875
memo,100,1024,100,1024,0.01,4,0.9379566899212174,2048,54784,sharded,2184.5358341354795,512,0.5859375
memo,100,1024,100,1024,0.01,4,1201.2823814876447,2048,54784,sharded,1.705677225917988,512,1200.0
memo,100,1024,100,1024,0.01,4,148.17912696457643,2048,54784,sharded,13.827858497842493,512,150.0
memo,100,1024,100,1024,0.01,4,19.098273165539563,2048,54784,sharded,107.28718676498791,512,18.75
memo,100,1024,100,1024,0.01,4,1.4937888974249554,2048,54784,sharded,1371.6797624698754,512,1.171875
memo,100,1024,100,1024,0.01,4,2.8135408658426293,2048,54784,sharded,728.2638133590228,512,2.34375
memo,100,1024,100,1024,0.01,4,300.6525278404996,2048,54784,sharded,6.8151763589595475,512,300.0
memo,100,1024,100,1024,0.01,4,37.13866480009655,2048,54784,sharded,55.17161187751352,512,37.5
memo,100,1024,100,1024,0.01,4,5.182431282631948,2048,54784,sharded,395.37427285661863,512,4.6875
memo,100,1024,100,1024,0.01,4,596.1315716123615,2048,54784,sharded,3.4371606832667063,512,600.0
memo,100,1024,100,1024,0.01,4,74.96142072892037,2048,54784,sharded,27.334060374998852,512,75.0
memo,100,1024,100,1024,0.01,4,9.852580564373774,2048,54784,sharded,207.96582038710116,512,9.375
memo,100,1024,100,1024,0.01,4,3.1955908621018168,262144,428,sharded,82033.34259992874,4,0.29296875
memo,100,1024,100,1024,0.01,4,3.203961334947657,262144,428,sharded,81819.02732115294,4,0.5859375
memo,100,1024,100,1024,0.01,4,681.3421649961699,262144,428,sharded,384.7479481935095,4,1200.0
memo,100,1024,100,1024,0.01,4,191.09367124479,262144,428,sharded,1371.814138544618,4,150.0
memo,100,1024,100,1024,0.01,4,27.833578078216267,262144,428,sharded,9418.300416257503,4,18.75
memo,100,1024,100,1024,0.01,4,3.8298249383945713,262144,428,sharded,68448.29834699673,4,1.171875
memo,100,1024,100,1024,0.01,4,4.6376705685294315,262144,428,sharded,56525.144709259526,4,2.34375
memo,100,1024,100,1024,0.01,4,405.28724192259006,262144,428,sharded,646.8128598286095,4,300.0
memo,100,1024,100,1024,0.01,4,42.738794525650434,262144,428,sharded,6133.654514814851,4,37.5
memo,100,1024,100,1024,0.01,4,8.332984416024736,262144,428,sharded,31458.7171789116,4,4.6875
memo,100,1024,100,1024,0.01,4,428.28852986204515,262144,428,sharded,612.0756959903615,4,600.0
memo,100,1024,100,1024,0.01,4,84.98414116386199,262144,428,sharded,3084.6343377706867,4,75.0
memo,100,1024,100,1024,0.01,4,16.98443185734943,262144,428,sharded,15434.42855208405,4,9.375
memo,100,1024,100,1024,0.01,4,0.8937064460987639,32768,3424,sharded,36666.40219844479,32,0.29296875
memo,100,1024,100,1024,0.01,4,1.2154932458168293,32768,3424,sharded,26959.42582385865,32,0.5859375
memo,100,1024,100,1024,0.01,4,1148.7640357756275,32768,3424,sharded,28.5254403685043,32,1200.0
memo,100,1024,100,1024,0.01,4,134.58629755775053,32768,3424,sharded,243.47946703815768,32,150.0
memo,100,1024,100,1024,0.01,4,16.776625583841223,32768,3424,sharded,1953.2533426484874,32,18.75
memo,100,1024,100,1024,0.01,4,1.6909084168384818,32768,3424,sharded,19379.523854561394,32,1.171875
memo,100,1024,100,1024,0.01,4,2.362778645668785,32768,3424,sharded,13868.840426532941,32,2.34375
memo,100,1024,100,1024,0.01,4,317.57442250197346,32768,3424,sharded,103.18526203033989,32,300.0
memo,100,1024,100,1024,0.01,4,43.11449481536257,32768,3424,sharded,760.0460156226565,32,37.5
memo,100,1024,100,1024,0.01,4,5.308022259938952,32768,3424,sharded,6173.4857909915545,32,4.6875
memo,100,1024,100,1024,0.01,4,740.2939672871121,32768,3424,sharded,44.26484808472176,32,600.0
memo,100,1024,100,1024,0.01,4,64.6417201275053,32768,3424,sharded,506.93267344005386,32,75.0
memo,100,1024,100,1024,0.01,4,11.04566162190945,32768,3424,sharded,2966.6851223290746,32,9.375
memo,100,1024,100,1024,0.01,4,0.6551887365017125,4096,27392,sharded,6253.160000697435,256,0.29296875
memo,100,1024,100,1024,0.01,4,0.92975636345036,4096,27392,sharded,4406.530744028341,256,0.5859375
memo,100,1024,100,1024,0.01,4,1144.4157554300725,4096,27392,sharded,3.579992656130764,256,1200.0
memo,100,1024,100,1024,0.01,4,145.64609461079823,4096,27392,sharded,28.12983081316516,256,150.0
memo,100,1024,100,1024,0.01,4,19.84191627247602,4096,27392,sharded,206.48207278664955,256,18.75
memo,100,1024,100,1024,0.01,4,1.408933576031341,4096,27392,sharded,2907.873067756932,256,1.171875
memo,100,1024,100,1024,0.01,4,2.7087002407220178,4096,27392,sharded,1512.5335533281173,256,2.34375
memo,100,1024,100,1024,0.01,4,275.67953754439236,4096,27392,sharded,14.861458476366838,256,300.0
memo,100,1024,100,1024,0.01,4,38.356639524670854,4096,27392,sharded,106.81331969566375,256,37.5
memo,100,1024,100,1024,0.01,4,5.007531458669895,4096,27392,sharded,818.1676009057462,256,4.6875
memo,100,1024,100,1024,0.01,4,617.8234940503118,4096,27392,sharded,6.631343805236331,256,600.0
memo,100,1024,100,1024,0.01,4,80.32219087004981,4096,27392,sharded,51.00707482728377,256,75.0
memo,100,1024,100,1024,0.01,4,10.164313773333548,4096,27392,sharded,403.07689150138503,256,9.375
memo,100,1024,100,1024,0.01,4,5.804795361340727,524288,214,sharded,90319.97983799822,2,0.29296875
memo,100,1024,100,1024,0.01,4,6.4185906919230105,524288,214,sharded,81682.88416641862,2,0.5859375
memo,100,1024,100,1024,0.01,4,618.1209424362128,524288,214,sharded,848.1980855293609,2,1200.0
memo,100,1024,100,1024,0.01,4,175.39922196152932,524288,214,sharded,2989.1181621945475,2,150.0
memo,100,1024,100,1024,0.01,4,15.51256101695335,524288,214,sharded,33797.70751115922,2,18.75
memo,100,1024,100,1024,0.01,4,7.082196715306369,524288,214,sharded,74029.14958107313,2,1.171875
memo,100,1024,100,1024,0.01,4,7.781014560586812,524288,214,sharded,67380.54477570085,2,2.34375
memo,100,1024,100,1024,0.01,4,358.494164345241,524288,214,sharded,1462.4756889908351,2,300.0
memo,100,1024,100,1024,0.01,4,43.25477806066889,524288,214,sharded,12120.949950653669,2,37.5
memo,100,1024,100,1024,0.01,4,8.077306102081446,524288,214,sharded,64908.89330848755,2,4.6875
memo,100,1024,100,1024,0.01,4,578.9706538730367,524288,214,sharded,905.5536692451637,2,600.0
memo,100,1024,100,1024,0.01,4,81.73745304733323,524288,214,sharded,6414.305565606383,2,75.0
memo,100,1024,100,1024,0.01,4,13.744405622863628,524288,214,sharded,38145.629166229824,2,9.375
memo,100,1024,100,1024,0.01,4,1.2281976007909639,65536,1712,sharded,53360.30615740816,16,0.29296875
memo,100,1024,100,1024,0.01,4,1.7123431392197206,65536,1712,sharded,38273.286760657014,16,0.5859375
memo,100,1024,100,1024,0.01,4,1023.1867492727603,65536,1712,sharded,64.051845908463,16,1200.0
memo,100,1024,100,1024,0.01,4,144.94333029641683,65536,1712,sharded,452.1560244681376,16,150.0
memo,100,1024,100,1024,0.01,4,21.430694572623754,65536,1712,sharded,3058.0903375721214,16,18.75
memo,100,1024,100,1024,0.01,4,2.110709920684114,65536,1712,sharded,31049.742722940555,16,1.171875
memo,100,1024,100,1024,0.01,4,3.1579804833585765,65536,1712,sharded,20752.819830697645,16,2.34375
memo,100,1024,100,1024,0.01,4,235.75749603041598,65536,1712,sharded,277.9847983775024,16,300.0
memo,100,1024,100,1024,0.01,4,40.97878305666942,65536,1712,sharded,1599.291026026056,16,37.5
memo,100,1024,100,1024,0.01,4,5.103553047947563,65536,1712,sharded,12841.44582887333,16,4.6875
memo,100,1024,100,1024,0.01,4,829.348508399509,65536,1712,sharded,79.02226788407015,16,600.0
memo,100,1024,100,1024,0.01,4,78.1808911496618,65536,1712,sharded,838.2738932272135,16,75.0
memo,100,1024,100,1024,0.01,4,10.485904859877044,65536,1712,sharded,6250.00902409184,16,9.375
memo,100,1024,100,1024,0.01,4,0.6586569552390309,8192,13696,sharded,12438.948582918565,128,0.29296875
memo,100,1024,100,1024,0.01,4,0.9922816497225689,8192,13696,sharded,8256.728321329607,128,0.5859375
memo,100,1024,100,1024,0.01,4,1214.1424142368967,8192,13696,sharded,6.747972811039141,128,1200.0
memo,100,1024,100,1024,0.01,4,143.6883519625575,8192,13696,sharded,57.01923564503644,128,150.0
memo,100,1024,100,1024,0.01,4,17.758197582305282,8192,13696,sharded,461.3643902781954,128,18.75
memo,100,1024,100,1024,0.01,4,1.5983283153193042,8192,13696,sharded,5125.980639567943,128,1.171875
memo,100,1024,100,1024,0.01,4,2.900899163201988,8192,13696,sharded,2824.296722867346,128,2.34375
memo,100,1024,100,1024,0.01,4,328.4983232714538,8192,13696,sharded,24.94076657197953,128,300.0
memo,100,1024,100,1024,0.01,4,35.69652960530622,8192,13696,sharded,229.51810975995065,128,37.5
memo,100,1024,100,1024,0.01,4,4.598210235136489,8192,13696,sharded,1781.780210351084,128,4.6875
memo,100,1024,100,1024,0.01,4,593.9095359021227,8192,13696,sharded,13.795030227213292,128,600.0
memo,100,1024,100,1024,0.01,4,71.02154811099656,8192,13696,sharded,115.35935526490508,128,75.0
memo,100,1024,100,1024,0.01,4,10.360609955695272,8192,13696,sharded,790.7835576317852,128,9.375
memo,1000,1024,1000,1024,0.01,512,0.6950598985699109,1024,2071552,sharded,1474.6930474753938,1024,0.29296875
memo,1000,1024,1000,1024,0.01,512,0.9914057871971453,1024,2071552,sharded,1033.88543141132,1024,0.5859375
memo,1000,1024,1000,1024,0.01,512,1201.6100495369678,1024,2071552,sharded,0.85302216005515,1024,1200.0
memo,1000,1024,1000,1024,0.01,512,151.24537057107455,1024,2071552,sharded,6.777066935204625,1024,150.0
memo,1000,1024,1000,1024,0.01,512,18.97663306582682,1024,2071552,sharded,54.013796675334525,1024,18.75
memo,1000,1024,1000,1024,0.01,512,1.5702550657120333,1024,2071552,sharded,652.7601931570352,1024,1.171875
memo,1000,1024,1000,1024,0.01,512,2.743429356197697,1024,2071552,sharded,373.61997227463377,1024,2.34375
memo,1000,1024,1000,1024,0.01,512,301.4260744669535,1024,2071552,sharded,3.4005021025889213,1024,300.0
memo,1000,1024,1000,1024,0.01,512,37.37094658523307,1024,2071552,sharded,27.42772377098479,1024,37.5
memo,1000,1024,1000,1024,0.01,512,5.087644722178123,1024,2071552,sharded,201.4684703772273,1024,4.6875
memo,1000,1024,1000,1024,0.01,512,600.3727439974072,1024,2071552,sharded,1.7072727072440628,1024,600.0
memo,1000,1024,1000,1024,0.01,512,75.57121658303257,1024,2071552,sharded,13.56336507926664,1024,75.0
memo,1000,1024,1000,1024,0.01,512,9.793946604214835,1024,2071552,sharded,104.65648235808129,1024,9.375
memo,1000,1024,1000,1024,0.01,512,0.682777389364847,131072,16184,sharded,191970.32889728603,8,0.29296875
memo,1000,1024,1000,1024,0.01,512,1.051278029188769,131072,16184,sharded,124679.67213311214,8,0.5859375
memo,1000,1024,1000,1024,0.01,512,1147.1513744092174,131072,16184,sharded,114.2595501552727,8,1200.0
memo,1000,1024,1000,1024,0.01,512,149.82727340070085,131072,16184,sharded,874.8273730474687,8,150.0
memo,1000,1024,1000,1024,0.01,512,18.92472855267375,131072,16184,sharded,6926.017439837021,8,18.75
memo,1000,1024,1000,1024,0.01,512,1.6356016127434596,131072,16184,sharded,80137.48517901376,8,1.171875
memo,1000,1024,1000,1024,0.01,512,3.239118076018653,131072,16184,sharded,40465.64432782511,8,2.34375
memo,1000,1024,1000,1024,0.01,512,272.854380979881,131072,16184,sharded,480.3771137164358,8,300.0
memo,1000,1024,1000,1024,0.01,512,41.488855874616135,131072,16184,sharded,3159.2339011737745,8,37.5
memo,1000,1024,1000,1024,0.01,512,4.774396027783295,131072,16184,sharded,27453.315400996573,8,4.6875
memo,1000,1024,1000,1024,0.01,512,578.9305769283624,131072,16184,sharded,226.40538472753556,8,600.0
memo,1000,1024,1000,1024,0.01,512,71.276199789172,131072,16184,sharded,1838.9448425659766,8,75.0
memo,1000,1024,1000,1024,0.01,512,11.160382545746359,131072,16184,sharded,11744.48989205633,8,9.375
memo,1000,1024,1000,1024,0.01,512,0.6943834830462713,16384,129472,sharded,23596.471402399646,64,0.29296875
memo,1000,1024,1000,1024,0.01,512,0.9783557227696431,16384,129472,sharded,16747.487257104644,64,0.5859375
memo,1000,1024,1000,1024,0.01,512,1260.63483503514,16384,129472,sharded,12.997419668752269,64,1200.0
memo,1000,1024,1000,1024,0.01,512,149.02278043597417,16384,129472,sharded,109.94963288206542,64,150.0
memo,1000,1024,1000,1024,0.01,512,19.15379117613223,16384,129472,sharded,855.4442224689985,64,18.75
memo,1000,1024,1000,1024,0.01,512,1.4973058550858396,16384,129472,sharded,10942.98799697184,64,1.171875
memo,1000,1024,1000,1024,0.01,512,2.7608396476781447,16384,129472,sharded,5934.788720445869,64,2.34375
memo,1000,1024,1000,1024,0.01,512,306.54830073789805,16384,129472,sharded,53.44997822711581,64,300.0
memo,1000,1024,1000,1024,0.01,512,38.57100649296563,16384,129472,sharded,424.8009447974402,64,37.5
memo,1000,1024,1000,1024,0.01,512,5.012980284233933,16384,129472,sharded,3268.514749904687,64,4.6875
memo,1000,1024,1000,1024,0.01,512,581.1652520303617,16384,129472,sharded,28.193357986832982,64,600.0
memo,1000,1024,1000,1024,0.01,512,72.83547032593613,16384,129472,sharded,224.95907456460031,64,75.0
memo,1000,1024,1000,1024,0.01,512,9.904078217742478,16384,129472,sharded,1654.369002321427,64,9.375
memo,1000,1024,1000,1024,0.01,512,0.6971222538761043,2048,1035776,sharded,2939.226209760559,512,0.29296875
memo,1000,1024,1000,1024,0.01,512,0.9875642754589452,2048,1035776,sharded,2074.801661945274,512,0.5859375
memo,1000,1024,1000,1024,0.01,512,1194.9563948416424,2048,1035776,sharded,1.7147069205579983,512,1200.0
memo,1000,1024,1000,1024,0.01,512,150.1716034639387,2048,1035776,sharded,13.644390502176627,512,150.0
memo,1000,1024,1000,1024,0.01,512,19.024143210529427,2048,1035776,sharded,107.705244715879,512,18.75
memo,1000,1024,1000,1024,0.01,512,1.5673397334879227,2048,1035776,sharded,1307.3106973688477,512,1.171875
memo,1000,1024,1000,1024,0.01,512,2.7661302859314643,2048,1035776,sharded,740.7460199619707,512,2.34375
memo,1000,1024,1000,1024,0.01,512,298.75178326528044,2048,1035776,sharded,6.8585364666445,512,300.0
memo,1000,1024,1000,1024,0.01,512,37.75051135069948,2048,1035776,sharded,54.27741046909114,512,37.5
memo,1000,1024,1000,1024,0.01,512,5.088405233486924,2048,1035776,sharded,402.6801927086072,512,4.6875
memo,1000,1024,1000,1024,0.01,512,598.3120409163403,2048,1035776,sharded,3.4246344045857233,512,600.0
memo,1000,1024,1000,1024,0.01,512,74.59826568919162,2048,1035776,sharded,27.4671264950986,512,75.0
memo,1000,1024,1000,1024,0.01,512,9.812268785973332,2048,1035776,sharded,208.82020709920337,512,9.375
memo,1000,1024,1000,1024,0.01,512,0.6774741985842744,262144,8092,sharded,386944.62541570945,4,0.29296875
memo,1000,1024,1000,1024,0.01,512,1.157734992953784,262144,8092,sharded,226429.19285973822,4,0.5859375
memo,1000,1024,1000,1024,0.01,512,1175.1338376479262,262144,8092,sharded,223.0767182440197,4,1200.0
memo,1000,1024,1000,1024,0.01,512,158.35442178293255,262144,8092,sharded,1655.432144227336,4,150.0
memo,1000,1024,1000,1024,0.01,512,19.172632696467648,262144,8092,sharded,13672.874463833932,4,18.75
memo,1000,1024,1000,1024,0.01,512,1.5566498149450276,262144,8092,sharded,168403.32198238018,4,1.171875
memo,1000,1024,1000,1024,0.01,512,2.7789677008448046,262144,8092,sharded,94331.79087339088,4,2.34375
memo,1000,1024,1000,1024,0.01,512,275.81147289715386,262144,8092,sharded,950.449947735677,4,300.0
memo,1000,1024,1000,1024,0.01,512,38.98575434197953,262144,8092,sharded,6724.122809077584,4,37.5
memo,1000,1024,1000,1024,0.01,512,5.562079222097575,262144,8092,sharded,47130.75623923597,4,4.6875
memo,1000,1024,1000,1024,0.01,512,711.413954957412,262144,8092,sharded,368.48447823277945,4,600.0
memo,1000,1024,1000,1024,0.01,512,76.67902300929293,262144,8092,sharded,3418.7316127936315,4,75.0
memo,1000,1024,1000,1024,0.01,512,9.722825032681031,262144,8092,sharded,26961.81399118673,4,9.375
memo,1000,1024,1000,1024,0.01,512,0.6954554004640436,32768,64736,sharded,47118.76560040347,32,0.29296875
memo,1000,1024,1000,1024,0.01,512,1.0148343327304692,32768,64736,sharded,32289.99940496017,32,0.5859375
memo,1000,1024,1000,1024,0.01,512,1207.0818741520059,32768,64736,sharded,27.147288598812523,32,1200.0
memo,1000,1024,1000,1024,0.01,512,148.54981116262996,32768,64736,sharded,220.59267355193754,32,150.0
memo,1000,1024,1000,1024,0.01,512,18.86192420217096,32768,64736,sharded,1737.3094944485233,32,18.75
memo,1000,1024,1000,1024,0.01,512,1.5866813779285844,32768,64736,sharded,20652.539606143226,32,1.171875
memo,1000,1024,1000,1024,0.01,512,2.772450093257858,32768,64736,sharded,11819.509422257523,32,2.34375
memo,1000,1024,1000,1024,0.01,512,307.3149945606467,32768,64736,sharded,106.63000693099353,32,300.0
memo,1000,1024,1000,1024,0.01,512,36.543242850203065,32768,64736,sharded,896.7184476299948,32,37.5
memo,1000,1024,1000,1024,0.01,512,4.994801462979405,32768,64736,sharded,6560.6211263606965,32,4.6875
memo,1000,1024,1000,1024,0.01,512,618.0265283093717,32768,64736,sharded,53.02199581891814,32,600.0
memo,1000,1024,1000,1024,0.01,512,76.35553547781365,32768,64736,sharded,429.1633840944193,32,75.0
memo,1000,1024,1000,1024,0.01,512,9.3726883797723,32768,64736,sharded,3496.222073350964,32,9.375
memo,1000,1024,1000,1024,0.01,512,0.6955941124879836,4096,517888,sharded,5889.9290929101635,256,0.29296875
memo,1000,1024,1000,1024,0.01,512,0.9873714362885757,4096,517888,sharded,4149.400974571624,256,0.5859375
memo,1000,1024,1000,1024,0.01,512,1193.67226258104,4096,517888,sharded,3.4322653951438777,256,1200.0
memo,1000,1024,1000,1024,0.01,512,148.1460119559367,4096,517888,sharded,27.65514876781548,256,150.0
memo,1000,1024,1000,1024,0.01,512,19.011557262845443,4096,517888,sharded,215.50049495455195,256,18.75
memo,1000,1024,1000,1024,0.01,512,1.5777236126206964,4096,517888,sharded,2596.7792883536995,256,1.171875
memo,1000,1024,1000,1024,0.01,512,2.7152415698065053,4096,517888,sharded,1508.8896861180428,256,2.34375
memo,1000,1024,1000,1024,0.01,512,299.20740132939375,4096,517888,sharded,13.69284309745287,256,300.0
memo,1000,1024,1000,1024,0.01,512,37.61256946283687,4096,517888,sharded,108.92635250692042,256,37.5
memo,1000,1024,1000,1024,0.01,512,5.029777775345812,4096,517888,sharded,814.5489091152381,256,4.6875
memo,1000,1024,1000,1024,0.01,512,600.4167146853808,4096,517888,sharded,6.823594180163411,256,600.0
memo,1000,1024,1000,1024,0.01,512,76.04812639417992,4096,517888,sharded,53.873779595358315,256,75.0
memo,1000,1024,1000,1024,0.01,512,9.865884508160553,4096,517888,sharded,415.269406064015,256,9.375
memo,1000,1024,1000,1024,0.01,512,0.7175947641387639,524288,4046,sharded,730619.8793538248,2,0.29296875
memo,1000,1024,1000,1024,0.01,512,0.9997271485351474,524288,4046,sharded,524432.0920645355,2,0.5859375
memo,1000,1024,1000,1024,0.01,512,1054.8342895662322,524288,4046,sharded,497.0344680543117,2,1200.0
memo,1000,1024,1000,1024,0.01,512,136.24500682061566,524288,4046,sharded,3848.1336838295656,2,150.0
memo,1000,1024,1000,1024,0.01,512,20.493768229370666,524288,4046,sharded,25582.85007091154,2,18.75
memo,1000,1024,1000,1024,0.01,512,1.5325482763260196,524288,4046,sharded,342102.7631552846,2,1.171875
memo,1000,1024,1000,1024,0.01,512,2.947495241819693,524288,4046,sharded,177876.11411929544,2,2.34375
memo,1000,1024,1000,1024,0.01,512,248.29802662508038,524288,4046,sharded,2111.5310787050853,2,300.0
memo,1000,1024,1000,1024,0.01,512,36.74889073273587,524288,4046,sharded,14266.797978012542,2,37.5
memo,1000,1024,1000,1024,0.01,512,4.757355988715399,524288,4046,sharded,110205.96340564598,2,4.6875
memo,1000,1024,1000,1024,0.01,512,629.3557227462826,524288,4046,sharded,833.056697589387,2,600.0
memo,1000,1024,1000,1024,0.01,512,76.25701571462568,524288,4046,sharded,6875.288720476957,2,75.0
memo,1000,1024,1000,1024,0.01,512,8.667699205424368,524288,4046,sharded,60487.678168607024,2,9.375
memo,1000,1024,1000,1024,0.01,512,0.718007419650336,65536,32368,sharded,91276.21554651344,16,0.29296875
memo,1000,1024,1000,1024,0.01,512,0.9833285561602287,65536,32368,sharded,66648.12039621176,16,0.5859375
memo,1000,1024,1000,1024,0.01,512,1155.6813384129562,65536,32368,sharded,56.70853878284384,16,1200.0
memo,1000,1024,1000,1024,0.01,512,148.89294913956948,65536,32368,sharded,440.1618772327952,16,150.0
memo,1000,1024,1000,1024,0.01,512,18.44581047838603,65536,32368,sharded,3552.947704672197,16,18.75
memo,1000,1024,1000,1024,0.01,512,1.6342892378296334,65536,32368,sharded,40101.224729983755,16,1.171875
memo,1000,1024,1000,1024,0.01,512,2.663476188967136,65536,32368,sharded,24605.814112952314,16,2.34375
memo,1000,1024,1000,1024,0.01,512,310.5718104119352,65536,32368,sharded,211.02043972720273,16,300.0
memo,1000,1024,1000,1024,0.01,512,37.224880123219314,65536,32368,sharded,1760.5698066202979,16,37.5
memo,1000,1024,1000,1024,0.01,512,5.319885019580357,65536,32368,sharded,12319.251216668154,16,4.6875
memo,1000,1024,1000,1024,0.01,512,588.766279291563,65536,32368,sharded,111.31242108304477,16,600.0
memo,1000,1024,1000,1024,0.01,512,75.29876287376638,65536,32368,sharded,870.3595849226454,16,75.0
memo,1000,1024,1000,1024,0.01,512,9.366191848481277,65536,32368,sharded,6997.187443969215,16,9.375
memo,1000,1024,1000,1024,0.01,512,0.7016591853952407,8192,258944,sharded,11676.609058263704,128,0.29296875
memo,1000,1024,1000,1024,0.01,512,0.9923873498314023,8192,258944,sharded,8255.848889440113,128,0.5859375
memo,1000,1024,1000,1024,0.01,512,1213.8937145635225,8192,258944,sharded,6.749355319749672,128,1200.0
memo,1000,1024,1000,1024,0.01,512,149.72809596331493,8192,258944,sharded,54.71918912271066,128,150.0
memo,1000,1024,1000,1024,0.01,512,19.66097810345385,8192,258944,sharded,416.71375436610316,128,18.75
memo,1000,1024,1000,1024,0.01,512,1.5851274803974016,8192,258944,sharded,5168.669461175427,128,1.171875
memo,1000,1024,1000,1024,0.01,512,2.6838631711055614,8192,258944,sharded,3052.6891565135434,128,2.34375
memo,1000,1024,1000,1024,0.01,512,295.8473636396977,8192,258944,sharded,27.693334492505308,128,300.0
memo,1000,1024,1000,1024,0.01,512,38.61638498880941,8192,258944,sharded,212.16382637510577,128,37.5
memo,1000,1024,1000,1024,0.01,512,5.183875807003405,8192,258944,sharded,1580.4776782906865,128,4.6875
memo,1000,1024,1000,1024,0.01,512,610.3908528661459,8192,258944,sharded,13.422547145864034,128,600.0
memo,1000,1024,1000,1024,0.01,512,75.61079050823572,8192,258944,sharded,108.35754982759501,128,75.0
memo,1000,1024,1000,1024,0.01,512,9.553118735455234,8192,258944,sharded,857.6256850647821,128,9.375
memo,100,1024,100,1024,0.01,64,0.6109290045198017,1024,232448,sharded,1677.7726911258103,1024,0.29296875
memo,100,1024,100,1024,0.01,64,0.8985478517015777,1024,232448,sharded,1140.729453705732,1024,0.5859375
memo,100,1024,100,1024,0.01,64,1195.2322503728528,1024,232448,sharded,0.8575739147602912,1024,1200.0
memo,100,1024,100,1024,0.01,64,150.1968221511704,1024,232448,sharded,6.824378740639105,1024,150.0
memo,100,1024,100,1024,0.01,64,19.099776986285526,1024,232448,sharded,53.66554807084893,1024,18.75
memo,100,1024,100,1024,0.01,64,1.4679021261944138,1024,232448,sharded,698.2754379253795,1024,1.171875
memo,100,1024,100,1024,0.01,64,2.661325425197706,1024,232448,sharded,385.1464350414246,1024,2.34375
memo,100,1024,100,1024,0.01,64,301.4129116789082,1024,232448,sharded,3.400650603488151,1024,300.0
memo,100,1024,100,1024,0.01,64,37.83707452141607,1024,232448,sharded,27.089832207292936,1024,37.5
memo,100,1024,100,1024,0.01,64,4.983340165744886,1024,232448,sharded,205.68533672370484,1024,4.6875
memo,100,1024,100,1024,0.01,64,604.2545129568042,1024,232448,sharded,1.696305080096726,1024,600.0
memo,100,1024,100,1024,0.01,64,76.00772742129755,1024,232448,sharded,13.485470948481385,1024,75.0
memo,100,1024,100,1024,0.01,64,9.673431980866697,1024,232448,sharded,105.96032535581695,1024,9.375
memo,100,1024,100,1024,0.01,64,0.7115277417082181,131072,1816,sharded,184213.47800905583,8,0.29296875
memo,100,1024,100,1024,0.01,64,0.9065333156934711,131072,1816,sharded,144587.0744416415,8,0.5859375
memo,100,1024,100,1024,0.01,64,1183.0564142819112,131072,1816,sharded,110.7918425678444,8,1200.0
memo,100,1024,100,1024,0.01,64,161.13202697986472,131072,1816,sharded,813.4509473798096,8,150.0
memo,100,1024,100,1024,0.01,64,21.085599023309566,131072,1816,sharded,6216.233167248523,8,18.75
memo,100,1024,100,1024,0.01,64,1.6683308205139784,131072,1816,sharded,78565.35309922471,8,1.171875
memo,100,1024,100,1024,0.01,64,2.5481699748925886,131072,1816,sharded,51438.09137203457,8,2.34375
memo,100,1024,100,1024,0.01,64,362.08714916019807,131072,1816,sharded,361.99296303114426,8,300.0
memo,100,1024,100,1024,0.01,64,34.13494826061244,131072,1816,sharded,3839.8476247653266,8,37.5
memo,100,1024,100,1024,0.01,64,5.112063806686789,131072,1816,sharded,25639.938184760358,8,4.6875
memo,100,1024,100,1024,0.01,64,600.8219924498483,131072,1816,sharded,218.1561288486638,8,600.0
memo,100,1024,100,1024,0.01,64,74.5713646446431,131072,1816,sharded,1757.6854148318948,8,75.0
memo,100,1024,100,1024,0.01,64,10.10171434268914,131072,1816,sharded,12975.322361482213,8,9.375
memo,100,1024,100,1024,0.01,64,0.6291486409033016,16384,14528,sharded,26043.130247369205,64,0.29296875
memo,100,1024,100,1024,0.01,64,0.9574979294389102,16384,14528,sharded,17112.308545253505,64,0.5859375
memo,100,1024,100,1024,0.01,64,1124.1344994664485,16384,14528,sharded,14.575657990904883,64,1200.0
memo,100,1024,100,1024,0.01,64,146.7702656168871,16384,14528,sharded,111.63705353487332,64,150.0
memo,100,1024,100,1024,0.01,64,19.348459437194688,16384,14528,sharded,846.8374473526376,64,18.75
memo,100,1024,100,1024,0.01,64,1.5107585316530685,16384,14528,sharded,10845.545238835468,64,1.171875
memo,100,1024,100,1024,0.01,64,2.5823334230705117,16384,14528,sharded,6345.036567941521,64,2.34375
memo,100,1024,100,1024,0.01,64,281.6231346830014,16384,14528,sharded,58.18058952593921,64,300.0
memo,100,1024,100,1024,0.01,64,38.0927156130823,16384,14528,sharded,430.1347314385969,64,37.5
memo,100,1024,100,1024,0.01,64,4.835723994595802,16384,14528,sharded,3388.324068600932,64,4.6875
memo,100,1024,100,1024,0.01,64,585.237161346081,16384,14528,sharded,27.997196832671225,64,600.0
memo,100,1024,100,1024,0.01,64,77.28956147586906,16384,14528,sharded,211.99499243006622,64,75.0
memo,100,1024,100,1024,0.01,64,9.613967169469566,16384,14528,sharded,1704.291237027806,64,9.375
memo,100,1024,100,1024,0.01,64,0.6008477587165153,2048,116224,sharded,3410.181647971719,512,0.29296875
memo,100,1024,100,1024,0.01,64,0.8997875456659354,2048,116224,sharded,2277.204224341124,512,0.5859375
memo,100,1024,100,1024,0.01,64,1199.6565848128125,2048,116224,sharded,1.7079887910753344,512,1200.0
memo,100,1024,100,1024,0.01,64,146.71023146198965,2048,116224,sharded,13.96630609591032,512,150.0
memo,100,1024,100,1024,0.01,64,18.953961829282573,2048,116224,sharded,108.1040480325562,512,18.75
memo,100,1024,100,1024,0.01,64,1.4779920832467965,2048,116224,sharded,1386.3403080609437,512,1.171875
memo,100,1024,100,1024,0.01,64,2.6390453415306747,2048,116224,sharded,776.4171262065387,512,2.34375
memo,100,1024,100,1024,0.01,64,300.37176161272845,2048,116224,sharded,6.821546702655062,512,300.0
memo,100,1024,100,1024,0.01,64,37.979261914292124,2048,116224,sharded,53.95049552632124,512,37.5
memo,100,1024,100,1024,0.01,64,4.912071983922374,2048,116224,sharded,417.13558081122386,512,4.6875
memo,100,1024,100,1024,0.01,64,600.7779406837777,2048,116224,sharded,3.410577954423431,512,600.0
memo,100,1024,100,1024,0.01,64,76.18624310577391,2048,116224,sharded,26.89461924451703,512,75.0
memo,100,1024,100,1024,0.01,64,9.41486603680224,2048,116224,sharded,217.63453584900324,512,9.375
memo,100,1024,100,1024,0.01,64,0.7590429207173773,262144,908,sharded,345362.5517674873,4,0.29296875
memo,100,1024,100,1024,0.01,64,1.0778588688797077,262144,908,sharded,243209.02074356467,4,0.5859375
memo,100,1024,100,1024,0.01,64,1007.389378259217,262144,908,sharded,260.22212032152873,4,1200.0
memo,100,1024,100,1024,0.01,64,149.08937983748638,262144,908,sharded,1758.3076694379502,4,150.0
memo,100,1024,100,1024,0.01,64,15.652550471650569,262144,908,sharded,16747.749861902008,4,18.75
memo,100,1024,100,1024,0.01,64,1.9687116626907832,262144,908,sharded,133155.6088013961,4,1.171875
memo,100,1024,100,1024,0.01,64,2.4549430565008463,262144,908,sharded,106782.51754386858,4,2.34375
memo,100,1024,100,1024,0.01,64,284.7305674442135,262144,908,sharded,920.6774051449934,4,300.0
memo,100,1024,100,1024,0.01,64,37.68847314587985,262144,908,sharded,6955.574957502836,4,37.5
memo,100,1024,100,1024,0.01,64,6.072593505757455,262144,908,sharded,43168.54071517533,4,4.6875
memo,100,1024,100,1024,0.01,64,589.7533865396006,262144,908,sharded,444.499355125615,4,600.0
memo,100,1024,100,1024,0.01,64,74.56550570681303,262144,908,sharded,3515.6336366943983,4,75.0
memo,100,1024,100,1024,0.01,64,6.434354079353227,262144,908,sharded,40741.46320936545,4,9.375
memo,100,1024,100,1024,0.01,64,0.6121971855084078,32768,7264,sharded,53526.87136708497,32,0.29296875
memo,100,1024,100,1024,0.01,64,0.9094304930362729,32768,7264,sharded,36032.44035791639,32,0.5859375
memo,100,1024,100,1024,0.01,64,1207.5226304218522,32768,7264,sharded,27.137379602195974,32,1200.0
memo,100,1024,100,1024,0.01,64,167.82664952572637,32768,7264,sharded,195.25504496815208,32,150.0
memo,100,1024,100,1024,0.01,64,19.319606796192584,32768,7264,sharded,1696.1525327967834,32,18.75
memo,100,1024,100,1024,0.01,64,1.6085377952211444,32768,7264,sharded,20371.91796012158,32,1.171875
memo,100,1024,100,1024,0.01,64,2.5841285407893073,32768,7264,sharded,12680.870739499242,32,2.34375
memo,100,1024,100,1024,0.01,64,288.1846436944585,32768,7264,sharded,113.70834885547413,32,300.0
memo,100,1024,100,1024,0.01,64,38.32201031282701,32768,7264,sharded,855.0960592229598,32,37.5
memo,100,1024,100,1024,0.01,64,4.880252318400746,32768,7264,sharded,6714.611840139111,32,4.6875
memo,100,1024,100,1024,0.01,64,606.6433310309955,32768,7264,sharded,54.01691294340747,32,600.0
memo,100,1024,100,1024,0.01,64,70.32327918142808,32768,7264,sharded,465.9765639690773,32,75.0
memo,100,1024,100,1024,0.01,64,9.987598272582462,32768,7264,sharded,3280.968968281002,32,9.375
memo,100,1024,100,1024,0.01,64,0.6178158595373829,4096,58112,sharded,6631.425750494347,256,0.29296875
memo,100,1024,100,1024,0.01,64,0.8948633503935507,4096,58112,sharded,4578.35265931741,256,0.5859375
memo,100,1024,100,1024,0.01,64,1198.1855755608317,4096,58112,sharded,3.4193367735063305,256,1200.0
memo,100,1024,100,1024,0.01,64,152.6738273760208,4096,58112,sharded,26.834985867679123,256,150.0
memo,100,1024,100,1024,0.01,64,18.908924233122427,4096,58112,sharded,216.67017909053536,256,18.75
memo,100,1024,100,1024,0.01,64,1.459278615049614,4096,58112,sharded,2807.5515927852516,256,1.171875
memo,100,1024,100,1024,0.01,64,2.689452086380953,4096,58112,sharded,1523.358612985408,256,2.34375
memo,100,1024,100,1024,0.01,64,304.68192199942246,4096,58112,sharded,13.446810277138026,256,300.0
memo,100,1024,100,1024,0.01,64,38.0423781451498,4096,58112,sharded,107.69568569998418,256,37.5
memo,100,1024,100,1024,0.01,64,4.79778167771057,4096,58112,sharded,853.9363137413596,256,4.6875
memo,100,1024,100,1024,0.01,64,609.2541592078476,4096,58112,sharded,6.724615561635099,256,600.0
memo,100,1024,100,1024,0.01,64,75.1850200900004,4096,58112,sharded,54.49223788323361,256,75.0
memo,100,1024,100,1024,0.01,64,9.691355421820726,4096,58112,sharded,422.74788424076723,256,9.375
memo,100,1024,100,1024,0.01,64,0.9570304875072814,524288,454,sharded,547828.9425926058,2,0.29296875
memo,100,1024,100,1024,0.01,64,1.2001869877957374,524288,454,sharded,436839.4302981978,2,0.5859375
memo,100,1024,100,1024,0.01,64,958.2570594932548,524288,454,sharded,547.1277198596944,2,1200.0
memo,100,1024,100,1024,0.01,64,127.27945462773305,524288,454,sharded,4119.195839842656,2,150.0
memo,100,1024,100,1024,0.01,64,30.08155027325789,524288,454,sharded,17428.92222100954,2,18.75
memo,100,1024,100,1024,0.01,64,1.9879353935822732,524288,454,sharded,263735.43209330743,2,1.171875
memo,100,1024,100,1024,0.01,64,2.8090505578418012,524288,454,sharded,186642.77812173383,2,2.34375
memo,100,1024,100,1024,0.01,64,265.39757668657245,524288,454,sharded,1975.4852570457774,2,300.0
memo,100,1024,100,1024,0.01,64,36.39956031624709,524288,454,sharded,14403.717941779134,2,37.5
memo,100,1024,100,1024,0.01,64,5.430881670101103,524288,454,sharded,96538.46867745135,2,4.6875
memo,100,1024,100,1024,0.01,64,545.4688353097729,524288,454,sharded,961.1713191685006,2,600.0
memo,100,1024,100,1024,0.01,64,87.76388516784476,524288,454,sharded,5973.8581421882045,2,75.0
memo,100,1024,100,1024,0.01,64,13.948057969335855,524288,454,sharded,37588.6737173465,2,9.375
memo,100,1024,100,1024,0.01,64,0.6218160630933823,65536,3632,sharded,105396.11935074418,16,0.29296875
memo,100,1024,100,1024,0.01,64,0.9116525222795568,65536,3632,sharded,71888.13544455174,16,0.5859375
memo,100,1024,100,1024,0.01,64,1166.387275418244,65536,3632,sharded,56.1880272369224,16,1200.0
memo,100,1024,100,1024,0.01,64,160.33485922961376,65536,3632,sharded,408.75078766336895,16,150.0
memo,100,1024,100,1024,0.01,64,18.556937452503195,65536,3632,sharded,3531.6711158693665,16,18.75
memo,100,1024,100,1024,0.01,64,1.4070106024347957,65536,3632,sharded,46578.89562920841,16,1.171875
memo,100,1024,100,1024,0.01,64,2.5002239799480646,65536,3632,sharded,26212.451574583072,16,2.34375
memo,100,1024,100,1024,0.01,64,323.8196399895358,65536,3632,sharded,202.3873536580975,16,300.0
memo,100,1024,100,1024,0.01,64,36.10622768312549,65536,3632,sharded,1815.1162335529502,16,37.5
memo,100,1024,100,1024,0.01,64,5.175353183944356,65536,3632,sharded,12663.29034380055,16,4.6875
memo,100,1024,100,1024,0.01,64,573.6775862155247,65536,3632,sharded,114.24012646605027,16,600.0
memo,100,1024,100,1024,0.01,64,77.22943384918113,65536,3632,sharded,848.6013263801091,16,75.0
memo,100,1024,100,1024,0.01,64,9.726248206466362,65536,3632,sharded,6738.158291747955,16,9.375
memo,100,1024,100,1024,0.01,64,0.6069815905982878,8192,29056,sharded,13497.938202580985,128,0.29296875
memo,100,1024,100,1024,0.01,64,0.9091461226700287,8192,29056,sharded,9011.752671768936,128,0.5859375
memo,100,1024,100,1024,0.01,64,1223.0854040867434,8192,29056,sharded,6.6986327958983125,128,1200.0
memo,100,1024,100,1024,0.01,64,153.34946877081825,8192,29056,sharded,53.42698651434189,128,150.0
memo,100,1024,100,1024,0.01,64,18.989058742897175,8192,29056,sharded,431.4589844040889,128,18.75
memo,100,1024,100,1024,0.01,64,1.4714987302950324,8192,29056,sharded,5567.7927757078805,128,1.171875
memo,100,1024,100,1024,0.01,64,2.7105802257912415,8192,29056,sharded,3022.6000772983552,128,2.34375
memo,100,1024,100,1024,0.01,64,301.41210341601413,8192,29056,sharded,27.182053763421308,128,300.0
memo,100,1024,100,1024,0.01,64,37.034538170179275,8192,29056,sharded,221.22592598163186,128,37.5
memo,100,1024,100,1024,0.01,64,5.112809293713765,8192,29056,sharded,1602.4458432418653,128,4.6875
memo,100,1024,100,1024,0.01,64,590.2159276217675,8192,29056,sharded,13.881360391294594,128,600.0
memo,100,1024,100,1024,0.01,64,74.8044938071506,8192,29056,sharded,109.525505528076,128,75.0
memo,100,1024,100,1024,0.01,64,9.90303056853065,8192,29056,sharded,827.3224992393037,128,9.375
memo,100,1024,100,1024,0.01,8,0.6061141747522207,1024,117760,sharded,1691.1005264297269,1024,0.29296875
memo,100,1024,100,1024,0.01,8,0.898235689416868,1024,117760,sharded,1141.1258894260002,1024,0.5859375
memo,100,1024,100,1024,0.01,8,1195.0323304886324,1024,117760,sharded,0.8577173803999859,1024,1200.0
memo,100,1024,100,1024,0.01,8,152.84461903586856,1024,117760,sharded,6.706156922406668,1024,150.0
memo,100,1024,100,1024,0.01,8,19.032240925029953,1024,117760,sharded,53.855980703354135,1024,18.75
memo,100,1024,100,1024,0.01,8,1.534676402948153,1024,117760,sharded,667.8932431820471,1024,1.171875
memo,100,1024,100,1024,0.01,8,2.632917097588933,1024,117760,sharded,389.30204104741216,1024,2.34375
memo,100,1024,100,1024,0.01,8,295.70179587024046,1024,117760,sharded,3.466329979442497,1024,300.0
memo,100,1024,100,1024,0.01,8,37.09261730793046,1024,117760,sharded,27.633531262860046,1024,37.5
memo,100,1024,100,1024,0.01,8,5.005544939332922,1024,117760,sharded,204.7729093281499,1024,4.6875
memo,100,1024,100,1024,0.01,8,610.2101185474686,1024,117760,sharded,1.6797492680716088,1024,600.0
memo,100,1024,100,1024,0.01,8,74.78117940994484,1024,117760,sharded,13.706657317893137,1024,75.0
memo,100,1024,100,1024,0.01,8,9.632771411979972,1024,117760,sharded,106.40759093745753,1024,9.375
memo,100,1024,100,1024,0.01,8,1.2774863518742405,131072,920,sharded,102602.27031599882,8,0.29296875
memo,100,1024,100,1024,0.01,8,1.69626902174172,131072,920,sharded,77271.3516075504,8,0.5859375
memo,100,1024,100,1024,0.01,8,1415.5621963336594,131072,920,sharded,92.594306586798,8,1200.0
memo,100,1024,100,1024,0.01,8,121.3009639367085,131072,920,sharded,1080.560250686798,8,150.0
memo,100,1024,100,1024,0.01,8,13.882372150304738,131072,920,sharded,9441.686088002098,8,18.75
memo,100,1024,100,1024,0.01,8,1.9036579960053486,131072,920,sharded,68853.22903328468,8,1.171875
memo,100,1024,100,1024,0.01,8,3.1501564074247774,131072,920,sharded,41608.410201813094,8,2.34375
memo,100,1024,100,1024,0.01,8,476.1492636238066,131072,920,sharded,275.2771242413544,8,300.0
memo,100,1024,100,1024,0.01,8,41.04093494718609,131072,920,sharded,3193.7137925505967,8,37.5
memo,100,1024,100,1024,0.01,8,4.83731026895559,131072,920,sharded,27096.256537685273,8,4.6875
memo,100,1024,100,1024,0.01,8,715.1702290924442,131072,920,sharded,183.27524646311483,8,600.0
memo,100,1024,100,1024,0.01,8,59.75696221816326,131072,920,sharded,2193.4347921079575,8,75.0
memo,100,1024,100,1024,0.01,8,10.122371907325052,131072,920,sharded,12948.842544023606,8,9.375
memo,100,1024,100,1024,0.01,8,0.6775923695902623,16384,7360,sharded,24181.205006644264,64,0.29296875
memo,100,1024,100,1024,0.01,8,0.953666681243473,16384,7360,sharded,17181.05531236115,64,0.5859375
memo,100,1024,100,1024,0.01,8,1200.1983102499228,16384,7360,sharded,13.65191057183548,64,1200.0
memo,100,1024,100,1024,0.01,8,144.96147817355774,16384,7360,sharded,113.03002843543554,64,150.0
memo,100,1024,100,1024,0.01,8,19.600114625453102,16384,7360,sharded,835.9644988362522,64,18.75
memo,100,1024,100,1024,0.01,8,1.6512918262926513,16384,7360,sharded,9922.534429778107,64,1.171875
memo,100,1024,100,1024,0.01,8,2.9721765225014063,16384,7360,sharded,5512.795042943902,64,2.34375
memo,100,1024,100,1024,0.01,8,276.5007074972423,16384,7360,sharded,59.25843788361163,64,300.0
memo,100,1024,100,1024,0.01,8,35.6435714390565,16384,7360,sharded,459.6901864341829,64,37.5
memo,100,1024,100,1024,0.01,8,5.223683677217616,16384,7360,sharded,3136.6753832091604,64,4.6875
memo,100,1024,100,1024,0.01,8,590.3074755682139,16384,7360,sharded,27.7567211633704,64,600.0
memo,100,1024,100,1024,0.01,8,72.10528570699033,16384,7360,sharded,227.23715521470484,64,75.0
memo,100,1024,100,1024,0.01,8,10.35856622382068,16384,7360,sharded,1581.7826179766907,64,9.375
memo,100,1024,100,1024,0.01,8,0.613806878352409,2048,58880,sharded,3338.183510585546,512,0.29296875
memo,100,1024,100,1024,0.01,8,0.9027268499069169,2048,58880,sharded,2269.7895827639104,512,0.5859375
memo,100,1024,100,1024,0.01,8,1170.4078653652941,2048,58880,sharded,1.7506717620703018,512,1200.0
memo,100,1024,100,1024,0.01,8,149.51031573020444,2048,58880,sharded,13.704739970568172,512,150.0
memo,100,1024,100,1024,0.01,8,19.02677651566881,2048,58880,sharded,107.69033831414482,512,18.75
memo,100,1024,100,1024,0.01,8,1.5099196276074835,2048,58880,sharded,1357.0258724609778,512,1.171875
memo,100,1024,100,1024,0.01,8,2.595983870559277,2048,58880,sharded,789.2961213039297,512,2.34375
memo,100,1024,100,1024,0.01,8,294.7651179666645,2048,58880,sharded,6.951297406336,512,300.0
memo,100,1024,100,1024,0.01,8,37.47469600093521,2048,58880,sharded,54.67689450900057,512,37.5
memo,100,1024,100,1024,0.01,8,5.02531057705464,2048,58880,sharded,407.7359933445008,512,4.6875
memo,100,1024,100,1024,0.01,8,577.7203340465859,2048,58880,sharded,3.546698773172789,512,600.0
memo,100,1024,100,1024,0.01,8,76.6456689447601,2048,58880,sharded,26.733408791522855,512,75.0
memo,100,1024,100,1024,0.01,8,9.55631019035652,2048,58880,sharded,214.41329960884804,512,9.375
memo,100,1024,100,1024,0.01,8,1.8539563540279844,262144,460,sharded,141397.61134637965,4,0.29296875
memo,100,1024,100,1024,0.01,8,2.254965520550675,262144,460,sharded,116252.33184762078,4,0.5859375
memo,100,1024,100,1024,0.01,8,886.4434387470426,262144,460,sharded,295.72670803512625,4,1200.0
memo,100,1024,100,1024,0.01,8,231.10422507045416,262144,460,sharded,1134.315047334521,4,150.0
memo,100,1024,100,1024,0.01,8,20.84088433806711,262144,460,sharded,12578.400980863207,4,18.75
memo,100,1024,100,1024,0.01,8,2.414397963066211,262144,460,sharded,108575.72115703906,4,1.171875
memo,100,1024,100,1024,0.01,8,5.0392765012833,262144,460,sharded,52020.36441803545,4,2.34375
memo,100,1024,100,1024,0.01,8,180.0314882402365,262144,460,sharded,1456.1063876236476,4,300.0
memo,100,1024,100,1024,0.01,8,42.28976202029253,262144,460,sharded,6198.781631218711,4,37.5
memo,100,1024,100,1024,0.01,8,6.5105159699661534,262144,460,sharded,40264.857840654804,4,4.6875
memo,100,1024,100,1024,0.01,8,434.1390286826565,262144,460,sharded,603.8273057261126,4,600.0
memo,100,1024,100,1024,0.01,8,67.35495996440179,262144,460,sharded,3891.9925145608872,4,75.0
memo,100,1024,100,1024,0.01,8,9.143124358185332,262144,460,sharded,28671.271409025092,4,9.375
memo,100,1024,100,1024,0.01,8,0.7472451576831715,32768,3680,sharded,43853.07775242072,32,0.29296875
memo,100,1024,100,1024,0.01,8,0.9699536860305793,32768,3680,sharded,33784.08729400602,32,0.5859375
memo,100,1024,100,1024,0.01,8,1089.43852981182,32768,3680,sharded,30.078796649187932,32,1200.0
memo,100,1024,100,1024,0.01,8,135.84398653634017,32768,3680,sharded,241.22525284719788,32,150.0
memo,100,1024,100,1024,0.01,8,17.694614962045943,32768,3680,sharded,1851.9193590981129,32,18.75
memo,100,1024,100,1024,0.01,8,1.559756237414811,32768,3680,sharded,21009.05206464336,32,1.171875
memo,100,1024,100,1024,0.01,8,2.979009551911055,32768,3680,sharded,10999.964729545249,32,2.34375
memo,100,1024,100,1024,0.01,8,313.48759681389964,32768,3680,sharded,104.53045138960682,32,300.0
memo,100,1024,100,1024,0.01,8,40.8020021147576,32768,3680,sharded,803.1223543353487,32,37.5
memo,100,1024,100,1024,0.01,8,5.259134755125592,32768,3680,sharded,6230.872857567129,32,4.6875
memo,100,1024,100,1024,0.01,8,511.87234335479087,32768,3680,sharded,64.01791467230537,32,600.0
memo,100,1024,100,1024,0.01,8,67.23901345783213,32768,3680,sharded,487.3509933418424,32,75.0
memo,100,1024,100,1024,0.01,8,9.998532190615485,32768,3680,sharded,3277.3810570672194,32,9.375
memo,100,1024,100,1024,0.01,8,0.627572624064076,4096,29440,sharded,6528.3281056276455,256,0.29296875
memo,100,1024,100,1024,0.01,8,0.9329926884981308,4096,29440,sharded,4391.245559056927,256,0.5859375
memo,100,1024,100,1024,0.01,8,1211.3678026532534,4096,29440,sharded,3.382127204492607,256,1200.0
memo,100,1024,100,1024,0.01,8,146.63480365810773,4096,29440,sharded,27.940160847165078,256,150.0
memo,100,1024,100,1024,0.01,8,19.51578472813826,4096,29440,sharded,209.93262925742673,256,18.75
memo,100,1024,100,1024,0.01,8,1.4729403872561617,4096,29440,sharded,2781.511075021859,256,1.171875
memo,100,1024,100,1024,0.01,8,2.6847995926355783,4096,29440,sharded,1525.9984436969135,256,2.34375
memo,100,1024,100,1024,0.01,8,310.21862040793286,4096,29440,sharded,13.206815227959257,256,300.0
memo,100,1024,100,1024,0.01,8,36.71730596873525,4096,29440,sharded,111.58226051466279,256,37.5
memo,100,1024,100,1024,0.01,8,4.996625151478409,4096,29440,sharded,819.9534437334714,256,4.6875
memo,100,1024,100,1024,0.01,8,603.724399054759,4096,29440,sharded,6.786209082181543,256,600.0
memo,100,1024,100,1024,0.01,8,73.39836849261569,4096,29440,sharded,55.81867940855092,256,75.0
memo,100,1024,100,1024,0.01,8,10.273821403223586,4096,29440,sharded,398.7805354212695,256,9.375
memo,100,1024,100,1024,0.01,8,3.217793681783996,524288,230,sharded,162934.3120934111,2,0.29296875
memo,100,1024,100,1024,0.01,8,3.4749355183532917,524288,230,sharded,150877.33203419295,2,0.5859375
memo,100,1024,100,1024,0.01,8,1716.2582019114966,524288,230,sharded,305.48375495952115,2,1200.0
memo,100,1024,100,1024,0.01,8,176.01036629213863,524288,230,sharded,2978.73932680644,2,150.0
memo,100,1024,100,1024,0.01,8,23.891468007890076,524288,230,sharded,21944.612186528484,2,18.75
memo,100,1024,100,1024,0.01,8,4.5849567706198044,524288,230,sharded,114349.82405060396,2,1.171875
memo,100,1024,100,1024,0.01,8,5.488770236752094,524288,230,sharded,95520.303708366,2,2.34375
memo,100,1024,100,1024,0.01,8,171.14041162444093,524288,230,sharded,3063.5020391941443,2,300.0
memo,100,1024,100,1024,0.01,8,40.03529997968642,524288,230,sharded,13095.668079570276,2,37.5
memo,100,1024,100,1024,0.01,8,6.124224288226278,524288,230,sharded,85609.04619511358,2,4.6875
memo,100,1024,100,1024,0.01,8,297.53962986048816,524288,230,sharded,1762.081240222794,2,600.0
memo,100,1024,100,1024,0.01,8,88.02250179416019,524288,230,sharded,5956.306504739492,2,75.0
memo,100,1024,100,1024,0.01,8,9.499560607381754,524288,230,sharded,55190.868469494744,2,9.375
memo,100,1024,100,1024,0.01,8,0.9174601065155235,65536,1840,sharded,71433.07870781094,16,0.29296875
memo,100,1024,100,1024,0.01,8,1.324497308332144,65536,1840,sharded,49480.65925670065,16,0.5859375
memo,100,1024,100,1024,0.01,8,1042.1077752313904,65536,1840,sharded,62.88888880562101,16,1200.0
memo,100,1024,100,1024,0.01,8,133.28308821106248,65536,1840,sharded,491.71279627178114,16,150.0
memo,100,1024,100,1024,0.01,8,19.542537050729983,65536,1840,sharded,3353.556389831788,16,18.75
memo,100,1024,100,1024,0.01,8,1.816166684931141,65536,1840,sharded,36085.34422735807,16,1.171875
memo,100,1024,100,1024,0.01,8,3.094556988554137,65536,1840,sharded,21178.152557022615,16,2.34375
memo,100,1024,100,1024,0.01,8,326.3994943029666,65536,1840,sharded,200.78768853473784,16,300.0
memo,100,1024,100,1024,0.01,8,34.57544521180863,65536,1840,sharded,1895.4781232322932,16,37.5
memo,100,1024,100,1024,0.01,8,5.066592606412793,65536,1840,sharded,12935.123285233103,16,4.6875
memo,100,1024,100,1024,0.01,8,705.4374507943014,65536,1840,sharded,92.90263782594376,16,600.0
memo,100,1024,100,1024,0.01,8,79.13007129374178,65536,1840,sharded,828.2186396208034,16,75.0
memo,100,1024,100,1024,0.01,8,8.739763313431348,65536,1840,sharded,7498.715657354489,16,9.375
memo,100,1024,100,1024,0.01,8,0.6318183534263198,8192,14720,sharded,12967.334607438617,128,0.29296875
memo,100,1024,100,1024,0.01,8,0.9615478272660909,8192,14720,sharded,8520.637005955956,128,0.5859375
memo,100,1024,100,1024,0.01,8,1176.899504227182,8192,14720,sharded,6.96151198175581,128,1200.0
memo,100,1024,100,1024,0.01,8,151.20839454850747,8192,14720,sharded,54.18349969565807,128,150.0
memo,100,1024,100,1024,0.01,8,18.403718156348074,8192,14720,sharded,445.1817795945736,128,18.75
memo,100,1024,100,1024,0.01,8,1.5484901482202538,8192,14720,sharded,5290.96036511215,128,1.171875
memo,100,1024,100,1024,0.01,8,2.6249526781265864,8192,14720,sharded,3121.199124186611,128,2.34375
memo,100,1024,100,1024,0.01,8,302.2536145836736,8192,14720,sharded,27.106375588874595,128,300.0
memo,100,1024,100,1024,0.01,8,35.47064369642689,8192,14720,sharded,230.9797383469902,128,37.5
memo,100,1024,100,1024,0.01,8,5.051587582945187,8192,14720,sharded,1621.866366854774,128,4.6875
memo,100,1024,100,1024,0.01,8,643.7545916270894,8192,14720,sharded,12.72689951506551,128,600.0
memo,100,1024,100,1024,0.01,8,77.94989345619467,8192,14720,sharded,105.10598073625594,128,75.0
memo,100,1024,100,1024,0.01,8,9.23441737014984,8192,14720,sharded,887.2243555379887,128,9.375