currency,nodes,wallets,miners,transactions,interval,shards,block size,mode,blocktime in configuration file,sig_scheme,broadcast_protocol,shard_comm_protocol,verify_mode,conflict_check,n_seeds,tps_mean,tps_std,tps_ci95_halfwidth,tps_n,average block time_mean,average block time_std,average block time_ci95_halfwidth,average block time_n,messages_mean,messages_std,messages_ci95_halfwidth,messages_n,broadcast_cpu_seconds_mean,broadcast_cpu_seconds_std,broadcast_cpu_seconds_ci95_halfwidth,broadcast_cpu_seconds_n,hop_p50_mean,hop_p50_std,hop_p50_ci95_halfwidth,hop_p50_n,hop_p90_mean,hop_p90_std,hop_p90_ci95_halfwidth,hop_p90_n,hop_p99_mean,hop_p99_std,hop_p99_ci95_halfwidth,hop_p99_n,hop_max_mean,hop_max_std,hop_max_ci95_halfwidth,hop_max_n
memo,1000,1024000,1000,1024000,0.01,128,1024,sharded,0.146484375,ed25519,gossip,direct,shard,nonce_hash_set,5,3794.104027,3.583366,4.448623,5,0.268983,0.000237,0.000295,5,12598807.200000,977470.314387,1213495.126285,5,1214.738000,70.317812,87.297098,5,2.000000,0.000000,0.000000,5,2.000000,0.000000,0.000000,5,2.000000,0.000000,0.000000,5,3.000000,0.000000,0.000000,5
memo,1000,1024000,1000,1024000,0.01,128,1024,sharded,0.29296875,ed25519,gossip,direct,shard,nonce_hash_set,5,2538.833384,2.536307,3.148736,5,0.401976,0.000349,0.000433,5,12598807.200000,977470.314387,1213495.126285,5,1214.738000,70.317812,87.297098,5,2.000000,0.000000,0.000000,5,2.000000,0.000000,0.000000,5,2.000000,0.000000,0.000000,5,3.000000,0.000000,0.000000,5
memo,1000,1024000,1000,1024000,0.01,128,1024,sharded,0.5859375,ed25519,gossip,direct,shard,nonce_hash_set,5,1527.855813,1.992415,2.473513,5,0.667962,0.000777,0.000964,5,12598807.200000,977470.314387,1213495.126285,5,1214.738000,70.317812,87.297098,5,2.000000,0.000000,0.000000,5,2.000000,0.000000,0.000000,5,2.000000,0.000000,0.000000,5,3.000000,0.000000,0.000000,5
memo,1000,1024000,1000,1024000,0.01,128,1024,sharded,1200.0,ed25519,gossip,direct,shard,nonce_hash_set,5,0.936615,0.001827,0.002268,5,1089.617373,1.979019,2.456883,5,12598807.200000,977470.314387,1213495.126285,5,1214.738000,70.317812,87.297098,5,2.000000,0.000000,0.000000,5,2.000000,0.000000,0.000000,5,2.000000,0.000000,0.000000,5,3.000000,0.000000,0.000000,5
memo,1000,1024000,1000,1024000,0.01,128,1024,sharded,150.0,ed25519,gossip,direct,shard,nonce_hash_set,5,7.486377,0.014581,0.018102,5,136.321162,0.247179,0.306864,5,12598807.200000,977470.314387,1213495.126285,5,1214.738000,70.317812,87.297098,5,2.000000,0.000000,0.000000,5,2.000000,0.000000,0.000000,5,2.000000,0.000000,0.000000,5,3.000000,0.000000,0.000000,5
memo,1000,1024000,1000,1024000,0.01,128,1024,sharded,18.75,ed25519,gossip,direct,shard,nonce_hash_set,5,59.475700,0.114425,0.142055,5,17.159136,0.030700,0.038113,5,12598807.200000,977470.314387,1213495.126285,5,1214.738000,70.317812,87.297098,5,2.000000,0.000000,0.000000,5,2.000000,0.000000,0.000000,5,2.000000,0.000000,0.000000,5,3.000000,0.000000,0.000000,5
memo,1000,1024000,1000,1024000,0.01,128,1024,sharded,1.171875,ed25519,gossip,direct,shard,nonce_hash_set,5,850.504536,1.339187,1.662553,5,1.199936,0.001722,0.002138,5,12598807.200000,977470.314387,1213495.126285,5,1214.738000,70.317812,87.297098,5,2.000000,0.000000,0.000000,5,2.000000,0.000000,0.000000,5,2.000000,0.000000,0.000000,5,3.000000,0.000000,0.000000,5
memo,1000,1024000,1000,1024000,0.01,128,1024,sharded,2.34375,ed25519,gossip,direct,shard,nonce_hash_set,5,450.796901,0.787893,0.978142,5,2.263882,0.003647,0.004527,5,12598807.200000,977470.314387,1213495.126285,5,1214.738000,70.317812,87.297098,5,2.000000,0.000000,0.000000,5,2.000000,0.000000,0.000000,5,2.000000,0.000000,0.000000,5,3.000000,0.000000,0.000000,5
memo,1000,1024000,1000,1024000,0.01,128,1024,sharded,300.0,ed25519,gossip,direct,shard,nonce_hash_set,5,3.745057,0.007301,0.009063,5,272.506335,0.494585,0.614010,5,12598807.200000,977470.314387,1213495.126285,5,1214.738000,70.317812,87.297098,5,2.000000,0.000000,0.000000,5,2.000000,0.000000,0.000000,5,2.000000,0.000000,0.000000,5,3.000000,0.000000,0.000000,5
memo,1000,1024000,1000,1024000,0.01,128,1024,sharded,37.5,ed25519,gossip,direct,shard,nonce_hash_set,5,29.856159,0.057845,0.071812,5,34.182282,0.061625,0.076505,5,12598807.200000,977470.314387,1213495.126285,5,1214.738000,70.317812,87.297098,5,2.000000,0.000000,0.000000,5,2.000000,0.000000,0.000000,5,2.000000,0.000000,0.000000,5,3.000000,0.000000,0.000000,5
memo,1000,1024000,1000,1024000,0.01,128,1024,sharded,4.6875,ed25519,gossip,direct,shard,nonce_hash_set,5,232.377852,0.428830,0.532378,5,4.391776,0.007508,0.009321,5,12598807.200000,977470.314387,1213495.126285,5,1214.738000,70.317812,87.297098,5,2.000000,0.000000,0.000000,5,2.000000,0.000000,0.000000,5,2.000000,0.000000,0.000000,5,3.000000,0.000000,0.000000,5
memo,1000,1024000,1000,1024000,0.01,128,1024,sharded,600.0,ed25519,gossip,direct,shard,nonce_hash_set,5,1.872996,0.003653,0.004535,5,544.876681,0.989396,1.228301,5,12598807.200000,977470.314387,1213495.126285,5,1214.738000,70.317812,87.297098,5,2.000000,0.000000,0.000000,5,2.000000,0.000000,0.000000,5,2.000000,0.000000,0.000000,5,3.000000,0.000000,0.000000,5
memo,1000,1024000,1000,1024000,0.01,128,1024,sharded,75.0,ed25519,gossip,direct,shard,nonce_hash_set,5,14.957833,0.029082,0.036104,5,68.228575,0.123476,0.153291,5,12598807.200000,977470.314387,1213495.126285,5,1214.738000,70.317812,87.297098,5,2.000000,0.000000,0.000000,5,2.000000,0.000000,0.000000,5,2.000000,0.000000,0.000000,5,3.000000,0.000000,0.000000,5
memo,1000,1024000,1000,1024000,0.01,128,1024,sharded,9.375,ed25519,gossip,direct,shard,nonce_hash_set,5,118.016095,0.223902,0.277966,5,8.647562,0.015238,0.018917,5,12598807.200000,977470.314387,1213495.126285,5,1214.738000,70.317812,87.297098,5,2.000000,0.000000,0.000000,5,2.000000,0.000000,0.000000,5,2.000000,0.000000,0.000000,5,3.000000,0.000000,0.000000,5
memo,1000,131072000,1000,131072000,0.01,128,131072,sharded,0.146484375,ed25519,gossip,direct,shard,nonce_hash_set,5,404101.023187,909.942724,1129.661990,5,0.322948,0.000759,0.000943,5,12598807.200000,977470.314387,1213495.126285,5,1214.738000,70.317812,87.297098,5,2.000000,0.000000,0.000000,5,2.000000,0.000000,0.000000,5,2.000000,0.000000,0.000000,5,3.000000,0.000000,0.000000,5
memo,1000,131072000,1000,131072000,0.01,128,131072,sharded,0.29296875,ed25519,gossip,direct,shard,nonce_hash_set,5,289805.060832,629.155458,781.074443,5,0.450316,0.001008,0.001252,5,12598807.200000,977470.314387,1213495.126285,5,1214.738000,70.317812,87.297098,5,2.000000,0.000000,0.000000,5,2.000000,0.000000,0.000000,5,2.000000,0.000000,0.000000,5,3.000000,0.000000,0.000000,5
memo,1000,131072000,1000,131072000,0.01,128,131072,sharded,0.5859375,ed25519,gossip,direct,shard,nonce_hash_set,5,183020.468817,231.512103,287.414160,5,0.713054,0.000901,0.001119,5,12598807.200000,977470.314387,1213495.126285,5,1214.738000,70.317812,87.297098,5,2.000000,0.000000,0.000000,5,2.000000,0.000000,0.000000,5,2.000000,0.000000,0.000000,5,3.000000,0.000000,0.000000,5
memo,1000,131072000,1000,131072000,0.01,128,131072,sharded,1200.0,ed25519,gossip,direct,shard,nonce_hash_set,5,119.765536,0.233598,0.290003,5,1089.659177,1.978717,2.456507,5,12598807.200000,977470.314387,1213495.126285,5,1214.738000,70.317812,87.297098,5,2.000000,0.000000,0.000000,5,2.000000,0.000000,0.000000,5,2.000000,0.000000,0.000000,5,3.000000,0.000000,0.000000,5
memo,1000,131072000,1000,131072000,0.01,128,131072,sharded,150.0,ed25519,gossip,direct,shard,nonce_hash_set,5,957.031205,1.861279,2.310712,5,136.362966,0.246877,0.306489,5,12598807.200000,977470.314387,1213495.126285,5,1214.738000,70.317812,87.297098,5,2.000000,0.000000,0.000000,5,2.000000,0.000000,0.000000,5,2.000000,0.000000,0.000000,5,3.000000,0.000000,0.000000,5
memo,1000,131072000,1000,131072000,0.01,128,131072,sharded,18.75,ed25519,gossip,direct,shard,nonce_hash_set,5,7586.961472,14.421659,17.903984,5,17.201036,0.030405,0.037747,5,12598807.200000,977470.314387,1213495.126285,5,1214.738000,70.317812,87.297098,5,2.000000,0.000000,0.000000,5,2.000000,0.000000,0.000000,5,2.000000,0.000000,0.000000,5,3.000000,0.000000,0.000000,5
memo,1000,131072000,1000,131072000,0.01,128,131072,sharded,1.171875,ed25519,gossip,direct,shard,nonce_hash_set,5,104947.953107,137.683788,170.929596,5,1.243506,0.001509,0.001873,5,12598807.200000,977470.314387,1213495.126285,5,1214.738000,70.317812,87.297098,5,2.000000,0.000000,0.000000,5,2.000000,0.000000,0.000000,5,2.000000,0.000000,0.000000,5,3.000000,0.000000,0.000000,5
memo,1000,131072000,1000,131072000,0.01,128,131072,sharded,2.34375,ed25519,gossip,direct,shard,nonce_hash_set,5,56577.956650,89.608991,111.246421,5,2.306614,0.003367,0.004181,5,12598807.200000,977470.314387,1213495.126285,5,1214.738000,70.317812,87.297098,5,2.000000,0.000000,0.000000,5,2.000000,0.000000,0.000000,5,2.000000,0.000000,0.000000,5,3.000000,0.000000,0.000000,5
memo,1000,131072000,1000,131072000,0.01,128,131072,sharded,300.0,ed25519,gossip,direct,shard,nonce_hash_set,5,478.827760,0.932781,1.158014,5,272.548139,0.494282,0.613634,5,12598807.200000,977470.314387,1213495.126285,5,1214.738000,70.317812,87.297098,5,2.000000,0.000000,0.000000,5,2.000000,0.000000,0.000000,5,2.000000,0.000000,0.000000,5,3.000000,0.000000,0.000000,5
memo,1000,131072000,1000,131072000,0.01,128,131072,sharded,37.5,ed25519,gossip,direct,shard,nonce_hash_set,5,3813.206543,7.342133,9.115001,5,34.224111,0.061314,0.076119,5,12598807.200000,977470.314387,1213495.126285,5,1214.738000,70.317812,87.297098,5,2.000000,0.000000,0.000000,5,2.000000,0.000000,0.000000,5,2.000000,0.000000,0.000000,5,3.000000,0.000000,0.000000,5
memo,1000,131072000,1000,131072000,0.01,128,131072,sharded,4.6875,ed25519,gossip,direct,shard,nonce_hash_set,5,29432.105919,51.781399,64.284791,5,4.434054,0.007226,0.008971,5,12598807.200000,977470.314387,1213495.126285,5,1214.738000,70.317812,87.297098,5,2.000000,0.000000,0.000000,5,2.000000,0.000000,0.000000,5,2.000000,0.000000,0.000000,5,3.000000,0.000000,0.000000,5
memo,1000,131072000,1000,131072000,0.01,128,131072,sharded,600.0,ed25519,gossip,direct,shard,nonce_hash_set,5,239.491995,0.466927,0.579673,5,544.918485,0.989094,1.227925,5,12598807.200000,977470.314387,1213495.126285,5,1214.738000,70.317812,87.297098,5,2.000000,0.000000,0.000000,5,2.000000,0.000000,0.000000,5,2.000000,0.000000,0.000000,5,3.000000,0.000000,0.000000,5
memo,1000,131072000,1000,131072000,0.01,128,131072,sharded,75.0,ed25519,gossip,direct,shard,nonce_hash_set,5,1911.569909,3.705463,4.600202,5,68.270384,0.123174,0.152916,5,12598807.200000,977470.314387,1213495.126285,5,1214.738000,70.317812,87.297098,5,2.000000,0.000000,0.000000,5,2.000000,0.000000,0.000000,5,2.000000,0.000000,0.000000,5,3.000000,0.000000,0.000000,5
memo,1000,131072000,1000,131072000,0.01,128,131072,sharded,9.375,ed25519,gossip,direct,shard,nonce_hash_set,5,15018.388006,27.815234,34.531638,5,8.689586,0.014949,0.018559,5,12598807.200000,977470.314387,1213495.126285,5,1214.738000,70.317812,87.297098,5,2.000000,0.000000,0.000000,5,2.000000,0.000000,0.000000,5,2.000000,0.000000,0.000000,5,3.000000,0.000000,0.000000,5
memo,1000,16384000,1000,16384000,0.01,128,16384,sharded,0.146484375,ed25519,gossip,direct,shard,nonce_hash_set,5,59581.373906,40.152052,49.847364,5,0.273807,0.000180,0.000223,5,12598807.200000,977470.314387,1213495.126285,5,1214.738000,70.317812,87.297098,5,2.000000,0.000000,0.000000,5,2.000000,0.000000,0.000000,5,2.000000,0.000000,0.000000,5,3.000000,0.000000,0.000000,5
memo,1000,16384000,1000,16384000,0.01,128,16384,sharded,0.29296875,ed25519,gossip,direct,shard,nonce_hash_set,5,40113.098487,33.236680,41.262174,5,0.406695,0.000287,0.000356,5,12598807.200000,977470.314387,1213495.126285,5,1214.738000,70.317812,87.297098,5,2.000000,0.000000,0.000000,5,2.000000,0.000000,0.000000,5,2.000000,0.000000,0.000000,5,3.000000,0.000000,0.000000,5
memo,1000,16384000,1000,16384000,0.01,128,16384,sharded,0.5859375,ed25519,gossip,direct,shard,nonce_hash_set,5,24253.942926,29.585582,36.729463,5,0.672625,0.000728,0.000904,5,12598807.200000,977470.314387,1213495.126285,5,1214.738000,70.317812,87.297098,5,2.000000,0.000000,0.000000,5,2.000000,0.000000,0.000000,5,2.000000,0.000000,0.000000,5,3.000000,0.000000,0.000000,5
memo,1000,16384000,1000,16384000,0.01,128,16384,sharded,1200.0,ed25519,gossip,direct,shard,nonce_hash_set,5,14.972006,0.029207,0.036260,5,1089.621976,1.978983,2.456839,5,12598807.200000,977470.314387,1213495.126285,5,1214.738000,70.317812,87.297098,5,2.000000,0.000000,0.000000,5,2.000000,0.000000,0.000000,5,2.000000,0.000000,0.000000,5,3.000000,0.000000,0.000000,5
memo,1000,16384000,1000,16384000,0.01,128,16384,sharded,150.0,ed25519,gossip,direct,shard,nonce_hash_set,5,119.667965,0.233050,0.289323,5,136.325765,0.247143,0.306820,5,12598807.200000,977470.314387,1213495.126285,5,1214.738000,70.317812,87.297098,5,2.000000,0.000000,0.000000,5,2.000000,0.000000,0.000000,5,2.000000,0.000000,0.000000,5,3.000000,0.000000,0.000000,5
memo,1000,16384000,1000,16384000,0.01,128,16384,sharded,18.75,ed25519,gossip,direct,shard,nonce_hash_set,5,950.482073,1.826110,2.267052,5,17.163738,0.030664,0.038068,5,12598807.200000,977470.314387,1213495.126285,5,1214.738000,70.317812,87.297098,5,2.000000,0.000000,0.000000,5,2.000000,0.000000,0.000000,5,2.000000,0.000000,0.000000,5,3.000000,0.000000,0.000000,5
memo,1000,16384000,1000,16384000,0.01,128,16384,sharded,1.171875,ed25519,gossip,direct,shard,nonce_hash_set,5,13543.308533,20.746610,25.756189,5,1.204566,0.001681,0.002087,5,12598807.200000,977470.314387,1213495.126285,5,1214.738000,70.317812,87.297098,5,2.000000,0.000000,0.000000,5,2.000000,0.000000,0.000000,5,2.000000,0.000000,0.000000,5,3.000000,0.000000,0.000000,5
memo,1000,16384000,1000,16384000,0.01,128,16384,sharded,2.34375,ed25519,gossip,direct,shard,nonce_hash_set,5,7191.464571,12.414326,15.411950,5,2.268497,0.003609,0.004480,5,12598807.200000,977470.314387,1213495.126285,5,1214.738000,70.317812,87.297098,5,2.000000,0.000000,0.000000,5,2.000000,0.000000,0.000000,5,2.000000,0.000000,0.000000,5,3.000000,0.000000,0.000000,5
memo,1000,16384000,1000,16384000,0.01,128,16384,sharded,300.0,ed25519,gossip,direct,shard,nonce_hash_set,5,59.864852,0.116698,0.144877,5,272.510938,0.494549,0.613965,5,12598807.200000,977470.314387,1213495.126285,5,1214.738000,70.317812,87.297098,5,2.000000,0.000000,0.000000,5,2.000000,0.000000,0.000000,5,2.000000,0.000000,0.000000,5,3.000000,0.000000,0.000000,5
memo,1000,16384000,1000,16384000,0.01,128,16384,sharded,37.5,ed25519,gossip,direct,shard,nonce_hash_set,5,477.195460,0.923936,1.147034,5,34.186885,0.061589,0.076461,5,12598807.200000,977470.314387,1213495.126285,5,1214.738000,70.317812,87.297098,5,2.000000,0.000000,0.000000,5,2.000000,0.000000,0.000000,5,2.000000,0.000000,0.000000,5,3.000000,0.000000,0.000000,5
memo,1000,16384000,1000,16384000,0.01,128,16384,sharded,4.6875,ed25519,gossip,direct,shard,nonce_hash_set,5,3710.738335,6.806291,8.449772,5,4.396382,0.007470,0.009274,5,12598807.200000,977470.314387,1213495.126285,5,1214.738000,70.317812,87.297098,5,2.000000,0.000000,0.000000,5,2.000000,0.000000,0.000000,5,2.000000,0.000000,0.000000,5,3.000000,0.000000,0.000000,5
memo,1000,16384000,1000,16384000,0.01,128,16384,sharded,600.0,ed25519,gossip,direct,shard,nonce_hash_set,5,29.940149,0.058392,0.072492,5,544.881284,0.989360,1.228256,5,12598807.200000,977470.314387,1213495.126285,5,1214.738000,70.317812,87.297098,5,2.000000,0.000000,0.000000,5,2.000000,0.000000,0.000000,5,2.000000,0.000000,0.000000,5,3.000000,0.000000,0.000000,5
memo,1000,16384000,1000,16384000,0.01,128,16384,sharded,75.0,ed25519,gossip,direct,shard,nonce_hash_set,5,239.089356,0.464718,0.576931,5,68.233178,0.123440,0.153247,5,12598807.200000,977470.314387,1213495.126285,5,1214.738000,70.317812,87.297098,5,2.000000,0.000000,0.000000,5,2.000000,0.000000,0.000000,5,2.000000,0.000000,0.000000,5,3.000000,0.000000,0.000000,5
memo,1000,16384000,1000,16384000,0.01,128,16384,sharded,9.375,ed25519,gossip,direct,shard,nonce_hash_set,5,1885.519192,3.566981,4.428282,5,8.652165,0.015201,0.018872,5,12598807.200000,977470.314387,1213495.126285,5,1214.738000,70.317812,87.297098,5,2.000000,0.000000,0.000000,5,2.000000,0.000000,0.000000,5,2.000000,0.000000,0.000000,5,3.000000,0.000000,0.000000,5
memo,1000,2048000,1000,2048000,0.01,128,2048,sharded,0.146484375,ed25519,gossip,direct,shard,nonce_hash_set,5,7576.332796,7.013578,8.707111,5,0.269273,0.000233,0.000290,5,12598807.200000,977470.314387,1213495.126285,5,1214.738000,70.317812,87.297098,5,2.000000,0.000000,0.000000,5,2.000000,0.000000,0.000000,5,2.000000,0.000000,0.000000,5,3.000000,0.000000,0.000000,5
memo,1000,2048000,1000,2048000,0.01,128,2048,sharded,0.29296875,ed25519,gossip,direct,shard,nonce_hash_set,5,5071.542543,5.005931,6.214688,5,0.402264,0.000345,0.000428,5,12598807.200000,977470.314387,1213495.126285,5,1214.738000,70.317812,87.297098,5,2.000000,0.000000,0.000000,5,2.000000,0.000000,0.000000,5,2.000000,0.000000,0.000000,5,3.000000,0.000000,0.000000,5
memo,1000,2048000,1000,2048000,0.01,128,2048,sharded,0.5859375,ed25519,gossip,direct,shard,nonce_hash_set,5,3052.901508,3.962717,4.919574,5,0.668250,0.000773,0.000960,5,12598807.200000,977470.314387,1213495.126285,5,1214.738000,70.317812,87.297098,5,2.000000,0.000000,0.000000,5,2.000000,0.000000,0.000000,5,2.000000,0.000000,0.000000,5,3.000000,0.000000,0.000000,5
memo,1000,2048000,1000,2048000,0.01,128,2048,sharded,1200.0,ed25519,gossip,direct,shard,nonce_hash_set,5,1.872311,0.003652,0.004534,5,1089.617660,1.979017,2.456880,5,12598807.200000,977470.314387,1213495.126285,5,1214.738000,70.317812,87.297098,5,2.000000,0.000000,0.000000,5,2.000000,0.000000,0.000000,5,2.000000,0.000000,0.000000,5,3.000000,0.000000,0.000000,5
memo,1000,2048000,1000,2048000,0.01,128,2048,sharded,150.0,ed25519,gossip,direct,shard,nonce_hash_set,5,14.965388,0.029149,0.036187,5,136.321449,0.247177,0.306861,5,12598807.200000,977470.314387,1213495.126285,5,1214.738000,70.317812,87.297098,5,2.000000,0.000000,0.000000,5,2.000000,0.000000,0.000000,5,2.000000,0.000000,0.000000,5,3.000000,0.000000,0.000000,5
memo,1000,2048000,1000,2048000,0.01,128,2048,sharded,18.75,ed25519,gossip,direct,shard,nonce_hash_set,5,118.891135,0.228721,0.283949,5,17.159422,0.030697,0.038110,5,12598807.200000,977470.314387,1213495.126285,5,1214.738000,70.317812,87.297098,5,2.000000,0.000000,0.000000,5,2.000000,0.000000,0.000000,5,2.000000,0.000000,0.000000,5,3.000000,0.000000,0.000000,5
memo,1000,2048000,1000,2048000,0.01,128,2048,sharded,1.171875,ed25519,gossip,direct,shard,nonce_hash_set,5,1699.769162,2.671526,3.316606,5,1.200223,0.001719,0.002135,5,12598807.200000,977470.314387,1213495.126285,5,1214.738000,70.317812,87.297098,5,2.000000,0.000000,0.000000,5,2.000000,0.000000,0.000000,5,2.000000,0.000000,0.000000,5,3.000000,0.000000,0.000000,5
memo,1000,2048000,1000,2048000,0.01,128,2048,sharded,2.34375,ed25519,gossip,direct,shard,nonce_hash_set,5,901.037888,1.573556,1.953515,5,2.264169,0.003644,0.004524,5,12598807.200000,977470.314387,1213495.126285,5,1214.738000,70.317812,87.297098,5,2.000000,0.000000,0.000000,5,2.000000,0.000000,0.000000,5,2.000000,0.000000,0.000000,5,3.000000,0.000000,0.000000,5
memo,1000,2048000,1000,2048000,0.01,128,2048,sharded,300.0,ed25519,gossip,direct,shard,nonce_hash_set,5,7.486436,0.014595,0.018119,5,272.506622,0.494582,0.614007,5,12598807.200000,977470.314387,1213495.126285,5,1214.738000,70.317812,87.297098,5,2.000000,0.000000,0.000000,5,2.000000,0.000000,0.000000,5,2.000000,0.000000,0.000000,5,3.000000,0.000000,0.000000,5
memo,1000,2048000,1000,2048000,0.01,128,2048,sharded,37.5,ed25519,gossip,direct,shard,nonce_hash_set,5,59.682562,0.115630,0.143551,5,34.182569,0.061623,0.076502,5,12598807.200000,977470.314387,1213495.126285,5,1214.738000,70.317812,87.297098,5,2.000000,0.000000,0.000000,5,2.000000,0.000000,0.000000,5,2.000000,0.000000,0.000000,5,3.000000,0.000000,0.000000,5
memo,1000,2048000,1000,2048000,0.01,128,2048,sharded,4.6875,ed25519,gossip,direct,shard,nonce_hash_set,5,464.497659,0.856876,1.063782,5,4.392062,0.007506,0.009318,5,12598807.200000,977470.314387,1213495.126285,5,1214.738000,70.317812,87.297098,5,2.000000,0.000000,0.000000,5,2.000000,0.000000,0.000000,5,2.000000,0.000000,0.000000,5,3.000000,0.000000,0.000000,5
memo,1000,2048000,1000,2048000,0.01,128,2048,sharded,600.0,ed25519,gossip,direct,shard,nonce_hash_set,5,3.744154,0.007302,0.009066,5,544.876968,0.989394,1.228298,5,12598807.200000,977470.314387,1213495.126285,5,1214.738000,70.317812,87.297098,5,2.000000,0.000000,0.000000,5,2.000000,0.000000,0.000000,5,2.000000,0.000000,0.000000,5,3.000000,0.000000,0.000000,5
memo,1000,2048000,1000,2048000,0.01,128,2048,sharded,75.0,ed25519,gossip,direct,shard,nonce_hash_set,5,29.900885,0.058136,0.072174,5,68.228862,0.123474,0.153288,5,12598807.200000,977470.314387,1213495.126285,5,1214.738000,70.317812,87.297098,5,2.000000,0.000000,0.000000,5,2.000000,0.000000,0.000000,5,2.000000,0.000000,0.000000,5,3.000000,0.000000,0.000000,5
memo,1000,2048000,1000,2048000,0.01,128,2048,sharded,9.375,ed25519,gossip,direct,shard,nonce_hash_set,5,235.908723,0.447498,0.555553,5,8.647849,0.015235,0.018914,5,12598807.200000,977470.314387,1213495.126285,5,1214.738000,70.317812,87.297098,5,2.000000,0.000000,0.000000,5,2.000000,0.000000,0.000000,5,2.000000,0.000000,0.000000,5,3.000000,0.000000,0.000000,5
memo,1000,262144000,1000,262144000,0.01,128,262144,sharded,0.146484375,ed25519,gossip,direct,shard,nonce_hash_set,5,658521.559012,1216.419172,1510.141756,5,0.396352,0.000771,0.000957,5,12598807.200000,977470.314387,1213495.126285,5,1214.738000,70.317812,87.297098,5,2.000000,0.000000,0.000000,5,2.000000,0.000000,0.000000,5,2.000000,0.000000,0.000000,5,3.000000,0.000000,0.000000,5
memo,1000,262144000,1000,262144000,0.01,128,262144,sharded,0.29296875,ed25519,gossip,direct,shard,nonce_hash_set,5,502206.490565,1485.206560,1843.831874,5,0.519721,0.001583,0.001965,5,12598807.200000,977470.314387,1213495.126285,5,1214.738000,70.317812,87.297098,5,2.000000,0.000000,0.000000,5,2.000000,0.000000,0.000000,5,2.000000,0.000000,0.000000,5,3.000000,0.000000,0.000000,5
memo,1000,262144000,1000,262144000,0.01,128,262144,sharded,0.5859375,ed25519,gossip,direct,shard,nonce_hash_set,5,337019.054826,912.542856,1132.889963,5,0.774458,0.002142,0.002659,5,12598807.200000,977470.314387,1213495.126285,5,1214.738000,70.317812,87.297098,5,2.000000,0.000000,0.000000,5,2.000000,0.000000,0.000000,5,2.000000,0.000000,0.000000,5,3.000000,0.000000,0.000000,5
memo,1000,262144000,1000,262144000,0.01,128,262144,sharded,1200.0,ed25519,gossip,direct,shard,nonce_hash_set,5,239.518807,0.467077,0.579860,5,1089.710800,1.978410,2.456127,5,12598807.200000,977470.314387,1213495.126285,5,1214.738000,70.317812,87.297098,5,2.000000,0.000000,0.000000,5,2.000000,0.000000,0.000000,5,2.000000,0.000000,0.000000,5,3.000000,0.000000,0.000000,5
memo,1000,262144000,1000,262144000,0.01,128,262144,sharded,150.0,ed25519,gossip,direct,shard,nonce_hash_set,5,1913.330605,3.715113,4.612183,5,136.414597,0.246570,0.306108,5,12598807.200000,977470.314387,1213495.126285,5,1214.738000,70.317812,87.297098,5,2.000000,0.000000,0.000000,5,2.000000,0.000000,0.000000,5,2.000000,0.000000,0.000000,5,3.000000,0.000000,0.000000,5
memo,1000,262144000,1000,262144000,0.01,128,262144,sharded,18.75,ed25519,gossip,direct,shard,nonce_hash_set,5,15128.159374,28.403168,35.261538,5,17.253003,0.030126,0.037400,5,12598807.200000,977470.314387,1213495.126285,5,1214.738000,70.317812,87.297098,5,2.000000,0.000000,0.000000,5,2.000000,0.000000,0.000000,5,2.000000,0.000000,0.000000,5,3.000000,0.000000,0.000000,5
memo,1000,262144000,1000,262144000,0.01,128,262144,sharded,1.171875,ed25519,gossip,direct,shard,nonce_hash_set,5,200783.758902,316.889265,393.406913,5,1.299936,0.002040,0.002533,5,12598807.200000,977470.314387,1213495.126285,5,1214.738000,70.317812,87.297098,5,2.000000,0.000000,0.000000,5,2.000000,0.000000,0.000000,5,2.000000,0.000000,0.000000,5,3.000000,0.000000,0.000000,5
memo,1000,262144000,1000,262144000,0.01,128,262144,sharded,2.34375,ed25519,gossip,direct,shard,nonce_hash_set,5,110556.313070,164.438601,204.144758,5,2.360841,0.003284,0.004077,5,12598807.200000,977470.314387,1213495.126285,5,1214.738000,70.317812,87.297098,5,2.000000,0.000000,0.000000,5,2.000000,0.000000,0.000000,5,2.000000,0.000000,0.000000,5,3.000000,0.000000,0.000000,5
memo,1000,262144000,1000,262144000,0.01,128,262144,sharded,300.0,ed25519,gossip,direct,shard,nonce_hash_set,5,957.470492,1.863697,2.313715,5,272.599762,0.493977,0.613255,5,12598807.200000,977470.314387,1213495.126285,5,1214.738000,70.317812,87.297098,5,2.000000,0.000000,0.000000,5,2.000000,0.000000,0.000000,5,2.000000,0.000000,0.000000,5,3.000000,0.000000,0.000000,5
memo,1000,262144000,1000,262144000,0.01,128,262144,sharded,37.5,ed25519,gossip,direct,shard,nonce_hash_set,5,7614.860216,14.572869,18.091706,5,34.275902,0.061036,0.075774,5,12598807.200000,977470.314387,1213495.126285,5,1214.738000,70.317812,87.297098,5,2.000000,0.000000,0.000000,5,2.000000,0.000000,0.000000,5,2.000000,0.000000,0.000000,5,3.000000,0.000000,0.000000,5
memo,1000,262144000,1000,262144000,0.01,128,262144,sharded,4.6875,ed25519,gossip,direct,shard,nonce_hash_set,5,58168.645438,97.582060,121.144706,5,4.487057,0.006978,0.008663,5,12598807.200000,977470.314387,1213495.126285,5,1214.738000,70.317812,87.297098,5,2.000000,0.000000,0.000000,5,2.000000,0.000000,0.000000,5,2.000000,0.000000,0.000000,5,3.000000,0.000000,0.000000,5
memo,1000,262144000,1000,262144000,0.01,128,262144,sharded,600.0,ed25519,gossip,direct,shard,nonce_hash_set,5,478.936782,0.933385,1.158764,5,544.970108,0.988787,1.227545,5,12598807.200000,977470.314387,1213495.126285,5,1214.738000,70.317812,87.297098,5,2.000000,0.000000,0.000000,5,2.000000,0.000000,0.000000,5,2.000000,0.000000,0.000000,5,3.000000,0.000000,0.000000,5
memo,1000,262144000,1000,262144000,0.01,128,262144,sharded,75.0,ed25519,gossip,direct,shard,nonce_hash_set,5,3820.233791,7.380471,9.162595,5,68.322053,0.122851,0.152516,5,12598807.200000,977470.314387,1213495.126285,5,1214.738000,70.317812,87.297098,5,2.000000,0.000000,0.000000,5,2.000000,0.000000,0.000000,5,2.000000,0.000000,0.000000,5,3.000000,0.000000,0.000000,5
memo,1000,262144000,1000,262144000,0.01,128,262144,sharded,9.375,ed25519,gossip,direct,shard,nonce_hash_set,5,29856.780830,54.004479,67.044667,5,8.741938,0.014685,0.018231,5,12598807.200000,977470.314387,1213495.126285,5,1214.738000,70.317812,87.297098,5,2.000000,0.000000,0.000000,5,2.000000,0.000000,0.000000,5,2.000000,0.000000,0.000000,5,3.000000,0.000000,0.000000,5
memo,1000,32768000,1000,32768000,0.01,128,32768,sharded,0.146484375,ed25519,gossip,direct,shard,nonce_hash_set,5,116734.849545,71.106375,88.276072,5,0.279493,0.000191,0.000237,5,12598807.200000,977470.314387,1213495.126285,5,1214.738000,70.317812,87.297098,5,2.000000,0.000000,0.000000,5,2.000000,0.000000,0.000000,5,2.000000,0.000000,0.000000,5,3.000000,0.000000,0.000000,5
memo,1000,32768000,1000,32768000,0.01,128,32768,sharded,0.29296875,ed25519,gossip,direct,shard,nonce_hash_set,5,79170.649509,52.863888,65.628664,5,0.412104,0.000235,0.000292,5,12598807.200000,977470.314387,1213495.126285,5,1214.738000,70.317812,87.297098,5,2.000000,0.000000,0.000000,5,2.000000,0.000000,0.000000,5,2.000000,0.000000,0.000000,5,3.000000,0.000000,0.000000,5
memo,1000,32768000,1000,32768000,0.01,128,32768,sharded,0.5859375,ed25519,gossip,direct,shard,nonce_hash_set,5,48130.313712,54.701673,67.910209,5,0.677880,0.000682,0.000846,5,12598807.200000,977470.314387,1213495.126285,5,1214.738000,70.317812,87.297098,5,2.000000,0.000000,0.000000,5,2.000000,0.000000,0.000000,5,2.000000,0.000000,0.000000,5,3.000000,0.000000,0.000000,5
memo,1000,32768000,1000,32768000,0.01,128,32768,sharded,1200.0,ed25519,gossip,direct,shard,nonce_hash_set,5,29.942955,0.058411,0.072515,5,1089.627058,1.978945,2.456791,5,12598807.200000,977470.314387,1213495.126285,5,1214.738000,70.317812,87.297098,5,2.000000,0.000000,0.000000,5,2.000000,0.000000,0.000000,5,2.000000,0.000000,0.000000,5,3.000000,0.000000,0.000000,5
memo,1000,32768000,1000,32768000,0.01,128,32768,sharded,150.0,ed25519,gossip,direct,shard,nonce_hash_set,5,239.319672,0.465980,0.578497,5,136.330847,0.247105,0.306772,5,12598807.200000,977470.314387,1213495.126285,5,1214.738000,70.317812,87.297098,5,2.000000,0.000000,0.000000,5,2.000000,0.000000,0.000000,5,2.000000,0.000000,0.000000,5,3.000000,0.000000,0.000000,5
memo,1000,32768000,1000,32768000,0.01,128,32768,sharded,18.75,ed25519,gossip,direct,shard,nonce_hash_set,5,1900.343040,3.645356,4.525581,5,17.168822,0.030625,0.038020,5,12598807.200000,977470.314387,1213495.126285,5,1214.738000,70.317812,87.297098,5,2.000000,0.000000,0.000000,5,2.000000,0.000000,0.000000,5,2.000000,0.000000,0.000000,5,3.000000,0.000000,0.000000,5
memo,1000,32768000,1000,32768000,0.01,128,32768,sharded,1.171875,ed25519,gossip,direct,shard,nonce_hash_set,5,26969.942955,40.188556,49.892684,5,1.209740,0.001641,0.002037,5,12598807.200000,977470.314387,1213495.126285,5,1214.738000,70.317812,87.297098,5,2.000000,0.000000,0.000000,5,2.000000,0.000000,0.000000,5,2.000000,0.000000,0.000000,5,3.000000,0.000000,0.000000,5
memo,1000,32768000,1000,32768000,0.01,128,32768,sharded,2.34375,ed25519,gossip,direct,shard,nonce_hash_set,5,14350.064492,24.451935,30.356220,5,2.273623,0.003570,0.004432,5,12598807.200000,977470.314387,1213495.126285,5,1214.738000,70.317812,87.297098,5,2.000000,0.000000,0.000000,5,2.000000,0.000000,0.000000,5,2.000000,0.000000,0.000000,5,3.000000,0.000000,0.000000,5
memo,1000,32768000,1000,32768000,0.01,128,32768,sharded,300.0,ed25519,gossip,direct,shard,nonce_hash_set,5,119.723801,0.233363,0.289712,5,272.516020,0.494511,0.613918,5,12598807.200000,977470.314387,1213495.126285,5,1214.738000,70.317812,87.297098,5,2.000000,0.000000,0.000000,5,2.000000,0.000000,0.000000,5,2.000000,0.000000,0.000000,5,3.000000,0.000000,0.000000,5
memo,1000,32768000,1000,32768000,0.01,128,32768,sharded,37.5,ed25519,gossip,direct,shard,nonce_hash_set,5,954.219808,1.846121,2.291895,5,34.191967,0.061551,0.076413,5,12598807.200000,977470.314387,1213495.126285,5,1214.738000,70.317812,87.297098,5,2.000000,0.000000,0.000000,5,2.000000,0.000000,0.000000,5,2.000000,0.000000,0.000000,5,3.000000,0.000000,0.000000,5
memo,1000,32768000,1000,32768000,0.01,128,32768,sharded,4.6875,ed25519,gossip,direct,shard,nonce_hash_set,5,7412.644298,13.514076,16.777252,5,4.401485,0.007434,0.009229,5,12598807.200000,977470.314387,1213495.126285,5,1214.738000,70.317812,87.297098,5,2.000000,0.000000,0.000000,5,2.000000,0.000000,0.000000,5,2.000000,0.000000,0.000000,5,3.000000,0.000000,0.000000,5
memo,1000,32768000,1000,32768000,0.01,128,32768,sharded,600.0,ed25519,gossip,direct,shard,nonce_hash_set,5,59.877905,0.116775,0.144972,5,544.886366,0.989322,1.228209,5,12598807.200000,977470.314387,1213495.126285,5,1214.738000,70.317812,87.297098,5,2.000000,0.000000,0.000000,5,2.000000,0.000000,0.000000,5,2.000000,0.000000,0.000000,5,3.000000,0.000000,0.000000,5
memo,1000,32768000,1000,32768000,0.01,128,32768,sharded,75.0,ed25519,gossip,direct,shard,nonce_hash_set,5,478.128442,0.928982,1.153299,5,68.238260,0.123402,0.153200,5,12598807.200000,977470.314387,1213495.126285,5,1214.738000,70.317812,87.297098,5,2.000000,0.000000,0.000000,5,2.000000,0.000000,0.000000,5,2.000000,0.000000,0.000000,5,3.000000,0.000000,0.000000,5
memo,1000,32768000,1000,32768000,0.01,128,32768,sharded,9.375,ed25519,gossip,direct,shard,nonce_hash_set,5,3768.706430,7.106294,8.822215,5,8.657254,0.015160,0.018821,5,12598807.200000,977470.314387,1213495.126285,5,1214.738000,70.317812,87.297098,5,2.000000,0.000000,0.000000,5,2.000000,0.000000,0.000000,5,2.000000,0.000000,0.000000,5,3.000000,0.000000,0.000000,5
memo,1000,4096000,1000,4096000,0.01,128,4096,sharded,0.146484375,ed25519,gossip,direct,shard,nonce_hash_set,5,15115.029244,13.468163,16.720253,5,0.269877,0.000225,0.000280,5,12598807.200000,977470.314387,1213495.126285,5,1214.738000,70.317812,87.297098,5,2.000000,0.000000,0.000000,5,2.000000,0.000000,0.000000,5,2.000000,0.000000,0.000000,5,3.000000,0.000000,0.000000,5
memo,1000,4096000,1000,4096000,0.01,128,4096,sharded,0.29296875,ed25519,gossip,direct,shard,nonce_hash_set,5,10125.539532,9.748875,12.102886,5,0.402862,0.000336,0.000417,5,12598807.200000,977470.314387,1213495.126285,5,1214.738000,70.317812,87.297098,5,2.000000,0.000000,0.000000,5,2.000000,0.000000,0.000000,5,2.000000,0.000000,0.000000,5,3.000000,0.000000,0.000000,5
memo,1000,4096000,1000,4096000,0.01,128,4096,sharded,0.5859375,ed25519,gossip,direct,shard,nonce_hash_set,5,6098.871518,7.845822,9.740313,5,0.668845,0.000767,0.000952,5,12598807.200000,977470.314387,1213495.126285,5,1214.738000,70.317812,87.297098,5,2.000000,0.000000,0.000000,5,2.000000,0.000000,0.000000,5,2.000000,0.000000,0.000000,5,3.000000,0.000000,0.000000,5
memo,1000,4096000,1000,4096000,0.01,128,4096,sharded,1200.0,ed25519,gossip,direct,shard,nonce_hash_set,5,3.743703,0.007303,0.009067,5,1089.618253,1.979012,2.456874,5,12598807.200000,977470.314387,1213495.126285,5,1214.738000,70.317812,87.297098,5,2.000000,0.000000,0.000000,5,2.000000,0.000000,0.000000,5,2.000000,0.000000,0.000000,5,3.000000,0.000000,0.000000,5
memo,1000,4096000,1000,4096000,0.01,128,4096,sharded,150.0,ed25519,gossip,direct,shard,nonce_hash_set,5,29.923310,0.058282,0.072356,5,136.322042,0.247172,0.306855,5,12598807.200000,977470.314387,1213495.126285,5,1214.738000,70.317812,87.297098,5,2.000000,0.000000,0.000000,5,2.000000,0.000000,0.000000,5,2.000000,0.000000,0.000000,5,3.000000,0.000000,0.000000,5
memo,1000,4096000,1000,4096000,0.01,128,4096,sharded,18.75,ed25519,gossip,direct,shard,nonce_hash_set,5,237.715779,0.457234,0.567640,5,17.160015,0.030693,0.038104,5,12598807.200000,977470.314387,1213495.126285,5,1214.738000,70.317812,87.297098,5,2.000000,0.000000,0.000000,5,2.000000,0.000000,0.000000,5,2.000000,0.000000,0.000000,5,3.000000,0.000000,0.000000,5
memo,1000,4096000,1000,4096000,0.01,128,4096,sharded,1.171875,ed25519,gossip,direct,shard,nonce_hash_set,5,3397.025012,5.318549,6.602792,5,1.200816,0.001714,0.002127,5,12598807.200000,977470.314387,1213495.126285,5,1214.738000,70.317812,87.297098,5,2.000000,0.000000,0.000000,5,2.000000,0.000000,0.000000,5,2.000000,0.000000,0.000000,5,3.000000,0.000000,0.000000,5
memo,1000,4096000,1000,4096000,0.01,128,4096,sharded,2.34375,ed25519,gossip,direct,shard,nonce_hash_set,5,1801.162361,3.140265,3.898528,5,2.264762,0.003639,0.004517,5,12598807.200000,977470.314387,1213495.126285,5,1214.738000,70.317812,87.297098,5,2.000000,0.000000,0.000000,5,2.000000,0.000000,0.000000,5,2.000000,0.000000,0.000000,5,3.000000,0.000000,0.000000,5
memo,1000,4096000,1000,4096000,0.01,128,4096,sharded,300.0,ed25519,gossip,direct,shard,nonce_hash_set,5,14.969170,0.029182,0.036228,5,272.507215,0.494578,0.614001,5,12598807.200000,977470.314387,1213495.126285,5,1214.738000,70.317812,87.297098,5,2.000000,0.000000,0.000000,5,2.000000,0.000000,0.000000,5,2.000000,0.000000,0.000000,5,3.000000,0.000000,0.000000,5
memo,1000,4096000,1000,4096000,0.01,128,4096,sharded,37.5,ed25519,gossip,direct,shard,nonce_hash_set,5,119.333799,0.231182,0.287004,5,34.183162,0.061618,0.076496,5,12598807.200000,977470.314387,1213495.126285,5,1214.738000,70.317812,87.297098,5,2.000000,0.000000,0.000000,5,2.000000,0.000000,0.000000,5,2.000000,0.000000,0.000000,5,3.000000,0.000000,0.000000,5
memo,1000,4096000,1000,4096000,0.01,128,4096,sharded,4.6875,ed25519,gossip,direct,shard,nonce_hash_set,5,928.642278,1.711765,2.125096,5,4.392655,0.007501,0.009312,5,12598807.200000,977470.314387,1213495.126285,5,1214.738000,70.317812,87.297098,5,2.000000,0.000000,0.000000,5,2.000000,0.000000,0.000000,5,2.000000,0.000000,0.000000,5,3.000000,0.000000,0.000000,5
memo,1000,4096000,1000,4096000,0.01,128,4096,sharded,600.0,ed25519,gossip,direct,shard,nonce_hash_set,5,7.486465,0.014601,0.018127,5,544.877561,0.989389,1.228292,5,12598807.200000,977470.314387,1213495.126285,5,1214.738000,70.317812,87.297098,5,2.000000,0.000000,0.000000,5,2.000000,0.000000,0.000000,5,2.000000,0.000000,0.000000,5,3.000000,0.000000,0.000000,5
memo,1000,4096000,1000,4096000,0.01,128,4096,sharded,75.0,ed25519,gossip,direct,shard,nonce_hash_set,5,59.786593,0.116239,0.144307,5,68.229455,0.123469,0.153283,5,12598807.200000,977470.314387,1213495.126285,5,1214.738000,70.317812,87.297098,5,2.000000,0.000000,0.000000,5,2.000000,0.000000,0.000000,5,2.000000,0.000000,0.000000,5,3.000000,0.000000,0.000000,5
memo,1000,4096000,1000,4096000,0.01,128,4096,sharded,9.375,ed25519,gossip,direct,shard,nonce_hash_set,5,471.669473,0.894384,1.110346,5,8.648442,0.015231,0.018908,5,12598807.200000,977470.314387,1213495.126285,5,1214.738000,70.317812,87.297098,5,2.000000,0.000000,0.000000,5,2.000000,0.000000,0.000000,5,2.000000,0.000000,0.000000,5,3.000000,0.000000,0.000000,5
memo,1000,524288000,1000,524288000,0.01,128,524288,sharded,0.146484375,ed25519,gossip,direct,shard,nonce_hash_set,5,869372.700199,1054.252214,1308.817163,5,0.600445,0.000787,0.000978,5,12598807.200000,977470.314387,1213495.126285,5,1214.738000,70.317812,87.297098,5,2.000000,0.000000,0.000000,5,2.000000,0.000000,0.000000,5,2.000000,0.000000,0.000000,5,3.000000,0.000000,0.000000,5
memo,1000,524288000,1000,524288000,0.01,128,524288,sharded,0.29296875,ed25519,gossip,direct,shard,nonce_hash_set,5,721428.522844,1548.159912,1921.986254,5,0.723581,0.001614,0.002004,5,12598807.200000,977470.314387,1213495.126285,5,1214.738000,70.317812,87.297098,5,2.000000,0.000000,0.000000,5,2.000000,0.000000,0.000000,5,2.000000,0.000000,0.000000,5,3.000000,0.000000,0.000000,5
memo,1000,524288000,1000,524288000,0.01,128,524288,sharded,0.5859375,ed25519,gossip,direct,shard,nonce_hash_set,5,537982.137405,1776.514490,2205.480457,5,0.970320,0.003285,0.004078,5,12598807.200000,977470.314387,1213495.126285,5,1214.738000,70.317812,87.297098,5,2.000000,0.000000,0.000000,5,2.000000,0.000000,0.000000,5,2.000000,0.000000,0.000000,5,3.000000,0.000000,0.000000,5
memo,1000,524288000,1000,524288000,0.01,128,524288,sharded,1200.0,ed25519,gossip,direct,shard,nonce_hash_set,5,478.966242,0.933586,1.159015,5,1089.871091,1.977784,2.455350,5,12598807.200000,977470.314387,1213495.126285,5,1214.738000,70.317812,87.297098,5,2.000000,0.000000,0.000000,5,2.000000,0.000000,0.000000,5,2.000000,0.000000,0.000000,5,3.000000,0.000000,0.000000,5
memo,1000,524288000,1000,524288000,0.01,128,524288,sharded,150.0,ed25519,gossip,direct,shard,nonce_hash_set,5,3822.160027,7.393395,9.178640,5,136.574982,0.245914,0.305294,5,12598807.200000,977470.314387,1213495.126285,5,1214.738000,70.317812,87.297098,5,2.000000,0.000000,0.000000,5,2.000000,0.000000,0.000000,5,2.000000,0.000000,0.000000,5,3.000000,0.000000,0.000000,5
memo,1000,524288000,1000,524288000,0.01,128,524288,sharded,18.75,ed25519,gossip,direct,shard,nonce_hash_set,5,29975.235641,54.790870,68.020944,5,17.414751,0.029594,0.036739,5,12598807.200000,977470.314387,1213495.126285,5,1214.738000,70.317812,87.297098,5,2.000000,0.000000,0.000000,5,2.000000,0.000000,0.000000,5,2.000000,0.000000,0.000000,5,3.000000,0.000000,0.000000,5
memo,1000,524288000,1000,524288000,0.01,128,524288,sharded,1.171875,ed25519,gossip,direct,shard,nonce_hash_set,5,352761.455531,1040.792180,1292.107003,5,1.479792,0.004447,0.005520,5,12598807.200000,977470.314387,1213495.126285,5,1214.738000,70.317812,87.297098,5,2.000000,0.000000,0.000000,5,2.000000,0.000000,0.000000,5,2.000000,0.000000,0.000000,5,3.000000,0.000000,0.000000,5
memo,1000,524288000,1000,524288000,0.01,128,524288,sharded,2.34375,ed25519,gossip,direct,shard,nonce_hash_set,5,206267.582429,355.730681,441.627169,5,2.530748,0.004335,0.005382,5,12598807.200000,977470.314387,1213495.126285,5,1214.738000,70.317812,87.297098,5,2.000000,0.000000,0.000000,5,2.000000,0.000000,0.000000,5,2.000000,0.000000,0.000000,5,3.000000,0.000000,0.000000,5
memo,1000,524288000,1000,524288000,0.01,128,524288,sharded,300.0,ed25519,gossip,direct,shard,nonce_hash_set,5,1913.811834,3.718354,4.616207,5,272.760070,0.493351,0.612478,5,12598807.200000,977470.314387,1213495.126285,5,1214.738000,70.317812,87.297098,5,2.000000,0.000000,0.000000,5,2.000000,0.000000,0.000000,5,2.000000,0.000000,0.000000,5,3.000000,0.000000,0.000000,5
memo,1000,524288000,1000,524288000,0.01,128,524288,sharded,37.5,ed25519,gossip,direct,shard,nonce_hash_set,5,15158.497215,28.605603,35.512853,5,34.436881,0.060468,0.075069,5,12598807.200000,977470.314387,1213495.126285,5,1214.738000,70.317812,87.297098,5,2.000000,0.000000,0.000000,5,2.000000,0.000000,0.000000,5,2.000000,0.000000,0.000000,5,3.000000,0.000000,0.000000,5
memo,1000,524288000,1000,524288000,0.01,128,524288,sharded,4.6875,ed25519,gossip,direct,shard,nonce_hash_set,5,112198.681217,175.458980,217.826173,5,4.652559,0.006834,0.008484,5,12598807.200000,977470.314387,1213495.126285,5,1214.738000,70.317812,87.297098,5,2.000000,0.000000,0.000000,5,2.000000,0.000000,0.000000,5,2.000000,0.000000,0.000000,5,3.000000,0.000000,0.000000,5
memo,1000,524288000,1000,524288000,0.01,128,524288,sharded,600.0,ed25519,gossip,direct,shard,nonce_hash_set,5,957.590070,1.864507,2.314720,5,545.130399,0.988164,1.226770,5,12598807.200000,977470.314387,1213495.126285,5,1214.738000,70.317812,87.297098,5,2.000000,0.000000,0.000000,5,2.000000,0.000000,0.000000,5,2.000000,0.000000,0.000000,5,3.000000,0.000000,0.000000,5
memo,1000,524288000,1000,524288000,0.01,128,524288,sharded,75.0,ed25519,gossip,direct,shard,nonce_hash_set,5,7622.531948,14.624210,18.155445,5,68.482680,0.122284,0.151812,5,12598807.200000,977470.314387,1213495.126285,5,1214.738000,70.317812,87.297098,5,2.000000,0.000000,0.000000,5,2.000000,0.000000,0.000000,5,2.000000,0.000000,0.000000,5,3.000000,0.000000,0.000000,5
memo,1000,524288000,1000,524288000,0.01,128,524288,sharded,9.375,ed25519,gossip,direct,shard,nonce_hash_set,5,58620.069004,100.556725,124.837649,5,8.904990,0.014193,0.017620,5,12598807.200000,977470.314387,1213495.126285,5,1214.738000,70.317812,87.297098,5,2.000000,0.000000,0.000000,5,2.000000,0.000000,0.000000,5,2.000000,0.000000,0.000000,5,3.000000,0.000000,0.000000,5
memo,1000,65536000,1000,65536000,0.01,128,65536,sharded,0.146484375,ed25519,gossip,direct,shard,nonce_hash_set,5,223338.865374,346.411032,430.057151,5,0.292167,0.000479,0.000595,5,12598807.200000,977470.314387,1213495.126285,5,1214.738000,70.317812,87.297098,5,2.000000,0.000000,0.000000,5,2.000000,0.000000,0.000000,5,2.000000,0.000000,0.000000,5,3.000000,0.000000,0.000000,5
memo,1000,65536000,1000,65536000,0.01,128,65536,sharded,0.29296875,ed25519,gossip,direct,shard,nonce_hash_set,5,154065.367514,127.308556,158.049109,5,0.423536,0.000360,0.000447,5,12598807.200000,977470.314387,1213495.126285,5,1214.738000,70.317812,87.297098,5,2.000000,0.000000,0.000000,5,2.000000,0.000000,0.000000,5,2.000000,0.000000,0.000000,5,3.000000,0.000000,0.000000,5
memo,1000,65536000,1000,65536000,0.01,128,65536,sharded,0.5859375,ed25519,gossip,direct,shard,nonce_hash_set,5,94738.408547,96.586066,119.908215,5,0.688762,0.000632,0.000785,5,12598807.200000,977470.314387,1213495.126285,5,1214.738000,70.317812,87.297098,5,2.000000,0.000000,0.000000,5,2.000000,0.000000,0.000000,5,2.000000,0.000000,0.000000,5,3.000000,0.000000,0.000000,5
memo,1000,65536000,1000,65536000,0.01,128,65536,sharded,1200.0,ed25519,gossip,direct,shard,nonce_hash_set,5,59.884430,0.116813,0.145020,5,1089.637289,1.978869,2.456697,5,12598807.200000,977470.314387,1213495.126285,5,1214.738000,70.317812,87.297098,5,2.000000,0.000000,0.000000,5,2.000000,0.000000,0.000000,5,2.000000,0.000000,0.000000,5,3.000000,0.000000,0.000000,5
memo,1000,65536000,1000,65536000,0.01,128,65536,sharded,150.0,ed25519,gossip,direct,shard,nonce_hash_set,5,478.596092,0.931519,1.156448,5,136.341078,0.247029,0.306678,5,12598807.200000,977470.314387,1213495.126285,5,1214.738000,70.317812,87.297098,5,2.000000,0.000000,0.000000,5,2.000000,0.000000,0.000000,5,2.000000,0.000000,0.000000,5,3.000000,0.000000,0.000000,5
memo,1000,65536000,1000,65536000,0.01,128,65536,sharded,18.75,ed25519,gossip,direct,shard,nonce_hash_set,5,3798.361788,7.262841,9.016563,5,17.179064,0.030545,0.037920,5,12598807.200000,977470.314387,1213495.126285,5,1214.738000,70.317812,87.297098,5,2.000000,0.000000,0.000000,5,2.000000,0.000000,0.000000,5,2.000000,0.000000,0.000000,5,3.000000,0.000000,0.000000,5
memo,1000,65536000,1000,65536000,0.01,128,65536,sharded,1.171875,ed25519,gossip,direct,shard,nonce_hash_set,5,53471.607818,75.446003,93.663568,5,1.220315,0.001567,0.001946,5,12598807.200000,977470.314387,1213495.126285,5,1214.738000,70.317812,87.297098,5,2.000000,0.000000,0.000000,5,2.000000,0.000000,0.000000,5,2.000000,0.000000,0.000000,5,3.000000,0.000000,0.000000,5
memo,1000,65536000,1000,65536000,0.01,128,65536,sharded,2.34375,ed25519,gossip,direct,shard,nonce_hash_set,5,28568.847213,47.506070,58.977120,5,2.284035,0.003499,0.004343,5,12598807.200000,977470.314387,1213495.126285,5,1214.738000,70.317812,87.297098,5,2.000000,0.000000,0.000000,5,2.000000,0.000000,0.000000,5,2.000000,0.000000,0.000000,5,3.000000,0.000000,0.000000,5
memo,1000,65536000,1000,65536000,0.01,128,65536,sharded,300.0,ed25519,gossip,direct,shard,nonce_hash_set,5,239.434944,0.466613,0.579283,5,272.526251,0.494435,0.613823,5,12598807.200000,977470.314387,1213495.126285,5,1214.738000,70.317812,87.297098,5,2.000000,0.000000,0.000000,5,2.000000,0.000000,0.000000,5,2.000000,0.000000,0.000000,5,3.000000,0.000000,0.000000,5
memo,1000,65536000,1000,65536000,0.01,128,65536,sharded,37.5,ed25519,gossip,direct,shard,nonce_hash_set,5,1907.839379,3.685396,4.575290,5,34.202200,0.061475,0.076319,5,12598807.200000,977470.314387,1213495.126285,5,1214.738000,70.317812,87.297098,5,2.000000,0.000000,0.000000,5,2.000000,0.000000,0.000000,5,2.000000,0.000000,0.000000,5,3.000000,0.000000,0.000000,5
memo,1000,65536000,1000,65536000,0.01,128,65536,sharded,4.6875,ed25519,gossip,direct,shard,nonce_hash_set,5,14790.393557,26.637086,33.069009,5,4.411801,0.007361,0.009139,5,12598807.200000,977470.314387,1213495.126285,5,1214.738000,70.317812,87.297098,5,2.000000,0.000000,0.000000,5,2.000000,0.000000,0.000000,5,2.000000,0.000000,0.000000,5,3.000000,0.000000,0.000000,5
memo,1000,65536000,1000,65536000,0.01,128,65536,sharded,600.0,ed25519,gossip,direct,shard,nonce_hash_set,5,119.751726,0.233520,0.289907,5,544.896597,0.989246,1.228115,5,12598807.200000,977470.314387,1213495.126285,5,1214.738000,70.317812,87.297098,5,2.000000,0.000000,0.000000,5,2.000000,0.000000,0.000000,5,2.000000,0.000000,0.000000,5,3.000000,0.000000,0.000000,5
memo,1000,65536000,1000,65536000,0.01,128,65536,sharded,75.0,ed25519,gossip,direct,shard,nonce_hash_set,5,956.098882,1.856236,2.304452,5,68.248491,0.123326,0.153105,5,12598807.200000,977470.314387,1213495.126285,5,1214.738000,70.317812,87.297098,5,2.000000,0.000000,0.000000,5,2.000000,0.000000,0.000000,5,2.000000,0.000000,0.000000,5,3.000000,0.000000,0.000000,5
memo,1000,65536000,1000,65536000,0.01,128,65536,sharded,9.375,ed25519,gossip,direct,shard,nonce_hash_set,5,7528.364088,14.112219,17.519825,5,8.667526,0.015090,0.018734,5,12598807.200000,977470.314387,1213495.126285,5,1214.738000,70.317812,87.297098,5,2.000000,0.000000,0.000000,5,2.000000,0.000000,0.000000,5,2.000000,0.000000,0.000000,5,3.000000,0.000000,0.000000,5
memo,1000,8192000,1000,8192000,0.01,128,8192,sharded,0.146484375,ed25519,gossip,direct,shard,nonce_hash_set,5,30086.973543,24.767600,30.748107,5,0.271127,0.000210,0.000261,5,12598807.200000,977470.314387,1213495.126285,5,1214.738000,70.317812,87.297098,5,2.000000,0.000000,0.000000,5,2.000000,0.000000,0.000000,5,2.000000,0.000000,0.000000,5,3.000000,0.000000,0.000000,5
memo,1000,8192000,1000,8192000,0.01,128,8192,sharded,0.29296875,ed25519,gossip,direct,shard,nonce_hash_set,5,20186.974379,18.525763,22.999085,5,0.404092,0.000319,0.000396,5,12598807.200000,977470.314387,1213495.126285,5,1214.738000,70.317812,87.297098,5,2.000000,0.000000,0.000000,5,2.000000,0.000000,0.000000,5,2.000000,0.000000,0.000000,5,3.000000,0.000000,0.000000,5
memo,1000,8192000,1000,8192000,0.01,128,8192,sharded,0.5859375,ed25519,gossip,direct,shard,nonce_hash_set,5,12174.083790,15.377395,19.090497,5,0.670063,0.000753,0.000935,5,12598807.200000,977470.314387,1213495.126285,5,1214.738000,70.317812,87.297098,5,2.000000,0.000000,0.000000,5,2.000000,0.000000,0.000000,5,2.000000,0.000000,0.000000,5,3.000000,0.000000,0.000000,5
memo,1000,8192000,1000,8192000,0.01,128,8192,sharded,1200.0,ed25519,gossip,direct,shard,nonce_hash_set,5,7.486479,0.014605,0.018131,5,1089.619460,1.979003,2.456862,5,12598807.200000,977470.314387,1213495.126285,5,1214.738000,70.317812,87.297098,5,2.000000,0.000000,0.000000,5,2.000000,0.000000,0.000000,5,2.000000,0.000000,0.000000,5,3.000000,0.000000,0.000000,5
memo,1000,8192000,1000,8192000,0.01,128,8192,sharded,150.0,ed25519,gossip,direct,shard,nonce_hash_set,5,59.838754,0.116545,0.144686,5,136.323249,0.247162,0.306843,5,12598807.200000,977470.314387,1213495.126285,5,1214.738000,70.317812,87.297098,5,2.000000,0.000000,0.000000,5,2.000000,0.000000,0.000000,5,2.000000,0.000000,0.000000,5,3.000000,0.000000,0.000000,5
memo,1000,8192000,1000,8192000,0.01,128,8192,sharded,18.75,ed25519,gossip,direct,shard,nonce_hash_set,5,475.339851,0.913949,1.134635,5,17.161222,0.030683,0.038092,5,12598807.200000,977470.314387,1213495.126285,5,1214.738000,70.317812,87.297098,5,2.000000,0.000000,0.000000,5,2.000000,0.000000,0.000000,5,2.000000,0.000000,0.000000,5,3.000000,0.000000,0.000000,5
memo,1000,8192000,1000,8192000,0.01,128,8192,sharded,1.171875,ed25519,gossip,direct,shard,nonce_hash_set,5,6786.366728,10.549108,13.096348,5,1.202028,0.001703,0.002114,5,12598807.200000,977470.314387,1213495.126285,5,1214.738000,70.317812,87.297098,5,2.000000,0.000000,0.000000,5,2.000000,0.000000,0.000000,5,2.000000,0.000000,0.000000,5,3.000000,0.000000,0.000000,5
memo,1000,8192000,1000,8192000,0.01,128,8192,sharded,2.34375,ed25519,gossip,direct,shard,nonce_hash_set,5,3599.962389,6.254537,7.764789,5,2.265970,0.003628,0.004504,5,12598807.200000,977470.314387,1213495.126285,5,1214.738000,70.317812,87.297098,5,2.000000,0.000000,0.000000,5,2.000000,0.000000,0.000000,5,2.000000,0.000000,0.000000,5,3.000000,0.000000,0.000000,5
memo,1000,8192000,1000,8192000,0.01,128,8192,sharded,300.0,ed25519,gossip,direct,shard,nonce_hash_set,5,29.934537,0.058356,0.072447,5,272.508422,0.494568,0.613989,5,12598807.200000,977470.314387,1213495.126285,5,1214.738000,70.317812,87.297098,5,2.000000,0.000000,0.000000,5,2.000000,0.000000,0.000000,5,2.000000,0.000000,0.000000,5,3.000000,0.000000,0.000000,5
memo,1000,8192000,1000,8192000,0.01,128,8192,sharded,37.5,ed25519,gossip,direct,shard,nonce_hash_set,5,238.629918,0.462206,0.573813,5,34.184369,0.061608,0.076485,5,12598807.200000,977470.314387,1213495.126285,5,1214.738000,70.317812,87.297098,5,2.000000,0.000000,0.000000,5,2.000000,0.000000,0.000000,5,2.000000,0.000000,0.000000,5,3.000000,0.000000,0.000000,5
memo,1000,8192000,1000,8192000,0.01,128,8192,sharded,4.6875,ed25519,gossip,direct,shard,nonce_hash_set,5,1856.546689,3.416715,4.241732,5,4.393862,0.007491,0.009300,5,12598807.200000,977470.314387,1213495.126285,5,1214.738000,70.317812,87.297098,5,2.000000,0.000000,0.000000,5,2.000000,0.000000,0.000000,5,2.000000,0.000000,0.000000,5,3.000000,0.000000,0.000000,5
memo,1000,8192000,1000,8192000,0.01,128,8192,sharded,600.0,ed25519,gossip,direct,shard,nonce_hash_set,5,14.971061,0.029199,0.036249,5,544.878768,0.989380,1.228280,5,12598807.200000,977470.314387,1213495.126285,5,1214.738000,70.317812,87.297098,5,2.000000,0.000000,0.000000,5,2.000000,0.000000,0.000000,5,2.000000,0.000000,0.000000,5,3.000000,0.000000,0.000000,5
memo,1000,8192000,1000,8192000,0.01,128,8192,sharded,75.0,ed25519,gossip,direct,shard,nonce_hash_set,5,119.556415,0.232425,0.288548,5,68.230662,0.123460,0.153271,5,12598807.200000,977470.314387,1213495.126285,5,1214.738000,70.317812,87.297098,5,2.000000,0.000000,0.000000,5,2.000000,0.000000,0.000000,5,2.000000,0.000000,0.000000,5,3.000000,0.000000,0.000000,5
memo,1000,8192000,1000,8192000,0.01,128,8192,sharded,9.375,ed25519,gossip,direct,shard,nonce_hash_set,5,943.091709,1.786923,2.218403,5,8.649649,0.015221,0.018896,5,12598807.200000,977470.314387,1213495.126285,5,1214.738000,70.317812,87.297098,5,2.000000,0.000000,0.000000,5,2.000000,0.000000,0.000000,5,2.000000,0.000000,0.000000,5,3.000000,0.000000,0.000000,5
memo,1000,1024000,1000,1024000,0.01,16,1024,sharded,0.146484375,ed25519,gossip,direct,shard,nonce_hash_set,5,3920.247244,17.169561,21.315408,5,0.252373,0.000951,0.001181,5,12105426.000000,380999.053206,472996.967151,5,1210.251000,43.486062,53.986422,5,2.000000,0.000000,0.000000,5,2.000000,0.000000,0.000000,5,2.000000,0.000000,0.000000,5,3.000000,0.000000,0.000000,5
memo,1000,1024000,1000,1024000,0.01,16,1024,sharded,0.29296875,ed25519,gossip,direct,shard,nonce_hash_set,5,2613.696109,14.930086,18.535178,5,0.378535,0.001927,0.002392,5,12105426.000000,380999.053206,472996.967151,5,1210.251000,43.486062,53.986422,5,2.000000,0.000000,0.000000,5,2.000000,0.000000,0.000000,5,2.000000,0.000000,0.000000,5,3.000000,0.000000,0.000000,5
memo,1000,1024000,1000,1024000,0.01,16,1024,sharded,0.5859375,ed25519,gossip,direct,shard,nonce_hash_set,5,1568.254124,10.632837,13.200294,5,0.630883,0.003886,0.004824,5,12105426.000000,380999.053206,472996.967151,5,1210.251000,43.486062,53.986422,5,2.000000,0.000000,0.000000,5,2.000000,0.000000,0.000000,5,2.000000,0.000000,0.000000,5,3.000000,0.000000,0.000000,5
memo,1000,1024000,1000,1024000,0.01,16,1024,sharded,1200.0,ed25519,gossip,direct,shard,nonce_hash_set,5,0.957077,0.008023,0.009960,5,1033.776276,8.035769,9.976126,5,12105426.000000,380999.053206,472996.967151,5,1210.251000,43.486062,53.986422,5,2.000000,0.000000,0.000000,5,2.000000,0.000000,0.000000,5,2.000000,0.000000,0.000000,5,3.000000,0.000000,0.000000,5
memo,1000,1024000,1000,1024000,0.01,16,1024,sharded,150.0,ed25519,gossip,direct,shard,nonce_hash_set,5,7.650080,0.064075,0.079547,5,129.332427,1.004437,1.246973,5,12105426.000000,380999.053206,472996.967151,5,1210.251000,43.486062,53.986422,5,2.000000,0.000000,0.000000,5,2.000000,0.000000,0.000000,5,2.000000,0.000000,0.000000,5,3.000000,0.000000,0.000000,5
memo,1000,1024000,1000,1024000,0.01,16,1024,sharded,18.75,ed25519,gossip,direct,shard,nonce_hash_set,5,60.785522,0.505820,0.627958,5,16.276947,0.125519,0.155828,5,12105426.000000,380999.053206,472996.967151,5,1210.251000,43.486062,53.986422,5,2.000000,0.000000,0.000000,5,2.000000,0.000000,0.000000,5,2.000000,0.000000,0.000000,5,3.000000,0.000000,0.000000,5
memo,1000,1024000,1000,1024000,0.01,16,1024,sharded,1.171875,ed25519,gossip,direct,shard,nonce_hash_set,5,871.257308,6.527552,8.103727,5,1.135592,0.007807,0.009693,5,12105426.000000,380999.053206,472996.967151,5,1210.251000,43.486062,53.986422,5,2.000000,0.000000,0.000000,5,2.000000,0.000000,0.000000,5,2.000000,0.000000,0.000000,5,3.000000,0.000000,0.000000,5
memo,1000,1024000,1000,1024000,0.01,16,1024,sharded,2.34375,ed25519,gossip,direct,shard,nonce_hash_set,5,461.254608,3.649292,4.530468,5,2.145014,0.015654,0.019434,5,12105426.000000,380999.053206,472996.967151,5,1210.251000,43.486062,53.986422,5,2.000000,0.000000,0.000000,5,2.000000,0.000000,0.000000,5,2.000000,0.000000,0.000000,5,3.000000,0.000000,0.000000,5
memo,1000,1024000,1000,1024000,0.01,16,1024,sharded,300.0,ed25519,gossip,direct,shard,nonce_hash_set,5,3.826907,0.032068,0.039811,5,258.538691,2.008913,2.493995,5,12105426.000000,380999.053206,472996.967151,5,1210.251000,43.486062,53.986422,5,2.000000,0.000000,0.000000,5,2.000000,0.000000,0.000000,5,2.000000,0.000000,0.000000,5,3.000000,0.000000,0.000000,5
memo,1000,1024000,1000,1024000,0.01,16,1024,sharded,37.5,ed25519,gossip,direct,shard,nonce_hash_set,5,30.511020,0.254838,0.316373,5,32.427729,0.251079,0.311706,5,12105426.000000,380999.053206,472996.967151,5,1210.251000,43.486062,53.986422,5,2.000000,0.000000,0.000000,5,2.000000,0.000000,0.000000,5,2.000000,0.000000,0.000000,5,3.000000,0.000000,0.000000,5
memo,1000,1024000,1000,1024000,0.01,16,1024,sharded,4.6875,ed25519,gossip,direct,shard,nonce_hash_set,5,237.616087,1.934313,2.401381,5,4.163861,0.031349,0.038919,5,12105426.000000,380999.053206,472996.967151,5,1210.251000,43.486062,53.986422,5,2.000000,0.000000,0.000000,5,2.000000,0.000000,0.000000,5,2.000000,0.000000,0.000000,5,3.000000,0.000000,0.000000,5
memo,1000,1024000,1000,1024000,0.01,16,1024,sharded,600.0,ed25519,gossip,direct,shard,nonce_hash_set,5,1.913920,0.016042,0.019915,5,516.951219,4.017865,4.988038,5,12105426.000000,380999.053206,472996.967151,5,1210.251000,43.486062,53.986422,5,2.000000,0.000000,0.000000,5,2.000000,0.000000,0.000000,5,2.000000,0.000000,0.000000,5,3.000000,0.000000,0.000000,5
memo,1000,1024000,1000,1024000,0.01,16,1024,sharded,75.0,ed25519,gossip,direct,shard,nonce_hash_set,5,15.285248,0.127905,0.158790,5,64.729295,0.502198,0.623462,5,12105426.000000,380999.053206,472996.967151,5,1210.251000,43.486062,53.986422,5,2.000000,0.000000,0.000000,5,2.000000,0.000000,0.000000,5,2.000000,0.000000,0.000000,5,3.000000,0.000000,0.000000,5
memo,1000,1024000,1000,1024000,0.01,16,1024,sharded,9.375,ed25519,gossip,direct,shard,nonce_hash_set,5,120.635878,0.996474,1.237087,5,8.201556,0.062739,0.077888,5,12105426.000000,380999.053206,472996.967151,5,1210.251000,43.486062,53.986422,5,2.000000,0.000000,0.000000,5,2.000000,0.000000,0.000000,5,2.000000,0.000000,0.000000,5,3.000000,0.000000,0.000000,5
memo,1000,131072000,1000,131072000,0.01,16,131072,sharded,0.146484375,ed25519,gossip,direct,shard,nonce_hash_set,5,192825.799794,412.296560,511.851724,5,0.656087,0.001263,0.001568,5,12105426.000000,380999.053206,472996.967151,5,1210.251000,43.486062,53.986422,5,2.000000,0.000000,0.000000,5,2.000000,0.000000,0.000000,5,2.000000,0.000000,0.000000,5,3.000000,0.000000,0.000000,5
memo,1000,131072000,1000,131072000,0.01,16,131072,sharded,0.29296875,ed25519,gossip,direct,shard,nonce_hash_set,5,165278.266581,561.371285,696.922769,5,0.765443,0.002470,0.003066,5,12105426.000000,380999.053206,472996.967151,5,1210.251000,43.486062,53.986422,5,2.000000,0.000000,0.000000,5,2.000000,0.000000,0.000000,5,2.000000,0.000000,0.000000,5,3.000000,0.000000,0.000000,5
memo,1000,131072000,1000,131072000,0.01,16,131072,sharded,0.5859375,ed25519,gossip,direct,shard,nonce_hash_set,5,128545.516021,654.678003,812.759788,5,0.984185,0.004872,0.006049,5,12105426.000000,380999.053206,472996.967151,5,1210.251000,43.486062,53.986422,5,2.000000,0.000000,0.000000,5,2.000000,0.000000,0.000000,5,2.000000,0.000000,0.000000,5,3.000000,0.000000,0.000000,5
memo,1000,131072000,1000,131072000,0.01,16,131072,sharded,1200.0,ed25519,gossip,direct,shard,nonce_hash_set,5,122.354369,1.025132,1.272665,5,1034.018099,8.032833,9.972481,5,12105426.000000,380999.053206,472996.967151,5,1210.251000,43.486062,53.986422,5,2.000000,0.000000,0.000000,5,2.000000,0.000000,0.000000,5,2.000000,0.000000,0.000000,5,3.000000,0.000000,0.000000,5
memo,1000,131072000,1000,131072000,0.01,16,131072,sharded,150.0,ed25519,gossip,direct,shard,nonce_hash_set,5,976.398961,8.140367,10.105980,5,129.574662,1.001399,1.243202,5,12105426.000000,380999.053206,472996.967151,5,1210.251000,43.486062,53.986422,5,2.000000,0.000000,0.000000,5,2.000000,0.000000,0.000000,5,2.000000,0.000000,0.000000,5,3.000000,0.000000,0.000000,5
memo,1000,131072000,1000,131072000,0.01,16,131072,sharded,18.75,ed25519,gossip,direct,shard,nonce_hash_set,5,7657.127597,61.270748,76.065485,5,16.522650,0.122309,0.151842,5,12105426.000000,380999.053206,472996.967151,5,1210.251000,43.486062,53.986422,5,2.000000,0.000000,0.000000,5,2.000000,0.000000,0.000000,5,2.000000,0.000000,0.000000,5,3.000000,0.000000,0.000000,5
memo,1000,131072000,1000,131072000,0.01,16,131072,sharded,1.171875,ed25519,gossip,direct,shard,nonce_hash_set,5,87911.911290,559.724643,694.878521,5,1.439099,0.008748,0.010860,5,12105426.000000,380999.053206,472996.967151,5,1210.251000,43.486062,53.986422,5,2.000000,0.000000,0.000000,5,2.000000,0.000000,0.000000,5,2.000000,0.000000,0.000000,5,3.000000,0.000000,0.000000,5
memo,1000,131072000,1000,131072000,0.01,16,131072,sharded,2.34375,ed25519,gossip,direct,shard,nonce_hash_set,5,52350.184971,350.283846,434.865114,5,2.416691,0.015019,0.018646,5,12105426.000000,380999.053206,472996.967151,5,1210.251000,43.486062,53.986422,5,2.000000,0.000000,0.000000,5,2.000000,0.000000,0.000000,5,2.000000,0.000000,0.000000,5,3.000000,0.000000,0.000000,5
memo,1000,131072000,1000,131072000,0.01,16,131072,sharded,300.0,ed25519,gossip,direct,shard,nonce_hash_set,5,488.895039,4.087520,5.074512,5,258.780707,2.005899,2.490253,5,12105426.000000,380999.053206,472996.967151,5,1210.251000,43.486062,53.986422,5,2.000000,0.000000,0.000000,5,2.000000,0.000000,0.000000,5,2.000000,0.000000,0.000000,5,3.000000,0.000000,0.000000,5
memo,1000,131072000,1000,131072000,0.01,16,131072,sharded,37.5,ed25519,gossip,direct,shard,nonce_hash_set,5,3872.393584,31.743738,39.408738,5,32.671355,0.248069,0.307968,5,12105426.000000,380999.053206,472996.967151,5,1210.251000,43.486062,53.986422,5,2.000000,0.000000,0.000000,5,2.000000,0.000000,0.000000,5,2.000000,0.000000,0.000000,5,3.000000,0.000000,0.000000,5
memo,1000,131072000,1000,131072000,0.01,16,131072,sharded,4.6875,ed25519,gossip,direct,shard,nonce_hash_set,5,28618.201017,200.313355,248.682007,5,4.420774,0.028448,0.035317,5,12105426.000000,380999.053206,472996.967151,5,1210.251000,43.486062,53.986422,5,2.000000,0.000000,0.000000,5,2.000000,0.000000,0.000000,5,2.000000,0.000000,0.000000,5,3.000000,0.000000,0.000000,5
memo,1000,131072000,1000,131072000,0.01,16,131072,sharded,600.0,ed25519,gossip,direct,shard,nonce_hash_set,5,244.621612,2.048096,2.542640,5,517.193153,4.014881,4.984335,5,12105426.000000,380999.053206,472996.967151,5,1210.251000,43.486062,53.986422,5,2.000000,0.000000,0.000000,5,2.000000,0.000000,0.000000,5,2.000000,0.000000,0.000000,5,3.000000,0.000000,0.000000,5
memo,1000,131072000,1000,131072000,0.01,16,131072,sharded,75.0,ed25519,gossip,direct,shard,nonce_hash_set,5,1947.248254,16.144971,20.043416,5,64.971938,0.499230,0.619776,5,12105426.000000,380999.053206,472996.967151,5,1210.251000,43.486062,53.986422,5,2.000000,0.000000,0.000000,5,2.000000,0.000000,0.000000,5,2.000000,0.000000,0.000000,5,3.000000,0.000000,0.000000,5
memo,1000,131072000,1000,131072000,0.01,16,131072,sharded,9.375,ed25519,gossip,direct,shard,nonce_hash_set,5,14970.250878,113.793488,141.270626,5,8.451123,0.059242,0.073547,5,12105426.000000,380999.053206,472996.967151,5,1210.251000,43.486062,53.986422,5,2.000000,0.000000,0.000000,5,2.000000,0.000000,0.000000,5,2.000000,0.000000,0.000000,5,3.000000,0.000000,0.000000,5
memo,1000,16384000,1000,16384000,0.01,16,16384,sharded,0.146484375,ed25519,gossip,direct,shard,nonce_hash_set,5,54858.493810,231.553841,287.465976,5,0.288284,0.001136,0.001411,5,12105426.000000,380999.053206,472996.967151,5,1210.251000,43.486062,53.986422,5,2.000000,0.000000,0.000000,5,2.000000,0.000000,0.000000,5,2.000000,0.000000,0.000000,5,3.000000,0.000000,0.000000,5
memo,1000,16384000,1000,16384000,0.01,16,16384,sharded,0.29296875,ed25519,gossip,direct,shard,nonce_hash_set,5,38527.627494,196.779192,244.294468,5,0.410483,0.001904,0.002363,5,12105426.000000,380999.053206,472996.967151,5,1210.251000,43.486062,53.986422,5,2.000000,0.000000,0.000000,5,2.000000,0.000000,0.000000,5,2.000000,0.000000,0.000000,5,3.000000,0.000000,0.000000,5
memo,1000,16384000,1000,16384000,0.01,16,16384,sharded,0.5859375,ed25519,gossip,direct,shard,nonce_hash_set,5,23926.180987,142.394636,176.777948,5,0.660993,0.003559,0.004419,5,12105426.000000,380999.053206,472996.967151,5,1210.251000,43.486062,53.986422,5,2.000000,0.000000,0.000000,5,2.000000,0.000000,0.000000,5,2.000000,0.000000,0.000000,5,3.000000,0.000000,0.000000,5
memo,1000,16384000,1000,16384000,0.01,16,16384,sharded,1200.0,ed25519,gossip,direct,shard,nonce_hash_set,5,15.298304,0.128240,0.159205,5,1033.804479,8.035440,9.975717,5,12105426.000000,380999.053206,472996.967151,5,1210.251000,43.486062,53.986422,5,2.000000,0.000000,0.000000,5,2.000000,0.000000,0.000000,5,2.000000,0.000000,0.000000,5,3.000000,0.000000,0.000000,5
memo,1000,16384000,1000,16384000,0.01,16,16384,sharded,150.0,ed25519,gossip,direct,shard,nonce_hash_set,5,122.258598,1.023524,1.270670,5,129.360658,1.004089,1.246541,5,12105426.000000,380999.053206,472996.967151,5,1210.251000,43.486062,53.986422,5,2.000000,0.000000,0.000000,5,2.000000,0.000000,0.000000,5,2.000000,0.000000,0.000000,5,3.000000,0.000000,0.000000,5
memo,1000,16384000,1000,16384000,0.01,16,16384,sharded,18.75,ed25519,gossip,direct,shard,nonce_hash_set,5,969.960955,8.036516,9.977053,5,16.305229,0.125160,0.155382,5,12105426.000000,380999.053206,472996.967151,5,1210.251000,43.486062,53.986422,5,2.000000,0.000000,0.000000,5,2.000000,0.000000,0.000000,5,2.000000,0.000000,0.000000,5,3.000000,0.000000,0.000000,5
memo,1000,16384000,1000,16384000,0.01,16,16384,sharded,1.171875,ed25519,gossip,direct,shard,nonce_hash_set,5,13577.757962,94.324225,117.100219,5,1.164786,0.007398,0.009184,5,12105426.000000,380999.053206,472996.967151,5,1210.251000,43.486062,53.986422,5,2.000000,0.000000,0.000000,5,2.000000,0.000000,0.000000,5,2.000000,0.000000,0.000000,5,3.000000,0.000000,0.000000,5
memo,1000,16384000,1000,16384000,0.01,16,16384,sharded,2.34375,ed25519,gossip,direct,shard,nonce_hash_set,5,7275.664040,55.518745,68.924576,5,2.173727,0.015277,0.018966,5,12105426.000000,380999.053206,472996.967151,5,1210.251000,43.486062,53.986422,5,2.000000,0.000000,0.000000,5,2.000000,0.000000,0.000000,5,2.000000,0.000000,0.000000,5,3.000000,0.000000,0.000000,5
memo,1000,16384000,1000,16384000,0.01,16,16384,sharded,300.0,ed25519,gossip,direct,shard,nonce_hash_set,5,61.165809,0.512447,0.636185,5,258.566908,2.008575,2.493575,5,12105426.000000,380999.053206,472996.967151,5,1210.251000,43.486062,53.986422,5,2.000000,0.000000,0.000000,5,2.000000,0.000000,0.000000,5,2.000000,0.000000,0.000000,5,3.000000,0.000000,0.000000,5
memo,1000,16384000,1000,16384000,0.01,16,16384,sharded,37.5,ed25519,gossip,direct,shard,nonce_hash_set,5,487.289032,4.061381,5.042063,5,32.455984,0.250722,0.311263,5,12105426.000000,380999.053206,472996.967151,5,1210.251000,43.486062,53.986422,5,2.000000,0.000000,0.000000,5,2.000000,0.000000,0.000000,5,2.000000,0.000000,0.000000,5,3.000000,0.000000,0.000000,5
memo,1000,16384000,1000,16384000,0.01,16,16384,sharded,4.6875,ed25519,gossip,direct,shard,nonce_hash_set,5,3772.468866,30.179641,37.466966,5,4.192315,0.030995,0.038479,5,12105426.000000,380999.053206,472996.967151,5,1210.251000,43.486062,53.986422,5,2.000000,0.000000,0.000000,5,2.000000,0.000000,0.000000,5,2.000000,0.000000,0.000000,5,3.000000,0.000000,0.000000,5
memo,1000,16384000,1000,16384000,0.01,16,16384,sharded,600.0,ed25519,gossip,direct,shard,nonce_hash_set,5,30.592039,0.256394,0.318304,5,516.979428,4.017532,4.987625,5,12105426.000000,380999.053206,472996.967151,5,1210.251000,43.486062,53.986422,5,2.000000,0.000000,0.000000,5,2.000000,0.000000,0.000000,5,2.000000,0.000000,0.000000,5,3.000000,0.000000,0.000000,5
memo,1000,16384000,1000,16384000,0.01,16,16384,sharded,75.0,ed25519,gossip,direct,shard,nonce_hash_set,5,244.225617,2.041579,2.534548,5,64.757540,0.501845,0.623023,5,12105426.000000,380999.053206,472996.967151,5,1210.251000,43.486062,53.986422,5,2.000000,0.000000,0.000000,5,2.000000,0.000000,0.000000,5,2.000000,0.000000,0.000000,5,3.000000,0.000000,0.000000,5
memo,1000,16384000,1000,16384000,0.01,16,16384,sharded,9.375,ed25519,gossip,direct,shard,nonce_hash_set,5,1921.704854,15.737462,19.537507,5,8.229888,0.062389,0.077454,5,12105426.000000,380999.053206,472996.967151,5,1210.251000,43.486062,53.986422,5,2.000000,0.000000,0.000000,5,2.000000,0.000000,0.000000,5,2.000000,0.000000,0.000000,5,3.000000,0.000000,0.000000,5
memo,1000,2048000,1000,2048000,0.01,16,2048,sharded,0.146484375,ed25519,gossip,direct,shard,nonce_hash_set,5,7776.165020,32.929269,40.880533,5,0.254332,0.000926,0.001149,5,12105426.000000,380999.053206,472996.967151,5,1210.251000,43.486062,53.986422,5,2.000000,0.000000,0.000000,5,2.000000,0.000000,0.000000,5,2.000000,0.000000,0.000000,5,3.000000,0.000000,0.000000,5
memo,1000,2048000,1000,2048000,0.01,16,2048,sharded,0.29296875,ed25519,gossip,direct,shard,nonce_hash_set,5,5198.453309,29.178107,36.223597,5,0.380449,0.001902,0.002361,5,12105426.000000,380999.053206,472996.967151,5,1210.251000,43.486062,53.986422,5,2.000000,0.000000,0.000000,5,2.000000,0.000000,0.000000,5,2.000000,0.000000,0.000000,5,3.000000,0.000000,0.000000,5
memo,1000,2048000,1000,2048000,0.01,16,2048,sharded,0.5859375,ed25519,gossip,direct,shard,nonce_hash_set,5,3125.559352,21.008862,26.081765,5,0.632773,0.003863,0.004795,5,12105426.000000,380999.053206,472996.967151,5,1210.251000,43.486062,53.986422,5,2.000000,0.000000,0.000000,5,2.000000,0.000000,0.000000,5,2.000000,0.000000,0.000000,5,3.000000,0.000000,0.000000,5
memo,1000,2048000,1000,2048000,0.01,16,2048,sharded,1200.0,ed25519,gossip,direct,shard,nonce_hash_set,5,1.913183,0.016038,0.019910,5,1033.778142,8.035747,9.976099,5,12105426.000000,380999.053206,472996.967151,5,1210.251000,43.486062,53.986422,5,2.000000,0.000000,0.000000,5,2.000000,0.000000,0.000000,5,2.000000,0.000000,0.000000,5,3.000000,0.000000,0.000000,5
memo,1000,2048000,1000,2048000,0.01,16,2048,sharded,150.0,ed25519,gossip,direct,shard,nonce_hash_set,5,15.292207,0.128084,0.159011,5,129.334293,1.004414,1.246945,5,12105426.000000,380999.053206,472996.967151,5,1210.251000,43.486062,53.986422,5,2.000000,0.000000,0.000000,5,2.000000,0.000000,0.000000,5,2.000000,0.000000,0.000000,5,3.000000,0.000000,0.000000,5
memo,1000,2048000,1000,2048000,0.01,16,2048,sharded,18.75,ed25519,gossip,direct,shard,nonce_hash_set,5,121.495652,1.010761,1.254824,5,16.278815,0.125496,0.155799,5,12105426.000000,380999.053206,472996.967151,5,1210.251000,43.486062,53.986422,5,2.000000,0.000000,0.000000,5,2.000000,0.000000,0.000000,5,2.000000,0.000000,0.000000,5,3.000000,0.000000,0.000000,5
memo,1000,2048000,1000,2048000,0.01,16,2048,sharded,1.171875,ed25519,gossip,direct,shard,nonce_hash_set,5,1738.758719,12.970580,16.102521,5,1.137469,0.007785,0.009665,5,12105426.000000,380999.053206,472996.967151,5,1210.251000,43.486062,53.986422,5,2.000000,0.000000,0.000000,5,2.000000,0.000000,0.000000,5,2.000000,0.000000,0.000000,5,3.000000,0.000000,0.000000,5
memo,1000,2048000,1000,2048000,0.01,16,2048,sharded,2.34375,ed25519,gossip,direct,shard,nonce_hash_set,5,921.238489,7.272053,9.027999,5,2.146887,0.015630,0.019405,5,12105426.000000,380999.053206,472996.967151,5,1210.251000,43.486062,53.986422,5,2.000000,0.000000,0.000000,5,2.000000,0.000000,0.000000,5,2.000000,0.000000,0.000000,5,3.000000,0.000000,0.000000,5
memo,1000,2048000,1000,2048000,0.01,16,2048,sharded,300.0,ed25519,gossip,direct,shard,nonce_hash_set,5,7.649890,0.064104,0.079583,5,258.540557,2.008891,2.493967,5,12105426.000000,380999.053206,472996.967151,5,1210.251000,43.486062,53.986422,5,2.000000,0.000000,0.000000,5,2.000000,0.000000,0.000000,5,2.000000,0.000000,0.000000,5,3.000000,0.000000,0.000000,5
memo,1000,2048000,1000,2048000,0.01,16,2048,sharded,37.5,ed25519,gossip,direct,shard,nonce_hash_set,5,60.987688,0.509338,0.632325,5,32.429597,0.251056,0.311678,5,12105426.000000,380999.053206,472996.967151,5,1210.251000,43.486062,53.986422,5,2.000000,0.000000,0.000000,5,2.000000,0.000000,0.000000,5,2.000000,0.000000,0.000000,5,3.000000,0.000000,0.000000,5
memo,1000,2048000,1000,2048000,0.01,16,2048,sharded,4.6875,ed25519,gossip,direct,shard,nonce_hash_set,5,474.778727,3.860608,4.792810,5,4.165731,0.031325,0.038889,5,12105426.000000,380999.053206,472996.967151,5,1210.251000,43.486062,53.986422,5,2.000000,0.000000,0.000000,5,2.000000,0.000000,0.000000,5,2.000000,0.000000,0.000000,5,3.000000,0.000000,0.000000,5
memo,1000,2048000,1000,2048000,0.01,16,2048,sharded,600.0,ed25519,gossip,direct,shard,nonce_hash_set,5,3.825892,0.032068,0.039811,5,516.953085,4.017843,4.988011,5,12105426.000000,380999.053206,472996.967151,5,1210.251000,43.486062,53.986422,5,2.000000,0.000000,0.000000,5,2.000000,0.000000,0.000000,5,2.000000,0.000000,0.000000,5,3.000000,0.000000,0.000000,5
memo,1000,2048000,1000,2048000,0.01,16,2048,sharded,75.0,ed25519,gossip,direct,shard,nonce_hash_set,5,30.554164,0.255666,0.317401,5,64.731162,0.502176,0.623434,5,12105426.000000,380999.053206,472996.967151,5,1210.251000,43.486062,53.986422,5,2.000000,0.000000,0.000000,5,2.000000,0.000000,0.000000,5,2.000000,0.000000,0.000000,5,3.000000,0.000000,0.000000,5
memo,1000,2048000,1000,2048000,0.01,16,2048,sharded,9.375,ed25519,gossip,direct,shard,nonce_hash_set,5,241.094850,1.990408,2.471022,5,8.203426,0.062715,0.077859,5,12105426.000000,380999.053206,472996.967151,5,1210.251000,43.486062,53.986422,5,2.000000,0.000000,0.000000,5,2.000000,0.000000,0.000000,5,2.000000,0.000000,0.000000,5,3.000000,0.000000,0.000000,5
memo,1000,262144000,1000,262144000,0.01,16,262144,sharded,0.146484375,ed25519,gossip,direct,shard,nonce_hash_set,5,232617.472999,337.302057,418.748678,5,1.087706,0.001261,0.001566,5,12105426.000000,380999.053206,472996.967151,5,1210.251000,43.486062,53.986422,5,2.000000,0.000000,0.000000,5,2.000000,0.000000,0.000000,5,2.000000,0.000000,0.000000,5,3.000000,0.000000,0.000000,5
memo,1000,262144000,1000,262144000,0.01,16,262144,sharded,0.29296875,ed25519,gossip,direct,shard,nonce_hash_set,5,211367.421226,481.597447,597.886347,5,1.197062,0.002468,0.003064,5,12105426.000000,380999.053206,472996.967151,5,1210.251000,43.486062,53.986422,5,2.000000,0.000000,0.000000,5,2.000000,0.000000,0.000000,5,2.000000,0.000000,0.000000,5,3.000000,0.000000,0.000000,5
memo,1000,262144000,1000,262144000,0.01,16,262144,sharded,0.5859375,ed25519,gossip,direct,shard,nonce_hash_set,5,178715.884345,647.386619,803.707790,5,1.415776,0.004887,0.006067,5,12105426.000000,380999.053206,472996.967151,5,1210.251000,43.486062,53.986422,5,2.000000,0.000000,0.000000,5,2.000000,0.000000,0.000000,5,2.000000,0.000000,0.000000,5,3.000000,0.000000,0.000000,5
memo,1000,262144000,1000,262144000,0.01,16,262144,sharded,1200.0,ed25519,gossip,direct,shard,nonce_hash_set,5,244.647886,2.048527,2.543175,5,1034.271140,8.029770,9.968678,5,12105426.000000,380999.053206,472996.967151,5,1210.251000,43.486062,53.986422,5,2.000000,0.000000,0.000000,5,2.000000,0.000000,0.000000,5,2.000000,0.000000,0.000000,5,3.000000,0.000000,0.000000,5
memo,1000,262144000,1000,262144000,0.01,16,262144,sharded,150.0,ed25519,gossip,direct,shard,nonce_hash_set,5,1948.968051,16.172459,20.077541,5,129.828709,0.998466,1.239560,5,12105426.000000,380999.053206,472996.967151,5,1210.251000,43.486062,53.986422,5,2.000000,0.000000,0.000000,5,2.000000,0.000000,0.000000,5,2.000000,0.000000,0.000000,5,3.000000,0.000000,0.000000,5
memo,1000,262144000,1000,262144000,0.01,16,262144,sharded,18.75,ed25519,gossip,direct,shard,nonce_hash_set,5,15072.897739,115.292452,143.131538,5,16.787085,0.118485,0.147094,5,12105426.000000,380999.053206,472996.967151,5,1210.251000,43.486062,53.986422,5,2.000000,0.000000,0.000000,5,2.000000,0.000000,0.000000,5,2.000000,0.000000,0.000000,5,3.000000,0.000000,0.000000,5
memo,1000,262144000,1000,262144000,0.01,16,262144,sharded,1.171875,ed25519,gossip,direct,shard,nonce_hash_set,5,136529.616198,733.602392,910.741651,5,1.853259,0.009695,0.012036,5,12105426.000000,380999.053206,472996.967151,5,1210.251000,43.486062,53.986422,5,2.000000,0.000000,0.000000,5,2.000000,0.000000,0.000000,5,2.000000,0.000000,0.000000,5,3.000000,0.000000,0.000000,5
memo,1000,262144000,1000,262144000,0.01,16,262144,sharded,2.34375,ed25519,gossip,direct,shard,nonce_hash_set,5,91574.753035,604.716293,750.734077,5,2.763070,0.017450,0.021664,5,12105426.000000,380999.053206,472996.967151,5,1210.251000,43.486062,53.986422,5,2.000000,0.000000,0.000000,5,2.000000,0.000000,0.000000,5,2.000000,0.000000,0.000000,5,3.000000,0.000000,0.000000,5
memo,1000,262144000,1000,262144000,0.01,16,262144,sharded,300.0,ed25519,gossip,direct,shard,nonce_hash_set,5,976.829250,8.147298,10.114585,5,259.034159,2.002805,2.486412,5,12105426.000000,380999.053206,472996.967151,5,1210.251000,43.486062,53.986422,5,2.000000,0.000000,0.000000,5,2.000000,0.000000,0.000000,5,2.000000,0.000000,0.000000,5,3.000000,0.000000,0.000000,5
memo,1000,262144000,1000,262144000,0.01,16,262144,sharded,37.5,ed25519,gossip,direct,shard,nonce_hash_set,5,7683.878448,61.682512,76.576676,5,32.930135,0.244621,0.303688,5,12105426.000000,380999.053206,472996.967151,5,1210.251000,43.486062,53.986422,5,2.000000,0.000000,0.000000,5,2.000000,0.000000,0.000000,5,2.000000,0.000000,0.000000,5,3.000000,0.000000,0.000000,5
memo,1000,262144000,1000,262144000,0.01,16,262144,sharded,4.6875,ed25519,gossip,direct,shard,nonce_hash_set,5,53627.647402,366.608195,455.131221,5,4.718235,0.030007,0.037252,5,12105426.000000,380999.053206,472996.967151,5,1210.251000,43.486062,53.986422,5,2.000000,0.000000,0.000000,5,2.000000,0.000000,0.000000,5,2.000000,0.000000,0.000000,5,3.000000,0.000000,0.000000,5
memo,1000,262144000,1000,262144000,0.01,16,262144,sharded,600.0,ed25519,gossip,direct,shard,nonce_hash_set,5,489.001929,4.089255,5.076666,5,517.446248,4.011804,4.980515,5,12105426.000000,380999.053206,472996.967151,5,1210.251000,43.486062,53.986422,5,2.000000,0.000000,0.000000,5,2.000000,0.000000,0.000000,5,2.000000,0.000000,0.000000,5,3.000000,0.000000,0.000000,5
memo,1000,262144000,1000,262144000,0.01,16,262144,sharded,75.0,ed25519,gossip,direct,shard,nonce_hash_set,5,3879.215991,31.851412,39.542411,5,65.227544,0.496143,0.615944,5,12105426.000000,380999.053206,472996.967151,5,1210.251000,43.486062,53.986422,5,2.000000,0.000000,0.000000,5,2.000000,0.000000,0.000000,5,2.000000,0.000000,0.000000,5,3.000000,0.000000,0.000000,5
memo,1000,262144000,1000,262144000,0.01,16,262144,sharded,9.375,ed25519,gossip,direct,shard,nonce_hash_set,5,28995.772460,205.374739,254.965538,5,8.726390,0.056885,0.070621,5,12105426.000000,380999.053206,472996.967151,5,1210.251000,43.486062,53.986422,5,2.000000,0.000000,0.000000,5,2.000000,0.000000,0.000000,5,2.000000,0.000000,0.000000,5,3.000000,0.000000,0.000000,5
memo,1000,32768000,1000,32768000,0.01,16,32768,sharded,0.146484375,ed25519,gossip,direct,shard,nonce_hash_set,5,93377.708511,360.069479,447.013634,5,0.338717,0.001259,0.001563,5,12105426.000000,380999.053206,472996.967151,5,1210.251000,43.486062,53.986422,5,2.000000,0.000000,0.000000,5,2.000000,0.000000,0.000000,5,2.000000,0.000000,0.000000,5,3.000000,0.000000,0.000000,5
memo,1000,32768000,1000,32768000,0.01,16,32768,sharded,0.29296875,ed25519,gossip,direct,shard,nonce_hash_set,5,69906.373134,363.115541,450.795213,5,0.452447,0.002221,0.002757,5,12105426.000000,380999.053206,472996.967151,5,1210.251000,43.486062,53.986422,5,2.000000,0.000000,0.000000,5,2.000000,0.000000,0.000000,5,2.000000,0.000000,0.000000,5,3.000000,0.000000,0.000000,5
memo,1000,32768000,1000,32768000,0.01,16,32768,sharded,0.5859375,ed25519,gossip,direct,shard,nonce_hash_set,5,45388.885762,267.459097,332.041092,5,0.696846,0.003775,0.004687,5,12105426.000000,380999.053206,472996.967151,5,1210.251000,43.486062,53.986422,5,2.000000,0.000000,0.000000,5,2.000000,0.000000,0.000000,5,2.000000,0.000000,0.000000,5,3.000000,0.000000,0.000000,5
memo,1000,32768000,1000,32768000,0.01,16,32768,sharded,1200.0,ed25519,gossip,direct,shard,nonce_hash_set,5,30.594744,0.256446,0.318369,5,1033.834739,8.035082,9.975272,5,12105426.000000,380999.053206,472996.967151,5,1210.251000,43.486062,53.986422,5,2.000000,0.000000,0.000000,5,2.000000,0.000000,0.000000,5,2.000000,0.000000,0.000000,5,3.000000,0.000000,0.000000,5
memo,1000,32768000,1000,32768000,0.01,16,32768,sharded,150.0,ed25519,gossip,direct,shard,nonce_hash_set,5,244.452184,2.045307,2.539177,5,129.390963,1.003708,1.246068,5,12105426.000000,380999.053206,472996.967151,5,1210.251000,43.486062,53.986422,5,2.000000,0.000000,0.000000,5,2.000000,0.000000,0.000000,5,2.000000,0.000000,0.000000,5,3.000000,0.000000,0.000000,5
memo,1000,32768000,1000,32768000,0.01,16,32768,sharded,18.75,ed25519,gossip,direct,shard,nonce_hash_set,5,1936.246067,15.968845,19.824761,5,16.335659,0.124795,0.154929,5,12105426.000000,380999.053206,472996.967151,5,1210.251000,43.486062,53.986422,5,2.000000,0.000000,0.000000,5,2.000000,0.000000,0.000000,5,2.000000,0.000000,0.000000,5,3.000000,0.000000,0.000000,5
memo,1000,32768000,1000,32768000,0.01,16,32768,sharded,1.171875,ed25519,gossip,direct,shard,nonce_hash_set,5,26404.623135,171.759858,213.233842,5,1.197867,0.007114,0.008832,5,12105426.000000,380999.053206,472996.967151,5,1210.251000,43.486062,53.986422,5,2.000000,0.000000,0.000000,5,2.000000,0.000000,0.000000,5,2.000000,0.000000,0.000000,5,3.000000,0.000000,0.000000,5
memo,1000,32768000,1000,32768000,0.01,16,32768,sharded,2.34375,ed25519,gossip,direct,shard,nonce_hash_set,5,14341.485784,104.777947,130.078148,5,2.205455,0.014804,0.018379,5,12105426.000000,380999.053206,472996.967151,5,1210.251000,43.486062,53.986422,5,2.000000,0.000000,0.000000,5,2.000000,0.000000,0.000000,5,2.000000,0.000000,0.000000,5,3.000000,0.000000,0.000000,5
memo,1000,32768000,1000,32768000,0.01,16,32768,sharded,300.0,ed25519,gossip,direct,shard,nonce_hash_set,5,122.313417,1.024444,1.271812,5,258.597199,2.008196,2.493105,5,12105426.000000,380999.053206,472996.967151,5,1210.251000,43.486062,53.986422,5,2.000000,0.000000,0.000000,5,2.000000,0.000000,0.000000,5,2.000000,0.000000,0.000000,5,3.000000,0.000000,0.000000,5
memo,1000,32768000,1000,32768000,0.01,16,32768,sharded,37.5,ed25519,gossip,direct,shard,nonce_hash_set,5,973.636375,8.095732,10.050567,5,32.486340,0.250337,0.310785,5,12105426.000000,380999.053206,472996.967151,5,1210.251000,43.486062,53.986422,5,2.000000,0.000000,0.000000,5,2.000000,0.000000,0.000000,5,2.000000,0.000000,0.000000,5,3.000000,0.000000,0.000000,5
memo,1000,32768000,1000,32768000,0.01,16,32768,sharded,4.6875,ed25519,gossip,direct,shard,nonce_hash_set,5,7489.266810,58.705275,72.880540,5,4.223337,0.030567,0.037948,5,12105426.000000,380999.053206,472996.967151,5,1210.251000,43.486062,53.986422,5,2.000000,0.000000,0.000000,5,2.000000,0.000000,0.000000,5,2.000000,0.000000,0.000000,5,3.000000,0.000000,0.000000,5
memo,1000,32768000,1000,32768000,0.01,16,32768,sharded,600.0,ed25519,gossip,direct,shard,nonce_hash_set,5,61.178560,0.512670,0.636462,5,517.009699,4.017167,4.987172,5,12105426.000000,380999.053206,472996.967151,5,1210.251000,43.486062,53.986422,5,2.000000,0.000000,0.000000,5,2.000000,0.000000,0.000000,5,2.000000,0.000000,0.000000,5,3.000000,0.000000,0.000000,5
memo,1000,32768000,1000,32768000,0.01,16,32768,sharded,75.0,ed25519,gossip,direct,shard,nonce_hash_set,5,488.207214,4.076317,5.060605,5,64.787851,0.501462,0.622548,5,12105426.000000,380999.053206,472996.967151,5,1210.251000,43.486062,53.986422,5,2.000000,0.000000,0.000000,5,2.000000,0.000000,0.000000,5,2.000000,0.000000,0.000000,5,3.000000,0.000000,0.000000,5
memo,1000,32768000,1000,32768000,0.01,16,32768,sharded,9.375,ed25519,gossip,direct,shard,nonce_hash_set,5,3829.035977,31.060370,38.560360,5,8.260513,0.062006,0.076978,5,12105426.000000,380999.053206,472996.967151,5,1210.251000,43.486062,53.986422,5,2.000000,0.000000,0.000000,5,2.000000,0.000000,0.000000,5,2.000000,0.000000,0.000000,5,3.000000,0.000000,0.000000,5
memo,1000,4096000,1000,4096000,0.01,16,4096,sharded,0.146484375,ed25519,gossip,direct,shard,nonce_hash_set,5,15301.384707,61.792271,76.712938,5,0.258438,0.000900,0.001118,5,12105426.000000,380999.053206,472996.967151,5,1210.251000,43.486062,53.986422,5,2.000000,0.000000,0.000000,5,2.000000,0.000000,0.000000,5,2.000000,0.000000,0.000000,5,3.000000,0.000000,0.000000,5
memo,1000,4096000,1000,4096000,0.01,16,4096,sharded,0.29296875,ed25519,gossip,direct,shard,nonce_hash_set,5,10287.837115,55.592116,69.015663,5,0.384385,0.001846,0.002292,5,12105426.000000,380999.053206,472996.967151,5,1210.251000,43.486062,53.986422,5,2.000000,0.000000,0.000000,5,2.000000,0.000000,0.000000,5,2.000000,0.000000,0.000000,5,3.000000,0.000000,0.000000,5
memo,1000,4096000,1000,4096000,0.01,16,4096,sharded,0.5859375,ed25519,gossip,direct,shard,nonce_hash_set,5,6211.767998,40.972148,50.865485,5,0.636619,0.003811,0.004731,5,12105426.000000,380999.053206,472996.967151,5,1210.251000,43.486062,53.986422,5,2.000000,0.000000,0.000000,5,2.000000,0.000000,0.000000,5,2.000000,0.000000,0.000000,5,3.000000,0.000000,0.000000,5
memo,1000,4096000,1000,4096000,0.01,16,4096,sharded,1200.0,ed25519,gossip,direct,shard,nonce_hash_set,5,3.825385,0.032068,0.039811,5,1033.781891,8.035704,9.976044,5,12105426.000000,380999.053206,472996.967151,5,1210.251000,43.486062,53.986422,5,2.000000,0.000000,0.000000,5,2.000000,0.000000,0.000000,5,2.000000,0.000000,0.000000,5,3.000000,0.000000,0.000000,5
memo,1000,4096000,1000,4096000,0.01,16,4096,sharded,150.0,ed25519,gossip,direct,shard,nonce_hash_set,5,30.575794,0.256082,0.317917,5,129.338044,1.004370,1.246890,5,12105426.000000,380999.053206,472996.967151,5,1210.251000,43.486062,53.986422,5,2.000000,0.000000,0.000000,5,2.000000,0.000000,0.000000,5,2.000000,0.000000,0.000000,5,3.000000,0.000000,0.000000,5
memo,1000,4096000,1000,4096000,0.01,16,4096,sharded,18.75,ed25519,gossip,direct,shard,nonce_hash_set,5,242.873808,2.019403,2.507018,5,16.282572,0.125448,0.155739,5,12105426.000000,380999.053206,472996.967151,5,1210.251000,43.486062,53.986422,5,2.000000,0.000000,0.000000,5,2.000000,0.000000,0.000000,5,2.000000,0.000000,0.000000,5,3.000000,0.000000,0.000000,5
memo,1000,4096000,1000,4096000,0.01,16,4096,sharded,1.171875,ed25519,gossip,direct,shard,nonce_hash_set,5,3465.068954,25.614575,31.799597,5,1.141266,0.007738,0.009606,5,12105426.000000,380999.053206,472996.967151,5,1210.251000,43.486062,53.986422,5,2.000000,0.000000,0.000000,5,2.000000,0.000000,0.000000,5,2.000000,0.000000,0.000000,5,3.000000,0.000000,0.000000,5
memo,1000,4096000,1000,4096000,0.01,16,4096,sharded,2.34375,ed25519,gossip,direct,shard,nonce_hash_set,5,1838.779312,14.450071,17.939256,5,2.150659,0.015585,0.019348,5,12105426.000000,380999.053206,472996.967151,5,1210.251000,43.486062,53.986422,5,2.000000,0.000000,0.000000,5,2.000000,0.000000,0.000000,5,2.000000,0.000000,0.000000,5,3.000000,0.000000,0.000000,5
memo,1000,4096000,1000,4096000,0.01,16,4096,sharded,300.0,ed25519,gossip,direct,shard,nonce_hash_set,5,15.295690,0.128173,0.159122,5,258.544307,2.008847,2.493913,5,12105426.000000,380999.053206,472996.967151,5,1210.251000,43.486062,53.986422,5,2.000000,0.000000,0.000000,5,2.000000,0.000000,0.000000,5,2.000000,0.000000,0.000000,5,3.000000,0.000000,0.000000,5
memo,1000,4096000,1000,4096000,0.01,16,4096,sharded,37.5,ed25519,gossip,direct,shard,nonce_hash_set,5,121.930416,1.018024,1.263841,5,32.433352,0.251009,0.311619,5,12105426.000000,380999.053206,472996.967151,5,1210.251000,43.486062,53.986422,5,2.000000,0.000000,0.000000,5,2.000000,0.000000,0.000000,5,2.000000,0.000000,0.000000,5,3.000000,0.000000,0.000000,5
memo,1000,4096000,1000,4096000,0.01,16,4096,sharded,4.6875,ed25519,gossip,direct,shard,nonce_hash_set,5,948.460372,7.694435,9.552371,5,4.169494,0.031277,0.038829,5,12105426.000000,380999.053206,472996.967151,5,1210.251000,43.486062,53.986422,5,2.000000,0.000000,0.000000,5,2.000000,0.000000,0.000000,5,2.000000,0.000000,0.000000,5,3.000000,0.000000,0.000000,5
memo,1000,4096000,1000,4096000,0.01,16,4096,sharded,600.0,ed25519,gossip,direct,shard,nonce_hash_set,5,7.649795,0.064119,0.079602,5,516.956834,4.017799,4.987957,5,12105426.000000,380999.053206,472996.967151,5,1210.251000,43.486062,53.986422,5,2.000000,0.000000,0.000000,5,2.000000,0.000000,0.000000,5,2.000000,0.000000,0.000000,5,3.000000,0.000000,0.000000,5
memo,1000,4096000,1000,4096000,0.01,16,4096,sharded,75.0,ed25519,gossip,direct,shard,nonce_hash_set,5,61.089337,0.511111,0.634526,5,64.734914,0.502130,0.623377,5,12105426.000000,380999.053206,472996.967151,5,1210.251000,43.486062,53.986422,5,2.000000,0.000000,0.000000,5,2.000000,0.000000,0.000000,5,2.000000,0.000000,0.000000,5,3.000000,0.000000,0.000000,5
memo,1000,4096000,1000,4096000,0.01,16,4096,sharded,9.375,ed25519,gossip,direct,shard,nonce_hash_set,5,481.847029,3.973413,4.932853,5,8.207183,0.062667,0.077799,5,12105426.000000,380999.053206,472996.967151,5,1210.251000,43.486062,53.986422,5,2.000000,0.000000,0.000000,5,2.000000,0.000000,0.000000,5,2.000000,0.000000,0.000000,5,3.000000,0.000000,0.000000,5
memo,1000,524288000,1000,524288000,0.01,16,524288,sharded,0.146484375,ed25519,gossip,direct,shard,nonce_hash_set,5,252386.695382,254.010584,315.345234,5,2.005008,0.001262,0.001567,5,12105426.000000,380999.053206,472996.967151,5,1210.251000,43.486062,53.986422,5,2.000000,0.000000,0.000000,5,2.000000,0.000000,0.000000,5,2.000000,0.000000,0.000000,5,3.000000,0.000000,0.000000,5
memo,1000,524288000,1000,524288000,0.01,16,524288,sharded,0.29296875,ed25519,gossip,direct,shard,nonce_hash_set,5,239333.257290,345.585997,429.032899,5,2.114365,0.002461,0.003055,5,12105426.000000,380999.053206,472996.967151,5,1210.251000,43.486062,53.986422,5,2.000000,0.000000,0.000000,5,2.000000,0.000000,0.000000,5,2.000000,0.000000,0.000000,5,3.000000,0.000000,0.000000,5
memo,1000,524288000,1000,524288000,0.01,16,524288,sharded,0.5859375,ed25519,gossip,direct,shard,nonce_hash_set,5,216897.630678,498.863434,619.321464,5,2.333078,0.004876,0.006054,5,12105426.000000,380999.053206,472996.967151,5,1210.251000,43.486062,53.986422,5,2.000000,0.000000,0.000000,5,2.000000,0.000000,0.000000,5,2.000000,0.000000,0.000000,5,3.000000,0.000000,0.000000,5
memo,1000,524288000,1000,524288000,0.01,16,524288,sharded,1200.0,ed25519,gossip,direct,shard,nonce_hash_set,5,489.029849,4.089683,5.077199,5,1034.831371,8.023554,9.960961,5,12105426.000000,380999.053206,472996.967151,5,1210.251000,43.486062,53.986422,5,2.000000,0.000000,0.000000,5,2.000000,0.000000,0.000000,5,2.000000,0.000000,0.000000,5,3.000000,0.000000,0.000000,5
memo,1000,524288000,1000,524288000,0.01,16,524288,sharded,150.0,ed25519,gossip,direct,shard,nonce_hash_set,5,3881.026868,31.878275,39.575760,5,130.393965,0.992229,1.231818,5,12105426.000000,380999.053206,472996.967151,5,1210.251000,43.486062,53.986422,5,2.000000,0.000000,0.000000,5,2.000000,0.000000,0.000000,5,2.000000,0.000000,0.000000,5,3.000000,0.000000,0.000000,5
memo,1000,524288000,1000,524288000,0.01,16,524288,sharded,18.75,ed25519,gossip,direct,shard,nonce_hash_set,5,29097.608000,206.649670,256.548320,5,17.391669,0.113707,0.141163,5,12105426.000000,380999.053206,472996.967151,5,1210.251000,43.486062,53.986422,5,2.000000,0.000000,0.000000,5,2.000000,0.000000,0.000000,5,2.000000,0.000000,0.000000,5,3.000000,0.000000,0.000000,5
memo,1000,524288000,1000,524288000,0.01,16,524288,sharded,1.171875,ed25519,gossip,direct,shard,nonce_hash_set,5,182653.520557,670.983035,833.001914,5,2.770504,0.009717,0.012063,5,12105426.000000,380999.053206,472996.967151,5,1210.251000,43.486062,53.986422,5,2.000000,0.000000,0.000000,5,2.000000,0.000000,0.000000,5,2.000000,0.000000,0.000000,5,3.000000,0.000000,0.000000,5
memo,1000,524288000,1000,524288000,0.01,16,524288,sharded,2.34375,ed25519,gossip,direct,shard,nonce_hash_set,5,138815.761336,755.559472,938.000595,5,3.645471,0.019333,0.024001,5,12105426.000000,380999.053206,472996.967151,5,1210.251000,43.486062,53.986422,5,2.000000,0.000000,0.000000,5,2.000000,0.000000,0.000000,5,2.000000,0.000000,0.000000,5,3.000000,0.000000,0.000000,5
memo,1000,524288000,1000,524288000,0.01,16,524288,sharded,300.0,ed25519,gossip,direct,shard,nonce_hash_set,5,1949.423135,16.179303,20.086038,5,259.596295,1.996877,2.479052,5,12105426.000000,380999.053206,472996.967151,5,1210.251000,43.486062,53.986422,5,2.000000,0.000000,0.000000,5,2.000000,0.000000,0.000000,5,2.000000,0.000000,0.000000,5,3.000000,0.000000,0.000000,5
memo,1000,524288000,1000,524288000,0.01,16,524288,sharded,37.5,ed25519,gossip,direct,shard,nonce_hash_set,5,15100.358125,115.668238,143.598063,5,33.513052,0.236911,0.294117,5,12105426.000000,380999.053206,472996.967151,5,1210.251000,43.486062,53.986422,5,2.000000,0.000000,0.000000,5,2.000000,0.000000,0.000000,5,2.000000,0.000000,0.000000,5,3.000000,0.000000,0.000000,5
memo,1000,524288000,1000,524288000,0.01,16,524288,sharded,4.6875,ed25519,gossip,direct,shard,nonce_hash_set,5,92597.937745,616.741724,765.663228,5,5.465071,0.034831,0.043242,5,12105426.000000,380999.053206,472996.967151,5,1210.251000,43.486062,53.986422,5,2.000000,0.000000,0.000000,5,2.000000,0.000000,0.000000,5,2.000000,0.000000,0.000000,5,3.000000,0.000000,0.000000,5
memo,1000,524288000,1000,524288000,0.01,16,524288,sharded,600.0,ed25519,gossip,direct,shard,nonce_hash_set,5,976.942594,8.149020,10.116722,5,518.007193,4.005554,4.972755,5,12105426.000000,380999.053206,472996.967151,5,1210.251000,43.486062,53.986422,5,2.000000,0.000000,0.000000,5,2.000000,0.000000,0.000000,5,2.000000,0.000000,0.000000,5,3.000000,0.000000,0.000000,5
memo,1000,524288000,1000,524288000,0.01,16,524288,sharded,75.0,ed25519,gossip,direct,shard,nonce_hash_set,5,7691.001402,61.785457,76.704479,5,65.799150,0.489186,0.607307,5,12105426.000000,380999.053206,472996.967151,5,1210.251000,43.486062,53.986422,5,2.000000,0.000000,0.000000,5,2.000000,0.000000,0.000000,5,2.000000,0.000000,0.000000,5,3.000000,0.000000,0.000000,5
memo,1000,524288000,1000,524288000,0.01,16,524288,sharded,9.375,ed25519,gossip,direct,shard,nonce_hash_set,5,53977.040791,370.787513,460.319697,5,9.375373,0.059939,0.074412,5,12105426.000000,380999.053206,472996.967151,5,1210.251000,43.486062,53.986422,5,2.000000,0.000000,0.000000,5,2.000000,0.000000,0.000000,5,2.000000,0.000000,0.000000,5,3.000000,0.000000,0.000000,5
memo,1000,65536000,1000,65536000,0.01,16,65536,sharded,0.146484375,ed25519,gossip,direct,shard,nonce_hash_set,5,142450.514177,428.854758,532.408147,5,0.444056,0.001263,0.001568,5,12105426.000000,380999.053206,472996.967151,5,1210.251000,43.486062,53.986422,5,2.000000,0.000000,0.000000,5,2.000000,0.000000,0.000000,5,2.000000,0.000000,0.000000,5,3.000000,0.000000,0.000000,5
memo,1000,65536000,1000,65536000,0.01,16,65536,sharded,0.29296875,ed25519,gossip,direct,shard,nonce_hash_set,5,114299.812614,524.642905,651.325774,5,0.553426,0.002462,0.003056,5,12105426.000000,380999.053206,472996.967151,5,1210.251000,43.486062,53.986422,5,2.000000,0.000000,0.000000,5,2.000000,0.000000,0.000000,5,2.000000,0.000000,0.000000,5,3.000000,0.000000,0.000000,5
memo,1000,65536000,1000,65536000,0.01,16,65536,sharded,0.5859375,ed25519,gossip,direct,shard,nonce_hash_set,5,81007.044882,479.315134,595.052934,5,0.780885,0.004396,0.005457,5,12105426.000000,380999.053206,472996.967151,5,1210.251000,43.486062,53.986422,5,2.000000,0.000000,0.000000,5,2.000000,0.000000,0.000000,5,2.000000,0.000000,0.000000,5,3.000000,0.000000,0.000000,5
memo,1000,65536000,1000,65536000,0.01,16,65536,sharded,1200.0,ed25519,gossip,direct,shard,nonce_hash_set,5,61.184931,0.512781,0.636600,5,1033.895389,8.034352,9.974366,5,12105426.000000,380999.053206,472996.967151,5,1210.251000,43.486062,53.986422,5,2.000000,0.000000,0.000000,5,2.000000,0.000000,0.000000,5,2.000000,0.000000,0.000000,5,3.000000,0.000000,0.000000,5
memo,1000,65536000,1000,65536000,0.01,16,65536,sharded,150.0,ed25519,gossip,direct,shard,nonce_hash_set,5,488.667219,4.083809,5.069906,5,129.451693,1.002942,1.245117,5,12105426.000000,380999.053206,472996.967151,5,1210.251000,43.486062,53.986422,5,2.000000,0.000000,0.000000,5,2.000000,0.000000,0.000000,5,2.000000,0.000000,0.000000,5,3.000000,0.000000,0.000000,5
memo,1000,65536000,1000,65536000,0.01,16,65536,sharded,18.75,ed25519,gossip,direct,shard,nonce_hash_set,5,3857.936459,31.515178,39.124989,5,16.397017,0.124027,0.153976,5,12105426.000000,380999.053206,472996.967151,5,1210.251000,43.486062,53.986422,5,2.000000,0.000000,0.000000,5,2.000000,0.000000,0.000000,5,2.000000,0.000000,0.000000,5,3.000000,0.000000,0.000000,5
memo,1000,65536000,1000,65536000,0.01,16,65536,sharded,1.171875,ed25519,gossip,direct,shard,nonce_hash_set,5,49821.425195,318.918538,395.926184,5,1.269683,0.007523,0.009340,5,12105426.000000,380999.053206,472996.967151,5,1210.251000,43.486062,53.986422,5,2.000000,0.000000,0.000000,5,2.000000,0.000000,0.000000,5,2.000000,0.000000,0.000000,5,3.000000,0.000000,0.000000,5
memo,1000,65536000,1000,65536000,0.01,16,65536,sharded,2.34375,ed25519,gossip,direct,shard,nonce_hash_set,5,27845.651481,190.104060,236.007525,5,2.271726,0.014225,0.017660,5,12105426.000000,380999.053206,472996.967151,5,1210.251000,43.486062,53.986422,5,2.000000,0.000000,0.000000,5,2.000000,0.000000,0.000000,5,2.000000,0.000000,0.000000,5,3.000000,0.000000,0.000000,5
memo,1000,65536000,1000,65536000,0.01,16,65536,sharded,300.0,ed25519,gossip,direct,shard,nonce_hash_set,5,244.565528,2.047173,2.541494,5,258.657916,2.007433,2.492158,5,12105426.000000,380999.053206,472996.967151,5,1210.251000,43.486062,53.986422,5,2.000000,0.000000,0.000000,5,2.000000,0.000000,0.000000,5,2.000000,0.000000,0.000000,5,3.000000,0.000000,0.000000,5
memo,1000,65536000,1000,65536000,0.01,16,65536,sharded,37.5,ed25519,gossip,direct,shard,nonce_hash_set,5,1943.593412,16.086388,19.970687,5,32.547308,0.249607,0.309879,5,12105426.000000,380999.053206,472996.967151,5,1210.251000,43.486062,53.986422,5,2.000000,0.000000,0.000000,5,2.000000,0.000000,0.000000,5,2.000000,0.000000,0.000000,5,3.000000,0.000000,0.000000,5
memo,1000,65536000,1000,65536000,0.01,16,65536,sharded,4.6875,ed25519,gossip,direct,shard,nonce_hash_set,5,14756.148267,110.683633,137.409850,5,4.286901,0.029617,0.036769,5,12105426.000000,380999.053206,472996.967151,5,1210.251000,43.486062,53.986422,5,2.000000,0.000000,0.000000,5,2.000000,0.000000,0.000000,5,2.000000,0.000000,0.000000,5,3.000000,0.000000,0.000000,5
memo,1000,65536000,1000,65536000,0.01,16,65536,sharded,600.0,ed25519,gossip,direct,shard,nonce_hash_set,5,122.340820,1.024905,1.272383,5,517.070389,4.016409,4.986231,5,12105426.000000,380999.053206,472996.967151,5,1210.251000,43.486062,53.986422,5,2.000000,0.000000,0.000000,5,2.000000,0.000000,0.000000,5,2.000000,0.000000,0.000000,5,3.000000,0.000000,0.000000,5
memo,1000,65536000,1000,65536000,0.01,16,65536,sharded,75.0,ed25519,gossip,direct,shard,nonce_hash_set,5,975.483014,8.125562,10.087601,5,64.848671,0.500692,0.621591,5,12105426.000000,380999.053206,472996.967151,5,1210.251000,43.486062,53.986422,5,2.000000,0.000000,0.000000,5,2.000000,0.000000,0.000000,5,2.000000,0.000000,0.000000,5,3.000000,0.000000,0.000000,5
memo,1000,65536000,1000,65536000,0.01,16,65536,sharded,9.375,ed25519,gossip,direct,shard,nonce_hash_set,5,7600.748223,60.403470,74.988791,5,8.322664,0.061148,0.075913,5,12105426.000000,380999.053206,472996.967151,5,1210.251000,43.486062,53.986422,5,2.000000,0.000000,0.000000,5,2.000000,0.000000,0.000000,5,2.000000,0.000000,0.000000,5,3.000000,0.000000,0.000000,5
memo,1000,8192000,1000,8192000,0.01,16,8192,sharded,0.146484375,ed25519,gossip,direct,shard,nonce_hash_set,5,29581.631611,121.003834,150.222017,5,0.267325,0.000971,0.001206,5,12105426.000000,380999.053206,472996.967151,5,1210.251000,43.486062,53.986422,5,2.000000,0.000000,0.000000,5,2.000000,0.000000,0.000000,5,2.000000,0.000000,0.000000,5,3.000000,0.000000,0.000000,5
memo,1000,8192000,1000,8192000,0.01,16,8192,sharded,0.29296875,ed25519,gossip,direct,shard,nonce_hash_set,5,20143.583022,102.917364,127.768299,5,0.392580,0.001784,0.002215,5,12105426.000000,380999.053206,472996.967151,5,1210.251000,43.486062,53.986422,5,2.000000,0.000000,0.000000,5,2.000000,0.000000,0.000000,5,2.000000,0.000000,0.000000,5,3.000000,0.000000,0.000000,5
memo,1000,8192000,1000,8192000,0.01,16,8192,sharded,0.5859375,ed25519,gossip,direct,shard,nonce_hash_set,5,12270.496219,77.710955,96.475427,5,0.644476,0.003696,0.004588,5,12105426.000000,380999.053206,472996.967151,5,1210.251000,43.486062,53.986422,5,2.000000,0.000000,0.000000,5,2.000000,0.000000,0.000000,5,2.000000,0.000000,0.000000,5,3.000000,0.000000,0.000000,5
memo,1000,8192000,1000,8192000,0.01,16,8192,sharded,1200.0,ed25519,gossip,direct,shard,nonce_hash_set,5,7.649747,0.064127,0.079611,5,1033.789378,8.035616,9.975936,5,12105426.000000,380999.053206,472996.967151,5,1210.251000,43.486062,53.986422,5,2.000000,0.000000,0.000000,5,2.000000,0.000000,0.000000,5,2.000000,0.000000,0.000000,5,3.000000,0.000000,0.000000,5
memo,1000,8192000,1000,8192000,0.01,16,8192,sharded,150.0,ed25519,gossip,direct,shard,nonce_hash_set,5,61.140313,0.512001,0.635632,5,129.345537,1.004279,1.246777,5,12105426.000000,380999.053206,472996.967151,5,1210.251000,43.486062,53.986422,5,2.000000,0.000000,0.000000,5,2.000000,0.000000,0.000000,5,2.000000,0.000000,0.000000,5,3.000000,0.000000,0.000000,5
memo,1000,8192000,1000,8192000,0.01,16,8192,sharded,18.75,ed25519,gossip,direct,shard,nonce_hash_set,5,485.462437,4.031753,5.005279,5,16.290075,0.125353,0.155621,5,12105426.000000,380999.053206,472996.967151,5,1210.251000,43.486062,53.986422,5,2.000000,0.000000,0.000000,5,2.000000,0.000000,0.000000,5,2.000000,0.000000,0.000000,5,3.000000,0.000000,0.000000,5
memo,1000,8192000,1000,8192000,0.01,16,8192,sharded,1.171875,ed25519,gossip,direct,shard,nonce_hash_set,5,6882.930247,49.892653,61.939980,5,1.148947,0.007632,0.009475,5,12105426.000000,380999.053206,472996.967151,5,1210.251000,43.486062,53.986422,5,2.000000,0.000000,0.000000,5,2.000000,0.000000,0.000000,5,2.000000,0.000000,0.000000,5,3.000000,0.000000,0.000000,5
memo,1000,8192000,1000,8192000,0.01,16,8192,sharded,2.34375,ed25519,gossip,direct,shard,nonce_hash_set,5,3664.173729,28.528974,35.417721,5,2.158241,0.015490,0.019230,5,12105426.000000,380999.053206,472996.967151,5,1210.251000,43.486062,53.986422,5,2.000000,0.000000,0.000000,5,2.000000,0.000000,0.000000,5,2.000000,0.000000,0.000000,5,3.000000,0.000000,0.000000,5
memo,1000,8192000,1000,8192000,0.01,16,8192,sharded,300.0,ed25519,gossip,direct,shard,nonce_hash_set,5,30.586626,0.256290,0.318175,5,258.551797,2.008757,2.493802,5,12105426.000000,380999.053206,472996.967151,5,1210.251000,43.486062,53.986422,5,2.000000,0.000000,0.000000,5,2.000000,0.000000,0.000000,5,2.000000,0.000000,0.000000,5,3.000000,0.000000,0.000000,5
memo,1000,8192000,1000,8192000,0.01,16,8192,sharded,37.5,ed25519,gossip,direct,shard,nonce_hash_set,5,243.773602,2.034151,2.525327,5,32.440853,0.250914,0.311501,5,12105426.000000,380999.053206,472996.967151,5,1210.251000,43.486062,53.986422,5,2.000000,0.000000,0.000000,5,2.000000,0.000000,0.000000,5,2.000000,0.000000,0.000000,5,3.000000,0.000000,0.000000,5
memo,1000,8192000,1000,8192000,0.01,16,8192,sharded,4.6875,ed25519,gossip,direct,shard,nonce_hash_set,5,1893.259620,15.289742,18.981679,5,4.177027,0.031186,0.038717,5,12105426.000000,380999.053206,472996.967151,5,1210.251000,43.486062,53.986422,5,2.000000,0.000000,0.000000,5,2.000000,0.000000,0.000000,5,2.000000,0.000000,0.000000,5,3.000000,0.000000,0.000000,5
memo,1000,8192000,1000,8192000,0.01,16,8192,sharded,600.0,ed25519,gossip,direct,shard,nonce_hash_set,5,15.297434,0.128217,0.159177,5,516.964323,4.017711,4.987847,5,12105426.000000,380999.053206,472996.967151,5,1210.251000,43.486062,53.986422,5,2.000000,0.000000,0.000000,5,2.000000,0.000000,0.000000,5,2.000000,0.000000,0.000000,5,3.000000,0.000000,0.000000,5
memo,1000,8192000,1000,8192000,0.01,16,8192,sharded,75.0,ed25519,gossip,direct,shard,nonce_hash_set,5,122.149073,1.021687,1.268389,5,64.742412,0.502036,0.623260,5,12105426.000000,380999.053206,472996.967151,5,1210.251000,43.486062,53.986422,5,2.000000,0.000000,0.000000,5,2.000000,0.000000,0.000000,5,2.000000,0.000000,0.000000,5,3.000000,0.000000,0.000000,5
memo,1000,8192000,1000,8192000,0.01,16,8192,sharded,9.375,ed25519,gossip,direct,shard,nonce_hash_set,5,962.690574,7.920029,9.832438,5,8.214697,0.062572,0.077680,5,12105426.000000,380999.053206,472996.967151,5,1210.251000,43.486062,53.986422,5,2.000000,0.000000,0.000000,5,2.000000,0.000000,0.000000,5,2.000000,0.000000,0.000000,5,3.000000,0.000000,0.000000,5
memo,1000,1024000,1000,1024000,0.01,1,1024,conventional,0.146484375,ed25519,gossip,direct,shard,nonce_hash_set,5,3534.602953,44.896128,55.736968,5,0.290028,0.003680,0.004568,5,12184340.000000,676192.619007,839469.429934,5,1200.374000,62.666810,77.798648,5,2.000000,0.000000,0.000000,5,2.000000,0.000000,0.000000,5,2.000000,0.000000,0.000000,5,3.000000,0.000000,0.000000,5
memo,1000,1024000,1000,1024000,0.01,1,1024,conventional,0.29296875,ed25519,gossip,direct,shard,nonce_hash_set,5,2349.576947,40.448617,50.215540,5,0.436352,0.007495,0.009304,5,12184340.000000,676192.619007,839469.429934,5,1200.374000,62.666810,77.798648,5,2.000000,0.000000,0.000000,5,2.000000,0.000000,0.000000,5,2.000000,0.000000,0.000000,5,3.000000,0.000000,0.000000,5
memo,1000,1024000,1000,1024000,0.01,1,1024,conventional,0.5859375,ed25519,gossip,direct,shard,nonce_hash_set,5,1406.520185,29.283035,36.353861,5,0.729001,0.015128,0.018781,5,12184340.000000,676192.619007,839469.429934,5,1200.374000,62.666810,77.798648,5,2.000000,0.000000,0.000000,5,2.000000,0.000000,0.000000,5,2.000000,0.000000,0.000000,5,3.000000,0.000000,0.000000,5
memo,1000,1024000,1000,1024000,0.01,1,1024,conventional,1200.0,ed25519,gossip,direct,shard,nonce_hash_set,5,0.855466,0.022420,0.027833,5,1198.833440,31.271291,38.822212,5,12184340.000000,676192.619007,839469.429934,5,1200.374000,62.666810,77.798648,5,2.000000,0.000000,0.000000,5,2.000000,0.000000,0.000000,5,2.000000,0.000000,0.000000,5,3.000000,0.000000,0.000000,5
memo,1000,1024000,1000,1024000,0.01,1,1024,conventional,150.0,ed25519,gossip,direct,shard,nonce_hash_set,5,6.837981,0.179051,0.222285,5,149.979920,3.908787,4.852622,5,12184340.000000,676192.619007,839469.429934,5,1200.374000,62.666810,77.798648,5,2.000000,0.000000,0.000000,5,2.000000,0.000000,0.000000,5,2.000000,0.000000,0.000000,5,3.000000,0.000000,0.000000,5
memo,1000,1024000,1000,1024000,0.01,1,1024,conventional,18.75,ed25519,gossip,direct,shard,nonce_hash_set,5,54.338980,1.412944,1.754120,5,18.873230,0.488474,0.606423,5,12184340.000000,676192.619007,839469.429934,5,1200.374000,62.666810,77.798648,5,2.000000,0.000000,0.000000,5,2.000000,0.000000,0.000000,5,2.000000,0.000000,0.000000,5,3.000000,0.000000,0.000000,5
memo,1000,1024000,1000,1024000,0.01,1,1024,conventional,1.171875,ed25519,gossip,direct,shard,nonce_hash_set,5,780.218830,18.115157,22.489332,5,1.314299,0.030397,0.037737,5,12184340.000000,676192.619007,839469.429934,5,1200.374000,62.666810,77.798648,5,2.000000,0.000000,0.000000,5,2.000000,0.000000,0.000000,5,2.000000,0.000000,0.000000,5,3.000000,0.000000,0.000000,5
memo,1000,1024000,1000,1024000,0.01,1,1024,conventional,2.34375,ed25519,gossip,direct,shard,nonce_hash_set,5,412.691809,10.163461,12.617580,5,2.484894,0.060935,0.075649,5,12184340.000000,676192.619007,839469.429934,5,1200.374000,62.666810,77.798648,5,2.000000,0.000000,0.000000,5,2.000000,0.000000,0.000000,5,2.000000,0.000000,0.000000,5,3.000000,0.000000,0.000000,5
memo,1000,1024000,1000,1024000,0.01,1,1024,conventional,300.0,ed25519,gossip,direct,shard,nonce_hash_set,5,3.420631,0.089613,0.111252,5,299.816137,7.817716,9.705421,5,12184340.000000,676192.619007,839469.429934,5,1200.374000,62.666810,77.798648,5,2.000000,0.000000,0.000000,5,2.000000,0.000000,0.000000,5,2.000000,0.000000,0.000000,5,3.000000,0.000000,0.000000,5
memo,1000,1024000,1000,1024000,0.01,1,1024,conventional,37.5,ed25519,gossip,direct,shard,nonce_hash_set,5,27.273439,0.712009,0.883934,5,37.602757,0.977090,1.213023,5,12184340.000000,676192.619007,839469.429934,5,1200.374000,62.666810,77.798648,5,2.000000,0.000000,0.000000,5,2.000000,0.000000,0.000000,5,2.000000,0.000000,0.000000,5,3.000000,0.000000,0.000000,5
memo,1000,1024000,1000,1024000,0.01,1,1024,conventional,4.6875,ed25519,gossip,direct,shard,nonce_hash_set,5,212.496611,5.396424,6.699471,5,4.826085,0.122012,0.151473,5,12184340.000000,676192.619007,839469.429934,5,1200.374000,62.666810,77.798648,5,2.000000,0.000000,0.000000,5,2.000000,0.000000,0.000000,5,2.000000,0.000000,0.000000,5,3.000000,0.000000,0.000000,5
memo,1000,1024000,1000,1024000,0.01,1,1024,conventional,600.0,ed25519,gossip,direct,shard,nonce_hash_set,5,1.710726,0.044829,0.055653,5,599.488571,15.635575,19.411018,5,12184340.000000,676192.619007,839469.429934,5,1200.374000,62.666810,77.798648,5,2.000000,0.000000,0.000000,5,2.000000,0.000000,0.000000,5,2.000000,0.000000,0.000000,5,3.000000,0.000000,0.000000,5
memo,1000,1024000,1000,1024000,0.01,1,1024,conventional,75.0,ed25519,gossip,direct,shard,nonce_hash_set,5,13.662856,0.357401,0.443700,5,75.061812,1.954322,2.426223,5,12184340.000000,676192.619007,839469.429934,5,1200.374000,62.666810,77.798648,5,2.000000,0.000000,0.000000,5,2.000000,0.000000,0.000000,5,2.000000,0.000000,0.000000,5,3.000000,0.000000,0.000000,5
memo,1000,1024000,1000,1024000,0.01,1,1024,conventional,9.375,ed25519,gossip,direct,shard,nonce_hash_set,5,107.855815,2.782352,3.454193,5,9.508467,0.244166,0.303123,5,12184340.000000,676192.619007,839469.429934,5,1200.374000,62.666810,77.798648,5,2.000000,0.000000,0.000000,5,2.000000,0.000000,0.000000,5,2.000000,0.000000,0.000000,5,3.000000,0.000000,0.000000,5
memo,1000,131072000,1000,131072000,0.01,1,131072,conventional,0.146484375,ed25519,gossip,direct,shard,nonce_hash_set,5,19224.884663,10.376504,12.882067,5,6.817884,0.003680,0.004568,5,12184340.000000,676192.619007,839469.429934,5,1200.374000,62.666810,77.798648,5,2.000000,0.000000,0.000000,5,2.000000,0.000000,0.000000,5,2.000000,0.000000,0.000000,5,3.000000,0.000000,0.000000,5
memo,1000,131072000,1000,131072000,0.01,1,131072,conventional,0.29296875,ed25519,gossip,direct,shard,nonce_hash_set,5,18820.965182,20.257204,25.148609,5,6.964208,0.007495,0.009304,5,12184340.000000,676192.619007,839469.429934,5,1200.374000,62.666810,77.798648,5,2.000000,0.000000,0.000000,5,2.000000,0.000000,0.000000,5,2.000000,0.000000,0.000000,5,3.000000,0.000000,0.000000,5
memo,1000,131072000,1000,131072000,0.01,1,131072,conventional,0.5859375,ed25519,gossip,direct,shard,nonce_hash_set,5,18062.014089,37.664716,46.759424,5,7.256857,0.015128,0.018781,5,12184340.000000,676192.619007,839469.429934,5,1200.374000,62.666810,77.798648,5,2.000000,0.000000,0.000000,5,2.000000,0.000000,0.000000,5,2.000000,0.000000,0.000000,5,3.000000,0.000000,0.000000,5
memo,1000,131072000,1000,131072000,0.01,1,131072,conventional,1200.0,ed25519,gossip,direct,shard,nonce_hash_set,5,108.800521,2.835894,3.520664,5,1205.361296,31.271291,38.822212,5,12184340.000000,676192.619007,839469.429934,5,1200.374000,62.666810,77.798648,5,2.000000,0.000000,0.000000,5,2.000000,0.000000,0.000000,5,2.000000,0.000000,0.000000,5,3.000000,0.000000,0.000000,5
memo,1000,131072000,1000,131072000,0.01,1,131072,conventional,150.0,ed25519,gossip,direct,shard,nonce_hash_set,5,837.905492,21.020803,26.096591,5,156.507776,3.908787,4.852622,5,12184340.000000,676192.619007,839469.429934,5,1200.374000,62.666810,77.798648,5,2.000000,0.000000,0.000000,5,2.000000,0.000000,0.000000,5,2.000000,0.000000,0.000000,5,3.000000,0.000000,0.000000,5
memo,1000,131072000,1000,131072000,0.01,1,131072,conventional,18.75,ed25519,gossip,direct,shard,nonce_hash_set,5,5161.665736,99.597442,123.646733,5,25.401087,0.488474,0.606423,5,12184340.000000,676192.619007,839469.429934,5,1200.374000,62.666810,77.798648,5,2.000000,0.000000,0.000000,5,2.000000,0.000000,0.000000,5,2.000000,0.000000,0.000000,5,3.000000,0.000000,0.000000,5
memo,1000,131072000,1000,131072000,0.01,1,131072,conventional,1.171875,ed25519,gossip,direct,shard,nonce_hash_set,5,16714.102020,64.824797,80.477712,5,7.842155,0.030397,0.037737,5,12184340.000000,676192.619007,839469.429934,5,1200.374000,62.666810,77.798648,5,2.000000,0.000000,0.000000,5,2.000000,0.000000,0.000000,5,2.000000,0.000000,0.000000,5,3.000000,0.000000,0.000000,5
memo,1000,131072000,1000,131072000,0.01,1,131072,conventional,2.34375,ed25519,gossip,direct,shard,nonce_hash_set,5,14543.595929,98.438487,122.207930,5,9.012750,0.060935,0.075649,5,12184340.000000,676192.619007,839469.429934,5,1200.374000,62.666810,77.798648,5,2.000000,0.000000,0.000000,5,2.000000,0.000000,0.000000,5,2.000000,0.000000,0.000000,5,3.000000,0.000000,0.000000,5
memo,1000,131072000,1000,131072000,0.01,1,131072,conventional,300.0,ed25519,gossip,direct,shard,nonce_hash_set,5,428.086181,10.974788,13.624815,5,306.343994,7.817716,9.705421,5,12184340.000000,676192.619007,839469.429934,5,1200.374000,62.666810,77.798648,5,2.000000,0.000000,0.000000,5,2.000000,0.000000,0.000000,5,2.000000,0.000000,0.000000,5,3.000000,0.000000,0.000000,5
memo,1000,131072000,1000,131072000,0.01,1,131072,conventional,37.5,ed25519,gossip,direct,shard,nonce_hash_set,5,2971.284811,66.046350,81.994227,5,44.130614,0.977090,1.213023,5,12184340.000000,676192.619007,839469.429934,5,1200.374000,62.666810,77.798648,5,2.000000,0.000000,0.000000,5,2.000000,0.000000,0.000000,5,2.000000,0.000000,0.000000,5,3.000000,0.000000,0.000000,5
memo,1000,131072000,1000,131072000,0.01,1,131072,conventional,4.6875,ed25519,gossip,direct,shard,nonce_hash_set,5,11545.341819,124.294795,154.307630,5,11.353941,0.122012,0.151473,5,12184340.000000,676192.619007,839469.429934,5,1200.374000,62.666810,77.798648,5,2.000000,0.000000,0.000000,5,2.000000,0.000000,0.000000,5,2.000000,0.000000,0.000000,5,3.000000,0.000000,0.000000,5
memo,1000,131072000,1000,131072000,0.01,1,131072,conventional,600.0,ed25519,gossip,direct,shard,nonce_hash_set,5,216.401981,5.609304,6.963755,5,606.016428,15.635575,19.411018,5,12184340.000000,676192.619007,839469.429934,5,1200.374000,62.666810,77.798648,5,2.000000,0.000000,0.000000,5,2.000000,0.000000,0.000000,5,2.000000,0.000000,0.000000,5,3.000000,0.000000,0.000000,5
memo,1000,131072000,1000,131072000,0.01,1,131072,conventional,75.0,ed25519,gossip,direct,shard,nonce_hash_set,5,1607.230988,38.663499,47.999379,5,81.589668,1.954322,2.426223,5,12184340.000000,676192.619007,839469.429934,5,1200.374000,62.666810,77.798648,5,2.000000,0.000000,0.000000,5,2.000000,0.000000,0.000000,5,2.000000,0.000000,0.000000,5,3.000000,0.000000,0.000000,5
memo,1000,131072000,1000,131072000,0.01,1,131072,conventional,9.375,ed25519,gossip,direct,shard,nonce_hash_set,5,8175.027197,124.799840,154.934626,5,16.036323,0.244166,0.303123,5,12184340.000000,676192.619007,839469.429934,5,1200.374000,62.666810,77.798648,5,2.000000,0.000000,0.000000,5,2.000000,0.000000,0.000000,5,2.000000,0.000000,0.000000,5,3.000000,0.000000,0.000000,5
memo,1000,16384000,1000,16384000,0.01,1,16384,conventional,0.146484375,ed25519,gossip,direct,shard,nonce_hash_set,5,15452.657710,53.641414,66.593935,5,1.060346,0.003680,0.004568,5,12184340.000000,676192.619007,839469.429934,5,1200.374000,62.666810,77.798648,5,2.000000,0.000000,0.000000,5,2.000000,0.000000,0.000000,5,2.000000,0.000000,0.000000,5,3.000000,0.000000,0.000000,5
memo,1000,16384000,1000,16384000,0.01,1,16384,conventional,0.29296875,ed25519,gossip,direct,shard,nonce_hash_set,5,13579.110609,84.407215,104.788598,5,1.206670,0.007495,0.009304,5,12184340.000000,676192.619007,839469.429934,5,1200.374000,62.666810,77.798648,5,2.000000,0.000000,0.000000,5,2.000000,0.000000,0.000000,5,2.000000,0.000000,0.000000,5,3.000000,0.000000,0.000000,5
memo,1000,16384000,1000,16384000,0.01,1,16384,conventional,0.5859375,ed25519,gossip,direct,shard,nonce_hash_set,5,10929.186907,110.443560,137.111808,5,1.499319,0.015128,0.018781,5,12184340.000000,676192.619007,839469.429934,5,1200.374000,62.666810,77.798648,5,2.000000,0.000000,0.000000,5,2.000000,0.000000,0.000000,5,2.000000,0.000000,0.000000,5,3.000000,0.000000,0.000000,5
memo,1000,16384000,1000,16384000,0.01,1,16384,conventional,1200.0,ed25519,gossip,direct,shard,nonce_hash_set,5,13.666140,0.357927,0.444354,5,1199.603758,31.271291,38.822212,5,12184340.000000,676192.619007,839469.429934,5,1200.374000,62.666810,77.798648,5,2.000000,0.000000,0.000000,5,2.000000,0.000000,0.000000,5,2.000000,0.000000,0.000000,5,3.000000,0.000000,0.000000,5
memo,1000,16384000,1000,16384000,0.01,1,16384,conventional,150.0,ed25519,gossip,direct,shard,nonce_hash_set,5,108.748469,2.832929,3.516982,5,150.750238,3.908787,4.852622,5,12184340.000000,676192.619007,839469.429934,5,1200.374000,62.666810,77.798648,5,2.000000,0.000000,0.000000,5,2.000000,0.000000,0.000000,5,2.000000,0.000000,0.000000,5,3.000000,0.000000,0.000000,5
memo,1000,16384000,1000,16384000,0.01,1,16384,conventional,18.75,ed25519,gossip,direct,shard,nonce_hash_set,5,834.530735,20.844758,25.878037,5,19.643548,0.488474,0.606423,5,12184340.000000,676192.619007,839469.429934,5,1200.374000,62.666810,77.798648,5,2.000000,0.000000,0.000000,5,2.000000,0.000000,0.000000,5,2.000000,0.000000,0.000000,5,3.000000,0.000000,0.000000,5
memo,1000,16384000,1000,16384000,0.01,1,16384,conventional,1.171875,ed25519,gossip,direct,shard,nonce_hash_set,5,7861.298706,114.903468,142.648627,5,2.084617,0.030397,0.037737,5,12184340.000000,676192.619007,839469.429934,5,1200.374000,62.666810,77.798648,5,2.000000,0.000000,0.000000,5,2.000000,0.000000,0.000000,5,2.000000,0.000000,0.000000,5,3.000000,0.000000,0.000000,5
memo,1000,16384000,1000,16384000,0.01,1,16384,conventional,2.34375,ed25519,gossip,direct,shard,nonce_hash_set,5,5034.882063,94.551525,117.382404,5,3.255212,0.060935,0.075649,5,12184340.000000,676192.619007,839469.429934,5,1200.374000,62.666810,77.798648,5,2.000000,0.000000,0.000000,5,2.000000,0.000000,0.000000,5,2.000000,0.000000,0.000000,5,3.000000,0.000000,0.000000,5
memo,1000,16384000,1000,16384000,0.01,1,16384,conventional,300.0,ed25519,gossip,direct,shard,nonce_hash_set,5,54.539756,1.425146,1.769269,5,300.586455,7.817716,9.705421,5,12184340.000000,676192.619007,839469.429934,5,1200.374000,62.666810,77.798648,5,2.000000,0.000000,0.000000,5,2.000000,0.000000,0.000000,5,2.000000,0.000000,0.000000,5,3.000000,0.000000,0.000000,5
memo,1000,16384000,1000,16384000,0.01,1,16384,conventional,37.5,ed25519,gossip,direct,shard,nonce_hash_set,5,427.214680,10.928001,13.566730,5,38.373075,0.977090,1.213023,5,12184340.000000,676192.619007,839469.429934,5,1200.374000,62.666810,77.798648,5,2.000000,0.000000,0.000000,5,2.000000,0.000000,0.000000,5,2.000000,0.000000,0.000000,5,3.000000,0.000000,0.000000,5
memo,1000,16384000,1000,16384000,0.01,1,16384,conventional,4.6875,ed25519,gossip,direct,shard,nonce_hash_set,5,2928.891346,64.099893,79.577770,5,5.596403,0.122012,0.151473,5,12184340.000000,676192.619007,839469.429934,5,1200.374000,62.666810,77.798648,5,2.000000,0.000000,0.000000,5,2.000000,0.000000,0.000000,5,2.000000,0.000000,0.000000,5,3.000000,0.000000,0.000000,5
memo,1000,16384000,1000,16384000,0.01,1,16384,conventional,600.0,ed25519,gossip,direct,shard,nonce_hash_set,5,27.311448,0.714758,0.887347,5,600.258889,15.635575,19.411018,5,12184340.000000,676192.619007,839469.429934,5,1200.374000,62.666810,77.798648,5,2.000000,0.000000,0.000000,5,2.000000,0.000000,0.000000,5,2.000000,0.000000,0.000000,5,3.000000,0.000000,0.000000,5
memo,1000,16384000,1000,16384000,0.01,1,16384,conventional,75.0,ed25519,gossip,direct,shard,nonce_hash_set,5,216.184752,5.597348,6.948912,5,75.832130,1.954322,2.426223,5,12184340.000000,676192.619007,839469.429934,5,1200.374000,62.666810,77.798648,5,2.000000,0.000000,0.000000,5,2.000000,0.000000,0.000000,5,2.000000,0.000000,0.000000,5,3.000000,0.000000,0.000000,5
memo,1000,16384000,1000,16384000,0.01,1,16384,conventional,9.375,ed25519,gossip,direct,shard,nonce_hash_set,5,1594.782920,38.043328,47.229458,5,10.278785,0.244166,0.303123,5,12184340.000000,676192.619007,839469.429934,5,1200.374000,62.666810,77.798648,5,2.000000,0.000000,0.000000,5,2.000000,0.000000,0.000000,5,2.000000,0.000000,0.000000,5,3.000000,0.000000,0.000000,5
memo,1000,2048000,1000,2048000,0.01,1,2048,conventional,0.146484375,ed25519,gossip,direct,shard,nonce_hash_set,5,6003.337145,64.778719,80.420508,5,0.341342,0.003680,0.004568,5,12184340.000000,676192.619007,839469.429934,5,1200.374000,62.666810,77.798648,5,2.000000,0.000000,0.000000,5,2.000000,0.000000,0.000000,5,2.000000,0.000000,0.000000,5,3.000000,0.000000,0.000000,5
memo,1000,2048000,1000,2048000,0.01,1,2048,conventional,0.29296875,ed25519,gossip,direct,shard,nonce_hash_set,5,4202.438737,64.716926,80.343795,5,0.487666,0.007495,0.009304,5,12184340.000000,676192.619007,839469.429934,5,1200.374000,62.666810,77.798648,5,2.000000,0.000000,0.000000,5,2.000000,0.000000,0.000000,5,2.000000,0.000000,0.000000,5,3.000000,0.000000,0.000000,5
memo,1000,2048000,1000,2048000,0.01,1,2048,conventional,0.5859375,ed25519,gossip,direct,shard,nonce_hash_set,5,2626.654032,51.077749,63.411234,5,0.780315,0.015128,0.018781,5,12184340.000000,676192.619007,839469.429934,5,1200.374000,62.666810,77.798648,5,2.000000,0.000000,0.000000,5,2.000000,0.000000,0.000000,5,2.000000,0.000000,0.000000,5,3.000000,0.000000,0.000000,5
memo,1000,2048000,1000,2048000,0.01,1,2048,conventional,1200.0,ed25519,gossip,direct,shard,nonce_hash_set,5,1.710023,0.044814,0.055635,5,1198.884754,31.271291,38.822212,5,12184340.000000,676192.619007,839469.429934,5,1200.374000,62.666810,77.798648,5,2.000000,0.000000,0.000000,5,2.000000,0.000000,0.000000,5,2.000000,0.000000,0.000000,5,3.000000,0.000000,0.000000,5
memo,1000,2048000,1000,2048000,0.01,1,2048,conventional,150.0,ed25519,gossip,direct,shard,nonce_hash_set,5,13.664610,0.357682,0.444049,5,150.031235,3.908787,4.852622,5,12184340.000000,676192.619007,839469.429934,5,1200.374000,62.666810,77.798648,5,2.000000,0.000000,0.000000,5,2.000000,0.000000,0.000000,5,2.000000,0.000000,0.000000,5,3.000000,0.000000,0.000000,5
memo,1000,2048000,1000,2048000,0.01,1,2048,conventional,18.75,ed25519,gossip,direct,shard,nonce_hash_set,5,108.330091,2.809166,3.487481,5,18.924545,0.488474,0.606423,5,12184340.000000,676192.619007,839469.429934,5,1200.374000,62.666810,77.798648,5,2.000000,0.000000,0.000000,5,2.000000,0.000000,0.000000,5,2.000000,0.000000,0.000000,5,3.000000,0.000000,0.000000,5
memo,1000,2048000,1000,2048000,0.01,1,2048,conventional,1.171875,ed25519,gossip,direct,shard,nonce_hash_set,5,1501.022265,33.535983,41.633747,5,1.365613,0.030397,0.037737,5,12184340.000000,676192.619007,839469.429934,5,1200.374000,62.666810,77.798648,5,2.000000,0.000000,0.000000,5,2.000000,0.000000,0.000000,5,2.000000,0.000000,0.000000,5,3.000000,0.000000,0.000000,5
memo,1000,2048000,1000,2048000,0.01,1,2048,conventional,2.34375,ed25519,gossip,direct,shard,nonce_hash_set,5,808.273699,19.500994,24.209800,5,2.536208,0.060935,0.075649,5,12184340.000000,676192.619007,839469.429934,5,1200.374000,62.666810,77.798648,5,2.000000,0.000000,0.000000,5,2.000000,0.000000,0.000000,5,2.000000,0.000000,0.000000,5,3.000000,0.000000,0.000000,5
memo,1000,2048000,1000,2048000,0.01,1,2048,conventional,300.0,ed25519,gossip,direct,shard,nonce_hash_set,5,6.836753,0.179078,0.222319,5,299.867452,7.817716,9.705421,5,12184340.000000,676192.619007,839469.429934,5,1200.374000,62.666810,77.798648,5,2.000000,0.000000,0.000000,5,2.000000,0.000000,0.000000,5,2.000000,0.000000,0.000000,5,3.000000,0.000000,0.000000,5
memo,1000,2048000,1000,2048000,0.01,1,2048,conventional,37.5,ed25519,gossip,direct,shard,nonce_hash_set,5,54.445889,1.419434,1.762178,5,37.654072,0.977090,1.213023,5,12184340.000000,676192.619007,839469.429934,5,1200.374000,62.666810,77.798648,5,2.000000,0.000000,0.000000,5,2.000000,0.000000,0.000000,5,2.000000,0.000000,0.000000,5,3.000000,0.000000,0.000000,5
memo,1000,2048000,1000,2048000,0.01,1,2048,conventional,4.6875,ed25519,gossip,direct,shard,nonce_hash_set,5,420.312268,10.561137,13.111282,5,4.877399,0.122012,0.151473,5,12184340.000000,676192.619007,839469.429934,5,1200.374000,62.666810,77.798648,5,2.000000,0.000000,0.000000,5,2.000000,0.000000,0.000000,5,2.000000,0.000000,0.000000,5,3.000000,0.000000,0.000000,5
memo,1000,2048000,1000,2048000,0.01,1,2048,conventional,600.0,ed25519,gossip,direct,shard,nonce_hash_set,5,3.419490,0.089598,0.111233,5,599.539886,15.635575,19.411018,5,12184340.000000,676192.619007,839469.429934,5,1200.374000,62.666810,77.798648,5,2.000000,0.000000,0.000000,5,2.000000,0.000000,0.000000,5,2.000000,0.000000,0.000000,5,3.000000,0.000000,0.000000,5
memo,1000,2048000,1000,2048000,0.01,1,2048,conventional,75.0,ed25519,gossip,direct,shard,nonce_hash_set,5,27.293703,0.713474,0.885753,5,75.113126,1.954322,2.426223,5,12184340.000000,676192.619007,839469.429934,5,1200.374000,62.666810,77.798648,5,2.000000,0.000000,0.000000,5,2.000000,0.000000,0.000000,5,2.000000,0.000000,0.000000,5,3.000000,0.000000,0.000000,5
memo,1000,2048000,1000,2048000,0.01,1,2048,conventional,9.375,ed25519,gossip,direct,shard,nonce_hash_set,5,214.447866,5.502262,6.830865,5,9.559781,0.244166,0.303123,5,12184340.000000,676192.619007,839469.429934,5,1200.374000,62.666810,77.798648,5,2.000000,0.000000,0.000000,5,2.000000,0.000000,0.000000,5,2.000000,0.000000,0.000000,5,3.000000,0.000000,0.000000,5
memo,1000,262144000,1000,262144000,0.01,1,262144,conventional,0.146484375,ed25519,gossip,direct,shard,nonce_hash_set,5,19539.332322,5.359265,6.653339,5,13.416273,0.003680,0.004568,5,12184340.000000,676192.619007,839469.429934,5,1200.374000,62.666810,77.798648,5,2.000000,0.000000,0.000000,5,2.000000,0.000000,0.000000,5,2.000000,0.000000,0.000000,5,3.000000,0.000000,0.000000,5
memo,1000,262144000,1000,262144000,0.01,1,262144,conventional,0.29296875,ed25519,gossip,direct,shard,nonce_hash_set,5,19328.529529,10.681609,13.260843,5,13.562597,0.007495,0.009304,5,12184340.000000,676192.619007,839469.429934,5,1200.374000,62.666810,77.798648,5,2.000000,0.000000,0.000000,5,2.000000,0.000000,0.000000,5,2.000000,0.000000,0.000000,5,3.000000,0.000000,0.000000,5
memo,1000,262144000,1000,262144000,0.01,1,262144,conventional,0.5859375,ed25519,gossip,direct,shard,nonce_hash_set,5,18920.288055,20.661744,25.650831,5,13.855246,0.015128,0.018781,5,12184340.000000,676192.619007,839469.429934,5,1200.374000,62.666810,77.798648,5,2.000000,0.000000,0.000000,5,2.000000,0.000000,0.000000,5,2.000000,0.000000,0.000000,5,3.000000,0.000000,0.000000,5
memo,1000,262144000,1000,262144000,0.01,1,262144,conventional,1200.0,ed25519,gossip,direct,shard,nonce_hash_set,5,216.414236,5.609990,6.964605,5,1211.959685,31.271291,38.822212,5,12184340.000000,676192.619007,839469.429934,5,1200.374000,62.666810,77.798648,5,2.000000,0.000000,0.000000,5,2.000000,0.000000,0.000000,5,2.000000,0.000000,0.000000,5,3.000000,0.000000,0.000000,5
memo,1000,262144000,1000,262144000,0.01,1,262144,conventional,150.0,ed25519,gossip,direct,shard,nonce_hash_set,5,1607.946589,38.699635,48.044240,5,163.106166,3.908787,4.852622,5,12184340.000000,676192.619007,839469.429934,5,1200.374000,62.666810,77.798648,5,2.000000,0.000000,0.000000,5,2.000000,0.000000,0.000000,5,2.000000,0.000000,0.000000,5,3.000000,0.000000,0.000000,5
memo,1000,262144000,1000,262144000,0.01,1,262144,conventional,18.75,ed25519,gossip,direct,shard,nonce_hash_set,5,8193.696929,125.409488,155.691482,5,31.999476,0.488474,0.606423,5,12184340.000000,676192.619007,839469.429934,5,1200.374000,62.666810,77.798648,5,2.000000,0.000000,0.000000,5,2.000000,0.000000,0.000000,5,2.000000,0.000000,0.000000,5,3.000000,0.000000,0.000000,5
memo,1000,262144000,1000,262144000,0.01,1,262144,conventional,1.171875,ed25519,gossip,direct,shard,nonce_hash_set,5,18153.466385,38.224961,47.454949,5,14.440544,0.030397,0.037737,5,12184340.000000,676192.619007,839469.429934,5,1200.374000,62.666810,77.798648,5,2.000000,0.000000,0.000000,5,2.000000,0.000000,0.000000,5,2.000000,0.000000,0.000000,5,3.000000,0.000000,0.000000,5
memo,1000,262144000,1000,262144000,0.01,1,262144,conventional,2.34375,ed25519,gossip,direct,shard,nonce_hash_set,5,16792.380766,65.587500,81.424582,5,15.611139,0.060935,0.075649,5,12184340.000000,676192.619007,839469.429934,5,1200.374000,62.666810,77.798648,5,2.000000,0.000000,0.000000,5,2.000000,0.000000,0.000000,5,2.000000,0.000000,0.000000,5,3.000000,0.000000,0.000000,5
memo,1000,262144000,1000,262144000,0.01,1,262144,conventional,300.0,ed25519,gossip,direct,shard,nonce_hash_set,5,838.098422,21.030989,26.109235,5,312.942383,7.817716,9.705421,5,12184340.000000,676192.619007,839469.429934,5,1200.374000,62.666810,77.798648,5,2.000000,0.000000,0.000000,5,2.000000,0.000000,0.000000,5,2.000000,0.000000,0.000000,5,3.000000,0.000000,0.000000,5
memo,1000,262144000,1000,262144000,0.01,1,262144,conventional,37.5,ed25519,gossip,direct,shard,nonce_hash_set,5,5169.095977,99.900401,124.022845,5,50.729003,0.977090,1.213023,5,12184340.000000,676192.619007,839469.429934,5,1200.374000,62.666810,77.798648,5,2.000000,0.000000,0.000000,5,2.000000,0.000000,0.000000,5,2.000000,0.000000,0.000000,5,3.000000,0.000000,0.000000,5
memo,1000,262144000,1000,262144000,0.01,1,262144,conventional,4.6875,ed25519,gossip,direct,shard,nonce_hash_set,5,14602.822805,99.360065,123.352037,5,17.952330,0.122012,0.151473,5,12184340.000000,676192.619007,839469.429934,5,1200.374000,62.666810,77.798648,5,2.000000,0.000000,0.000000,5,2.000000,0.000000,0.000000,5,2.000000,0.000000,0.000000,5,3.000000,0.000000,0.000000,5
memo,1000,262144000,1000,262144000,0.01,1,262144,conventional,600.0,ed25519,gossip,direct,shard,nonce_hash_set,5,428.135736,10.977482,13.628159,5,612.614817,15.635575,19.411018,5,12184340.000000,676192.619007,839469.429934,5,1200.374000,62.666810,77.798648,5,2.000000,0.000000,0.000000,5,2.000000,0.000000,0.000000,5,2.000000,0.000000,0.000000,5,3.000000,0.000000,0.000000,5
memo,1000,262144000,1000,262144000,0.01,1,262144,conventional,75.0,ed25519,gossip,direct,shard,nonce_hash_set,5,2973.740888,66.161089,82.136672,5,88.188057,1.954322,2.426223,5,12184340.000000,676192.619007,839469.429934,5,1200.374000,62.666810,77.798648,5,2.000000,0.000000,0.000000,5,2.000000,0.000000,0.000000,5,2.000000,0.000000,0.000000,5,3.000000,0.000000,0.000000,5
memo,1000,262144000,1000,262144000,0.01,1,262144,conventional,9.375,ed25519,gossip,direct,shard,nonce_hash_set,5,11582.628008,125.174771,155.400089,5,22.634712,0.244166,0.303123,5,12184340.000000,676192.619007,839469.429934,5,1200.374000,62.666810,77.798648,5,2.000000,0.000000,0.000000,5,2.000000,0.000000,0.000000,5,2.000000,0.000000,0.000000,5,3.000000,0.000000,0.000000,5
memo,1000,32768000,1000,32768000,0.01,1,32768,conventional,0.146484375,ed25519,gossip,direct,shard,nonce_hash_set,5,17408.498843,34.036628,42.255280,5,1.882362,0.003680,0.004568,5,12184340.000000,676192.619007,839469.429934,5,1200.374000,62.666810,77.798648,5,2.000000,0.000000,0.000000,5,2.000000,0.000000,0.000000,5,2.000000,0.000000,0.000000,5,3.000000,0.000000,0.000000,5
memo,1000,32768000,1000,32768000,0.01,1,32768,conventional,0.29296875,ed25519,gossip,direct,shard,nonce_hash_set,5,16152.991520,59.702485,74.118543,5,2.028687,0.007495,0.009304,5,12184340.000000,676192.619007,839469.429934,5,1200.374000,62.666810,77.798648,5,2.000000,0.000000,0.000000,5,2.000000,0.000000,0.000000,5,2.000000,0.000000,0.000000,5,3.000000,0.000000,0.000000,5
memo,1000,32768000,1000,32768000,0.01,1,32768,conventional,0.5859375,ed25519,gossip,direct,shard,nonce_hash_set,5,14116.923037,92.089203,114.325518,5,2.321335,0.015128,0.018781,5,12184340.000000,676192.619007,839469.429934,5,1200.374000,62.666810,77.798648,5,2.000000,0.000000,0.000000,5,2.000000,0.000000,0.000000,5,2.000000,0.000000,0.000000,5,3.000000,0.000000,0.000000,5
memo,1000,32768000,1000,32768000,0.01,1,32768,conventional,1200.0,ed25519,gossip,direct,shard,nonce_hash_set,5,27.312710,0.714850,0.887461,5,1200.425774,31.271291,38.822212,5,12184340.000000,676192.619007,839469.429934,5,1200.374000,62.666810,77.798648,5,2.000000,0.000000,0.000000,5,2.000000,0.000000,0.000000,5,2.000000,0.000000,0.000000,5,3.000000,0.000000,0.000000,5
memo,1000,32768000,1000,32768000,0.01,1,32768,conventional,150.0,ed25519,gossip,direct,shard,nonce_hash_set,5,216.309525,5.604212,6.957433,5,151.572255,3.908787,4.852622,5,12184340.000000,676192.619007,839469.429934,5,1200.374000,62.666810,77.798648,5,2.000000,0.000000,0.000000,5,2.000000,0.000000,0.000000,5,2.000000,0.000000,0.000000,5,3.000000,0.000000,0.000000,5
memo,1000,32768000,1000,32768000,0.01,1,32768,conventional,18.75,ed25519,gossip,direct,shard,nonce_hash_set,5,1601.910511,38.397741,47.669449,5,20.465565,0.488474,0.606423,5,12184340.000000,676192.619007,839469.429934,5,1200.374000,62.666810,77.798648,5,2.000000,0.000000,0.000000,5,2.000000,0.000000,0.000000,5,2.000000,0.000000,0.000000,5,3.000000,0.000000,0.000000,5
memo,1000,32768000,1000,32768000,0.01,1,32768,conventional,1.171875,ed25519,gossip,direct,shard,nonce_hash_set,5,11274.856375,118.108808,146.627944,5,2.906633,0.030397,0.037737,5,12184340.000000,676192.619007,839469.429934,5,1200.374000,62.666810,77.798648,5,2.000000,0.000000,0.000000,5,2.000000,0.000000,0.000000,5,2.000000,0.000000,0.000000,5,3.000000,0.000000,0.000000,5
memo,1000,32768000,1000,32768000,0.01,1,32768,conventional,2.34375,ed25519,gossip,direct,shard,nonce_hash_set,5,8038.516787,120.441321,149.523677,5,4.077229,0.060935,0.075649,5,12184340.000000,676192.619007,839469.429934,5,1200.374000,62.666810,77.798648,5,2.000000,0.000000,0.000000,5,2.000000,0.000000,0.000000,5,2.000000,0.000000,0.000000,5,3.000000,0.000000,0.000000,5
memo,1000,32768000,1000,32768000,0.01,1,32768,conventional,300.0,ed25519,gossip,direct,shard,nonce_hash_set,5,108.778383,2.834632,3.519096,5,301.408472,7.817716,9.705421,5,12184340.000000,676192.619007,839469.429934,5,1200.374000,62.666810,77.798648,5,2.000000,0.000000,0.000000,5,2.000000,0.000000,0.000000,5,2.000000,0.000000,0.000000,5,3.000000,0.000000,0.000000,5
memo,1000,32768000,1000,32768000,0.01,1,32768,conventional,37.5,ed25519,gossip,direct,shard,nonce_hash_set,5,836.466228,20.945612,26.003242,5,39.195092,0.977090,1.213023,5,12184340.000000,676192.619007,839469.429934,5,1200.374000,62.666810,77.798648,5,2.000000,0.000000,0.000000,5,2.000000,0.000000,0.000000,5,2.000000,0.000000,0.000000,5,3.000000,0.000000,0.000000,5
memo,1000,32768000,1000,32768000,0.01,1,32768,conventional,4.6875,ed25519,gossip,direct,shard,nonce_hash_set,5,5106.943625,97.402637,120.921959,5,6.418420,0.122012,0.151473,5,12184340.000000,676192.619007,839469.429934,5,1200.374000,62.666810,77.798648,5,2.000000,0.000000,0.000000,5,2.000000,0.000000,0.000000,5,2.000000,0.000000,0.000000,5,3.000000,0.000000,0.000000,5
memo,1000,32768000,1000,32768000,0.01,1,32768,conventional,600.0,ed25519,gossip,direct,shard,nonce_hash_set,5,54.546450,1.425554,1.769775,5,601.080906,15.635575,19.411018,5,12184340.000000,676192.619007,839469.429934,5,1200.374000,62.666810,77.798648,5,2.000000,0.000000,0.000000,5,2.000000,0.000000,0.000000,5,2.000000,0.000000,0.000000,5,3.000000,0.000000,0.000000,5
memo,1000,32768000,1000,32768000,0.01,1,32768,conventional,75.0,ed25519,gossip,direct,shard,nonce_hash_set,5,427.714965,10.954840,13.600050,5,76.654146,1.954322,2.426223,5,12184340.000000,676192.619007,839469.429934,5,1200.374000,62.666810,77.798648,5,2.000000,0.000000,0.000000,5,2.000000,0.000000,0.000000,5,2.000000,0.000000,0.000000,5,3.000000,0.000000,0.000000,5
memo,1000,32768000,1000,32768000,0.01,1,32768,conventional,9.375,ed25519,gossip,direct,shard,nonce_hash_set,5,2953.096363,65.207420,80.952726,5,11.100801,0.244166,0.303123,5,12184340.000000,676192.619007,839469.429934,5,1200.374000,62.666810,77.798648,5,2.000000,0.000000,0.000000,5,2.000000,0.000000,0.000000,5,2.000000,0.000000,0.000000,5,3.000000,0.000000,0.000000,5
memo,1000,4096000,1000,4096000,0.01,1,4096,conventional,0.146484375,ed25519,gossip,direct,shard,nonce_hash_set,5,9227.802197,76.530791,95.010293,5,0.444009,0.003680,0.004568,5,12184340.000000,676192.619007,839469.429934,5,1200.374000,62.666810,77.798648,5,2.000000,0.000000,0.000000,5,2.000000,0.000000,0.000000,5,2.000000,0.000000,0.000000,5,3.000000,0.000000,0.000000,5
memo,1000,4096000,1000,4096000,0.01,1,4096,conventional,0.29296875,ed25519,gossip,direct,shard,nonce_hash_set,5,6941.044603,88.268261,109.581951,5,0.590333,0.007495,0.009304,5,12184340.000000,676192.619007,839469.429934,5,1200.374000,62.666810,77.798648,5,2.000000,0.000000,0.000000,5,2.000000,0.000000,0.000000,5,2.000000,0.000000,0.000000,5,3.000000,0.000000,0.000000,5
memo,1000,4096000,1000,4096000,0.01,1,4096,conventional,0.5859375,ed25519,gossip,direct,shard,nonce_hash_set,5,4641.050954,79.726279,98.977380,5,0.882982,0.015128,0.018781,5,12184340.000000,676192.619007,839469.429934,5,1200.374000,62.666810,77.798648,5,2.000000,0.000000,0.000000,5,2.000000,0.000000,0.000000,5,2.000000,0.000000,0.000000,5,3.000000,0.000000,0.000000,5
memo,1000,4096000,1000,4096000,0.01,1,4096,conventional,1200.0,ed25519,gossip,direct,shard,nonce_hash_set,5,3.418919,0.089591,0.111224,5,1198.987421,31.271291,38.822212,5,12184340.000000,676192.619007,839469.429934,5,1200.374000,62.666810,77.798648,5,2.000000,0.000000,0.000000,5,2.000000,0.000000,0.000000,5,2.000000,0.000000,0.000000,5,3.000000,0.000000,0.000000,5
memo,1000,4096000,1000,4096000,0.01,1,4096,conventional,150.0,ed25519,gossip,direct,shard,nonce_hash_set,5,27.303847,0.714208,0.886664,5,150.133901,3.908787,4.852622,5,12184340.000000,676192.619007,839469.429934,5,1200.374000,62.666810,77.798648,5,2.000000,0.000000,0.000000,5,2.000000,0.000000,0.000000,5,2.000000,0.000000,0.000000,5,3.000000,0.000000,0.000000,5
memo,1000,4096000,1000,4096000,0.01,1,4096,conventional,18.75,ed25519,gossip,direct,shard,nonce_hash_set,5,215.437299,5.556326,6.897984,5,19.027211,0.488474,0.606423,5,12184340.000000,676192.619007,839469.429934,5,1200.374000,62.666810,77.798648,5,2.000000,0.000000,0.000000,5,2.000000,0.000000,0.000000,5,2.000000,0.000000,0.000000,5,3.000000,0.000000,0.000000,5
memo,1000,4096000,1000,4096000,0.01,1,4096,conventional,1.171875,ed25519,gossip,direct,shard,nonce_hash_set,5,2791.300381,57.986663,71.988410,5,1.468280,0.030397,0.037737,5,12184340.000000,676192.619007,839469.429934,5,1200.374000,62.666810,77.798648,5,2.000000,0.000000,0.000000,5,2.000000,0.000000,0.000000,5,2.000000,0.000000,0.000000,5,3.000000,0.000000,0.000000,5
memo,1000,4096000,1000,4096000,0.01,1,4096,conventional,2.34375,ed25519,gossip,direct,shard,nonce_hash_set,5,1553.220541,36.009883,44.705007,5,2.638875,0.060935,0.075649,5,12184340.000000,676192.619007,839469.429934,5,1200.374000,62.666810,77.798648,5,2.000000,0.000000,0.000000,5,2.000000,0.000000,0.000000,5,2.000000,0.000000,0.000000,5,3.000000,0.000000,0.000000,5
memo,1000,4096000,1000,4096000,0.01,1,4096,conventional,300.0,ed25519,gossip,direct,shard,nonce_hash_set,5,13.665487,0.357822,0.444224,5,299.970118,7.817716,9.705421,5,12184340.000000,676192.619007,839469.429934,5,1200.374000,62.666810,77.798648,5,2.000000,0.000000,0.000000,5,2.000000,0.000000,0.000000,5,2.000000,0.000000,0.000000,5,3.000000,0.000000,0.000000,5
memo,1000,4096000,1000,4096000,0.01,1,4096,conventional,37.5,ed25519,gossip,direct,shard,nonce_hash_set,5,108.568863,2.822715,3.504301,5,37.756739,0.977090,1.213023,5,12184340.000000,676192.619007,839469.429934,5,1200.374000,62.666810,77.798648,5,2.000000,0.000000,0.000000,5,2.000000,0.000000,0.000000,5,2.000000,0.000000,0.000000,5,3.000000,0.000000,0.000000,5
memo,1000,4096000,1000,4096000,0.01,1,4096,conventional,4.6875,ed25519,gossip,direct,shard,nonce_hash_set,5,823.076754,20.253006,25.143396,5,4.980066,0.122012,0.151473,5,12184340.000000,676192.619007,839469.429934,5,1200.374000,62.666810,77.798648,5,2.000000,0.000000,0.000000,5,2.000000,0.000000,0.000000,5,2.000000,0.000000,0.000000,5,3.000000,0.000000,0.000000,5
memo,1000,4096000,1000,4096000,0.01,1,4096,conventional,600.0,ed25519,gossip,direct,shard,nonce_hash_set,5,6.836139,0.179091,0.222335,5,599.642553,15.635575,19.411018,5,12184340.000000,676192.619007,839469.429934,5,1200.374000,62.666810,77.798648,5,2.000000,0.000000,0.000000,5,2.000000,0.000000,0.000000,5,2.000000,0.000000,0.000000,5,3.000000,0.000000,0.000000,5
memo,1000,4096000,1000,4096000,0.01,1,4096,conventional,75.0,ed25519,gossip,direct,shard,nonce_hash_set,5,54.499513,1.422695,1.766226,5,75.215793,1.954322,2.426223,5,12184340.000000,676192.619007,839469.429934,5,1200.374000,62.666810,77.798648,5,2.000000,0.000000,0.000000,5,2.000000,0.000000,0.000000,5,2.000000,0.000000,0.000000,5,3.000000,0.000000,0.000000,5
memo,1000,4096000,1000,4096000,0.01,1,4096,conventional,9.375,ed25519,gossip,direct,shard,nonce_hash_set,5,424.230304,10.768601,13.368841,5,9.662448,0.244166,0.303123,5,12184340.000000,676192.619007,839469.429934,5,1200.374000,62.666810,77.798648,5,2.000000,0.000000,0.000000,5,2.000000,0.000000,0.000000,5,2.000000,0.000000,0.000000,5,3.000000,0.000000,0.000000,5
memo,1000,524288000,1000,524288000,0.01,1,524288,conventional,0.146484375,ed25519,gossip,direct,shard,nonce_hash_set,5,19615.735361,2.700604,3.352705,5,26.727981,0.003680,0.004568,5,12184340.000000,676192.619007,839469.429934,5,1200.374000,62.666810,77.798648,5,2.000000,0.000000,0.000000,5,2.000000,0.000000,0.000000,5,2.000000,0.000000,0.000000,5,3.000000,0.000000,0.000000,5
memo,1000,524288000,1000,524288000,0.01,1,524288,conventional,0.29296875,ed25519,gossip,direct,shard,nonce_hash_set,5,19508.933099,5.440791,6.754552,5,26.874306,0.007495,0.009304,5,12184340.000000,676192.619007,839469.429934,5,1200.374000,62.666810,77.798648,5,2.000000,0.000000,0.000000,5,2.000000,0.000000,0.000000,5,2.000000,0.000000,0.000000,5,3.000000,0.000000,0.000000,5
memo,1000,524288000,1000,524288000,0.01,1,524288,conventional,0.5859375,ed25519,gossip,direct,shard,nonce_hash_set,5,19298.781844,10.747522,13.342672,5,27.166955,0.015128,0.018781,5,12184340.000000,676192.619007,839469.429934,5,1200.374000,62.666810,77.798648,5,2.000000,0.000000,0.000000,5,2.000000,0.000000,0.000000,5,2.000000,0.000000,0.000000,5,3.000000,0.000000,0.000000,5
memo,1000,524288000,1000,524288000,0.01,1,524288,conventional,1200.0,ed25519,gossip,direct,shard,nonce_hash_set,5,428.120315,10.976764,13.627267,5,1225.271393,31.271291,38.822212,5,12184340.000000,676192.619007,839469.429934,5,1200.374000,62.666810,77.798648,5,2.000000,0.000000,0.000000,5,2.000000,0.000000,0.000000,5,2.000000,0.000000,0.000000,5,3.000000,0.000000,0.000000,5
memo,1000,524288000,1000,524288000,0.01,1,524288,conventional,150.0,ed25519,gossip,direct,shard,nonce_hash_set,5,2973.030836,66.132102,82.100686,5,176.417874,3.908787,4.852622,5,12184340.000000,676192.619007,839469.429934,5,1200.374000,62.666810,77.798648,5,2.000000,0.000000,0.000000,5,2.000000,0.000000,0.000000,5,2.000000,0.000000,0.000000,5,3.000000,0.000000,0.000000,5
memo,1000,524288000,1000,524288000,0.01,1,524288,conventional,18.75,ed25519,gossip,direct,shard,nonce_hash_set,5,11571.929767,124.980984,155.159511,5,45.311184,0.488474,0.606423,5,12184340.000000,676192.619007,839469.429934,5,1200.374000,62.666810,77.798648,5,2.000000,0.000000,0.000000,5,2.000000,0.000000,0.000000,5,2.000000,0.000000,0.000000,5,3.000000,0.000000,0.000000,5
memo,1000,524288000,1000,524288000,0.01,1,524288,conventional,1.171875,ed25519,gossip,direct,shard,nonce_hash_set,5,18891.782089,20.695530,25.692775,5,27.752252,0.030397,0.037737,5,12184340.000000,676192.619007,839469.429934,5,1200.374000,62.666810,77.798648,5,2.000000,0.000000,0.000000,5,2.000000,0.000000,0.000000,5,2.000000,0.000000,0.000000,5,3.000000,0.000000,0.000000,5
memo,1000,524288000,1000,524288000,0.01,1,524288,conventional,2.34375,ed25519,gossip,direct,shard,nonce_hash_set,5,18127.221311,38.203694,47.428547,5,28.922848,0.060935,0.075649,5,12184340.000000,676192.619007,839469.429934,5,1200.374000,62.666810,77.798648,5,2.000000,0.000000,0.000000,5,2.000000,0.000000,0.000000,5,2.000000,0.000000,0.000000,5,3.000000,0.000000,0.000000,5
memo,1000,524288000,1000,524288000,0.01,1,524288,conventional,300.0,ed25519,gossip,direct,shard,nonce_hash_set,5,1607.737547,38.690372,48.032741,5,326.254091,7.817716,9.705421,5,12184340.000000,676192.619007,839469.429934,5,1200.374000,62.666810,77.798648,5,2.000000,0.000000,0.000000,5,2.000000,0.000000,0.000000,5,2.000000,0.000000,0.000000,5,3.000000,0.000000,0.000000,5
memo,1000,524288000,1000,524288000,0.01,1,524288,conventional,37.5,ed25519,gossip,direct,shard,nonce_hash_set,5,8188.336799,125.264391,155.511350,5,64.040711,0.977090,1.213023,5,12184340.000000,676192.619007,839469.429934,5,1200.374000,62.666810,77.798648,5,2.000000,0.000000,0.000000,5,2.000000,0.000000,0.000000,5,2.000000,0.000000,0.000000,5,3.000000,0.000000,0.000000,5
memo,1000,524288000,1000,524288000,0.01,1,524288,conventional,4.6875,ed25519,gossip,direct,shard,nonce_hash_set,5,16769.918888,65.489077,81.302394,5,31.264039,0.122012,0.151473,5,12184340.000000,676192.619007,839469.429934,5,1200.374000,62.666810,77.798648,5,2.000000,0.000000,0.000000,5,2.000000,0.000000,0.000000,5,2.000000,0.000000,0.000000,5,3.000000,0.000000,0.000000,5
memo,1000,524288000,1000,524288000,0.01,1,524288,conventional,600.0,ed25519,gossip,direct,shard,nonce_hash_set,5,838.040860,21.028337,26.105944,5,625.926525,15.635575,19.411018,5,12184340.000000,676192.619007,839469.429934,5,1200.374000,62.666810,77.798648,5,2.000000,0.000000,0.000000,5,2.000000,0.000000,0.000000,5,2.000000,0.000000,0.000000,5,3.000000,0.000000,0.000000,5
memo,1000,524288000,1000,524288000,0.01,1,524288,conventional,75.0,ed25519,gossip,direct,shard,nonce_hash_set,5,5166.958373,99.825454,123.929802,5,101.499765,1.954322,2.426223,5,12184340.000000,676192.619007,839469.429934,5,1200.374000,62.666810,77.798648,5,2.000000,0.000000,0.000000,5,2.000000,0.000000,0.000000,5,2.000000,0.000000,0.000000,5,3.000000,0.000000,0.000000,5
memo,1000,524288000,1000,524288000,0.01,1,524288,conventional,9.375,ed25519,gossip,direct,shard,nonce_hash_set,5,14585.829912,99.187660,123.138003,5,35.946420,0.244166,0.303123,5,12184340.000000,676192.619007,839469.429934,5,1200.374000,62.666810,77.798648,5,2.000000,0.000000,0.000000,5,2.000000,0.000000,0.000000,5,2.000000,0.000000,0.000000,5,3.000000,0.000000,0.000000,5
memo,1000,65536000,1000,65536000,0.01,1,65536,conventional,0.146484375,ed25519,gossip,direct,shard,nonce_hash_set,5,18583.653704,19.392349,24.074922,5,3.526597,0.003680,0.004568,5,12184340.000000,676192.619007,839469.429934,5,1200.374000,62.666810,77.798648,5,2.000000,0.000000,0.000000,5,2.000000,0.000000,0.000000,5,2.000000,0.000000,0.000000,5,3.000000,0.000000,0.000000,5
memo,1000,65536000,1000,65536000,0.01,1,65536,conventional,0.29296875,ed25519,gossip,direct,shard,nonce_hash_set,5,17843.348924,36.418928,45.212823,5,3.672921,0.007495,0.009304,5,12184340.000000,676192.619007,839469.429934,5,1200.374000,62.666810,77.798648,5,2.000000,0.000000,0.000000,5,2.000000,0.000000,0.000000,5,2.000000,0.000000,0.000000,5,3.000000,0.000000,0.000000,5
memo,1000,65536000,1000,65536000,0.01,1,65536,conventional,0.5859375,ed25519,gossip,direct,shard,nonce_hash_set,5,16526.693238,63.082563,78.314791,5,3.965570,0.015128,0.018781,5,12184340.000000,676192.619007,839469.429934,5,1200.374000,62.666810,77.798648,5,2.000000,0.000000,0.000000,5,2.000000,0.000000,0.000000,5,2.000000,0.000000,0.000000,5,3.000000,0.000000,0.000000,5
memo,1000,65536000,1000,65536000,0.01,1,65536,conventional,1200.0,ed25519,gossip,direct,shard,nonce_hash_set,5,54.549788,1.425757,1.770028,5,1202.070009,31.271291,38.822212,5,12184340.000000,676192.619007,839469.429934,5,1200.374000,62.666810,77.798648,5,2.000000,0.000000,0.000000,5,2.000000,0.000000,0.000000,5,2.000000,0.000000,0.000000,5,3.000000,0.000000,0.000000,5
memo,1000,65536000,1000,65536000,0.01,1,65536,conventional,150.0,ed25519,gossip,direct,shard,nonce_hash_set,5,427.964995,10.968268,13.616720,5,153.216490,3.908787,4.852622,5,12184340.000000,676192.619007,839469.429934,5,1200.374000,62.666810,77.798648,5,2.000000,0.000000,0.000000,5,2.000000,0.000000,0.000000,5,2.000000,0.000000,0.000000,5,3.000000,0.000000,0.000000,5
memo,1000,65536000,1000,65536000,0.01,1,65536,conventional,18.75,ed25519,gossip,direct,shard,nonce_hash_set,5,2965.323091,65.770554,81.651837,5,22.109800,0.488474,0.606423,5,12184340.000000,676192.619007,839469.429934,5,1200.374000,62.666810,77.798648,5,2.000000,0.000000,0.000000,5,2.000000,0.000000,0.000000,5,2.000000,0.000000,0.000000,5,3.000000,0.000000,0.000000,5
memo,1000,65536000,1000,65536000,0.01,1,65536,conventional,1.171875,ed25519,gossip,direct,shard,nonce_hash_set,5,14401.503549,96.295053,119.546932,5,4.550868,0.030397,0.037737,5,12184340.000000,676192.619007,839469.429934,5,1200.374000,62.666810,77.798648,5,2.000000,0.000000,0.000000,5,2.000000,0.000000,0.000000,5,2.000000,0.000000,0.000000,5,3.000000,0.000000,0.000000,5
memo,1000,65536000,1000,65536000,0.01,1,65536,conventional,2.34375,ed25519,gossip,direct,shard,nonce_hash_set,5,11455.628199,122.222228,151.734611,5,5.721463,0.060935,0.075649,5,12184340.000000,676192.619007,839469.429934,5,1200.374000,62.666810,77.798648,5,2.000000,0.000000,0.000000,5,2.000000,0.000000,0.000000,5,2.000000,0.000000,0.000000,5,3.000000,0.000000,0.000000,5
memo,1000,65536000,1000,65536000,0.01,1,65536,conventional,300.0,ed25519,gossip,direct,shard,nonce_hash_set,5,216.371824,5.607641,6.961690,5,303.052707,7.817716,9.705421,5,12184340.000000,676192.619007,839469.429934,5,1200.374000,62.666810,77.798648,5,2.000000,0.000000,0.000000,5,2.000000,0.000000,0.000000,5,2.000000,0.000000,0.000000,5,3.000000,0.000000,0.000000,5
memo,1000,65536000,1000,65536000,0.01,1,65536,conventional,37.5,ed25519,gossip,direct,shard,nonce_hash_set,5,1605.490495,38.576392,47.891238,5,40.839327,0.977090,1.213023,5,12184340.000000,676192.619007,839469.429934,5,1200.374000,62.666810,77.798648,5,2.000000,0.000000,0.000000,5,2.000000,0.000000,0.000000,5,2.000000,0.000000,0.000000,5,3.000000,0.000000,0.000000,5
memo,1000,65536000,1000,65536000,0.01,1,65536,conventional,4.6875,ed25519,gossip,direct,shard,nonce_hash_set,5,8129.957825,123.350638,153.135492,5,8.062654,0.122012,0.151473,5,12184340.000000,676192.619007,839469.429934,5,1200.374000,62.666810,77.798648,5,2.000000,0.000000,0.000000,5,2.000000,0.000000,0.000000,5,2.000000,0.000000,0.000000,5,3.000000,0.000000,0.000000,5
memo,1000,65536000,1000,65536000,0.01,1,65536,conventional,600.0,ed25519,gossip,direct,shard,nonce_hash_set,5,108.793310,2.835482,3.520152,5,602.725141,15.635575,19.411018,5,12184340.000000,676192.619007,839469.429934,5,1200.374000,62.666810,77.798648,5,2.000000,0.000000,0.000000,5,2.000000,0.000000,0.000000,5,2.000000,0.000000,0.000000,5,3.000000,0.000000,0.000000,5
memo,1000,65536000,1000,65536000,0.01,1,65536,conventional,75.0,ed25519,gossip,direct,shard,nonce_hash_set,5,837.435234,20.996200,26.066047,5,78.298381,1.954322,2.426223,5,12184340.000000,676192.619007,839469.429934,5,1200.374000,62.666810,77.798648,5,2.000000,0.000000,0.000000,5,2.000000,0.000000,0.000000,5,2.000000,0.000000,0.000000,5,3.000000,0.000000,0.000000,5
memo,1000,65536000,1000,65536000,0.01,1,65536,conventional,9.375,ed25519,gossip,direct,shard,nonce_hash_set,5,5143.674068,98.872465,122.746699,5,12.745036,0.244166,0.303123,5,12184340.000000,676192.619007,839469.429934,5,1200.374000,62.666810,77.798648,5,2.000000,0.000000,0.000000,5,2.000000,0.000000,0.000000,5,2.000000,0.000000,0.000000,5,3.000000,0.000000,0.000000,5
memo,1000,8192000,1000,8192000,0.01,1,8192,conventional,0.146484375,ed25519,gossip,direct,shard,nonce_hash_set,5,12616.846534,71.527835,88.799299,5,0.649387,0.003680,0.004568,5,12184340.000000,676192.619007,839469.429934,5,1200.374000,62.666810,77.798648,5,2.000000,0.000000,0.000000,5,2.000000,0.000000,0.000000,5,2.000000,0.000000,0.000000,5,3.000000,0.000000,0.000000,5
memo,1000,8192000,1000,8192000,0.01,1,8192,conventional,0.29296875,ed25519,gossip,direct,shard,nonce_hash_set,5,10297.183664,97.105881,120.553547,5,0.795711,0.007495,0.009304,5,12184340.000000,676192.619007,839469.429934,5,1200.374000,62.666810,77.798648,5,2.000000,0.000000,0.000000,5,2.000000,0.000000,0.000000,5,2.000000,0.000000,0.000000,5,3.000000,0.000000,0.000000,5
memo,1000,8192000,1000,8192000,0.01,1,8192,conventional,0.5859375,ed25519,gossip,direct,shard,nonce_hash_set,5,7529.007247,104.875540,130.199307,5,1.088360,0.015128,0.018781,5,12184340.000000,676192.619007,839469.429934,5,1200.374000,62.666810,77.798648,5,2.000000,0.000000,0.000000,5,2.000000,0.000000,0.000000,5,2.000000,0.000000,0.000000,5,3.000000,0.000000,0.000000,5
memo,1000,8192000,1000,8192000,0.01,1,8192,conventional,1200.0,ed25519,gossip,direct,shard,nonce_hash_set,5,6.835832,0.179098,0.222343,5,1199.192799,31.271291,38.822212,5,12184340.000000,676192.619007,839469.429934,5,1200.374000,62.666810,77.798648,5,2.000000,0.000000,0.000000,5,2.000000,0.000000,0.000000,5,2.000000,0.000000,0.000000,5,3.000000,0.000000,0.000000,5
memo,1000,8192000,1000,8192000,0.01,1,8192,conventional,150.0,ed25519,gossip,direct,shard,nonce_hash_set,5,54.526358,1.424330,1.768255,5,150.339279,3.908787,4.852622,5,12184340.000000,676192.619007,839469.429934,5,1200.374000,62.666810,77.798648,5,2.000000,0.000000,0.000000,5,2.000000,0.000000,0.000000,5,2.000000,0.000000,0.000000,5,3.000000,0.000000,0.000000,5
memo,1000,8192000,1000,8192000,0.01,1,8192,conventional,18.75,ed25519,gossip,direct,shard,nonce_hash_set,5,426.216614,10.874558,13.500382,5,19.232589,0.488474,0.606423,5,12184340.000000,676192.619007,839469.429934,5,1200.374000,62.666810,77.798648,5,2.000000,0.000000,0.000000,5,2.000000,0.000000,0.000000,5,2.000000,0.000000,0.000000,5,3.000000,0.000000,0.000000,5
memo,1000,8192000,1000,8192000,0.01,1,8192,conventional,1.171875,ed25519,gossip,direct,shard,nonce_hash_set,5,4896.562527,89.198957,110.737378,5,1.673658,0.030397,0.037737,5,12184340.000000,676192.619007,839469.429934,5,1200.374000,62.666810,77.798648,5,2.000000,0.000000,0.000000,5,2.000000,0.000000,0.000000,5,2.000000,0.000000,0.000000,5,3.000000,0.000000,0.000000,5
memo,1000,8192000,1000,8192000,0.01,1,8192,conventional,2.34375,ed25519,gossip,direct,shard,nonce_hash_set,5,2881.607340,61.964061,76.926210,5,2.844253,0.060935,0.075649,5,12184340.000000,676192.619007,839469.429934,5,1200.374000,62.666810,77.798648,5,2.000000,0.000000,0.000000,5,2.000000,0.000000,0.000000,5,2.000000,0.000000,0.000000,5,3.000000,0.000000,0.000000,5
memo,1000,8192000,1000,8192000,0.01,1,8192,conventional,300.0,ed25519,gossip,direct,shard,nonce_hash_set,5,27.308920,0.714575,0.887120,5,300.175496,7.817716,9.705421,5,12184340.000000,676192.619007,839469.429934,5,1200.374000,62.666810,77.798648,5,2.000000,0.000000,0.000000,5,2.000000,0.000000,0.000000,5,2.000000,0.000000,0.000000,5,3.000000,0.000000,0.000000,5
memo,1000,8192000,1000,8192000,0.01,1,8192,conventional,37.5,ed25519,gossip,direct,shard,nonce_hash_set,5,215.935381,5.583644,6.931899,5,37.962116,0.977090,1.213023,5,12184340.000000,676192.619007,839469.429934,5,1200.374000,62.666810,77.798648,5,2.000000,0.000000,0.000000,5,2.000000,0.000000,0.000000,5,2.000000,0.000000,0.000000,5,3.000000,0.000000,0.000000,5
memo,1000,8192000,1000,8192000,0.01,1,8192,conventional,4.6875,ed25519,gossip,direct,shard,nonce_hash_set,5,1580.702697,37.348103,46.366360,5,5.185444,0.122012,0.151473,5,12184340.000000,676192.619007,839469.429934,5,1200.374000,62.666810,77.798648,5,2.000000,0.000000,0.000000,5,2.000000,0.000000,0.000000,5,2.000000,0.000000,0.000000,5,3.000000,0.000000,0.000000,5
memo,1000,8192000,1000,8192000,0.01,1,8192,conventional,600.0,ed25519,gossip,direct,shard,nonce_hash_set,5,13.665924,0.357892,0.444311,5,599.847930,15.635575,19.411018,5,12184340.000000,676192.619007,839469.429934,5,1200.374000,62.666810,77.798648,5,2.000000,0.000000,0.000000,5,2.000000,0.000000,0.000000,5,2.000000,0.000000,0.000000,5,3.000000,0.000000,0.000000,5
memo,1000,8192000,1000,8192000,0.01,1,8192,conventional,75.0,ed25519,gossip,direct,shard,nonce_hash_set,5,108.688625,2.829523,3.512753,5,75.421171,1.954322,2.426223,5,12184340.000000,676192.619007,839469.429934,5,1200.374000,62.666810,77.798648,5,2.000000,0.000000,0.000000,5,2.000000,0.000000,0.000000,5,2.000000,0.000000,0.000000,5,3.000000,0.000000,0.000000,5
memo,1000,8192000,1000,8192000,0.01,1,8192,conventional,9.375,ed25519,gossip,direct,shard,nonce_hash_set,5,830.682712,20.644986,25.630026,5,9.867826,0.244166,0.303123,5,12184340.000000,676192.619007,839469.429934,5,1200.374000,62.666810,77.798648,5,2.000000,0.000000,0.000000,5,2.000000,0.000000,0.000000,5,2.000000,0.000000,0.000000,5,3.000000,0.000000,0.000000,5
memo,1000,1024000,1000,1024000,0.01,256,1024,sharded,0.146484375,ed25519,gossip,direct,shard,nonce_hash_set,5,3606.177968,3.066473,3.806919,5,0.283605,0.000235,0.000292,5,12531585.600000,541061.122829,671708.414988,5,1225.517000,66.823274,82.958752,5,2.000000,0.000000,0.000000,5,2.000000,0.000000,0.000000,5,2.000000,0.000000,0.000000,5,3.000000,0.000000,0.000000,5
memo,1000,1024000,1000,1024000,0.01,256,1024,sharded,0.29296875,ed25519,gossip,direct,shard,nonce_hash_set,5,2443.711700,3.478546,4.318493,5,0.418516,0.000584,0.000725,5,12531585.600000,541061.122829,671708.414988,5,1225.517000,66.823274,82.958752,5,2.000000,0.000000,0.000000,5,2.000000,0.000000,0.000000,5,2.000000,0.000000,0.000000,5,3.000000,0.000000,0.000000,5
memo,1000,1024000,1000,1024000,0.01,256,1024,sharded,0.5859375,ed25519,gossip,direct,shard,nonce_hash_set,5,1485.802845,2.873895,3.567839,5,0.688338,0.001312,0.001629,5,12531585.600000,541061.122829,671708.414988,5,1225.517000,66.823274,82.958752,5,2.000000,0.000000,0.000000,5,2.000000,0.000000,0.000000,5,2.000000,0.000000,0.000000,5,3.000000,0.000000,0.000000,5
memo,1000,1024000,1000,1024000,0.01,256,1024,sharded,1200.0,ed25519,gossip,direct,shard,nonce_hash_set,5,0.925271,0.002541,0.003154,5,1105.338342,3.006719,3.732736,5,12531585.600000,541061.122829,671708.414988,5,1225.517000,66.823274,82.958752,5,2.000000,0.000000,0.000000,5,2.000000,0.000000,0.000000,5,2.000000,0.000000,0.000000,5,3.000000,0.000000,0.000000,5
memo,1000,1024000,1000,1024000,0.01,256,1024,sharded,150.0,ed25519,gossip,direct,shard,nonce_hash_set,5,7.395203,0.020280,0.025176,5,138.297400,0.375699,0.466417,5,12531585.600000,541061.122829,671708.414988,5,1225.517000,66.823274,82.958752,5,2.000000,0.000000,0.000000,5,2.000000,0.000000,0.000000,5,2.000000,0.000000,0.000000,5,3.000000,0.000000,0.000000,5
memo,1000,1024000,1000,1024000,0.01,256,1024,sharded,18.75,ed25519,gossip,direct,shard,nonce_hash_set,5,58.719675,0.159366,0.197847,5,17.417283,0.046821,0.058127,5,12531585.600000,541061.122829,671708.414988,5,1225.517000,66.823274,82.958752,5,2.000000,0.000000,0.000000,5,2.000000,0.000000,0.000000,5,2.000000,0.000000,0.000000,5,3.000000,0.000000,0.000000,5
memo,1000,1024000,1000,1024000,0.01,256,1024,sharded,1.171875,ed25519,gossip,direct,shard,nonce_hash_set,5,832.859257,1.906714,2.367118,5,1.227981,0.002778,0.003448,5,12531585.600000,541061.122829,671708.414988,5,1225.517000,66.823274,82.958752,5,2.000000,0.000000,0.000000,5,2.000000,0.000000,0.000000,5,2.000000,0.000000,0.000000,5,3.000000,0.000000,0.000000,5
memo,1000,1024000,1000,1024000,0.01,256,1024,sharded,2.34375,ed25519,gossip,direct,shard,nonce_hash_set,5,443.267252,1.109368,1.377241,5,2.307268,0.005713,0.007092,5,12531585.600000,541061.122829,671708.414988,5,1225.517000,66.823274,82.958752,5,2.000000,0.000000,0.000000,5,2.000000,0.000000,0.000000,5,2.000000,0.000000,0.000000,5,3.000000,0.000000,0.000000,5
memo,1000,1024000,1000,1024000,0.01,256,1024,sharded,300.0,ed25519,gossip,direct,shard,nonce_hash_set,5,3.699590,0.010153,0.012604,5,276.446106,0.751559,0.933034,5,12531585.600000,541061.122829,671708.414988,5,1225.517000,66.823274,82.958752,5,2.000000,0.000000,0.000000,5,2.000000,0.000000,0.000000,5,2.000000,0.000000,0.000000,5,3.000000,0.000000,0.000000,5
memo,1000,1024000,1000,1024000,0.01,256,1024,sharded,37.5,ed25519,gossip,direct,shard,nonce_hash_set,5,29.485702,0.080499,0.099936,5,34.685871,0.093804,0.116454,5,12531585.600000,541061.122829,671708.414988,5,1225.517000,66.823274,82.958752,5,2.000000,0.000000,0.000000,5,2.000000,0.000000,0.000000,5,2.000000,0.000000,0.000000,5,3.000000,0.000000,0.000000,5
memo,1000,1024000,1000,1024000,0.01,256,1024,sharded,4.6875,ed25519,gossip,direct,shard,nonce_hash_set,5,229.013232,0.600097,0.744999,5,4.465841,0.011585,0.014382,5,12531585.600000,541061.122829,671708.414988,5,1225.517000,66.823274,82.958752,5,2.000000,0.000000,0.000000,5,2.000000,0.000000,0.000000,5,2.000000,0.000000,0.000000,5,3.000000,0.000000,0.000000,5
memo,1000,1024000,1000,1024000,0.01,256,1024,sharded,600.0,ed25519,gossip,direct,shard,nonce_hash_set,5,1.850293,0.005080,0.006306,5,552.743518,1.503279,1.866268,5,12531585.600000,541061.122829,671708.414988,5,1225.517000,66.823274,82.958752,5,2.000000,0.000000,0.000000,5,2.000000,0.000000,0.000000,5,2.000000,0.000000,0.000000,5,3.000000,0.000000,0.000000,5
memo,1000,1024000,1000,1024000,0.01,256,1024,sharded,75.0,ed25519,gossip,direct,shard,nonce_hash_set,5,14.774520,0.040455,0.050224,5,69.223047,0.187769,0.233108,5,12531585.600000,541061.122829,671708.414988,5,1225.517000,66.823274,82.958752,5,2.000000,0.000000,0.000000,5,2.000000,0.000000,0.000000,5,2.000000,0.000000,0.000000,5,3.000000,0.000000,0.000000,5
memo,1000,1024000,1000,1024000,0.01,256,1024,sharded,9.375,ed25519,gossip,direct,shard,nonce_hash_set,5,116.445221,0.312335,0.387753,5,8.782988,0.023330,0.028964,5,12531585.600000,541061.122829,671708.414988,5,1225.517000,66.823274,82.958752,5,2.000000,0.000000,0.000000,5,2.000000,0.000000,0.000000,5,2.000000,0.000000,0.000000,5,3.000000,0.000000,0.000000,5
memo,1000,131072000,1000,131072000,0.01,256,131072,sharded,0.146484375,ed25519,gossip,direct,shard,nonce_hash_set,5,415952.159011,317.211112,393.806474,5,0.314418,0.000243,0.000301,5,12531585.600000,541061.122829,671708.414988,5,1225.517000,66.823274,82.958752,5,2.000000,0.000000,0.000000,5,2.000000,0.000000,0.000000,5,2.000000,0.000000,0.000000,5,3.000000,0.000000,0.000000,5
memo,1000,131072000,1000,131072000,0.01,256,131072,sharded,0.29296875,ed25519,gossip,direct,shard,nonce_hash_set,5,292283.394667,316.959487,393.494091,5,0.447452,0.000478,0.000594,5,12531585.600000,541061.122829,671708.414988,5,1225.517000,66.823274,82.958752,5,2.000000,0.000000,0.000000,5,2.000000,0.000000,0.000000,5,2.000000,0.000000,0.000000,5,3.000000,0.000000,0.000000,5
memo,1000,131072000,1000,131072000,0.01,256,131072,sharded,0.5859375,ed25519,gossip,direct,shard,nonce_hash_set,5,182559.747634,300.376238,372.906568,5,0.716384,0.001160,0.001441,5,12531585.600000,541061.122829,671708.414988,5,1225.517000,66.823274,82.958752,5,2.000000,0.000000,0.000000,5,2.000000,0.000000,0.000000,5,2.000000,0.000000,0.000000,5,3.000000,0.000000,0.000000,5
memo,1000,131072000,1000,131072000,0.01,256,131072,sharded,1200.0,ed25519,gossip,direct,shard,nonce_hash_set,5,118.316862,0.324864,0.403307,5,1105.365477,3.006641,3.732639,5,12531585.600000,541061.122829,671708.414988,5,1225.517000,66.823274,82.958752,5,2.000000,0.000000,0.000000,5,2.000000,0.000000,0.000000,5,2.000000,0.000000,0.000000,5,3.000000,0.000000,0.000000,5
memo,1000,131072000,1000,131072000,0.01,256,131072,sharded,150.0,ed25519,gossip,direct,shard,nonce_hash_set,5,945.482049,2.591720,3.217529,5,138.324543,0.375618,0.466317,5,12531585.600000,541061.122829,671708.414988,5,1225.517000,66.823274,82.958752,5,2.000000,0.000000,0.000000,5,2.000000,0.000000,0.000000,5,2.000000,0.000000,0.000000,5,3.000000,0.000000,0.000000,5
memo,1000,131072000,1000,131072000,0.01,256,131072,sharded,18.75,ed25519,gossip,direct,shard,nonce_hash_set,5,7497.128237,20.283004,25.180639,5,17.444460,0.046746,0.058033,5,12531585.600000,541061.122829,671708.414988,5,1225.517000,66.823274,82.958752,5,2.000000,0.000000,0.000000,5,2.000000,0.000000,0.000000,5,2.000000,0.000000,0.000000,5,3.000000,0.000000,0.000000,5
memo,1000,131072000,1000,131072000,0.01,256,131072,sharded,1.171875,ed25519,gossip,direct,shard,nonce_hash_set,5,104160.290416,223.777697,277.812166,5,1.255594,0.002664,0.003307,5,12531585.600000,541061.122829,671708.414988,5,1225.517000,66.823274,82.958752,5,2.000000,0.000000,0.000000,5,2.000000,0.000000,0.000000,5,2.000000,0.000000,0.000000,5,3.000000,0.000000,0.000000,5
memo,1000,131072000,1000,131072000,0.01,256,131072,sharded,2.34375,ed25519,gossip,direct,shard,nonce_hash_set,5,56018.079618,136.606744,169.592483,5,2.334661,0.005632,0.006992,5,12531585.600000,541061.122829,671708.414988,5,1225.517000,66.823274,82.958752,5,2.000000,0.000000,0.000000,5,2.000000,0.000000,0.000000,5,2.000000,0.000000,0.000000,5,3.000000,0.000000,0.000000,5
memo,1000,131072000,1000,131072000,0.01,256,131072,sharded,300.0,ed25519,gossip,direct,shard,nonce_hash_set,5,473.041704,1.297917,1.611318,5,276.473243,0.751481,0.932937,5,12531585.600000,541061.122829,671708.414988,5,1225.517000,66.823274,82.958752,5,2.000000,0.000000,0.000000,5,2.000000,0.000000,0.000000,5,2.000000,0.000000,0.000000,5,3.000000,0.000000,0.000000,5
memo,1000,131072000,1000,131072000,0.01,256,131072,sharded,37.5,ed25519,gossip,direct,shard,nonce_hash_set,5,3767.558452,10.268830,12.748392,5,34.713028,0.093721,0.116352,5,12531585.600000,541061.122829,671708.414988,5,1225.517000,66.823274,82.958752,5,2.000000,0.000000,0.000000,5,2.000000,0.000000,0.000000,5,2.000000,0.000000,0.000000,5,3.000000,0.000000,0.000000,5
memo,1000,131072000,1000,131072000,0.01,256,131072,sharded,4.6875,ed25519,gossip,direct,shard,nonce_hash_set,5,29107.545344,75.286760,93.465873,5,4.493106,0.011505,0.014283,5,12531585.600000,541061.122829,671708.414988,5,1225.517000,66.823274,82.958752,5,2.000000,0.000000,0.000000,5,2.000000,0.000000,0.000000,5,2.000000,0.000000,0.000000,5,3.000000,0.000000,0.000000,5
memo,1000,131072000,1000,131072000,0.01,256,131072,sharded,600.0,ed25519,gossip,direct,shard,nonce_hash_set,5,236.596089,0.649471,0.806296,5,552.770653,1.503201,1.866171,5,12531585.600000,541061.122829,671708.414988,5,1225.517000,66.823274,82.958752,5,2.000000,0.000000,0.000000,5,2.000000,0.000000,0.000000,5,2.000000,0.000000,0.000000,5,3.000000,0.000000,0.000000,5
memo,1000,131072000,1000,131072000,0.01,256,131072,sharded,75.0,ed25519,gossip,direct,shard,nonce_hash_set,5,1888.563190,5.167016,6.414669,5,69.250195,0.187686,0.233006,5,12531585.600000,541061.122829,671708.414988,5,1225.517000,66.823274,82.958752,5,2.000000,0.000000,0.000000,5,2.000000,0.000000,0.000000,5,2.000000,0.000000,0.000000,5,3.000000,0.000000,0.000000,5
memo,1000,131072000,1000,131072000,0.01,256,131072,sharded,9.375,ed25519,gossip,direct,shard,nonce_hash_set,5,14844.541477,39.559303,49.111488,5,8.810197,0.023251,0.028865,5,12531585.600000,541061.122829,671708.414988,5,1225.517000,66.823274,82.958752,5,2.000000,0.000000,0.000000,5,2.000000,0.000000,0.000000,5,2.000000,0.000000,0.000000,5,3.000000,0.000000,0.000000,5
memo,1000,16384000,1000,16384000,0.01,256,16384,sharded,0.146484375,ed25519,gossip,direct,shard,nonce_hash_set,5,57057.547517,45.828940,56.895023,5,0.286530,0.000225,0.000280,5,12531585.600000,541061.122829,671708.414988,5,1225.517000,66.823274,82.958752,5,2.000000,0.000000,0.000000,5,2.000000,0.000000,0.000000,5,2.000000,0.000000,0.000000,5,3.000000,0.000000,0.000000,5
memo,1000,16384000,1000,16384000,0.01,256,16384,sharded,0.29296875,ed25519,gossip,direct,shard,nonce_hash_set,5,38794.984687,54.060631,67.114378,5,0.421413,0.000576,0.000715,5,12531585.600000,541061.122829,671708.414988,5,1225.517000,66.823274,82.958752,5,2.000000,0.000000,0.000000,5,2.000000,0.000000,0.000000,5,2.000000,0.000000,0.000000,5,3.000000,0.000000,0.000000,5
memo,1000,16384000,1000,16384000,0.01,256,16384,sharded,0.5859375,ed25519,gossip,direct,shard,nonce_hash_set,5,23652.052426,45.247481,56.173161,5,0.691219,0.001303,0.001618,5,12531585.600000,541061.122829,671708.414988,5,1225.517000,66.823274,82.958752,5,2.000000,0.000000,0.000000,5,2.000000,0.000000,0.000000,5,2.000000,0.000000,0.000000,5,3.000000,0.000000,0.000000,5
memo,1000,16384000,1000,16384000,0.01,256,16384,sharded,1200.0,ed25519,gossip,direct,shard,nonce_hash_set,5,14.790724,0.040613,0.050419,5,1105.341207,3.006710,3.732725,5,12531585.600000,541061.122829,671708.414988,5,1225.517000,66.823274,82.958752,5,2.000000,0.000000,0.000000,5,2.000000,0.000000,0.000000,5,2.000000,0.000000,0.000000,5,3.000000,0.000000,0.000000,5
memo,1000,16384000,1000,16384000,0.01,256,16384,sharded,150.0,ed25519,gossip,direct,shard,nonce_hash_set,5,118.212330,0.324157,0.402430,5,138.300265,0.375690,0.466406,5,12531585.600000,541061.122829,671708.414988,5,1225.517000,66.823274,82.958752,5,2.000000,0.000000,0.000000,5,2.000000,0.000000,0.000000,5,2.000000,0.000000,0.000000,5,3.000000,0.000000,0.000000,5
memo,1000,16384000,1000,16384000,0.01,256,16384,sharded,18.75,ed25519,gossip,direct,shard,nonce_hash_set,5,938.499150,2.546186,3.161001,5,17.420148,0.046812,0.058115,5,12531585.600000,541061.122829,671708.414988,5,1225.517000,66.823274,82.958752,5,2.000000,0.000000,0.000000,5,2.000000,0.000000,0.000000,5,2.000000,0.000000,0.000000,5,3.000000,0.000000,0.000000,5
memo,1000,16384000,1000,16384000,0.01,256,16384,sharded,1.171875,ed25519,gossip,direct,shard,nonce_hash_set,5,13282.444408,30.237479,37.538770,5,1.230855,0.002768,0.003437,5,12531585.600000,541061.122829,671708.414988,5,1225.517000,66.823274,82.958752,5,2.000000,0.000000,0.000000,5,2.000000,0.000000,0.000000,5,2.000000,0.000000,0.000000,5,3.000000,0.000000,0.000000,5
memo,1000,16384000,1000,16384000,0.01,256,16384,sharded,2.34375,ed25519,gossip,direct,shard,nonce_hash_set,5,7076.970740,17.662428,21.927285,5,2.310138,0.005704,0.007081,5,12531585.600000,541061.122829,671708.414988,5,1225.517000,66.823274,82.958752,5,2.000000,0.000000,0.000000,5,2.000000,0.000000,0.000000,5,2.000000,0.000000,0.000000,5,3.000000,0.000000,0.000000,5
memo,1000,16384000,1000,16384000,0.01,256,16384,sharded,300.0,ed25519,gossip,direct,shard,nonce_hash_set,5,59.138570,0.162292,0.201479,5,276.448971,0.751550,0.933023,5,12531585.600000,541061.122829,671708.414988,5,1225.517000,66.823274,82.958752,5,2.000000,0.000000,0.000000,5,2.000000,0.000000,0.000000,5,2.000000,0.000000,0.000000,5,3.000000,0.000000,0.000000,5
memo,1000,16384000,1000,16384000,0.01,256,16384,sharded,37.5,ed25519,gossip,direct,shard,nonce_hash_set,5,471.299841,1.286476,1.597115,5,34.688736,0.093795,0.116443,5,12531585.600000,541061.122829,671708.414988,5,1225.517000,66.823274,82.958752,5,2.000000,0.000000,0.000000,5,2.000000,0.000000,0.000000,5,2.000000,0.000000,0.000000,5,3.000000,0.000000,0.000000,5
memo,1000,16384000,1000,16384000,0.01,256,16384,sharded,4.6875,ed25519,gossip,direct,shard,nonce_hash_set,5,3658.503431,9.572486,11.883906,5,4.468709,0.011575,0.014370,5,12531585.600000,541061.122829,671708.414988,5,1225.517000,66.823274,82.958752,5,2.000000,0.000000,0.000000,5,2.000000,0.000000,0.000000,5,2.000000,0.000000,0.000000,5,3.000000,0.000000,0.000000,5
memo,1000,16384000,1000,16384000,0.01,256,16384,sharded,600.0,ed25519,gossip,direct,shard,nonce_hash_set,5,29.577393,0.081199,0.100806,5,552.746383,1.503270,1.866257,5,12531585.600000,541061.122829,671708.414988,5,1225.517000,66.823274,82.958752,5,2.000000,0.000000,0.000000,5,2.000000,0.000000,0.000000,5,2.000000,0.000000,0.000000,5,3.000000,0.000000,0.000000,5
memo,1000,16384000,1000,16384000,0.01,256,16384,sharded,75.0,ed25519,gossip,direct,shard,nonce_hash_set,5,236.165849,0.646617,0.802752,5,69.225912,0.187760,0.233097,5,12531585.600000,541061.122829,671708.414988,5,1225.517000,66.823274,82.958752,5,2.000000,0.000000,0.000000,5,2.000000,0.000000,0.000000,5,2.000000,0.000000,0.000000,5,3.000000,0.000000,0.000000,5
memo,1000,16384000,1000,16384000,0.01,256,16384,sharded,9.375,ed25519,gossip,direct,shard,nonce_hash_set,5,1860.808337,4.987494,6.191799,5,8.785855,0.023321,0.028952,5,12531585.600000,541061.122829,671708.414988,5,1225.517000,66.823274,82.958752,5,2.000000,0.000000,0.000000,5,2.000000,0.000000,0.000000,5,2.000000,0.000000,0.000000,5,3.000000,0.000000,0.000000,5
memo,1000,2048000,1000,2048000,0.01,256,2048,sharded,0.146484375,ed25519,gossip,direct,shard,nonce_hash_set,5,7204.460999,6.112132,7.587998,5,0.283777,0.000235,0.000292,5,12531585.600000,541061.122829,671708.414988,5,1225.517000,66.823274,82.958752,5,2.000000,0.000000,0.000000,5,2.000000,0.000000,0.000000,5,2.000000,0.000000,0.000000,5,3.000000,0.000000,0.000000,5
memo,1000,2048000,1000,2048000,0.01,256,2048,sharded,0.29296875,ed25519,gossip,direct,shard,nonce_hash_set,5,4883.031265,6.942517,8.618892,5,0.418688,0.000584,0.000725,5,12531585.600000,541061.122829,671708.414988,5,1225.517000,66.823274,82.958752,5,2.000000,0.000000,0.000000,5,2.000000,0.000000,0.000000,5,2.000000,0.000000,0.000000,5,3.000000,0.000000,0.000000,5
memo,1000,2048000,1000,2048000,0.01,256,2048,sharded,0.5859375,ed25519,gossip,direct,shard,nonce_hash_set,5,2969.413421,5.739474,7.125356,5,0.688509,0.001311,0.001628,5,12531585.600000,541061.122829,671708.414988,5,1225.517000,66.823274,82.958752,5,2.000000,0.000000,0.000000,5,2.000000,0.000000,0.000000,5,2.000000,0.000000,0.000000,5,3.000000,0.000000,0.000000,5
memo,1000,2048000,1000,2048000,0.01,256,2048,sharded,1200.0,ed25519,gossip,direct,shard,nonce_hash_set,5,1.849637,0.005079,0.006305,5,1105.338513,3.006718,3.732735,5,12531585.600000,541061.122829,671708.414988,5,1225.517000,66.823274,82.958752,5,2.000000,0.000000,0.000000,5,2.000000,0.000000,0.000000,5,2.000000,0.000000,0.000000,5,3.000000,0.000000,0.000000,5
memo,1000,2048000,1000,2048000,0.01,256,2048,sharded,150.0,ed25519,gossip,direct,shard,nonce_hash_set,5,14.783156,0.040539,0.050328,5,138.297571,0.375698,0.466416,5,12531585.600000,541061.122829,671708.414988,5,1225.517000,66.823274,82.958752,5,2.000000,0.000000,0.000000,5,2.000000,0.000000,0.000000,5,2.000000,0.000000,0.000000,5,3.000000,0.000000,0.000000,5
memo,1000,2048000,1000,2048000,0.01,256,2048,sharded,18.75,ed25519,gossip,direct,shard,nonce_hash_set,5,117.380782,0.318567,0.395490,5,17.417454,0.046821,0.058126,5,12531585.600000,541061.122829,671708.414988,5,1225.517000,66.823274,82.958752,5,2.000000,0.000000,0.000000,5,2.000000,0.000000,0.000000,5,2.000000,0.000000,0.000000,5,3.000000,0.000000,0.000000,5
memo,1000,2048000,1000,2048000,0.01,256,2048,sharded,1.171875,ed25519,gossip,direct,shard,nonce_hash_set,5,1664.671939,3.809635,4.729529,5,1.228152,0.002777,0.003447,5,12531585.600000,541061.122829,671708.414988,5,1225.517000,66.823274,82.958752,5,2.000000,0.000000,0.000000,5,2.000000,0.000000,0.000000,5,2.000000,0.000000,0.000000,5,3.000000,0.000000,0.000000,5
memo,1000,2048000,1000,2048000,0.01,256,2048,sharded,2.34375,ed25519,gossip,direct,shard,nonce_hash_set,5,886.035315,2.217085,2.752433,5,2.307439,0.005712,0.007091,5,12531585.600000,541061.122829,671708.414988,5,1225.517000,66.823274,82.958752,5,2.000000,0.000000,0.000000,5,2.000000,0.000000,0.000000,5,2.000000,0.000000,0.000000,5,3.000000,0.000000,0.000000,5
memo,1000,2048000,1000,2048000,0.01,256,2048,sharded,300.0,ed25519,gossip,direct,shard,nonce_hash_set,5,7.395558,0.020296,0.025196,5,276.446277,0.751558,0.933033,5,12531585.600000,541061.122829,671708.414988,5,1225.517000,66.823274,82.958752,5,2.000000,0.000000,0.000000,5,2.000000,0.000000,0.000000,5,2.000000,0.000000,0.000000,5,3.000000,0.000000,0.000000,5
memo,1000,2048000,1000,2048000,0.01,256,2048,sharded,37.5,ed25519,gossip,direct,shard,nonce_hash_set,5,58.942282,0.160917,0.199773,5,34.686042,0.093803,0.116453,5,12531585.600000,541061.122829,671708.414988,5,1225.517000,66.823274,82.958752,5,2.000000,0.000000,0.000000,5,2.000000,0.000000,0.000000,5,2.000000,0.000000,0.000000,5,3.000000,0.000000,0.000000,5
memo,1000,2048000,1000,2048000,0.01,256,2048,sharded,4.6875,ed25519,gossip,direct,shard,nonce_hash_set,5,457.784993,1.199459,1.489086,5,4.466013,0.011584,0.014382,5,12531585.600000,541061.122829,671708.414988,5,1225.517000,66.823274,82.958752,5,2.000000,0.000000,0.000000,5,2.000000,0.000000,0.000000,5,2.000000,0.000000,0.000000,5,3.000000,0.000000,0.000000,5
memo,1000,2048000,1000,2048000,0.01,256,2048,sharded,600.0,ed25519,gossip,direct,shard,nonce_hash_set,5,3.698775,0.010154,0.012606,5,552.743689,1.503278,1.866267,5,12531585.600000,541061.122829,671708.414988,5,1225.517000,66.823274,82.958752,5,2.000000,0.000000,0.000000,5,2.000000,0.000000,0.000000,5,2.000000,0.000000,0.000000,5,3.000000,0.000000,0.000000,5
memo,1000,2048000,1000,2048000,0.01,256,2048,sharded,75.0,ed25519,gossip,direct,shard,nonce_hash_set,5,29.534520,0.080871,0.100399,5,69.223218,0.187768,0.233108,5,12531585.600000,541061.122829,671708.414988,5,1225.517000,66.823274,82.958752,5,2.000000,0.000000,0.000000,5,2.000000,0.000000,0.000000,5,2.000000,0.000000,0.000000,5,3.000000,0.000000,0.000000,5
memo,1000,2048000,1000,2048000,0.01,256,2048,sharded,9.375,ed25519,gossip,direct,shard,nonce_hash_set,5,232.772049,0.624328,0.775082,5,8.783160,0.023330,0.028963,5,12531585.600000,541061.122829,671708.414988,5,1225.517000,66.823274,82.958752,5,2.000000,0.000000,0.000000,5,2.000000,0.000000,0.000000,5,2.000000,0.000000,0.000000,5,3.000000,0.000000,0.000000,5
memo,1000,262144000,1000,262144000,0.01,256,262144,sharded,0.146484375,ed25519,gossip,direct,shard,nonce_hash_set,5,724608.924490,515.674035,640.191235,5,0.360973,0.000260,0.000323,5,12531585.600000,541061.122829,671708.414988,5,1225.517000,66.823274,82.958752,5,2.000000,0.000000,0.000000,5,2.000000,0.000000,0.000000,5,2.000000,0.000000,0.000000,5,3.000000,0.000000,0.000000,5
memo,1000,262144000,1000,262144000,0.01,256,262144,sharded,0.29296875,ed25519,gossip,direct,shard,nonce_hash_set,5,533935.748940,562.853209,698.762525,5,0.489880,0.000513,0.000637,5,12531585.600000,541061.122829,671708.414988,5,1225.517000,66.823274,82.958752,5,2.000000,0.000000,0.000000,5,2.000000,0.000000,0.000000,5,2.000000,0.000000,0.000000,5,3.000000,0.000000,0.000000,5
memo,1000,262144000,1000,262144000,0.01,256,262144,sharded,0.5859375,ed25519,gossip,direct,shard,nonce_hash_set,5,346008.107682,502.882221,624.310647,5,0.755949,0.001083,0.001345,5,12531585.600000,541061.122829,671708.414988,5,1225.517000,66.823274,82.958752,5,2.000000,0.000000,0.000000,5,2.000000,0.000000,0.000000,5,2.000000,0.000000,0.000000,5,3.000000,0.000000,0.000000,5
memo,1000,262144000,1000,262144000,0.01,256,262144,sharded,1200.0,ed25519,gossip,direct,shard,nonce_hash_set,5,236.624926,0.649665,0.806537,5,1105.402353,3.006562,3.732541,5,12531585.600000,541061.122829,671708.414988,5,1225.517000,66.823274,82.958752,5,2.000000,0.000000,0.000000,5,2.000000,0.000000,0.000000,5,2.000000,0.000000,0.000000,5,3.000000,0.000000,0.000000,5
memo,1000,262144000,1000,262144000,0.01,256,262144,sharded,150.0,ed25519,gossip,direct,shard,nonce_hash_set,5,1890.452633,5.179481,6.430145,5,138.361437,0.375532,0.466210,5,12531585.600000,541061.122829,671708.414988,5,1225.517000,66.823274,82.958752,5,2.000000,0.000000,0.000000,5,2.000000,0.000000,0.000000,5,2.000000,0.000000,0.000000,5,3.000000,0.000000,0.000000,5
memo,1000,262144000,1000,262144000,0.01,256,262144,sharded,18.75,ed25519,gossip,direct,shard,nonce_hash_set,5,14962.479588,40.321805,50.058107,5,17.481440,0.046661,0.057928,5,12531585.600000,541061.122829,671708.414988,5,1225.517000,66.823274,82.958752,5,2.000000,0.000000,0.000000,5,2.000000,0.000000,0.000000,5,2.000000,0.000000,0.000000,5,3.000000,0.000000,0.000000,5
memo,1000,262144000,1000,262144000,0.01,256,262144,sharded,1.171875,ed25519,gossip,direct,shard,nonce_hash_set,5,202165.757969,391.102515,485.540061,5,1.293814,0.002469,0.003066,5,12531585.600000,541061.122829,671708.414988,5,1225.517000,66.823274,82.958752,5,2.000000,0.000000,0.000000,5,2.000000,0.000000,0.000000,5,2.000000,0.000000,0.000000,5,3.000000,0.000000,0.000000,5
memo,1000,262144000,1000,262144000,0.01,256,262144,sharded,2.34375,ed25519,gossip,direct,shard,nonce_hash_set,5,110261.114610,257.738649,319.973497,5,2.372235,0.005483,0.006807,5,12531585.600000,541061.122829,671708.414988,5,1225.517000,66.823274,82.958752,5,2.000000,0.000000,0.000000,5,2.000000,0.000000,0.000000,5,2.000000,0.000000,0.000000,5,3.000000,0.000000,0.000000,5
memo,1000,262144000,1000,262144000,0.01,256,262144,sharded,300.0,ed25519,gossip,direct,shard,nonce_hash_set,5,945.953568,2.594842,3.221405,5,276.510133,0.751396,0.932832,5,12531585.600000,541061.122829,671708.414988,5,1225.517000,66.823274,82.958752,5,2.000000,0.000000,0.000000,5,2.000000,0.000000,0.000000,5,2.000000,0.000000,0.000000,5,3.000000,0.000000,0.000000,5
memo,1000,262144000,1000,262144000,0.01,256,262144,sharded,37.5,ed25519,gossip,direct,shard,nonce_hash_set,5,7527.078369,20.478739,25.423637,5,34.749967,0.093651,0.116265,5,12531585.600000,541061.122829,671708.414988,5,1225.517000,66.823274,82.958752,5,2.000000,0.000000,0.000000,5,2.000000,0.000000,0.000000,5,2.000000,0.000000,0.000000,5,3.000000,0.000000,0.000000,5
memo,1000,262144000,1000,262144000,0.01,256,262144,sharded,4.6875,ed25519,gossip,direct,shard,nonce_hash_set,5,57736.042083,147.047757,182.554636,5,4.530368,0.011421,0.014179,5,12531585.600000,541061.122829,671708.414988,5,1225.517000,66.823274,82.958752,5,2.000000,0.000000,0.000000,5,2.000000,0.000000,0.000000,5,2.000000,0.000000,0.000000,5,3.000000,0.000000,0.000000,5
memo,1000,262144000,1000,262144000,0.01,256,262144,sharded,600.0,ed25519,gossip,direct,shard,nonce_hash_set,5,473.158800,1.298696,1.612286,5,552.807532,1.503121,1.866072,5,12531585.600000,541061.122829,671708.414988,5,1225.517000,66.823274,82.958752,5,2.000000,0.000000,0.000000,5,2.000000,0.000000,0.000000,5,2.000000,0.000000,0.000000,5,3.000000,0.000000,0.000000,5
memo,1000,262144000,1000,262144000,0.01,256,262144,sharded,75.0,ed25519,gossip,direct,shard,nonce_hash_set,5,3775.099861,10.318398,12.809929,5,69.287104,0.187602,0.232902,5,12531585.600000,541061.122829,671708.414988,5,1225.517000,66.823274,82.958752,5,2.000000,0.000000,0.000000,5,2.000000,0.000000,0.000000,5,2.000000,0.000000,0.000000,5,3.000000,0.000000,0.000000,5
memo,1000,262144000,1000,262144000,0.01,256,262144,sharded,9.375,ed25519,gossip,direct,shard,nonce_hash_set,5,29564.596144,78.180515,97.058369,5,8.847259,0.023168,0.028762,5,12531585.600000,541061.122829,671708.414988,5,1225.517000,66.823274,82.958752,5,2.000000,0.000000,0.000000,5,2.000000,0.000000,0.000000,5,2.000000,0.000000,0.000000,5,3.000000,0.000000,0.000000,5
memo,1000,32768000,1000,32768000,0.01,256,32768,sharded,0.146484375,ed25519,gossip,direct,shard,nonce_hash_set,5,112774.547069,81.570254,101.266610,5,0.289927,0.000206,0.000256,5,12531585.600000,541061.122829,671708.414988,5,1225.517000,66.823274,82.958752,5,2.000000,0.000000,0.000000,5,2.000000,0.000000,0.000000,5,2.000000,0.000000,0.000000,5,3.000000,0.000000,0.000000,5
memo,1000,32768000,1000,32768000,0.01,256,32768,sharded,0.29296875,ed25519,gossip,direct,shard,nonce_hash_set,5,76981.837716,103.126909,128.028442,5,0.424729,0.000558,0.000693,5,12531585.600000,541061.122829,671708.414988,5,1225.517000,66.823274,82.958752,5,2.000000,0.000000,0.000000,5,2.000000,0.000000,0.000000,5,2.000000,0.000000,0.000000,5,3.000000,0.000000,0.000000,5
memo,1000,32768000,1000,32768000,0.01,256,32768,sharded,0.5859375,ed25519,gossip,direct,shard,nonce_hash_set,5,47079.470433,88.963993,110.445678,5,0.694496,0.001293,0.001606,5,12531585.600000,541061.122829,671708.414988,5,1225.517000,66.823274,82.958752,5,2.000000,0.000000,0.000000,5,2.000000,0.000000,0.000000,5,2.000000,0.000000,0.000000,5,3.000000,0.000000,0.000000,5
memo,1000,32768000,1000,32768000,0.01,256,32768,sharded,1200.0,ed25519,gossip,direct,shard,nonce_hash_set,5,29.580457,0.081223,0.100835,5,1105.344435,3.006700,3.732713,5,12531585.600000,541061.122829,671708.414988,5,1225.517000,66.823274,82.958752,5,2.000000,0.000000,0.000000,5,2.000000,0.000000,0.000000,5,2.000000,0.000000,0.000000,5,3.000000,0.000000,0.000000,5
memo,1000,32768000,1000,32768000,0.01,256,32768,sharded,150.0,ed25519,gossip,direct,shard,nonce_hash_set,5,236.411911,0.648248,0.804777,5,138.303494,0.375680,0.466393,5,12531585.600000,541061.122829,671708.414988,5,1225.517000,66.823274,82.958752,5,2.000000,0.000000,0.000000,5,2.000000,0.000000,0.000000,5,2.000000,0.000000,0.000000,5,3.000000,0.000000,0.000000,5
memo,1000,32768000,1000,32768000,0.01,256,32768,sharded,18.75,ed25519,gossip,direct,shard,nonce_hash_set,5,1876.592873,5.089173,6.318030,5,17.423379,0.046801,0.058102,5,12531585.600000,541061.122829,671708.414988,5,1225.517000,66.823274,82.958752,5,2.000000,0.000000,0.000000,5,2.000000,0.000000,0.000000,5,2.000000,0.000000,0.000000,5,3.000000,0.000000,0.000000,5
memo,1000,32768000,1000,32768000,0.01,256,32768,sharded,1.171875,ed25519,gossip,direct,shard,nonce_hash_set,5,26494.083277,59.937862,74.410755,5,1.234107,0.002758,0.003425,5,12531585.600000,541061.122829,671708.414988,5,1225.517000,66.823274,82.958752,5,2.000000,0.000000,0.000000,5,2.000000,0.000000,0.000000,5,2.000000,0.000000,0.000000,5,3.000000,0.000000,0.000000,5
memo,1000,32768000,1000,32768000,0.01,256,32768,sharded,2.34375,ed25519,gossip,direct,shard,nonce_hash_set,5,14133.677046,35.160592,43.650643,5,2.313379,0.005694,0.007068,5,12531585.600000,541061.122829,671708.414988,5,1225.517000,66.823274,82.958752,5,2.000000,0.000000,0.000000,5,2.000000,0.000000,0.000000,5,2.000000,0.000000,0.000000,5,3.000000,0.000000,0.000000,5
memo,1000,32768000,1000,32768000,0.01,256,32768,sharded,300.0,ed25519,gossip,direct,shard,nonce_hash_set,5,118.272141,0.324561,0.402932,5,276.452199,0.751540,0.933010,5,12531585.600000,541061.122829,671708.414988,5,1225.517000,66.823274,82.958752,5,2.000000,0.000000,0.000000,5,2.000000,0.000000,0.000000,5,2.000000,0.000000,0.000000,5,3.000000,0.000000,0.000000,5
memo,1000,32768000,1000,32768000,0.01,256,32768,sharded,37.5,ed25519,gossip,direct,shard,nonce_hash_set,5,942.483091,2.572108,3.193181,5,34.691966,0.093784,0.116430,5,12531585.600000,541061.122829,671708.414988,5,1225.517000,66.823274,82.958752,5,2.000000,0.000000,0.000000,5,2.000000,0.000000,0.000000,5,2.000000,0.000000,0.000000,5,3.000000,0.000000,0.000000,5
memo,1000,32768000,1000,32768000,0.01,256,32768,sharded,4.6875,ed25519,gossip,direct,shard,nonce_hash_set,5,7311.488265,19.102418,23.714982,5,4.471945,0.011567,0.014360,5,12531585.600000,541061.122829,671708.414988,5,1225.517000,66.823274,82.958752,5,2.000000,0.000000,0.000000,5,2.000000,0.000000,0.000000,5,2.000000,0.000000,0.000000,5,3.000000,0.000000,0.000000,5
memo,1000,32768000,1000,32768000,0.01,256,32768,sharded,600.0,ed25519,gossip,direct,shard,nonce_hash_set,5,59.152631,0.162390,0.201602,5,552.749611,1.503260,1.866244,5,12531585.600000,541061.122829,671708.414988,5,1225.517000,66.823274,82.958752,5,2.000000,0.000000,0.000000,5,2.000000,0.000000,0.000000,5,2.000000,0.000000,0.000000,5,3.000000,0.000000,0.000000,5
memo,1000,32768000,1000,32768000,0.01,256,32768,sharded,75.0,ed25519,gossip,direct,shard,nonce_hash_set,5,472.295224,1.293006,1.605221,5,69.229141,0.187750,0.233085,5,12531585.600000,541061.122829,671708.414988,5,1225.517000,66.823274,82.958752,5,2.000000,0.000000,0.000000,5,2.000000,0.000000,0.000000,5,2.000000,0.000000,0.000000,5,3.000000,0.000000,0.000000,5
memo,1000,32768000,1000,32768000,0.01,256,32768,sharded,9.375,ed25519,gossip,direct,shard,nonce_hash_set,5,3720.134162,9.962905,12.368597,5,8.789087,0.023310,0.028939,5,12531585.600000,541061.122829,671708.414988,5,1225.517000,66.823274,82.958752,5,2.000000,0.000000,0.000000,5,2.000000,0.000000,0.000000,5,2.000000,0.000000,0.000000,5,3.000000,0.000000,0.000000,5
memo,1000,4096000,1000,4096000,0.01,256,4096,sharded,0.146484375,ed25519,gossip,direct,shard,nonce_hash_set,5,14386.951638,12.150700,15.084668,5,0.284141,0.000234,0.000291,5,12531585.600000,541061.122829,671708.414988,5,1225.517000,66.823274,82.958752,5,2.000000,0.000000,0.000000,5,2.000000,0.000000,0.000000,5,2.000000,0.000000,0.000000,5,3.000000,0.000000,0.000000,5
memo,1000,4096000,1000,4096000,0.01,256,4096,sharded,0.29296875,ed25519,gossip,direct,shard,nonce_hash_set,5,9755.226484,13.830558,17.170153,5,0.419050,0.000583,0.000723,5,12531585.600000,541061.122829,671708.414988,5,1225.517000,66.823274,82.958752,5,2.000000,0.000000,0.000000,5,2.000000,0.000000,0.000000,5,2.000000,0.000000,0.000000,5,3.000000,0.000000,0.000000,5
memo,1000,4096000,1000,4096000,0.01,256,4096,sharded,0.5859375,ed25519,gossip,direct,shard,nonce_hash_set,5,5934.255179,11.455186,14.221212,5,0.688871,0.001310,0.001627,5,12531585.600000,541061.122829,671708.414988,5,1225.517000,66.823274,82.958752,5,2.000000,0.000000,0.000000,5,2.000000,0.000000,0.000000,5,2.000000,0.000000,0.000000,5,3.000000,0.000000,0.000000,5
memo,1000,4096000,1000,4096000,0.01,256,4096,sharded,1200.0,ed25519,gossip,direct,shard,nonce_hash_set,5,3.698367,0.010155,0.012607,5,1105.338874,3.006717,3.732734,5,12531585.600000,541061.122829,671708.414988,5,1225.517000,66.823274,82.958752,5,2.000000,0.000000,0.000000,5,2.000000,0.000000,0.000000,5,2.000000,0.000000,0.000000,5,3.000000,0.000000,0.000000,5
memo,1000,4096000,1000,4096000,0.01,256,4096,sharded,150.0,ed25519,gossip,direct,shard,nonce_hash_set,5,29.559004,0.081058,0.100631,5,138.297932,0.375697,0.466415,5,12531585.600000,541061.122829,671708.414988,5,1225.517000,66.823274,82.958752,5,2.000000,0.000000,0.000000,5,2.000000,0.000000,0.000000,5,2.000000,0.000000,0.000000,5,3.000000,0.000000,0.000000,5
memo,1000,4096000,1000,4096000,0.01,256,4096,sharded,18.75,ed25519,gossip,direct,shard,nonce_hash_set,5,234.699286,0.636937,0.790735,5,17.417815,0.046820,0.058125,5,12531585.600000,541061.122829,671708.414988,5,1225.517000,66.823274,82.958752,5,2.000000,0.000000,0.000000,5,2.000000,0.000000,0.000000,5,2.000000,0.000000,0.000000,5,3.000000,0.000000,0.000000,5
memo,1000,4096000,1000,4096000,0.01,256,4096,sharded,1.171875,ed25519,gossip,direct,shard,nonce_hash_set,5,3327.550351,7.609469,9.446889,5,1.228514,0.002776,0.003446,5,12531585.600000,541061.122829,671708.414988,5,1225.517000,66.823274,82.958752,5,2.000000,0.000000,0.000000,5,2.000000,0.000000,0.000000,5,2.000000,0.000000,0.000000,5,3.000000,0.000000,0.000000,5
memo,1000,4096000,1000,4096000,0.01,256,4096,sharded,2.34375,ed25519,gossip,direct,shard,nonce_hash_set,5,1771.359951,4.430690,5.500546,5,2.307800,0.005711,0.007090,5,12531585.600000,541061.122829,671708.414988,5,1225.517000,66.823274,82.958752,5,2.000000,0.000000,0.000000,5,2.000000,0.000000,0.000000,5,2.000000,0.000000,0.000000,5,3.000000,0.000000,0.000000,5
memo,1000,4096000,1000,4096000,0.01,256,4096,sharded,300.0,ed25519,gossip,direct,shard,nonce_hash_set,5,14.787480,0.040581,0.050380,5,276.446638,0.751557,0.933032,5,12531585.600000,541061.122829,671708.414988,5,1225.517000,66.823274,82.958752,5,2.000000,0.000000,0.000000,5,2.000000,0.000000,0.000000,5,2.000000,0.000000,0.000000,5,3.000000,0.000000,0.000000,5
memo,1000,4096000,1000,4096000,0.01,256,4096,sharded,37.5,ed25519,gossip,direct,shard,nonce_hash_set,5,117.854508,0.321746,0.399436,5,34.686403,0.093802,0.116452,5,12531585.600000,541061.122829,671708.414988,5,1225.517000,66.823274,82.958752,5,2.000000,0.000000,0.000000,5,2.000000,0.000000,0.000000,5,2.000000,0.000000,0.000000,5,3.000000,0.000000,0.000000,5
memo,1000,4096000,1000,4096000,0.01,256,4096,sharded,4.6875,ed25519,gossip,direct,shard,nonce_hash_set,5,915.272055,2.397681,2.976637,5,4.466374,0.011583,0.014380,5,12531585.600000,541061.122829,671708.414988,5,1225.517000,66.823274,82.958752,5,2.000000,0.000000,0.000000,5,2.000000,0.000000,0.000000,5,2.000000,0.000000,0.000000,5,3.000000,0.000000,0.000000,5
memo,1000,4096000,1000,4096000,0.01,256,4096,sharded,600.0,ed25519,gossip,direct,shard,nonce_hash_set,5,7.395736,0.020304,0.025206,5,552.744050,1.503277,1.866266,5,12531585.600000,541061.122829,671708.414988,5,1225.517000,66.823274,82.958752,5,2.000000,0.000000,0.000000,5,2.000000,0.000000,0.000000,5,2.000000,0.000000,0.000000,5,3.000000,0.000000,0.000000,5
memo,1000,4096000,1000,4096000,0.01,256,4096,sharded,75.0,ed25519,gossip,direct,shard,nonce_hash_set,5,59.054286,0.161701,0.200746,5,69.223579,0.187767,0.233106,5,12531585.600000,541061.122829,671708.414988,5,1225.517000,66.823274,82.958752,5,2.000000,0.000000,0.000000,5,2.000000,0.000000,0.000000,5,2.000000,0.000000,0.000000,5,3.000000,0.000000,0.000000,5
memo,1000,4096000,1000,4096000,0.01,256,4096,sharded,9.375,ed25519,gossip,direct,shard,nonce_hash_set,5,465.411116,1.248187,1.549580,5,8.783521,0.023328,0.028962,5,12531585.600000,541061.122829,671708.414988,5,1225.517000,66.823274,82.958752,5,2.000000,0.000000,0.000000,5,2.000000,0.000000,0.000000,5,2.000000,0.000000,0.000000,5,3.000000,0.000000,0.000000,5
memo,1000,524288000,1000,524288000,0.01,256,524288,sharded,0.146484375,ed25519,gossip,direct,shard,nonce_hash_set,5,1017540.458120,528.971688,656.699805,5,0.514110,0.000271,0.000336,5,12531585.600000,541061.122829,671708.414988,5,1225.517000,66.823274,82.958752,5,2.000000,0.000000,0.000000,5,2.000000,0.000000,0.000000,5,2.000000,0.000000,0.000000,5,3.000000,0.000000,0.000000,5
memo,1000,524288000,1000,524288000,0.01,256,524288,sharded,0.29296875,ed25519,gossip,direct,shard,nonce_hash_set,5,817095.874145,661.843368,821.655337,5,0.640228,0.000515,0.000640,5,12531585.600000,541061.122829,671708.414988,5,1225.517000,66.823274,82.958752,5,2.000000,0.000000,0.000000,5,2.000000,0.000000,0.000000,5,2.000000,0.000000,0.000000,5,3.000000,0.000000,0.000000,5
memo,1000,524288000,1000,524288000,0.01,256,524288,sharded,0.5859375,ed25519,gossip,direct,shard,nonce_hash_set,5,582519.451707,724.575295,899.534826,5,0.898044,0.001105,0.001372,5,12531585.600000,541061.122829,671708.414988,5,1225.517000,66.823274,82.958752,5,2.000000,0.000000,0.000000,5,2.000000,0.000000,0.000000,5,2.000000,0.000000,0.000000,5,3.000000,0.000000,0.000000,5
memo,1000,524288000,1000,524288000,0.01,256,524288,sharded,1200.0,ed25519,gossip,direct,shard,nonce_hash_set,5,473.192869,1.298951,1.612603,5,1105.533352,3.006399,3.732339,5,12531585.600000,541061.122829,671708.414988,5,1225.517000,66.823274,82.958752,5,2.000000,0.000000,0.000000,5,2.000000,0.000000,0.000000,5,2.000000,0.000000,0.000000,5,3.000000,0.000000,0.000000,5
memo,1000,524288000,1000,524288000,0.01,256,524288,sharded,150.0,ed25519,gossip,direct,shard,nonce_hash_set,5,3777.320028,10.334728,12.830203,5,138.492496,0.375361,0.465997,5,12531585.600000,541061.122829,671708.414988,5,1225.517000,66.823274,82.958752,5,2.000000,0.000000,0.000000,5,2.000000,0.000000,0.000000,5,2.000000,0.000000,0.000000,5,3.000000,0.000000,0.000000,5
memo,1000,524288000,1000,524288000,0.01,256,524288,sharded,18.75,ed25519,gossip,direct,shard,nonce_hash_set,5,29701.702455,79.164172,98.279544,5,17.612806,0.046492,0.057718,5,12531585.600000,541061.122829,671708.414988,5,1225.517000,66.823274,82.958752,5,2.000000,0.000000,0.000000,5,2.000000,0.000000,0.000000,5,2.000000,0.000000,0.000000,5,3.000000,0.000000,0.000000,5
memo,1000,524288000,1000,524288000,0.01,256,524288,sharded,1.171875,ed25519,gossip,direct,shard,nonce_hash_set,5,365776.820333,597.771516,742.112379,5,1.430185,0.002306,0.002863,5,12531585.600000,541061.122829,671708.414988,5,1225.517000,66.823274,82.958752,5,2.000000,0.000000,0.000000,5,2.000000,0.000000,0.000000,5,2.000000,0.000000,0.000000,5,3.000000,0.000000,0.000000,5
memo,1000,524288000,1000,524288000,0.01,256,524288,sharded,2.34375,ed25519,gossip,direct,shard,nonce_hash_set,5,208757.654773,429.413342,533.101609,5,2.505916,0.005089,0.006318,5,12531585.600000,541061.122829,671708.414988,5,1225.517000,66.823274,82.958752,5,2.000000,0.000000,0.000000,5,2.000000,0.000000,0.000000,5,2.000000,0.000000,0.000000,5,3.000000,0.000000,0.000000,5
memo,1000,524288000,1000,524288000,0.01,256,524288,sharded,300.0,ed25519,gossip,direct,shard,nonce_hash_set,5,1891.007414,5.183577,6.435230,5,276.641162,0.751221,0.932615,5,12531585.600000,541061.122829,671708.414988,5,1225.517000,66.823274,82.958752,5,2.000000,0.000000,0.000000,5,2.000000,0.000000,0.000000,5,2.000000,0.000000,0.000000,5,3.000000,0.000000,0.000000,5
memo,1000,524288000,1000,524288000,0.01,256,524288,sharded,37.5,ed25519,gossip,direct,shard,nonce_hash_set,5,14997.502393,40.576491,50.374291,5,34.881169,0.093479,0.116050,5,12531585.600000,541061.122829,671708.414988,5,1225.517000,66.823274,82.958752,5,2.000000,0.000000,0.000000,5,2.000000,0.000000,0.000000,5,2.000000,0.000000,0.000000,5,3.000000,0.000000,0.000000,5
memo,1000,524288000,1000,524288000,0.01,256,524288,sharded,4.6875,ed25519,gossip,direct,shard,nonce_hash_set,5,112193.197555,270.480138,335.791609,5,4.662758,0.011119,0.013804,5,12531585.600000,541061.122829,671708.414988,5,1225.517000,66.823274,82.958752,5,2.000000,0.000000,0.000000,5,2.000000,0.000000,0.000000,5,2.000000,0.000000,0.000000,5,3.000000,0.000000,0.000000,5
memo,1000,524288000,1000,524288000,0.01,256,524288,sharded,600.0,ed25519,gossip,direct,shard,nonce_hash_set,5,946.091553,2.595866,3.222676,5,552.938554,1.502949,1.865858,5,12531585.600000,541061.122829,671708.414988,5,1225.517000,66.823274,82.958752,5,2.000000,0.000000,0.000000,5,2.000000,0.000000,0.000000,5,2.000000,0.000000,0.000000,5,3.000000,0.000000,0.000000,5
memo,1000,524288000,1000,524288000,0.01,256,524288,sharded,75.0,ed25519,gossip,direct,shard,nonce_hash_set,5,7535.924226,20.543529,25.504071,5,69.418221,0.187459,0.232724,5,12531585.600000,541061.122829,671708.414988,5,1225.517000,66.823274,82.958752,5,2.000000,0.000000,0.000000,5,2.000000,0.000000,0.000000,5,2.000000,0.000000,0.000000,5,3.000000,0.000000,0.000000,5
memo,1000,524288000,1000,524288000,0.01,256,524288,sharded,9.375,ed25519,gossip,direct,shard,nonce_hash_set,5,58261.357378,150.719085,187.112460,5,8.979024,0.022997,0.028550,5,12531585.600000,541061.122829,671708.414988,5,1225.517000,66.823274,82.958752,5,2.000000,0.000000,0.000000,5,2.000000,0.000000,0.000000,5,2.000000,0.000000,0.000000,5,3.000000,0.000000,0.000000,5
memo,1000,65536000,1000,65536000,0.01,256,65536,sharded,0.146484375,ed25519,gossip,direct,shard,nonce_hash_set,5,220055.447064,146.707923,182.132743,5,0.297161,0.000198,0.000246,5,12531585.600000,541061.122829,671708.414988,5,1225.517000,66.823274,82.958752,5,2.000000,0.000000,0.000000,5,2.000000,0.000000,0.000000,5,2.000000,0.000000,0.000000,5,3.000000,0.000000,0.000000,5
memo,1000,65536000,1000,65536000,0.01,256,65536,sharded,0.29296875,ed25519,gossip,direct,shard,nonce_hash_set,5,151501.734181,183.058886,227.261189,5,0.431625,0.000512,0.000635,5,12531585.600000,541061.122829,671708.414988,5,1225.517000,66.823274,82.958752,5,2.000000,0.000000,0.000000,5,2.000000,0.000000,0.000000,5,2.000000,0.000000,0.000000,5,3.000000,0.000000,0.000000,5
memo,1000,65536000,1000,65536000,0.01,256,65536,sharded,0.5859375,ed25519,gossip,direct,shard,nonce_hash_set,5,93253.404265,169.595304,210.546624,5,0.701229,0.001256,0.001560,5,12531585.600000,541061.122829,671708.414988,5,1225.517000,66.823274,82.958752,5,2.000000,0.000000,0.000000,5,2.000000,0.000000,0.000000,5,2.000000,0.000000,0.000000,5,3.000000,0.000000,0.000000,5
memo,1000,65536000,1000,65536000,0.01,256,65536,sharded,1200.0,ed25519,gossip,direct,shard,nonce_hash_set,5,59.159659,0.162440,0.201663,5,1105.350993,3.006680,3.732688,5,12531585.600000,541061.122829,671708.414988,5,1225.517000,66.823274,82.958752,5,2.000000,0.000000,0.000000,5,2.000000,0.000000,0.000000,5,2.000000,0.000000,0.000000,5,3.000000,0.000000,0.000000,5
memo,1000,65536000,1000,65536000,0.01,256,65536,sharded,150.0,ed25519,gossip,direct,shard,nonce_hash_set,5,472.794171,1.296285,1.609293,5,138.310052,0.375660,0.466369,5,12531585.600000,541061.122829,671708.414988,5,1225.517000,66.823274,82.958752,5,2.000000,0.000000,0.000000,5,2.000000,0.000000,0.000000,5,2.000000,0.000000,0.000000,5,3.000000,0.000000,0.000000,5
memo,1000,65536000,1000,65536000,0.01,256,65536,sharded,18.75,ed25519,gossip,direct,shard,nonce_hash_set,5,3751.714538,10.165996,12.620728,5,17.429945,0.046780,0.058076,5,12531585.600000,541061.122829,671708.414988,5,1225.517000,66.823274,82.958752,5,2.000000,0.000000,0.000000,5,2.000000,0.000000,0.000000,5,2.000000,0.000000,0.000000,5,3.000000,0.000000,0.000000,5
memo,1000,65536000,1000,65536000,0.01,256,65536,sharded,1.171875,ed25519,gossip,direct,shard,nonce_hash_set,5,52703.162674,117.721245,146.146799,5,1.240761,0.002738,0.003399,5,12531585.600000,541061.122829,671708.414988,5,1225.517000,66.823274,82.958752,5,2.000000,0.000000,0.000000,5,2.000000,0.000000,0.000000,5,2.000000,0.000000,0.000000,5,3.000000,0.000000,0.000000,5
memo,1000,65536000,1000,65536000,0.01,256,65536,sharded,2.34375,ed25519,gossip,direct,shard,nonce_hash_set,5,28186.452109,69.671575,86.494817,5,2.319984,0.005673,0.007043,5,12531585.600000,541061.122829,671708.414988,5,1225.517000,66.823274,82.958752,5,2.000000,0.000000,0.000000,5,2.000000,0.000000,0.000000,5,2.000000,0.000000,0.000000,5,3.000000,0.000000,0.000000,5
memo,1000,65536000,1000,65536000,0.01,256,65536,sharded,300.0,ed25519,gossip,direct,shard,nonce_hash_set,5,236.535054,0.649065,0.805792,5,276.458757,0.751520,0.932986,5,12531585.600000,541061.122829,671708.414988,5,1225.517000,66.823274,82.958752,5,2.000000,0.000000,0.000000,5,2.000000,0.000000,0.000000,5,2.000000,0.000000,0.000000,5,3.000000,0.000000,0.000000,5
memo,1000,65536000,1000,65536000,0.01,256,65536,sharded,37.5,ed25519,gossip,direct,shard,nonce_hash_set,5,1884.580873,5.141024,6.382401,5,34.698528,0.093763,0.116403,5,12531585.600000,541061.122829,671708.414988,5,1225.517000,66.823274,82.958752,5,2.000000,0.000000,0.000000,5,2.000000,0.000000,0.000000,5,2.000000,0.000000,0.000000,5,3.000000,0.000000,0.000000,5
memo,1000,65536000,1000,65536000,0.01,256,65536,sharded,4.6875,ed25519,gossip,direct,shard,nonce_hash_set,5,14601.255844,38.023032,47.204262,5,4.478529,0.011546,0.014334,5,12531585.600000,541061.122829,671708.414988,5,1225.517000,66.823274,82.958752,5,2.000000,0.000000,0.000000,5,2.000000,0.000000,0.000000,5,2.000000,0.000000,0.000000,5,3.000000,0.000000,0.000000,5
memo,1000,65536000,1000,65536000,0.01,256,65536,sharded,600.0,ed25519,gossip,direct,shard,nonce_hash_set,5,118.302049,0.324764,0.403183,5,552.756169,1.503240,1.866220,5,12531585.600000,541061.122829,671708.414988,5,1225.517000,66.823274,82.958752,5,2.000000,0.000000,0.000000,5,2.000000,0.000000,0.000000,5,2.000000,0.000000,0.000000,5,3.000000,0.000000,0.000000,5
memo,1000,65536000,1000,65536000,0.01,256,65536,sharded,75.0,ed25519,gossip,direct,shard,nonce_hash_set,5,944.486487,2.585194,3.209427,5,69.235702,0.187729,0.233059,5,12531585.600000,541061.122829,671708.414988,5,1225.517000,66.823274,82.958752,5,2.000000,0.000000,0.000000,5,2.000000,0.000000,0.000000,5,2.000000,0.000000,0.000000,5,3.000000,0.000000,0.000000,5
memo,1000,65536000,1000,65536000,0.01,256,65536,sharded,9.375,ed25519,gossip,direct,shard,nonce_hash_set,5,7434.594261,19.880931,24.681479,5,8.795661,0.023293,0.028917,5,12531585.600000,541061.122829,671708.414988,5,1225.517000,66.823274,82.958752,5,2.000000,0.000000,0.000000,5,2.000000,0.000000,0.000000,5,2.000000,0.000000,0.000000,5,3.000000,0.000000,0.000000,5
memo,1000,8192000,1000,8192000,0.01,256,8192,sharded,0.146484375,ed25519,gossip,direct,shard,nonce_hash_set,5,28694.014240,24.001435,29.796940,5,0.284898,0.000233,0.000289,5,12531585.600000,541061.122829,671708.414988,5,1225.517000,66.823274,82.958752,5,2.000000,0.000000,0.000000,5,2.000000,0.000000,0.000000,5,2.000000,0.000000,0.000000,5,3.000000,0.000000,0.000000,5
memo,1000,8192000,1000,8192000,0.01,256,8192,sharded,0.29296875,ed25519,gossip,direct,shard,nonce_hash_set,5,19473.215875,27.454647,34.083982,5,0.419800,0.000580,0.000721,5,12531585.600000,541061.122829,671708.414988,5,1225.517000,66.823274,82.958752,5,2.000000,0.000000,0.000000,5,2.000000,0.000000,0.000000,5,2.000000,0.000000,0.000000,5,3.000000,0.000000,0.000000,5
memo,1000,8192000,1000,8192000,0.01,256,8192,sharded,0.5859375,ed25519,gossip,direct,shard,nonce_hash_set,5,11854.197382,22.814529,28.323438,5,0.689618,0.001308,0.001624,5,12531585.600000,541061.122829,671708.414988,5,1225.517000,66.823274,82.958752,5,2.000000,0.000000,0.000000,5,2.000000,0.000000,0.000000,5,2.000000,0.000000,0.000000,5,3.000000,0.000000,0.000000,5
memo,1000,8192000,1000,8192000,0.01,256,8192,sharded,1200.0,ed25519,gossip,direct,shard,nonce_hash_set,5,7.395825,0.020308,0.025211,5,1105.339618,3.006715,3.732731,5,12531585.600000,541061.122829,671708.414988,5,1225.517000,66.823274,82.958752,5,2.000000,0.000000,0.000000,5,2.000000,0.000000,0.000000,5,2.000000,0.000000,0.000000,5,3.000000,0.000000,0.000000,5
memo,1000,8192000,1000,8192000,0.01,256,8192,sharded,150.0,ed25519,gossip,direct,shard,nonce_hash_set,5,59.110460,0.162094,0.201234,5,138.298676,0.375695,0.466412,5,12531585.600000,541061.122829,671708.414988,5,1225.517000,66.823274,82.958752,5,2.000000,0.000000,0.000000,5,2.000000,0.000000,0.000000,5,2.000000,0.000000,0.000000,5,3.000000,0.000000,0.000000,5
memo,1000,8192000,1000,8192000,0.01,256,8192,sharded,18.75,ed25519,gossip,direct,shard,nonce_hash_set,5,469.321106,1.273545,1.581061,5,17.418559,0.046817,0.058122,5,12531585.600000,541061.122829,671708.414988,5,1225.517000,66.823274,82.958752,5,2.000000,0.000000,0.000000,5,2.000000,0.000000,0.000000,5,2.000000,0.000000,0.000000,5,3.000000,0.000000,0.000000,5
memo,1000,8192000,1000,8192000,0.01,256,8192,sharded,1.171875,ed25519,gossip,direct,shard,nonce_hash_set,5,6650.248045,15.187042,18.854180,5,1.229260,0.002774,0.003443,5,12531585.600000,541061.122829,671708.414988,5,1225.517000,66.823274,82.958752,5,2.000000,0.000000,0.000000,5,2.000000,0.000000,0.000000,5,2.000000,0.000000,0.000000,5,3.000000,0.000000,0.000000,5
memo,1000,8192000,1000,8192000,0.01,256,8192,sharded,2.34375,ed25519,gossip,direct,shard,nonce_hash_set,5,3541.143214,8.850595,10.987703,5,2.308545,0.005708,0.007087,5,12531585.600000,541061.122829,671708.414988,5,1225.517000,66.823274,82.958752,5,2.000000,0.000000,0.000000,5,2.000000,0.000000,0.000000,5,2.000000,0.000000,0.000000,5,3.000000,0.000000,0.000000,5
memo,1000,8192000,1000,8192000,0.01,256,8192,sharded,300.0,ed25519,gossip,direct,shard,nonce_hash_set,5,29.571263,0.081152,0.100748,5,276.447382,0.751555,0.933029,5,12531585.600000,541061.122829,671708.414988,5,1225.517000,66.823274,82.958752,5,2.000000,0.000000,0.000000,5,2.000000,0.000000,0.000000,5,2.000000,0.000000,0.000000,5,3.000000,0.000000,0.000000,5
memo,1000,8192000,1000,8192000,0.01,256,8192,sharded,37.5,ed25519,gossip,direct,shard,nonce_hash_set,5,235.675130,0.643370,0.798721,5,34.687147,0.093800,0.116449,5,12531585.600000,541061.122829,671708.414988,5,1225.517000,66.823274,82.958752,5,2.000000,0.000000,0.000000,5,2.000000,0.000000,0.000000,5,2.000000,0.000000,0.000000,5,3.000000,0.000000,0.000000,5
memo,1000,8192000,1000,8192000,0.01,256,8192,sharded,4.6875,ed25519,gossip,direct,shard,nonce_hash_set,5,1830.015089,4.792088,5.949209,5,4.467118,0.011580,0.014377,5,12531585.600000,541061.122829,671708.414988,5,1225.517000,66.823274,82.958752,5,2.000000,0.000000,0.000000,5,2.000000,0.000000,0.000000,5,2.000000,0.000000,0.000000,5,3.000000,0.000000,0.000000,5
memo,1000,8192000,1000,8192000,0.01,256,8192,sharded,600.0,ed25519,gossip,direct,shard,nonce_hash_set,5,14.789643,0.040602,0.050406,5,552.744794,1.503275,1.866263,5,12531585.600000,541061.122829,671708.414988,5,1225.517000,66.823274,82.958752,5,2.000000,0.000000,0.000000,5,2.000000,0.000000,0.000000,5,2.000000,0.000000,0.000000,5,3.000000,0.000000,0.000000,5
memo,1000,8192000,1000,8192000,0.01,256,8192,sharded,75.0,ed25519,gossip,direct,shard,nonce_hash_set,5,118.092858,0.323351,0.401429,5,69.224323,0.187765,0.233103,5,12531585.600000,541061.122829,671708.414988,5,1225.517000,66.823274,82.958752,5,2.000000,0.000000,0.000000,5,2.000000,0.000000,0.000000,5,2.000000,0.000000,0.000000,5,3.000000,0.000000,0.000000,5
memo,1000,8192000,1000,8192000,0.01,256,8192,sharded,9.375,ed25519,gossip,direct,shard,nonce_hash_set,5,930.629492,2.495369,3.097913,5,8.784265,0.023326,0.028958,5,12531585.600000,541061.122829,671708.414988,5,1225.517000,66.823274,82.958752,5,2.000000,0.000000,0.000000,5,2.000000,0.000000,0.000000,5,2.000000,0.000000,0.000000,5,3.000000,0.000000,0.000000,5
memo,1000,1024000,1000,1024000,0.01,2,1024,sharded,0.146484375,ed25519,gossip,direct,shard,nonce_hash_set,5,3471.323523,22.948299,28.489508,5,0.239318,0.001192,0.001480,5,12562701.200000,700216.239094,869293.912030,5,1229.108000,76.092454,94.466114,5,2.000000,0.000000,0.000000,5,2.000000,0.000000,0.000000,5,2.000000,0.000000,0.000000,5,3.000000,0.000000,0.000000,5
memo,1000,1024000,1000,1024000,0.01,2,1024,sharded,0.29296875,ed25519,gossip,direct,shard,nonce_hash_set,5,2368.987501,18.908624,23.474394,5,0.350680,0.001759,0.002184,5,12562701.200000,700216.239094,869293.912030,5,1229.108000,76.092454,94.466114,5,2.000000,0.000000,0.000000,5,2.000000,0.000000,0.000000,5,2.000000,0.000000,0.000000,5,3.000000,0.000000,0.000000,5
memo,1000,1024000,1000,1024000,0.01,2,1024,sharded,0.5859375,ed25519,gossip,direct,shard,nonce_hash_set,5,1448.245354,13.364772,16.591896,5,0.573635,0.003131,0.003887,5,12562701.200000,700216.239094,869293.912030,5,1229.108000,76.092454,94.466114,5,2.000000,0.000000,0.000000,5,2.000000,0.000000,0.000000,5,2.000000,0.000000,0.000000,5,3.000000,0.000000,0.000000,5
memo,1000,1024000,1000,1024000,0.01,2,1024,sharded,1200.0,ed25519,gossip,direct,shard,nonce_hash_set,5,0.909217,0.010184,0.012643,5,913.734121,6.059037,7.522082,5,12562701.200000,700216.239094,869293.912030,5,1229.108000,76.092454,94.466114,5,2.000000,0.000000,0.000000,5,2.000000,0.000000,0.000000,5,2.000000,0.000000,0.000000,5,3.000000,0.000000,0.000000,5
memo,1000,1024000,1000,1024000,0.01,2,1024,sharded,150.0,ed25519,gossip,direct,shard,nonce_hash_set,5,7.266637,0.081328,0.100966,5,114.328293,0.757437,0.940331,5,12562701.200000,700216.239094,869293.912030,5,1229.108000,76.092454,94.466114,5,2.000000,0.000000,0.000000,5,2.000000,0.000000,0.000000,5,2.000000,0.000000,0.000000,5,3.000000,0.000000,0.000000,5
memo,1000,1024000,1000,1024000,0.01,2,1024,sharded,18.75,ed25519,gossip,direct,shard,nonce_hash_set,5,57.682878,0.641687,0.796632,5,14.402566,0.094742,0.117618,5,12562701.200000,700216.239094,869293.912030,5,1229.108000,76.092454,94.466114,5,2.000000,0.000000,0.000000,5,2.000000,0.000000,0.000000,5,2.000000,0.000000,0.000000,5,3.000000,0.000000,0.000000,5
memo,1000,1024000,1000,1024000,0.01,2,1024,sharded,1.171875,ed25519,gossip,direct,shard,nonce_hash_set,5,814.725333,8.225672,10.211883,5,1.019695,0.006041,0.007499,5,12562701.200000,700216.239094,869293.912030,5,1229.108000,76.092454,94.466114,5,2.000000,0.000000,0.000000,5,2.000000,0.000000,0.000000,5,2.000000,0.000000,0.000000,5,3.000000,0.000000,0.000000,5
memo,1000,1024000,1000,1024000,0.01,2,1024,sharded,2.34375,ed25519,gossip,direct,shard,nonce_hash_set,5,434.535886,4.612289,5.725995,5,1.911871,0.011931,0.014812,5,12562701.200000,700216.239094,869293.912030,5,1229.108000,76.092454,94.466114,5,2.000000,0.000000,0.000000,5,2.000000,0.000000,0.000000,5,2.000000,0.000000,0.000000,5,3.000000,0.000000,0.000000,5
memo,1000,1024000,1000,1024000,0.01,2,1024,sharded,300.0,ed25519,gossip,direct,shard,nonce_hash_set,5,3.635345,0.040705,0.050533,5,228.529125,1.514808,1.880581,5,12562701.200000,700216.239094,869293.912030,5,1229.108000,76.092454,94.466114,5,2.000000,0.000000,0.000000,5,2.000000,0.000000,0.000000,5,2.000000,0.000000,0.000000,5,3.000000,0.000000,0.000000,5
memo,1000,1024000,1000,1024000,0.01,2,1024,sharded,37.5,ed25519,gossip,direct,shard,nonce_hash_set,5,28.969645,0.323384,0.401470,5,28.677668,0.189409,0.235145,5,12562701.200000,700216.239094,869293.912030,5,1229.108000,76.092454,94.466114,5,2.000000,0.000000,0.000000,5,2.000000,0.000000,0.000000,5,2.000000,0.000000,0.000000,5,3.000000,0.000000,0.000000,5
memo,1000,1024000,1000,1024000,0.01,2,1024,sharded,4.6875,ed25519,gossip,direct,shard,nonce_hash_set,5,224.762856,2.449817,3.041362,5,3.696248,0.023752,0.029488,5,12562701.200000,700216.239094,869293.912030,5,1229.108000,76.092454,94.466114,5,2.000000,0.000000,0.000000,5,2.000000,0.000000,0.000000,5,2.000000,0.000000,0.000000,5,3.000000,0.000000,0.000000,5
memo,1000,1024000,1000,1024000,0.01,2,1024,sharded,600.0,ed25519,gossip,direct,shard,nonce_hash_set,5,1.818180,0.020362,0.025279,5,456.930790,3.029551,3.761081,5,12562701.200000,700216.239094,869293.912030,5,1229.108000,76.092454,94.466114,5,2.000000,0.000000,0.000000,5,2.000000,0.000000,0.000000,5,2.000000,0.000000,0.000000,5,3.000000,0.000000,0.000000,5
memo,1000,1024000,1000,1024000,0.01,2,1024,sharded,75.0,ed25519,gossip,direct,shard,nonce_hash_set,5,14.517087,0.162334,0.201532,5,57.227877,0.378751,0.470207,5,12562701.200000,700216.239094,869293.912030,5,1229.108000,76.092454,94.466114,5,2.000000,0.000000,0.000000,5,2.000000,0.000000,0.000000,5,2.000000,0.000000,0.000000,5,3.000000,0.000000,0.000000,5
memo,1000,1024000,1000,1024000,0.01,2,1024,sharded,9.375,ed25519,gossip,direct,shard,nonce_hash_set,5,114.353589,1.263437,1.568513,5,7.265016,0.047411,0.058860,5,12562701.200000,700216.239094,869293.912030,5,1229.108000,76.092454,94.466114,5,2.000000,0.000000,0.000000,5,2.000000,0.000000,0.000000,5,2.000000,0.000000,0.000000,5,3.000000,0.000000,0.000000,5
memo,1000,131072000,1000,131072000,0.01,2,131072,sharded,0.146484375,ed25519,gossip,direct,shard,nonce_hash_set,5,30517.415077,229.658838,285.113396,5,3.480254,0.002306,0.002863,5,12562701.200000,700216.239094,869293.912030,5,1229.108000,76.092454,94.466114,5,2.000000,0.000000,0.000000,5,2.000000,0.000000,0.000000,5,2.000000,0.000000,0.000000,5,3.000000,0.000000,0.000000,5
memo,1000,131072000,1000,131072000,0.01,2,131072,sharded,0.29296875,ed25519,gossip,direct,shard,nonce_hash_set,5,29862.200796,216.454469,268.720634,5,3.556610,0.004083,0.005068,5,12562701.200000,700216.239094,869293.912030,5,1229.108000,76.092454,94.466114,5,2.000000,0.000000,0.000000,5,2.000000,0.000000,0.000000,5,2.000000,0.000000,0.000000,5,3.000000,0.000000,0.000000,5
memo,1000,131072000,1000,131072000,0.01,2,131072,sharded,0.5859375,ed25519,gossip,direct,shard,nonce_hash_set,5,28632.731813,194.489977,241.452488,5,3.709323,0.007647,0.009494,5,12562701.200000,700216.239094,869293.912030,5,1229.108000,76.092454,94.466114,5,2.000000,0.000000,0.000000,5,2.000000,0.000000,0.000000,5,2.000000,0.000000,0.000000,5,3.000000,0.000000,0.000000,5
memo,1000,131072000,1000,131072000,0.01,2,131072,sharded,1200.0,ed25519,gossip,direct,shard,nonce_hash_set,5,115.982794,1.294474,1.607044,5,915.765745,6.052846,7.514396,5,12562701.200000,700216.239094,869293.912030,5,1229.108000,76.092454,94.466114,5,2.000000,0.000000,0.000000,5,2.000000,0.000000,0.000000,5,2.000000,0.000000,0.000000,5,3.000000,0.000000,0.000000,5
memo,1000,131072000,1000,131072000,0.01,2,131072,sharded,150.0,ed25519,gossip,direct,shard,nonce_hash_set,5,912.757181,9.868901,12.251894,5,116.364642,0.752290,0.933941,5,12562701.200000,700216.239094,869293.912030,5,1229.108000,76.092454,94.466114,5,2.000000,0.000000,0.000000,5,2.000000,0.000000,0.000000,5,2.000000,0.000000,0.000000,5,3.000000,0.000000,0.000000,5
memo,1000,131072000,1000,131072000,0.01,2,131072,sharded,18.75,ed25519,gossip,direct,shard,nonce_hash_set,5,6446.272211,55.984554,69.502861,5,16.476319,0.104846,0.130162,5,12562701.200000,700216.239094,869293.912030,5,1229.108000,76.092454,94.466114,5,2.000000,0.000000,0.000000,5,2.000000,0.000000,0.000000,5,2.000000,0.000000,0.000000,5,3.000000,0.000000,0.000000,5
memo,1000,131072000,1000,131072000,0.01,2,131072,sharded,1.171875,ed25519,gossip,direct,shard,nonce_hash_set,5,26454.488393,164.963519,204.796426,5,4.014750,0.014784,0.018354,5,12562701.200000,700216.239094,869293.912030,5,1229.108000,76.092454,94.466114,5,2.000000,0.000000,0.000000,5,2.000000,0.000000,0.000000,5,2.000000,0.000000,0.000000,5,3.000000,0.000000,0.000000,5
memo,1000,131072000,1000,131072000,0.01,2,131072,sharded,2.34375,ed25519,gossip,direct,shard,nonce_hash_set,5,22961.164654,141.714430,175.933496,5,4.625602,0.029061,0.036078,5,12562701.200000,700216.239094,869293.912030,5,1229.108000,76.092454,94.466114,5,2.000000,0.000000,0.000000,5,2.000000,0.000000,0.000000,5,2.000000,0.000000,0.000000,5,3.000000,0.000000,0.000000,5
memo,1000,131072000,1000,131072000,0.01,2,131072,sharded,300.0,ed25519,gossip,direct,shard,nonce_hash_set,5,460.667382,5.072481,6.297307,5,230.563084,1.509137,1.873540,5,12562701.200000,700216.239094,869293.912030,5,1229.108000,76.092454,94.466114,5,2.000000,0.000000,0.000000,5,2.000000,0.000000,0.000000,5,2.000000,0.000000,0.000000,5,3.000000,0.000000,0.000000,5
memo,1000,131072000,1000,131072000,0.01,2,131072,sharded,37.5,ed25519,gossip,direct,shard,nonce_hash_set,5,3456.208761,33.542076,41.641311,5,30.730646,0.189140,0.234811,5,12562701.200000,700216.239094,869293.912030,5,1229.108000,76.092454,94.466114,5,2.000000,0.000000,0.000000,5,2.000000,0.000000,0.000000,5,2.000000,0.000000,0.000000,5,3.000000,0.000000,0.000000,5
memo,1000,131072000,1000,131072000,0.01,2,131072,sharded,4.6875,ed25519,gossip,direct,shard,nonce_hash_set,5,17735.593975,118.629366,147.274199,5,5.988567,0.050134,0.062240,5,12562701.200000,700216.239094,869293.912030,5,1229.108000,76.092454,94.466114,5,2.000000,0.000000,0.000000,5,2.000000,0.000000,0.000000,5,2.000000,0.000000,0.000000,5,3.000000,0.000000,0.000000,5
memo,1000,131072000,1000,131072000,0.01,2,131072,sharded,600.0,ed25519,gossip,direct,shard,nonce_hash_set,5,231.419371,2.571431,3.192341,5,458.963353,3.023778,3.753914,5,12562701.200000,700216.239094,869293.912030,5,1229.108000,76.092454,94.466114,5,2.000000,0.000000,0.000000,5,2.000000,0.000000,0.000000,5,2.000000,0.000000,0.000000,5,3.000000,0.000000,0.000000,5
memo,1000,131072000,1000,131072000,0.01,2,131072,sharded,75.0,ed25519,gossip,direct,shard,nonce_hash_set,5,1792.038758,18.673095,23.181993,5,59.268934,0.374309,0.464691,5,12562701.200000,700216.239094,869293.912030,5,1229.108000,76.092454,94.466114,5,2.000000,0.000000,0.000000,5,2.000000,0.000000,0.000000,5,2.000000,0.000000,0.000000,5,3.000000,0.000000,0.000000,5
memo,1000,131072000,1000,131072000,0.01,2,131072,sharded,9.375,ed25519,gossip,direct,shard,nonce_hash_set,5,11301.423225,82.314173,102.190160,5,9.397975,0.069637,0.086451,5,12562701.200000,700216.239094,869293.912030,5,1229.108000,76.092454,94.466114,5,2.000000,0.000000,0.000000,5,2.000000,0.000000,0.000000,5,2.000000,0.000000,0.000000,5,3.000000,0.000000,0.000000,5
memo,1000,16384000,1000,16384000,0.01,2,16384,sharded,0.146484375,ed25519,gossip,direct,shard,nonce_hash_set,5,22166.187001,131.863298,163.703661,5,0.598970,0.002244,0.002786,5,12562701.200000,700216.239094,869293.912030,5,1229.108000,76.092454,94.466114,5,2.000000,0.000000,0.000000,5,2.000000,0.000000,0.000000,5,2.000000,0.000000,0.000000,5,3.000000,0.000000,0.000000,5
memo,1000,16384000,1000,16384000,0.01,2,16384,sharded,0.29296875,ed25519,gossip,direct,shard,nonce_hash_set,5,19660.102454,115.382612,143.243468,5,0.675326,0.004024,0.004996,5,12562701.200000,700216.239094,869293.912030,5,1229.108000,76.092454,94.466114,5,2.000000,0.000000,0.000000,5,2.000000,0.000000,0.000000,5,2.000000,0.000000,0.000000,5,3.000000,0.000000,0.000000,5
memo,1000,16384000,1000,16384000,0.01,2,16384,sharded,0.5859375,ed25519,gossip,direct,shard,nonce_hash_set,5,15699.161732,98.920528,122.806367,5,0.845724,0.006659,0.008267,5,12562701.200000,700216.239094,869293.912030,5,1229.108000,76.092454,94.466114,5,2.000000,0.000000,0.000000,5,2.000000,0.000000,0.000000,5,2.000000,0.000000,0.000000,5,3.000000,0.000000,0.000000,5
memo,1000,16384000,1000,16384000,0.01,2,16384,sharded,1200.0,ed25519,gossip,direct,shard,nonce_hash_set,5,14.527240,0.162738,0.202033,5,913.973662,6.058230,7.521080,5,12562701.200000,700216.239094,869293.912030,5,1229.108000,76.092454,94.466114,5,2.000000,0.000000,0.000000,5,2.000000,0.000000,0.000000,5,2.000000,0.000000,0.000000,5,3.000000,0.000000,0.000000,5
memo,1000,16384000,1000,16384000,0.01,2,16384,sharded,150.0,ed25519,gossip,direct,shard,nonce_hash_set,5,115.892042,1.292739,1.604890,5,114.567898,0.756713,0.939433,5,12562701.200000,700216.239094,869293.912030,5,1229.108000,76.092454,94.466114,5,2.000000,0.000000,0.000000,5,2.000000,0.000000,0.000000,5,2.000000,0.000000,0.000000,5,3.000000,0.000000,0.000000,5
memo,1000,16384000,1000,16384000,0.01,2,16384,sharded,18.75,ed25519,gossip,direct,shard,nonce_hash_set,5,906.758724,9.764479,12.122258,5,14.642760,0.094166,0.116903,5,12562701.200000,700216.239094,869293.912030,5,1229.108000,76.092454,94.466114,5,2.000000,0.000000,0.000000,5,2.000000,0.000000,0.000000,5,2.000000,0.000000,0.000000,5,3.000000,0.000000,0.000000,5
memo,1000,16384000,1000,16384000,0.01,2,16384,sharded,1.171875,ed25519,gossip,direct,shard,nonce_hash_set,5,10438.688921,73.201419,90.876996,5,1.271917,0.009067,0.011256,5,12562701.200000,700216.239094,869293.912030,5,1229.108000,76.092454,94.466114,5,2.000000,0.000000,0.000000,5,2.000000,0.000000,0.000000,5,2.000000,0.000000,0.000000,5,3.000000,0.000000,0.000000,5
memo,1000,16384000,1000,16384000,0.01,2,16384,sharded,2.34375,ed25519,gossip,direct,shard,nonce_hash_set,5,6156.210681,52.195223,64.798540,5,2.156716,0.013382,0.016613,5,12562701.200000,700216.239094,869293.912030,5,1229.108000,76.092454,94.466114,5,2.000000,0.000000,0.000000,5,2.000000,0.000000,0.000000,5,2.000000,0.000000,0.000000,5,3.000000,0.000000,0.000000,5
memo,1000,16384000,1000,16384000,0.01,2,16384,sharded,300.0,ed25519,gossip,direct,shard,nonce_hash_set,5,58.039023,0.648978,0.805684,5,228.768700,1.514042,1.879630,5,12562701.200000,700216.239094,869293.912030,5,1229.108000,76.092454,94.466114,5,2.000000,0.000000,0.000000,5,2.000000,0.000000,0.000000,5,2.000000,0.000000,0.000000,5,3.000000,0.000000,0.000000,5
memo,1000,16384000,1000,16384000,0.01,2,16384,sharded,37.5,ed25519,gossip,direct,shard,nonce_hash_set,5,459.149392,5.045228,6.263474,5,28.917566,0.188759,0.234338,5,12562701.200000,700216.239094,869293.912030,5,1229.108000,76.092454,94.466114,5,2.000000,0.000000,0.000000,5,2.000000,0.000000,0.000000,5,2.000000,0.000000,0.000000,5,3.000000,0.000000,0.000000,5
memo,1000,16384000,1000,16384000,0.01,2,16384,sharded,4.6875,ed25519,gossip,direct,shard,nonce_hash_set,5,3371.147449,32.260962,40.050854,5,3.938509,0.023845,0.029603,5,12562701.200000,700216.239094,869293.912030,5,1229.108000,76.092454,94.466114,5,2.000000,0.000000,0.000000,5,2.000000,0.000000,0.000000,5,2.000000,0.000000,0.000000,5,3.000000,0.000000,0.000000,5
memo,1000,16384000,1000,16384000,0.01,2,16384,sharded,600.0,ed25519,gossip,direct,shard,nonce_hash_set,5,29.042816,0.325145,0.403656,5,457.170332,3.028746,3.760082,5,12562701.200000,700216.239094,869293.912030,5,1229.108000,76.092454,94.466114,5,2.000000,0.000000,0.000000,5,2.000000,0.000000,0.000000,5,2.000000,0.000000,0.000000,5,3.000000,0.000000,0.000000,5
memo,1000,16384000,1000,16384000,0.01,2,16384,sharded,75.0,ed25519,gossip,direct,shard,nonce_hash_set,5,231.043223,2.564496,3.183732,5,57.467599,0.378083,0.469377,5,12562701.200000,700216.239094,869293.912030,5,1229.108000,76.092454,94.466114,5,2.000000,0.000000,0.000000,5,2.000000,0.000000,0.000000,5,2.000000,0.000000,0.000000,5,3.000000,0.000000,0.000000,5
memo,1000,16384000,1000,16384000,0.01,2,16384,sharded,9.375,ed25519,gossip,direct,shard,nonce_hash_set,5,1768.951633,18.291295,22.708001,5,7.505796,0.046943,0.058278,5,12562701.200000,700216.239094,869293.912030,5,1229.108000,76.092454,94.466114,5,2.000000,0.000000,0.000000,5,2.000000,0.000000,0.000000,5,2.000000,0.000000,0.000000,5,3.000000,0.000000,0.000000,5
memo,1000,2048000,1000,2048000,0.01,2,2048,sharded,0.146484375,ed25519,gossip,direct,shard,nonce_hash_set,5,6472.917161,37.861284,47.003457,5,0.256530,0.001519,0.001886,5,12562701.200000,700216.239094,869293.912030,5,1229.108000,76.092454,94.466114,5,2.000000,0.000000,0.000000,5,2.000000,0.000000,0.000000,5,2.000000,0.000000,0.000000,5,3.000000,0.000000,0.000000,5
memo,1000,2048000,1000,2048000,0.01,2,2048,sharded,0.29296875,ed25519,gossip,direct,shard,nonce_hash_set,5,4522.941541,33.153211,41.158549,5,0.367130,0.001982,0.002461,5,12562701.200000,700216.239094,869293.912030,5,1229.108000,76.092454,94.466114,5,2.000000,0.000000,0.000000,5,2.000000,0.000000,0.000000,5,2.000000,0.000000,0.000000,5,3.000000,0.000000,0.000000,5
memo,1000,2048000,1000,2048000,0.01,2,2048,sharded,0.5859375,ed25519,gossip,direct,shard,nonce_hash_set,5,2815.140395,24.451854,30.356120,5,0.589854,0.003209,0.003984,5,12562701.200000,700216.239094,869293.912030,5,1229.108000,76.092454,94.466114,5,2.000000,0.000000,0.000000,5,2.000000,0.000000,0.000000,5,2.000000,0.000000,0.000000,5,3.000000,0.000000,0.000000,5
memo,1000,2048000,1000,2048000,0.01,2,2048,sharded,1200.0,ed25519,gossip,direct,shard,nonce_hash_set,5,1.817307,0.020361,0.025278,5,913.750076,6.058983,7.522015,5,12562701.200000,700216.239094,869293.912030,5,1229.108000,76.092454,94.466114,5,2.000000,0.000000,0.000000,5,2.000000,0.000000,0.000000,5,2.000000,0.000000,0.000000,5,3.000000,0.000000,0.000000,5
memo,1000,2048000,1000,2048000,0.01,2,2048,sharded,150.0,ed25519,gossip,direct,shard,nonce_hash_set,5,14.522499,0.162549,0.201799,5,114.344248,0.757383,0.940265,5,12562701.200000,700216.239094,869293.912030,5,1229.108000,76.092454,94.466114,5,2.000000,0.000000,0.000000,5,2.000000,0.000000,0.000000,5,2.000000,0.000000,0.000000,5,3.000000,0.000000,0.000000,5
memo,1000,2048000,1000,2048000,0.01,2,2048,sharded,18.75,ed25519,gossip,direct,shard,nonce_hash_set,5,115.168659,1.278924,1.587739,5,14.418528,0.094697,0.117563,5,12562701.200000,700216.239094,869293.912030,5,1229.108000,76.092454,94.466114,5,2.000000,0.000000,0.000000,5,2.000000,0.000000,0.000000,5,2.000000,0.000000,0.000000,5,3.000000,0.000000,0.000000,5
memo,1000,2048000,1000,2048000,0.01,2,2048,sharded,1.171875,ed25519,gossip,direct,shard,nonce_hash_set,5,1603.199708,15.655247,19.435441,5,1.035765,0.006037,0.007495,5,12562701.200000,700216.239094,869293.912030,5,1229.108000,76.092454,94.466114,5,2.000000,0.000000,0.000000,5,2.000000,0.000000,0.000000,5,2.000000,0.000000,0.000000,5,3.000000,0.000000,0.000000,5
memo,1000,2048000,1000,2048000,0.01,2,2048,sharded,2.34375,ed25519,gossip,direct,shard,nonce_hash_set,5,861.332167,8.989491,11.160137,5,1.927885,0.011908,0.014783,5,12562701.200000,700216.239094,869293.912030,5,1229.108000,76.092454,94.466114,5,2.000000,0.000000,0.000000,5,2.000000,0.000000,0.000000,5,2.000000,0.000000,0.000000,5,3.000000,0.000000,0.000000,5
memo,1000,2048000,1000,2048000,0.01,2,2048,sharded,300.0,ed25519,gossip,direct,shard,nonce_hash_set,5,7.265807,0.081372,0.101020,5,228.545081,1.514754,1.880514,5,12562701.200000,700216.239094,869293.912030,5,1229.108000,76.092454,94.466114,5,2.000000,0.000000,0.000000,5,2.000000,0.000000,0.000000,5,2.000000,0.000000,0.000000,5,3.000000,0.000000,0.000000,5
memo,1000,2048000,1000,2048000,0.01,2,2048,sharded,37.5,ed25519,gossip,direct,shard,nonce_hash_set,5,57.872205,0.645559,0.801439,5,28.693628,0.189361,0.235085,5,12562701.200000,700216.239094,869293.912030,5,1229.108000,76.092454,94.466114,5,2.000000,0.000000,0.000000,5,2.000000,0.000000,0.000000,5,2.000000,0.000000,0.000000,5,3.000000,0.000000,0.000000,5
memo,1000,2048000,1000,2048000,0.01,2,2048,sharded,4.6875,ed25519,gossip,direct,shard,nonce_hash_set,5,447.319795,4.834890,6.002347,5,3.712236,0.023715,0.029442,5,12562701.200000,700216.239094,869293.912030,5,1229.108000,76.092454,94.466114,5,2.000000,0.000000,0.000000,5,2.000000,0.000000,0.000000,5,2.000000,0.000000,0.000000,5,3.000000,0.000000,0.000000,5
memo,1000,2048000,1000,2048000,0.01,2,2048,sharded,600.0,ed25519,gossip,direct,shard,nonce_hash_set,5,3.634044,0.040710,0.050540,5,456.946746,3.029497,3.761014,5,12562701.200000,700216.239094,869293.912030,5,1229.108000,76.092454,94.466114,5,2.000000,0.000000,0.000000,5,2.000000,0.000000,0.000000,5,2.000000,0.000000,0.000000,5,3.000000,0.000000,0.000000,5
memo,1000,2048000,1000,2048000,0.01,2,2048,sharded,75.0,ed25519,gossip,direct,shard,nonce_hash_set,5,29.008610,0.324321,0.402634,5,57.243832,0.378698,0.470141,5,12562701.200000,700216.239094,869293.912030,5,1229.108000,76.092454,94.466114,5,2.000000,0.000000,0.000000,5,2.000000,0.000000,0.000000,5,2.000000,0.000000,0.000000,5,3.000000,0.000000,0.000000,5
memo,1000,2048000,1000,2048000,0.01,2,2048,sharded,9.375,ed25519,gossip,direct,shard,nonce_hash_set,5,228.067947,2.509868,3.115913,5,7.280990,0.047372,0.058811,5,12562701.200000,700216.239094,869293.912030,5,1229.108000,76.092454,94.466114,5,2.000000,0.000000,0.000000,5,2.000000,0.000000,0.000000,5,2.000000,0.000000,0.000000,5,3.000000,0.000000,0.000000,5
memo,1000,262144000,1000,262144000,0.01,2,262144,sharded,0.146484375,ed25519,gossip,direct,shard,nonce_hash_set,5,31325.423949,241.859137,300.259639,5,6.780943,0.002453,0.003045,5,12562701.200000,700216.239094,869293.912030,5,1229.108000,76.092454,94.466114,5,2.000000,0.000000,0.000000,5,2.000000,0.000000,0.000000,5,2.000000,0.000000,0.000000,5,3.000000,0.000000,0.000000,5
memo,1000,262144000,1000,262144000,0.01,2,262144,sharded,0.29296875,ed25519,gossip,direct,shard,nonce_hash_set,5,30976.586626,234.369714,290.961783,5,6.857300,0.004221,0.005240,5,12562701.200000,700216.239094,869293.912030,5,1229.108000,76.092454,94.466114,5,2.000000,0.000000,0.000000,5,2.000000,0.000000,0.000000,5,2.000000,0.000000,0.000000,5,3.000000,0.000000,0.000000,5
memo,1000,262144000,1000,262144000,0.01,2,262144,sharded,0.5859375,ed25519,gossip,direct,shard,nonce_hash_set,5,30301.720959,220.679666,273.966069,5,7.010013,0.007780,0.009659,5,12562701.200000,700216.239094,869293.912030,5,1229.108000,76.092454,94.466114,5,2.000000,0.000000,0.000000,5,2.000000,0.000000,0.000000,5,2.000000,0.000000,0.000000,5,3.000000,0.000000,0.000000,5
memo,1000,262144000,1000,262144000,0.01,2,262144,sharded,1200.0,ed25519,gossip,direct,shard,nonce_hash_set,5,231.444468,2.571874,3.192892,5,917.822861,6.047413,7.507651,5,12562701.200000,700216.239094,869293.912030,5,1229.108000,76.092454,94.466114,5,2.000000,0.000000,0.000000,5,2.000000,0.000000,0.000000,5,2.000000,0.000000,0.000000,5,3.000000,0.000000,0.000000,5
memo,1000,262144000,1000,262144000,0.01,2,262144,sharded,150.0,ed25519,gossip,direct,shard,nonce_hash_set,5,1793.601587,18.697865,23.212744,5,118.434031,0.748439,0.929161,5,12562701.200000,700216.239094,869293.912030,5,1229.108000,76.092454,94.466114,5,2.000000,0.000000,0.000000,5,2.000000,0.000000,0.000000,5,2.000000,0.000000,0.000000,5,3.000000,0.000000,0.000000,5
memo,1000,262144000,1000,262144000,0.01,2,262144,sharded,18.75,ed25519,gossip,direct,shard,nonce_hash_set,5,11364.084772,82.963706,102.996532,5,18.692226,0.138938,0.172487,5,12562701.200000,700216.239094,869293.912030,5,1229.108000,76.092454,94.466114,5,2.000000,0.000000,0.000000,5,2.000000,0.000000,0.000000,5,2.000000,0.000000,0.000000,5,3.000000,0.000000,0.000000,5
memo,1000,262144000,1000,262144000,0.01,2,262144,sharded,1.171875,ed25519,gossip,direct,shard,nonce_hash_set,5,29036.554013,197.946832,245.744052,5,7.315439,0.014914,0.018515,5,12562701.200000,700216.239094,869293.912030,5,1229.108000,76.092454,94.466114,5,2.000000,0.000000,0.000000,5,2.000000,0.000000,0.000000,5,2.000000,0.000000,0.000000,5,3.000000,0.000000,0.000000,5
memo,1000,262144000,1000,262144000,0.01,2,262144,sharded,2.34375,ed25519,gossip,direct,shard,nonce_hash_set,5,26798.826021,167.501994,207.947854,5,7.926292,0.029189,0.036237,5,12562701.200000,700216.239094,869293.912030,5,1229.108000,76.092454,94.466114,5,2.000000,0.000000,0.000000,5,2.000000,0.000000,0.000000,5,2.000000,0.000000,0.000000,5,3.000000,0.000000,0.000000,5
memo,1000,262144000,1000,262144000,0.01,2,262144,sharded,300.0,ed25519,gossip,direct,shard,nonce_hash_set,5,913.160361,9.875625,12.260242,5,232.625441,1.504420,1.867685,5,12562701.200000,700216.239094,869293.912030,5,1229.108000,76.092454,94.466114,5,2.000000,0.000000,0.000000,5,2.000000,0.000000,0.000000,5,2.000000,0.000000,0.000000,5,3.000000,0.000000,0.000000,5
memo,1000,262144000,1000,262144000,0.01,2,262144,sharded,37.5,ed25519,gossip,direct,shard,nonce_hash_set,5,6466.612748,56.241969,69.822432,5,32.848837,0.209423,0.259992,5,12562701.200000,700216.239094,869293.912030,5,1229.108000,76.092454,94.466114,5,2.000000,0.000000,0.000000,5,2.000000,0.000000,0.000000,5,2.000000,0.000000,0.000000,5,3.000000,0.000000,0.000000,5
memo,1000,262144000,1000,262144000,0.01,2,262144,sharded,4.6875,ed25519,gossip,direct,shard,nonce_hash_set,5,23220.108574,143.740528,178.448826,5,9.147996,0.057744,0.071687,5,12562701.200000,700216.239094,869293.912030,5,1229.108000,76.092454,94.466114,5,2.000000,0.000000,0.000000,5,2.000000,0.000000,0.000000,5,2.000000,0.000000,0.000000,5,3.000000,0.000000,0.000000,5
memo,1000,262144000,1000,262144000,0.01,2,262144,sharded,600.0,ed25519,gossip,direct,shard,nonce_hash_set,5,460.768986,5.074228,6.299477,5,461.022323,3.018124,3.746896,5,12562701.200000,700216.239094,869293.912030,5,1229.108000,76.092454,94.466114,5,2.000000,0.000000,0.000000,5,2.000000,0.000000,0.000000,5,2.000000,0.000000,0.000000,5,3.000000,0.000000,0.000000,5
memo,1000,262144000,1000,262144000,0.01,2,262144,sharded,75.0,ed25519,gossip,direct,shard,nonce_hash_set,5,3462.041215,33.626475,41.746090,5,61.357466,0.378065,0.469355,5,12562701.200000,700216.239094,869293.912030,5,1229.108000,76.092454,94.466114,5,2.000000,0.000000,0.000000,5,2.000000,0.000000,0.000000,5,2.000000,0.000000,0.000000,5,3.000000,0.000000,0.000000,5
memo,1000,262144000,1000,262144000,0.01,2,262144,sharded,9.375,ed25519,gossip,direct,shard,nonce_hash_set,5,17890.150068,120.146435,149.157587,5,11.873610,0.099900,0.124022,5,12562701.200000,700216.239094,869293.912030,5,1229.108000,76.092454,94.466114,5,2.000000,0.000000,0.000000,5,2.000000,0.000000,0.000000,5,2.000000,0.000000,0.000000,5,3.000000,0.000000,0.000000,5
memo,1000,32768000,1000,32768000,0.01,2,32768,sharded,0.146484375,ed25519,gossip,direct,shard,nonce_hash_set,5,26279.929155,173.355989,215.215382,5,1.010381,0.002251,0.002795,5,12562701.200000,700216.239094,869293.912030,5,1229.108000,76.092454,94.466114,5,2.000000,0.000000,0.000000,5,2.000000,0.000000,0.000000,5,2.000000,0.000000,0.000000,5,3.000000,0.000000,0.000000,5
memo,1000,32768000,1000,32768000,0.01,2,32768,sharded,0.29296875,ed25519,gossip,direct,shard,nonce_hash_set,5,24433.468309,149.093516,185.094373,5,1.086738,0.004031,0.005004,5,12562701.200000,700216.239094,869293.912030,5,1229.108000,76.092454,94.466114,5,2.000000,0.000000,0.000000,5,2.000000,0.000000,0.000000,5,2.000000,0.000000,0.000000,5,3.000000,0.000000,0.000000,5
memo,1000,32768000,1000,32768000,0.01,2,32768,sharded,0.5859375,ed25519,gossip,direct,shard,nonce_hash_set,5,21423.209205,129.183421,160.376689,5,1.239451,0.007597,0.009431,5,12562701.200000,700216.239094,869293.912030,5,1229.108000,76.092454,94.466114,5,2.000000,0.000000,0.000000,5,2.000000,0.000000,0.000000,5,2.000000,0.000000,0.000000,5,3.000000,0.000000,0.000000,5
memo,1000,32768000,1000,32768000,0.01,2,32768,sharded,1200.0,ed25519,gossip,direct,shard,nonce_hash_set,5,29.045257,0.325204,0.403729,5,914.229413,6.057373,7.520016,5,12562701.200000,700216.239094,869293.912030,5,1229.108000,76.092454,94.466114,5,2.000000,0.000000,0.000000,5,2.000000,0.000000,0.000000,5,2.000000,0.000000,0.000000,5,3.000000,0.000000,0.000000,5
memo,1000,32768000,1000,32768000,0.01,2,32768,sharded,150.0,ed25519,gossip,direct,shard,nonce_hash_set,5,231.258386,2.568466,3.188660,5,114.823948,0.756040,0.938597,5,12562701.200000,700216.239094,869293.912030,5,1229.108000,76.092454,94.466114,5,2.000000,0.000000,0.000000,5,2.000000,0.000000,0.000000,5,2.000000,0.000000,0.000000,5,3.000000,0.000000,0.000000,5
memo,1000,32768000,1000,32768000,0.01,2,32768,sharded,18.75,ed25519,gossip,direct,shard,nonce_hash_set,5,1782.092939,18.508415,22.977549,5,14.900343,0.093709,0.116336,5,12562701.200000,700216.239094,869293.912030,5,1229.108000,76.092454,94.466114,5,2.000000,0.000000,0.000000,5,2.000000,0.000000,0.000000,5,2.000000,0.000000,0.000000,5,3.000000,0.000000,0.000000,5
memo,1000,32768000,1000,32768000,0.01,2,32768,sharded,1.171875,ed25519,gossip,direct,shard,nonce_hash_set,5,16803.581251,109.380264,135.791763,5,1.580222,0.012867,0.015974,5,12562701.200000,700216.239094,869293.912030,5,1229.108000,76.092454,94.466114,5,2.000000,0.000000,0.000000,5,2.000000,0.000000,0.000000,5,2.000000,0.000000,0.000000,5,3.000000,0.000000,0.000000,5
memo,1000,32768000,1000,32768000,0.01,2,32768,sharded,2.34375,ed25519,gossip,direct,shard,nonce_hash_set,5,10915.652639,78.180507,97.058358,5,2.432593,0.017716,0.021994,5,12562701.200000,700216.239094,869293.912030,5,1229.108000,76.092454,94.466114,5,2.000000,0.000000,0.000000,5,2.000000,0.000000,0.000000,5,2.000000,0.000000,0.000000,5,3.000000,0.000000,0.000000,5
memo,1000,32768000,1000,32768000,0.01,2,32768,sharded,300.0,ed25519,gossip,direct,shard,nonce_hash_set,5,115.943976,1.293733,1.606124,5,229.024546,1.513304,1.878714,5,12562701.200000,700216.239094,869293.912030,5,1229.108000,76.092454,94.466114,5,2.000000,0.000000,0.000000,5,2.000000,0.000000,0.000000,5,2.000000,0.000000,0.000000,5,3.000000,0.000000,0.000000,5
memo,1000,32768000,1000,32768000,0.01,2,32768,sharded,37.5,ed25519,gossip,direct,shard,nonce_hash_set,5,910.182471,9.824082,12.196253,5,29.174270,0.188183,0.233623,5,12562701.200000,700216.239094,869293.912030,5,1229.108000,76.092454,94.466114,5,2.000000,0.000000,0.000000,5,2.000000,0.000000,0.000000,5,2.000000,0.000000,0.000000,5,3.000000,0.000000,0.000000,5
memo,1000,32768000,1000,32768000,0.01,2,32768,sharded,4.6875,ed25519,gossip,direct,shard,nonce_hash_set,5,6318.957606,54.308608,67.422233,5,4.202186,0.026445,0.032831,5,12562701.200000,700216.239094,869293.912030,5,1229.108000,76.092454,94.466114,5,2.000000,0.000000,0.000000,5,2.000000,0.000000,0.000000,5,2.000000,0.000000,0.000000,5,3.000000,0.000000,0.000000,5
memo,1000,32768000,1000,32768000,0.01,2,32768,sharded,600.0,ed25519,gossip,direct,shard,nonce_hash_set,5,58.050954,0.649223,0.805988,5,457.426150,3.027963,3.759110,5,12562701.200000,700216.239094,869293.912030,5,1229.108000,76.092454,94.466114,5,2.000000,0.000000,0.000000,5,2.000000,0.000000,0.000000,5,2.000000,0.000000,0.000000,5,3.000000,0.000000,0.000000,5
memo,1000,32768000,1000,32768000,0.01,2,32768,sharded,75.0,ed25519,gossip,direct,shard,nonce_hash_set,5,460.017056,5.060814,6.282823,5,57.723881,0.377385,0.468510,5,12562701.200000,700216.239094,869293.912030,5,1229.108000,76.092454,94.466114,5,2.000000,0.000000,0.000000,5,2.000000,0.000000,0.000000,5,2.000000,0.000000,0.000000,5,3.000000,0.000000,0.000000,5
memo,1000,32768000,1000,32768000,0.01,2,32768,sharded,9.375,ed25519,gossip,direct,shard,nonce_hash_set,5,3419.315161,32.984435,40.949020,5,7.765770,0.047457,0.058916,5,12562701.200000,700216.239094,869293.912030,5,1229.108000,76.092454,94.466114,5,2.000000,0.000000,0.000000,5,2.000000,0.000000,0.000000,5,2.000000,0.000000,0.000000,5,3.000000,0.000000,0.000000,5
memo,1000,4096000,1000,4096000,0.01,2,4096,sharded,0.146484375,ed25519,gossip,direct,shard,nonce_hash_set,5,11253.914546,62.335959,77.387908,5,0.295009,0.002011,0.002496,5,12562701.200000,700216.239094,869293.912030,5,1229.108000,76.092454,94.466114,5,2.000000,0.000000,0.000000,5,2.000000,0.000000,0.000000,5,2.000000,0.000000,0.000000,5,3.000000,0.000000,0.000000,5
memo,1000,4096000,1000,4096000,0.01,2,4096,sharded,0.29296875,ed25519,gossip,direct,shard,nonce_hash_set,5,8267.821311,52.545782,65.233746,5,0.401558,0.002590,0.003215,5,12562701.200000,700216.239094,869293.912030,5,1229.108000,76.092454,94.466114,5,2.000000,0.000000,0.000000,5,2.000000,0.000000,0.000000,5,2.000000,0.000000,0.000000,5,3.000000,0.000000,0.000000,5
memo,1000,4096000,1000,4096000,0.01,2,4096,sharded,0.5859375,ed25519,gossip,direct,shard,nonce_hash_set,5,5331.168103,42.085590,52.247784,5,0.622759,0.003598,0.004467,5,12562701.200000,700216.239094,869293.912030,5,1229.108000,76.092454,94.466114,5,2.000000,0.000000,0.000000,5,2.000000,0.000000,0.000000,5,2.000000,0.000000,0.000000,5,3.000000,0.000000,0.000000,5
memo,1000,4096000,1000,4096000,0.01,2,4096,sharded,1200.0,ed25519,gossip,direct,shard,nonce_hash_set,5,3.633393,0.040713,0.050544,5,913.781991,6.058875,7.521881,5,12562701.200000,700216.239094,869293.912030,5,1229.108000,76.092454,94.466114,5,2.000000,0.000000,0.000000,5,2.000000,0.000000,0.000000,5,2.000000,0.000000,0.000000,5,3.000000,0.000000,0.000000,5
memo,1000,4096000,1000,4096000,0.01,2,4096,sharded,150.0,ed25519,gossip,direct,shard,nonce_hash_set,5,29.028149,0.324792,0.403218,5,114.376163,0.757276,0.940132,5,12562701.200000,700216.239094,869293.912030,5,1229.108000,76.092454,94.466114,5,2.000000,0.000000,0.000000,5,2.000000,0.000000,0.000000,5,2.000000,0.000000,0.000000,5,3.000000,0.000000,0.000000,5
memo,1000,4096000,1000,4096000,0.01,2,4096,sharded,18.75,ed25519,gossip,direct,shard,nonce_hash_set,5,229.758683,2.540846,3.154372,5,14.450480,0.094616,0.117462,5,12562701.200000,700216.239094,869293.912030,5,1229.108000,76.092454,94.466114,5,2.000000,0.000000,0.000000,5,2.000000,0.000000,0.000000,5,2.000000,0.000000,0.000000,5,3.000000,0.000000,0.000000,5
memo,1000,4096000,1000,4096000,0.01,2,4096,sharded,1.171875,ed25519,gossip,direct,shard,nonce_hash_set,5,3108.067086,28.441250,35.308815,5,1.068207,0.006146,0.007631,5,12562701.200000,700216.239094,869293.912030,5,1229.108000,76.092454,94.466114,5,2.000000,0.000000,0.000000,5,2.000000,0.000000,0.000000,5,2.000000,0.000000,0.000000,5,3.000000,0.000000,0.000000,5
memo,1000,4096000,1000,4096000,0.01,2,4096,sharded,2.34375,ed25519,gossip,direct,shard,nonce_hash_set,5,1693.897321,17.073921,21.196674,5,1.960029,0.011874,0.014742,5,12562701.200000,700216.239094,869293.912030,5,1229.108000,76.092454,94.466114,5,2.000000,0.000000,0.000000,5,2.000000,0.000000,0.000000,5,2.000000,0.000000,0.000000,5,3.000000,0.000000,0.000000,5
memo,1000,4096000,1000,4096000,0.01,2,4096,sharded,300.0,ed25519,gossip,direct,shard,nonce_hash_set,5,14.525209,0.162657,0.201933,5,228.576995,1.514647,1.880381,5,12562701.200000,700216.239094,869293.912030,5,1229.108000,76.092454,94.466114,5,2.000000,0.000000,0.000000,5,2.000000,0.000000,0.000000,5,2.000000,0.000000,0.000000,5,3.000000,0.000000,0.000000,5
memo,1000,4096000,1000,4096000,0.01,2,4096,sharded,37.5,ed25519,gossip,direct,shard,nonce_hash_set,5,115.580923,1.286789,1.597504,5,28.725554,0.189270,0.234973,5,12562701.200000,700216.239094,869293.912030,5,1229.108000,76.092454,94.466114,5,2.000000,0.000000,0.000000,5,2.000000,0.000000,0.000000,5,2.000000,0.000000,0.000000,5,3.000000,0.000000,0.000000,5
memo,1000,4096000,1000,4096000,0.01,2,4096,sharded,4.6875,ed25519,gossip,direct,shard,nonce_hash_set,5,886.716730,9.418870,11.693197,5,3.744270,0.023656,0.029367,5,12562701.200000,700216.239094,869293.912030,5,1229.108000,76.092454,94.466114,5,2.000000,0.000000,0.000000,5,2.000000,0.000000,0.000000,5,2.000000,0.000000,0.000000,5,3.000000,0.000000,0.000000,5
memo,1000,4096000,1000,4096000,0.01,2,4096,sharded,600.0,ed25519,gossip,direct,shard,nonce_hash_set,5,7.265391,0.081394,0.101048,5,456.978660,3.029389,3.760881,5,12562701.200000,700216.239094,869293.912030,5,1229.108000,76.092454,94.466114,5,2.000000,0.000000,0.000000,5,2.000000,0.000000,0.000000,5,2.000000,0.000000,0.000000,5,3.000000,0.000000,0.000000,5
memo,1000,4096000,1000,4096000,0.01,2,4096,sharded,75.0,ed25519,gossip,direct,shard,nonce_hash_set,5,57.967417,0.647510,0.803861,5,57.275755,0.378601,0.470020,5,12562701.200000,700216.239094,869293.912030,5,1229.108000,76.092454,94.466114,5,2.000000,0.000000,0.000000,5,2.000000,0.000000,0.000000,5,2.000000,0.000000,0.000000,5,3.000000,0.000000,0.000000,5
memo,1000,4096000,1000,4096000,0.01,2,4096,sharded,9.375,ed25519,gossip,direct,shard,nonce_hash_set,5,454.003901,4.953231,6.149263,5,7.312971,0.047291,0.058710,5,12562701.200000,700216.239094,869293.912030,5,1229.108000,76.092454,94.466114,5,2.000000,0.000000,0.000000,5,2.000000,0.000000,0.000000,5,2.000000,0.000000,0.000000,5,3.000000,0.000000,0.000000,5
memo,1000,524288000,1000,524288000,0.01,2,524288,sharded,0.146484375,ed25519,gossip,direct,shard,nonce_hash_set,5,31635.592230,246.066926,305.483462,5,13.428893,0.003313,0.004113,5,12562701.200000,700216.239094,869293.912030,5,1229.108000,76.092454,94.466114,5,2.000000,0.000000,0.000000,5,2.000000,0.000000,0.000000,5,2.000000,0.000000,0.000000,5,3.000000,0.000000,0.000000,5
memo,1000,524288000,1000,524288000,0.01,2,524288,sharded,0.29296875,ed25519,gossip,direct,shard,nonce_hash_set,5,31456.714689,242.122032,300.586014,5,13.505250,0.005015,0.006226,5,12562701.200000,700216.239094,869293.912030,5,1229.108000,76.092454,94.466114,5,2.000000,0.000000,0.000000,5,2.000000,0.000000,0.000000,5,2.000000,0.000000,0.000000,5,3.000000,0.000000,0.000000,5
memo,1000,524288000,1000,524288000,0.01,2,524288,sharded,0.5859375,ed25519,gossip,direct,shard,nonce_hash_set,5,31104.962808,234.576096,291.217999,5,13.657963,0.008522,0.010580,5,12562701.200000,700216.239094,869293.912030,5,1229.108000,76.092454,94.466114,5,2.000000,0.000000,0.000000,5,2.000000,0.000000,0.000000,5,2.000000,0.000000,0.000000,5,3.000000,0.000000,0.000000,5
memo,1000,524288000,1000,524288000,0.01,2,524288,sharded,1200.0,ed25519,gossip,direct,shard,nonce_hash_set,5,460.798016,5.074462,6.299767,5,921.984385,6.036001,7.493483,5,12562701.200000,700216.239094,869293.912030,5,1229.108000,76.092454,94.466114,5,2.000000,0.000000,0.000000,5,2.000000,0.000000,0.000000,5,2.000000,0.000000,0.000000,5,3.000000,0.000000,0.000000,5
memo,1000,524288000,1000,524288000,0.01,2,524288,sharded,150.0,ed25519,gossip,direct,shard,nonce_hash_set,5,3463.730950,33.636409,41.758422,5,122.654778,0.755990,0.938535,5,12562701.200000,700216.239094,869293.912030,5,1229.108000,76.092454,94.466114,5,2.000000,0.000000,0.000000,5,2.000000,0.000000,0.000000,5,2.000000,0.000000,0.000000,5,3.000000,0.000000,0.000000,5
memo,1000,524288000,1000,524288000,0.01,2,524288,sharded,18.75,ed25519,gossip,direct,shard,nonce_hash_set,5,17934.239918,120.380303,149.447926,5,23.688787,0.199913,0.248185,5,12562701.200000,700216.239094,869293.912030,5,1229.108000,76.092454,94.466114,5,2.000000,0.000000,0.000000,5,2.000000,0.000000,0.000000,5,2.000000,0.000000,0.000000,5,3.000000,0.000000,0.000000,5
memo,1000,524288000,1000,524288000,0.01,2,524288,sharded,1.171875,ed25519,gossip,direct,shard,nonce_hash_set,5,30424.551873,220.789909,274.102931,5,13.963389,0.015621,0.019393,5,12562701.200000,700216.239094,869293.912030,5,1229.108000,76.092454,94.466114,5,2.000000,0.000000,0.000000,5,2.000000,0.000000,0.000000,5,2.000000,0.000000,0.000000,5,3.000000,0.000000,0.000000,5
memo,1000,524288000,1000,524288000,0.01,2,524288,sharded,2.34375,ed25519,gossip,direct,shard,nonce_hash_set,5,29149.320510,197.924500,245.716327,5,14.574242,0.029876,0.037090,5,12562701.200000,700216.239094,869293.912030,5,1229.108000,76.092454,94.466114,5,2.000000,0.000000,0.000000,5,2.000000,0.000000,0.000000,5,2.000000,0.000000,0.000000,5,3.000000,0.000000,0.000000,5
memo,1000,524288000,1000,524288000,0.01,2,524288,sharded,300.0,ed25519,gossip,direct,shard,nonce_hash_set,5,1794.053435,18.700966,23.216593,5,236.807846,1.496670,1.858064,5,12562701.200000,700216.239094,869293.912030,5,1229.108000,76.092454,94.466114,5,2.000000,0.000000,0.000000,5,2.000000,0.000000,0.000000,5,2.000000,0.000000,0.000000,5,3.000000,0.000000,0.000000,5
memo,1000,524288000,1000,524288000,0.01,2,524288,sharded,37.5,ed25519,gossip,direct,shard,nonce_hash_set,5,11382.197635,83.039248,103.090315,5,37.324876,0.278004,0.345132,5,12562701.200000,700216.239094,869293.912030,5,1229.108000,76.092454,94.466114,5,2.000000,0.000000,0.000000,5,2.000000,0.000000,0.000000,5,2.000000,0.000000,0.000000,5,3.000000,0.000000,0.000000,5
memo,1000,524288000,1000,524288000,0.01,2,524288,sharded,4.6875,ed25519,gossip,direct,shard,nonce_hash_set,5,26894.848599,167.397097,207.817628,5,15.795946,0.058421,0.072527,5,12562701.200000,700216.239094,869293.912030,5,1229.108000,76.092454,94.466114,5,2.000000,0.000000,0.000000,5,2.000000,0.000000,0.000000,5,2.000000,0.000000,0.000000,5,3.000000,0.000000,0.000000,5
memo,1000,524288000,1000,524288000,0.01,2,524288,sharded,600.0,ed25519,gossip,direct,shard,nonce_hash_set,5,913.276472,9.876509,12.261340,5,465.190636,3.008605,3.735078,5,12562701.200000,700216.239094,869293.912030,5,1229.108000,76.092454,94.466114,5,2.000000,0.000000,0.000000,5,2.000000,0.000000,0.000000,5,2.000000,0.000000,0.000000,5,3.000000,0.000000,0.000000,5
memo,1000,524288000,1000,524288000,0.01,2,524288,sharded,75.0,ed25519,gossip,direct,shard,nonce_hash_set,5,6472.510138,56.272142,69.859892,5,65.637660,0.418837,0.519972,5,12562701.200000,700216.239094,869293.912030,5,1229.108000,76.092454,94.466114,5,2.000000,0.000000,0.000000,5,2.000000,0.000000,0.000000,5,2.000000,0.000000,0.000000,5,3.000000,0.000000,0.000000,5
memo,1000,524288000,1000,524288000,0.01,2,524288,sharded,9.375,ed25519,gossip,direct,shard,nonce_hash_set,5,23292.157675,143.818809,178.546009,5,18.239356,0.115527,0.143423,5,12562701.200000,700216.239094,869293.912030,5,1229.108000,76.092454,94.466114,5,2.000000,0.000000,0.000000,5,2.000000,0.000000,0.000000,5,2.000000,0.000000,0.000000,5,3.000000,0.000000,0.000000,5
memo,1000,65536000,1000,65536000,0.01,2,65536,sharded,0.146484375,ed25519,gossip,direct,shard,nonce_hash_set,5,28966.121594,207.445696,257.536558,5,1.833334,0.002265,0.002812,5,12562701.200000,700216.239094,869293.912030,5,1229.108000,76.092454,94.466114,5,2.000000,0.000000,0.000000,5,2.000000,0.000000,0.000000,5,2.000000,0.000000,0.000000,5,3.000000,0.000000,0.000000,5
memo,1000,65536000,1000,65536000,0.01,2,65536,sharded,0.29296875,ed25519,gossip,direct,shard,nonce_hash_set,5,27807.913423,187.035430,232.197929,5,1.909691,0.004044,0.005020,5,12562701.200000,700216.239094,869293.912030,5,1229.108000,76.092454,94.466114,5,2.000000,0.000000,0.000000,5,2.000000,0.000000,0.000000,5,2.000000,0.000000,0.000000,5,3.000000,0.000000,0.000000,5
memo,1000,65536000,1000,65536000,0.01,2,65536,sharded,0.5859375,ed25519,gossip,direct,shard,nonce_hash_set,5,25748.866331,159.411746,197.904093,5,2.062404,0.007610,0.009448,5,12562701.200000,700216.239094,869293.912030,5,1229.108000,76.092454,94.466114,5,2.000000,0.000000,0.000000,5,2.000000,0.000000,0.000000,5,2.000000,0.000000,0.000000,5,3.000000,0.000000,0.000000,5
memo,1000,65536000,1000,65536000,0.01,2,65536,sharded,1200.0,ed25519,gossip,direct,shard,nonce_hash_set,5,58.056914,0.649346,0.806140,5,914.741162,6.055805,7.518070,5,12562701.200000,700216.239094,869293.912030,5,1229.108000,76.092454,94.466114,5,2.000000,0.000000,0.000000,5,2.000000,0.000000,0.000000,5,2.000000,0.000000,0.000000,5,3.000000,0.000000,0.000000,5
memo,1000,65536000,1000,65536000,0.01,2,65536,sharded,150.0,ed25519,gossip,direct,shard,nonce_hash_set,5,460.451696,5.068626,6.292522,5,115.336623,0.754636,0.936854,5,12562701.200000,700216.239094,869293.912030,5,1229.108000,76.092454,94.466114,5,2.000000,0.000000,0.000000,5,2.000000,0.000000,0.000000,5,2.000000,0.000000,0.000000,5,3.000000,0.000000,0.000000,5
memo,1000,65536000,1000,65536000,0.01,2,65536,sharded,18.75,ed25519,gossip,direct,shard,nonce_hash_set,5,3443.895207,33.356371,41.410765,5,15.420403,0.094684,0.117546,5,12562701.200000,700216.239094,869293.912030,5,1229.108000,76.092454,94.466114,5,2.000000,0.000000,0.000000,5,2.000000,0.000000,0.000000,5,2.000000,0.000000,0.000000,5,3.000000,0.000000,0.000000,5
memo,1000,65536000,1000,65536000,0.01,2,65536,sharded,1.171875,ed25519,gossip,direct,shard,nonce_hash_set,5,22427.739772,137.341517,170.504679,5,2.367830,0.014747,0.018308,5,12562701.200000,700216.239094,869293.912030,5,1229.108000,76.092454,94.466114,5,2.000000,0.000000,0.000000,5,2.000000,0.000000,0.000000,5,2.000000,0.000000,0.000000,5,3.000000,0.000000,0.000000,5
memo,1000,65536000,1000,65536000,0.01,2,65536,sharded,2.34375,ed25519,gossip,direct,shard,nonce_hash_set,5,17415.530773,115.419636,143.289432,5,3.049338,0.025285,0.031390,5,12562701.200000,700216.239094,869293.912030,5,1229.108000,76.092454,94.466114,5,2.000000,0.000000,0.000000,5,2.000000,0.000000,0.000000,5,2.000000,0.000000,0.000000,5,3.000000,0.000000,0.000000,5
memo,1000,65536000,1000,65536000,0.01,2,65536,sharded,300.0,ed25519,gossip,direct,shard,nonce_hash_set,5,231.366011,2.570452,3.191126,5,229.536758,1.511953,1.877037,5,12562701.200000,700216.239094,869293.912030,5,1229.108000,76.092454,94.466114,5,2.000000,0.000000,0.000000,5,2.000000,0.000000,0.000000,5,2.000000,0.000000,0.000000,5,3.000000,0.000000,0.000000,5
memo,1000,65536000,1000,65536000,0.01,2,65536,sharded,37.5,ed25519,gossip,direct,shard,nonce_hash_set,5,1788.730708,18.618496,23.114209,5,29.689548,0.187242,0.232455,5,12562701.200000,700216.239094,869293.912030,5,1229.108000,76.092454,94.466114,5,2.000000,0.000000,0.000000,5,2.000000,0.000000,0.000000,5,2.000000,0.000000,0.000000,5,3.000000,0.000000,0.000000,5
memo,1000,65536000,1000,65536000,0.01,2,65536,sharded,4.6875,ed25519,gossip,direct,shard,nonce_hash_set,5,11170.605578,80.907504,100.443830,5,4.754059,0.035019,0.043475,5,12562701.200000,700216.239094,869293.912030,5,1229.108000,76.092454,94.466114,5,2.000000,0.000000,0.000000,5,2.000000,0.000000,0.000000,5,2.000000,0.000000,0.000000,5,3.000000,0.000000,0.000000,5
memo,1000,65536000,1000,65536000,0.01,2,65536,sharded,600.0,ed25519,gossip,direct,shard,nonce_hash_set,5,115.969934,1.294229,1.606740,5,457.937954,3.026485,3.757276,5,12562701.200000,700216.239094,869293.912030,5,1229.108000,76.092454,94.466114,5,2.000000,0.000000,0.000000,5,2.000000,0.000000,0.000000,5,2.000000,0.000000,0.000000,5,3.000000,0.000000,0.000000,5
memo,1000,65536000,1000,65536000,0.01,2,65536,sharded,75.0,ed25519,gossip,direct,shard,nonce_hash_set,5,911.902403,9.854076,12.233490,5,58.237402,0.376219,0.467063,5,12562701.200000,700216.239094,869293.912030,5,1229.108000,76.092454,94.466114,5,2.000000,0.000000,0.000000,5,2.000000,0.000000,0.000000,5,2.000000,0.000000,0.000000,5,3.000000,0.000000,0.000000,5
memo,1000,65536000,1000,65536000,0.01,2,65536,sharded,9.375,ed25519,gossip,direct,shard,nonce_hash_set,5,6403.518644,55.421903,68.804350,5,8.293238,0.052576,0.065271,5,12562701.200000,700216.239094,869293.912030,5,1229.108000,76.092454,94.466114,5,2.000000,0.000000,0.000000,5,2.000000,0.000000,0.000000,5,2.000000,0.000000,0.000000,5,3.000000,0.000000,0.000000,5
memo,1000,8192000,1000,8192000,0.01,2,8192,sharded,0.146484375,ed25519,gossip,direct,shard,nonce_hash_set,5,16878.056799,94.939959,117.864631,5,0.393350,0.002241,0.002782,5,12562701.200000,700216.239094,869293.912030,5,1229.108000,76.092454,94.466114,5,2.000000,0.000000,0.000000,5,2.000000,0.000000,0.000000,5,2.000000,0.000000,0.000000,5,3.000000,0.000000,0.000000,5
memo,1000,8192000,1000,8192000,0.01,2,8192,sharded,0.29296875,ed25519,gossip,direct,shard,nonce_hash_set,5,13873.237358,82.853548,102.859776,5,0.478551,0.003558,0.004417,5,12562701.200000,700216.239094,869293.912030,5,1229.108000,76.092454,94.466114,5,2.000000,0.000000,0.000000,5,2.000000,0.000000,0.000000,5,2.000000,0.000000,0.000000,5,3.000000,0.000000,0.000000,5
memo,1000,8192000,1000,8192000,0.01,2,8192,sharded,0.5859375,ed25519,gossip,direct,shard,nonce_hash_set,5,9598.877310,64.825834,80.479001,5,0.691649,0.004745,0.005891,5,12562701.200000,700216.239094,869293.912030,5,1229.108000,76.092454,94.466114,5,2.000000,0.000000,0.000000,5,2.000000,0.000000,0.000000,5,2.000000,0.000000,0.000000,5,3.000000,0.000000,0.000000,5
memo,1000,8192000,1000,8192000,0.01,2,8192,sharded,1200.0,ed25519,gossip,direct,shard,nonce_hash_set,5,7.265183,0.081405,0.101061,5,913.845853,6.058660,7.521614,5,12562701.200000,700216.239094,869293.912030,5,1229.108000,76.092454,94.466114,5,2.000000,0.000000,0.000000,5,2.000000,0.000000,0.000000,5,2.000000,0.000000,0.000000,5,3.000000,0.000000,0.000000,5
memo,1000,8192000,1000,8192000,0.01,2,8192,sharded,150.0,ed25519,gossip,direct,shard,nonce_hash_set,5,58.015145,0.648489,0.805076,5,114.440042,0.757081,0.939890,5,12562701.200000,700216.239094,869293.912030,5,1229.108000,76.092454,94.466114,5,2.000000,0.000000,0.000000,5,2.000000,0.000000,0.000000,5,2.000000,0.000000,0.000000,5,3.000000,0.000000,0.000000,5
memo,1000,8192000,1000,8192000,0.01,2,8192,sharded,18.75,ed25519,gossip,direct,shard,nonce_hash_set,5,457.421953,5.014263,6.225032,5,14.514474,0.094447,0.117252,5,12562701.200000,700216.239094,869293.912030,5,1229.108000,76.092454,94.466114,5,2.000000,0.000000,0.000000,5,2.000000,0.000000,0.000000,5,2.000000,0.000000,0.000000,5,3.000000,0.000000,0.000000,5
memo,1000,8192000,1000,8192000,0.01,2,8192,sharded,1.171875,ed25519,gossip,direct,shard,nonce_hash_set,5,5854.318480,48.380015,60.062093,5,1.134049,0.006855,0.008510,5,12562701.200000,700216.239094,869293.912030,5,1229.108000,76.092454,94.466114,5,2.000000,0.000000,0.000000,5,2.000000,0.000000,0.000000,5,2.000000,0.000000,0.000000,5,3.000000,0.000000,0.000000,5
memo,1000,8192000,1000,8192000,0.01,2,8192,sharded,2.34375,ed25519,gossip,direct,shard,nonce_hash_set,5,3278.673744,30.893082,38.352678,5,2.024946,0.012042,0.014950,5,12562701.200000,700216.239094,869293.912030,5,1229.108000,76.092454,94.466114,5,2.000000,0.000000,0.000000,5,2.000000,0.000000,0.000000,5,2.000000,0.000000,0.000000,5,3.000000,0.000000,0.000000,5
memo,1000,8192000,1000,8192000,0.01,2,8192,sharded,300.0,ed25519,gossip,direct,shard,nonce_hash_set,5,29.037928,0.325027,0.403510,5,228.640857,1.514433,1.880116,5,12562701.200000,700216.239094,869293.912030,5,1229.108000,76.092454,94.466114,5,2.000000,0.000000,0.000000,5,2.000000,0.000000,0.000000,5,2.000000,0.000000,0.000000,5,3.000000,0.000000,0.000000,5
memo,1000,8192000,1000,8192000,0.01,2,8192,sharded,37.5,ed25519,gossip,direct,shard,nonce_hash_set,5,230.613613,2.556577,3.173901,5,28.789491,0.189105,0.234767,5,12562701.200000,700216.239094,869293.912030,5,1229.108000,76.092454,94.466114,5,2.000000,0.000000,0.000000,5,2.000000,0.000000,0.000000,5,2.000000,0.000000,0.000000,5,3.000000,0.000000,0.000000,5
memo,1000,8192000,1000,8192000,0.01,2,8192,sharded,4.6875,ed25519,gossip,direct,shard,nonce_hash_set,5,1743.214447,17.869513,22.184374,5,3.808589,0.023562,0.029251,5,12562701.200000,700216.239094,869293.912030,5,1229.108000,76.092454,94.466114,5,2.000000,0.000000,0.000000,5,2.000000,0.000000,0.000000,5,2.000000,0.000000,0.000000,5,3.000000,0.000000,0.000000,5
memo,1000,8192000,1000,8192000,0.01,2,8192,sharded,600.0,ed25519,gossip,direct,shard,nonce_hash_set,5,14.526564,0.162711,0.202000,5,457.042523,3.029175,3.760614,5,12562701.200000,700216.239094,869293.912030,5,1229.108000,76.092454,94.466114,5,2.000000,0.000000,0.000000,5,2.000000,0.000000,0.000000,5,2.000000,0.000000,0.000000,5,3.000000,0.000000,0.000000,5
memo,1000,8192000,1000,8192000,0.01,2,8192,sharded,75.0,ed25519,gossip,direct,shard,nonce_hash_set,5,115.788191,1.290752,1.602423,5,57.339641,0.378418,0.469793,5,12562701.200000,700216.239094,869293.912030,5,1229.108000,76.092454,94.466114,5,2.000000,0.000000,0.000000,5,2.000000,0.000000,0.000000,5,2.000000,0.000000,0.000000,5,3.000000,0.000000,0.000000,5
memo,1000,8192000,1000,8192000,0.01,2,8192,sharded,9.375,ed25519,gossip,direct,shard,nonce_hash_set,5,899.980596,9.646971,11.976377,5,7.377071,0.047158,0.058545,5,12562701.200000,700216.239094,869293.912030,5,1229.108000,76.092454,94.466114,5,2.000000,0.000000,0.000000,5,2.000000,0.000000,0.000000,5,2.000000,0.000000,0.000000,5,3.000000,0.000000,0.000000,5
memo,1000,1024000,1000,1024000,0.01,32,1024,sharded,0.146484375,ed25519,gossip,direct,shard,nonce_hash_set,5,3942.189892,16.802881,20.860188,5,0.255561,0.000958,0.001189,5,12047643.600000,665992.701962,826806.590520,5,1212.944000,69.370849,86.121477,5,2.000000,0.000000,0.000000,5,2.000000,0.000000,0.000000,5,2.000000,0.000000,0.000000,5,3.000000,0.000000,0.000000,5
memo,1000,1024000,1000,1024000,0.01,32,1024,sharded,0.29296875,ed25519,gossip,direct,shard,nonce_hash_set,5,2621.961925,14.375676,17.846898,5,0.384246,0.001898,0.002357,5,12047643.600000,665992.701962,826806.590520,5,1212.944000,69.370849,86.121477,5,2.000000,0.000000,0.000000,5,2.000000,0.000000,0.000000,5,2.000000,0.000000,0.000000,5,3.000000,0.000000,0.000000,5
memo,1000,1024000,1000,1024000,0.01,32,1024,sharded,0.5859375,ed25519,gossip,direct,shard,nonce_hash_set,5,1570.220152,10.173489,12.630030,5,0.641622,0.003803,0.004721,5,12047643.600000,665992.701962,826806.590520,5,1212.944000,69.370849,86.121477,5,2.000000,0.000000,0.000000,5,2.000000,0.000000,0.000000,5,2.000000,0.000000,0.000000,5,3.000000,0.000000,0.000000,5
memo,1000,1024000,1000,1024000,0.01,32,1024,sharded,1200.0,ed25519,gossip,direct,shard,nonce_hash_set,5,0.955573,0.007629,0.009471,5,1054.346472,7.829911,9.720560,5,12047643.600000,665992.701962,826806.590520,5,1212.944000,69.370849,86.121477,5,2.000000,0.000000,0.000000,5,2.000000,0.000000,0.000000,5,2.000000,0.000000,0.000000,5,3.000000,0.000000,0.000000,5
memo,1000,1024000,1000,1024000,0.01,32,1024,sharded,150.0,ed25519,gossip,direct,shard,nonce_hash_set,5,7.638152,0.060930,0.075643,5,131.904316,0.978715,1.215040,5,12047643.600000,665992.701962,826806.590520,5,1212.944000,69.370849,86.121477,5,2.000000,0.000000,0.000000,5,2.000000,0.000000,0.000000,5,2.000000,0.000000,0.000000,5,3.000000,0.000000,0.000000,5
memo,1000,1024000,1000,1024000,0.01,32,1024,sharded,18.75,ed25519,gossip,direct,shard,nonce_hash_set,5,60.696535,0.481082,0.597246,5,16.599046,0.122315,0.151850,5,12047643.600000,665992.701962,826806.590520,5,1212.944000,69.370849,86.121477,5,2.000000,0.000000,0.000000,5,2.000000,0.000000,0.000000,5,2.000000,0.000000,0.000000,5,3.000000,0.000000,0.000000,5
memo,1000,1024000,1000,1024000,0.01,32,1024,sharded,1.171875,ed25519,gossip,direct,shard,nonce_hash_set,5,871.251590,6.226978,7.730574,5,1.156377,0.007622,0.009463,5,12047643.600000,665992.701962,826806.590520,5,1212.944000,69.370849,86.121477,5,2.000000,0.000000,0.000000,5,2.000000,0.000000,0.000000,5,2.000000,0.000000,0.000000,5,3.000000,0.000000,0.000000,5
memo,1000,1024000,1000,1024000,0.01,32,1024,sharded,2.34375,ed25519,gossip,direct,shard,nonce_hash_set,5,460.911038,3.475744,4.315014,5,2.185888,0.015267,0.018953,5,12047643.600000,665992.701962,826806.590520,5,1212.944000,69.370849,86.121477,5,2.000000,0.000000,0.000000,5,2.000000,0.000000,0.000000,5,2.000000,0.000000,0.000000,5,3.000000,0.000000,0.000000,5
memo,1000,1024000,1000,1024000,0.01,32,1024,sharded,300.0,ed25519,gossip,direct,shard,nonce_hash_set,5,3.820914,0.030494,0.037857,5,263.681767,1.957457,2.430114,5,12047643.600000,665992.701962,826806.590520,5,1212.944000,69.370849,86.121477,5,2.000000,0.000000,0.000000,5,2.000000,0.000000,0.000000,5,2.000000,0.000000,0.000000,5,3.000000,0.000000,0.000000,5
memo,1000,1024000,1000,1024000,0.01,32,1024,sharded,37.5,ed25519,gossip,direct,shard,nonce_hash_set,5,30.464698,0.242351,0.300870,5,33.071228,0.244658,0.303734,5,12047643.600000,665992.701962,826806.590520,5,1212.944000,69.370849,86.121477,5,2.000000,0.000000,0.000000,5,2.000000,0.000000,0.000000,5,2.000000,0.000000,0.000000,5,3.000000,0.000000,0.000000,5
memo,1000,1024000,1000,1024000,0.01,32,1024,sharded,4.6875,ed25519,gossip,direct,shard,nonce_hash_set,5,237.343650,1.840835,2.285332,5,4.244910,0.030559,0.037938,5,12047643.600000,665992.701962,826806.590520,5,1212.944000,69.370849,86.121477,5,2.000000,0.000000,0.000000,5,2.000000,0.000000,0.000000,5,2.000000,0.000000,0.000000,5,3.000000,0.000000,0.000000,5
memo,1000,1024000,1000,1024000,0.01,32,1024,sharded,600.0,ed25519,gossip,direct,shard,nonce_hash_set,5,1.910917,0.015254,0.018937,5,527.236669,3.914942,4.860263,5,12047643.600000,665992.701962,826806.590520,5,1212.944000,69.370849,86.121477,5,2.000000,0.000000,0.000000,5,2.000000,0.000000,0.000000,5,2.000000,0.000000,0.000000,5,3.000000,0.000000,0.000000,5
memo,1000,1024000,1000,1024000,0.01,32,1024,sharded,75.0,ed25519,gossip,direct,shard,nonce_hash_set,5,15.261624,0.121632,0.151001,5,66.015591,0.489344,0.607503,5,12047643.600000,665992.701962,826806.590520,5,1212.944000,69.370849,86.121477,5,2.000000,0.000000,0.000000,5,2.000000,0.000000,0.000000,5,2.000000,0.000000,0.000000,5,3.000000,0.000000,0.000000,5
memo,1000,1024000,1000,1024000,0.01,32,1024,sharded,9.375,ed25519,gossip,direct,shard,nonce_hash_set,5,120.472227,0.947931,1.176823,5,8.362956,0.061144,0.075908,5,12047643.600000,665992.701962,826806.590520,5,1212.944000,69.370849,86.121477,5,2.000000,0.000000,0.000000,5,2.000000,0.000000,0.000000,5,2.000000,0.000000,0.000000,5,3.000000,0.000000,0.000000,5
memo,1000,131072000,1000,131072000,0.01,32,131072,sharded,0.146484375,ed25519,gossip,direct,shard,nonce_hash_set,5,280877.173617,435.963716,541.233669,5,0.458662,0.000618,0.000767,5,12047643.600000,665992.701962,826806.590520,5,1212.944000,69.370849,86.121477,5,2.000000,0.000000,0.000000,5,2.000000,0.000000,0.000000,5,2.000000,0.000000,0.000000,5,3.000000,0.000000,0.000000,5
memo,1000,131072000,1000,131072000,0.01,32,131072,sharded,0.29296875,ed25519,gossip,direct,shard,nonce_hash_set,5,224500.461604,493.728969,612.947205,5,0.573843,0.001145,0.001421,5,12047643.600000,665992.701962,826806.590520,5,1212.944000,69.370849,86.121477,5,2.000000,0.000000,0.000000,5,2.000000,0.000000,0.000000,5,2.000000,0.000000,0.000000,5,3.000000,0.000000,0.000000,5
memo,1000,131072000,1000,131072000,0.01,32,131072,sharded,0.5859375,ed25519,gossip,direct,shard,nonce_hash_set,5,159472.942936,538.175266,668.125724,5,0.807840,0.002536,0.003148,5,12047643.600000,665992.701962,826806.590520,5,1212.944000,69.370849,86.121477,5,2.000000,0.000000,0.000000,5,2.000000,0.000000,0.000000,5,2.000000,0.000000,0.000000,5,3.000000,0.000000,0.000000,5
memo,1000,131072000,1000,131072000,0.01,32,131072,sharded,1200.0,ed25519,gossip,direct,shard,nonce_hash_set,5,122.177866,0.975020,1.210453,5,1054.476347,7.826976,9.716916,5,12047643.600000,665992.701962,826806.590520,5,1212.944000,69.370849,86.121477,5,2.000000,0.000000,0.000000,5,2.000000,0.000000,0.000000,5,2.000000,0.000000,0.000000,5,3.000000,0.000000,0.000000,5
memo,1000,131072000,1000,131072000,0.01,32,131072,sharded,150.0,ed25519,gossip,direct,shard,nonce_hash_set,5,975.758730,7.754585,9.627046,5,132.034297,0.975756,1.211367,5,12047643.600000,665992.701962,826806.590520,5,1212.944000,69.370849,86.121477,5,2.000000,0.000000,0.000000,5,2.000000,0.000000,0.000000,5,2.000000,0.000000,0.000000,5,3.000000,0.000000,0.000000,5
memo,1000,131072000,1000,131072000,0.01,32,131072,sharded,18.75,ed25519,gossip,direct,shard,nonce_hash_set,5,7700.809352,59.133044,73.411601,5,16.729827,0.119238,0.148029,5,12047643.600000,665992.701962,826806.590520,5,1212.944000,69.370849,86.121477,5,2.000000,0.000000,0.000000,5,2.000000,0.000000,0.000000,5,2.000000,0.000000,0.000000,5,3.000000,0.000000,0.000000,5
memo,1000,131072000,1000,131072000,0.01,32,131072,sharded,1.171875,ed25519,gossip,direct,shard,nonce_hash_set,5,98763.175758,451.529410,560.557933,5,1.304429,0.005476,0.006799,5,12047643.600000,665992.701962,826806.590520,5,1212.944000,69.370849,86.121477,5,2.000000,0.000000,0.000000,5,2.000000,0.000000,0.000000,5,2.000000,0.000000,0.000000,5,3.000000,0.000000,0.000000,5
memo,1000,131072000,1000,131072000,0.01,32,131072,sharded,2.34375,ed25519,gossip,direct,shard,nonce_hash_set,5,55428.674718,318.992847,396.018436,5,2.324261,0.012236,0.015190,5,12047643.600000,665992.701962,826806.590520,5,1212.944000,69.370849,86.121477,5,2.000000,0.000000,0.000000,5,2.000000,0.000000,0.000000,5,2.000000,0.000000,0.000000,5,3.000000,0.000000,0.000000,5
memo,1000,131072000,1000,131072000,0.01,32,131072,sharded,300.0,ed25519,gossip,direct,shard,nonce_hash_set,5,488.354569,3.890332,4.829711,5,263.811696,1.954519,2.426467,5,12047643.600000,665992.701962,826806.590520,5,1212.944000,69.370849,86.121477,5,2.000000,0.000000,0.000000,5,2.000000,0.000000,0.000000,5,2.000000,0.000000,0.000000,5,3.000000,0.000000,0.000000,5
memo,1000,131072000,1000,131072000,0.01,32,131072,sharded,37.5,ed25519,gossip,direct,shard,nonce_hash_set,5,3880.344741,30.390286,37.728474,5,33.201544,0.241612,0.299953,5,12047643.600000,665992.701962,826806.590520,5,1212.944000,69.370849,86.121477,5,2.000000,0.000000,0.000000,5,2.000000,0.000000,0.000000,5,2.000000,0.000000,0.000000,5,3.000000,0.000000,0.000000,5
memo,1000,131072000,1000,131072000,0.01,32,131072,sharded,4.6875,ed25519,gossip,direct,shard,nonce_hash_set,5,29421.879722,198.881747,246.904717,5,4.378779,0.027272,0.033857,5,12047643.600000,665992.701962,826806.590520,5,1212.944000,69.370849,86.121477,5,2.000000,0.000000,0.000000,5,2.000000,0.000000,0.000000,5,2.000000,0.000000,0.000000,5,3.000000,0.000000,0.000000,5
memo,1000,131072000,1000,131072000,0.01,32,131072,sharded,600.0,ed25519,gossip,direct,shard,nonce_hash_set,5,244.296236,1.948416,2.418890,5,527.366546,3.912010,4.856623,5,12047643.600000,665992.701962,826806.590520,5,1212.944000,69.370849,86.121477,5,2.000000,0.000000,0.000000,5,2.000000,0.000000,0.000000,5,2.000000,0.000000,0.000000,5,3.000000,0.000000,0.000000,5
memo,1000,131072000,1000,131072000,0.01,32,131072,sharded,75.0,ed25519,gossip,direct,shard,nonce_hash_set,5,1947.724399,15.404850,19.124582,5,66.145682,0.486359,0.603798,5,12047643.600000,665992.701962,826806.590520,5,1212.944000,69.370849,86.121477,5,2.000000,0.000000,0.000000,5,2.000000,0.000000,0.000000,5,2.000000,0.000000,0.000000,5,3.000000,0.000000,0.000000,5
memo,1000,131072000,1000,131072000,0.01,32,131072,sharded,9.375,ed25519,gossip,direct,shard,nonce_hash_set,5,15166.166952,111.942847,138.973120,5,8.494748,0.058063,0.072084,5,12047643.600000,665992.701962,826806.590520,5,1212.944000,69.370849,86.121477,5,2.000000,0.000000,0.000000,5,2.000000,0.000000,0.000000,5,2.000000,0.000000,0.000000,5,3.000000,0.000000,0.000000,5
memo,1000,16384000,1000,16384000,0.01,32,16384,sharded,0.146484375,ed25519,gossip,direct,shard,nonce_hash_set,5,59027.084413,182.998866,227.186676,5,0.272831,0.000760,0.000944,5,12047643.600000,665992.701962,826806.590520,5,1212.944000,69.370849,86.121477,5,2.000000,0.000000,0.000000,5,2.000000,0.000000,0.000000,5,2.000000,0.000000,0.000000,5,3.000000,0.000000,0.000000,5
memo,1000,16384000,1000,16384000,0.01,32,16384,sharded,0.29296875,ed25519,gossip,direct,shard,nonce_hash_set,5,40230.225218,176.846090,219.548221,5,0.400310,0.001574,0.001954,5,12047643.600000,665992.701962,826806.590520,5,1212.944000,69.370849,86.121477,5,2.000000,0.000000,0.000000,5,2.000000,0.000000,0.000000,5,2.000000,0.000000,0.000000,5,3.000000,0.000000,0.000000,5
memo,1000,16384000,1000,16384000,0.01,32,16384,sharded,0.5859375,ed25519,gossip,direct,shard,nonce_hash_set,5,24507.865229,140.678696,174.647669,5,0.657124,0.003428,0.004255,5,12047643.600000,665992.701962,826806.590520,5,1212.944000,69.370849,86.121477,5,2.000000,0.000000,0.000000,5,2.000000,0.000000,0.000000,5,2.000000,0.000000,0.000000,5,3.000000,0.000000,0.000000,5
memo,1000,16384000,1000,16384000,0.01,32,16384,sharded,1200.0,ed25519,gossip,direct,shard,nonce_hash_set,5,15.274728,0.121948,0.151394,5,1054.361476,7.829565,9.720130,5,12047643.600000,665992.701962,826806.590520,5,1212.944000,69.370849,86.121477,5,2.000000,0.000000,0.000000,5,2.000000,0.000000,0.000000,5,2.000000,0.000000,0.000000,5,3.000000,0.000000,0.000000,5
memo,1000,16384000,1000,16384000,0.01,32,16384,sharded,150.0,ed25519,gossip,direct,shard,nonce_hash_set,5,122.082819,0.973500,1.208566,5,131.919320,0.978368,1.214610,5,12047643.600000,665992.701962,826806.590520,5,1212.944000,69.370849,86.121477,5,2.000000,0.000000,0.000000,5,2.000000,0.000000,0.000000,5,2.000000,0.000000,0.000000,5,3.000000,0.000000,0.000000,5
memo,1000,16384000,1000,16384000,0.01,32,16384,sharded,18.75,ed25519,gossip,direct,shard,nonce_hash_set,5,969.363553,7.656203,9.504908,5,16.614063,0.121966,0.151417,5,12047643.600000,665992.701962,826806.590520,5,1212.944000,69.370849,86.121477,5,2.000000,0.000000,0.000000,5,2.000000,0.000000,0.000000,5,2.000000,0.000000,0.000000,5,3.000000,0.000000,0.000000,5
memo,1000,16384000,1000,16384000,0.01,32,16384,sharded,1.171875,ed25519,gossip,direct,shard,nonce_hash_set,5,13745.804494,92.699626,115.083336,5,1.171620,0.007264,0.009018,5,12047643.600000,665992.701962,826806.590520,5,1212.944000,69.370849,86.121477,5,2.000000,0.000000,0.000000,5,2.000000,0.000000,0.000000,5,2.000000,0.000000,0.000000,5,3.000000,0.000000,0.000000,5
memo,1000,16384000,1000,16384000,0.01,32,16384,sharded,2.34375,ed25519,gossip,direct,shard,nonce_hash_set,5,7317.094382,53.584829,66.523687,5,2.201005,0.014906,0.018505,5,12047643.600000,665992.701962,826806.590520,5,1212.944000,69.370849,86.121477,5,2.000000,0.000000,0.000000,5,2.000000,0.000000,0.000000,5,2.000000,0.000000,0.000000,5,3.000000,0.000000,0.000000,5
memo,1000,16384000,1000,16384000,0.01,32,16384,sharded,300.0,ed25519,gossip,direct,shard,nonce_hash_set,5,61.074254,0.487345,0.605022,5,263.696771,1.957111,2.429684,5,12047643.600000,665992.701962,826806.590520,5,1212.944000,69.370849,86.121477,5,2.000000,0.000000,0.000000,5,2.000000,0.000000,0.000000,5,2.000000,0.000000,0.000000,5,3.000000,0.000000,0.000000,5
memo,1000,16384000,1000,16384000,0.01,32,16384,sharded,37.5,ed25519,gossip,direct,shard,nonce_hash_set,5,486.760564,3.865602,4.799010,5,33.086238,0.244311,0.303304,5,12047643.600000,665992.701962,826806.590520,5,1212.944000,69.370849,86.121477,5,2.000000,0.000000,0.000000,5,2.000000,0.000000,0.000000,5,2.000000,0.000000,0.000000,5,3.000000,0.000000,0.000000,5
memo,1000,16384000,1000,16384000,0.01,32,16384,sharded,4.6875,ed25519,gossip,direct,shard,nonce_hash_set,5,3780.547934,28.897810,35.875618,5,4.259969,0.030200,0.037492,5,12047643.600000,665992.701962,826806.590520,5,1212.944000,69.370849,86.121477,5,2.000000,0.000000,0.000000,5,2.000000,0.000000,0.000000,5,2.000000,0.000000,0.000000,5,3.000000,0.000000,0.000000,5
memo,1000,16384000,1000,16384000,0.01,32,16384,sharded,600.0,ed25519,gossip,direct,shard,nonce_hash_set,5,30.545345,0.243822,0.302696,5,527.251672,3.914595,4.859833,5,12047643.600000,665992.701962,826806.590520,5,1212.944000,69.370849,86.121477,5,2.000000,0.000000,0.000000,5,2.000000,0.000000,0.000000,5,2.000000,0.000000,0.000000,5,3.000000,0.000000,0.000000,5
memo,1000,16384000,1000,16384000,0.01,32,16384,sharded,75.0,ed25519,gossip,direct,shard,nonce_hash_set,5,243.903306,1.942253,2.411239,5,66.030595,0.488998,0.607073,5,12047643.600000,665992.701962,826806.590520,5,1212.944000,69.370849,86.121477,5,2.000000,0.000000,0.000000,5,2.000000,0.000000,0.000000,5,2.000000,0.000000,0.000000,5,3.000000,0.000000,0.000000,5
memo,1000,16384000,1000,16384000,0.01,32,16384,sharded,9.375,ed25519,gossip,direct,shard,nonce_hash_set,5,1922.305644,15.017876,18.644167,5,8.377987,0.060792,0.075471,5,12047643.600000,665992.701962,826806.590520,5,1212.944000,69.370849,86.121477,5,2.000000,0.000000,0.000000,5,2.000000,0.000000,0.000000,5,2.000000,0.000000,0.000000,5,3.000000,0.000000,0.000000,5
memo,1000,2048000,1000,2048000,0.01,32,2048,sharded,0.146484375,ed25519,gossip,direct,shard,nonce_hash_set,5,7849.580464,32.659920,40.546145,5,0.256567,0.000938,0.001164,5,12047643.600000,665992.701962,826806.590520,5,1212.944000,69.370849,86.121477,5,2.000000,0.000000,0.000000,5,2.000000,0.000000,0.000000,5,2.000000,0.000000,0.000000,5,3.000000,0.000000,0.000000,5
memo,1000,2048000,1000,2048000,0.01,32,2048,sharded,0.29296875,ed25519,gossip,direct,shard,nonce_hash_set,5,5227.805689,28.270512,35.096850,5,0.385240,0.001876,0.002329,5,12047643.600000,665992.701962,826806.590520,5,1212.944000,69.370849,86.121477,5,2.000000,0.000000,0.000000,5,2.000000,0.000000,0.000000,5,2.000000,0.000000,0.000000,5,3.000000,0.000000,0.000000,5
memo,1000,2048000,1000,2048000,0.01,32,2048,sharded,0.5859375,ed25519,gossip,direct,shard,nonce_hash_set,5,3134.055966,20.157039,25.024257,5,0.642610,0.003779,0.004692,5,12047643.600000,665992.701962,826806.590520,5,1212.944000,69.370849,86.121477,5,2.000000,0.000000,0.000000,5,2.000000,0.000000,0.000000,5,2.000000,0.000000,0.000000,5,3.000000,0.000000,0.000000,5
memo,1000,2048000,1000,2048000,0.01,32,2048,sharded,1200.0,ed25519,gossip,direct,shard,nonce_hash_set,5,1.910196,0.015251,0.018933,5,1054.347455,7.829888,9.720532,5,12047643.600000,665992.701962,826806.590520,5,1212.944000,69.370849,86.121477,5,2.000000,0.000000,0.000000,5,2.000000,0.000000,0.000000,5,2.000000,0.000000,0.000000,5,3.000000,0.000000,0.000000,5
memo,1000,2048000,1000,2048000,0.01,32,2048,sharded,150.0,ed25519,gossip,direct,shard,nonce_hash_set,5,15.268609,0.121800,0.151211,5,131.905298,0.978692,1.215011,5,12047643.600000,665992.701962,826806.590520,5,1212.944000,69.370849,86.121477,5,2.000000,0.000000,0.000000,5,2.000000,0.000000,0.000000,5,2.000000,0.000000,0.000000,5,3.000000,0.000000,0.000000,5
memo,1000,2048000,1000,2048000,0.01,32,2048,sharded,18.75,ed25519,gossip,direct,shard,nonce_hash_set,5,121.325640,0.961436,1.193589,5,16.600029,0.122292,0.151822,5,12047643.600000,665992.701962,826806.590520,5,1212.944000,69.370849,86.121477,5,2.000000,0.000000,0.000000,5,2.000000,0.000000,0.000000,5,2.000000,0.000000,0.000000,5,3.000000,0.000000,0.000000,5
memo,1000,2048000,1000,2048000,0.01,32,2048,sharded,1.171875,ed25519,gossip,direct,shard,nonce_hash_set,5,1740.155630,12.391366,15.383447,5,1.157362,0.007599,0.009434,5,12047643.600000,665992.701962,826806.590520,5,1212.944000,69.370849,86.121477,5,2.000000,0.000000,0.000000,5,2.000000,0.000000,0.000000,5,2.000000,0.000000,0.000000,5,3.000000,0.000000,0.000000,5
memo,1000,2048000,1000,2048000,0.01,32,2048,sharded,2.34375,ed25519,gossip,direct,shard,nonce_hash_set,5,920.949998,6.932107,8.605968,5,2.186872,0.015244,0.018925,5,12047643.600000,665992.701962,826806.590520,5,1212.944000,69.370849,86.121477,5,2.000000,0.000000,0.000000,5,2.000000,0.000000,0.000000,5,2.000000,0.000000,0.000000,5,3.000000,0.000000,0.000000,5
memo,1000,2048000,1000,2048000,0.01,32,2048,sharded,300.0,ed25519,gossip,direct,shard,nonce_hash_set,5,7.638006,0.060959,0.075678,5,263.682749,1.957434,2.430086,5,12047643.600000,665992.701962,826806.590520,5,1212.944000,69.370849,86.121477,5,2.000000,0.000000,0.000000,5,2.000000,0.000000,0.000000,5,2.000000,0.000000,0.000000,5,3.000000,0.000000,0.000000,5
memo,1000,2048000,1000,2048000,0.01,32,2048,sharded,37.5,ed25519,gossip,direct,shard,nonce_hash_set,5,60.897347,0.484406,0.601374,5,33.072210,0.244635,0.303706,5,12047643.600000,665992.701962,826806.590520,5,1212.944000,69.370849,86.121477,5,2.000000,0.000000,0.000000,5,2.000000,0.000000,0.000000,5,2.000000,0.000000,0.000000,5,3.000000,0.000000,0.000000,5
memo,1000,2048000,1000,2048000,0.01,32,2048,sharded,4.6875,ed25519,gossip,direct,shard,nonce_hash_set,5,474.341801,3.675665,4.563209,5,4.245894,0.030536,0.037909,5,12047643.600000,665992.701962,826806.590520,5,1212.944000,69.370849,86.121477,5,2.000000,0.000000,0.000000,5,2.000000,0.000000,0.000000,5,2.000000,0.000000,0.000000,5,3.000000,0.000000,0.000000,5
memo,1000,2048000,1000,2048000,0.01,32,2048,sharded,600.0,ed25519,gossip,direct,shard,nonce_hash_set,5,3.819929,0.030494,0.037857,5,527.237651,3.914919,4.860234,5,12047643.600000,665992.701962,826806.590520,5,1212.944000,69.370849,86.121477,5,2.000000,0.000000,0.000000,5,2.000000,0.000000,0.000000,5,2.000000,0.000000,0.000000,5,3.000000,0.000000,0.000000,5
memo,1000,2048000,1000,2048000,0.01,32,2048,sharded,75.0,ed25519,gossip,direct,shard,nonce_hash_set,5,30.507646,0.243133,0.301842,5,66.016573,0.489320,0.607474,5,12047643.600000,665992.701962,826806.590520,5,1212.944000,69.370849,86.121477,5,2.000000,0.000000,0.000000,5,2.000000,0.000000,0.000000,5,2.000000,0.000000,0.000000,5,3.000000,0.000000,0.000000,5
memo,1000,2048000,1000,2048000,0.01,32,2048,sharded,9.375,ed25519,gossip,direct,shard,nonce_hash_set,5,240.796574,1.893874,2.351178,5,8.363938,0.061121,0.075880,5,12047643.600000,665992.701962,826806.590520,5,1212.944000,69.370849,86.121477,5,2.000000,0.000000,0.000000,5,2.000000,0.000000,0.000000,5,2.000000,0.000000,0.000000,5,3.000000,0.000000,0.000000,5
memo,1000,262144000,1000,262144000,0.01,32,262144,sharded,0.146484375,ed25519,gossip,direct,shard,nonce_hash_set,5,375793.927866,432.664519,537.137832,5,0.685627,0.000617,0.000766,5,12047643.600000,665992.701962,826806.590520,5,1212.944000,69.370849,86.121477,5,2.000000,0.000000,0.000000,5,2.000000,0.000000,0.000000,5,2.000000,0.000000,0.000000,5,3.000000,0.000000,0.000000,5
memo,1000,262144000,1000,262144000,0.01,32,262144,sharded,0.29296875,ed25519,gossip,direct,shard,nonce_hash_set,5,321743.575274,533.337770,662.120143,5,0.800807,0.001142,0.001418,5,12047643.600000,665992.701962,826806.590520,5,1212.944000,69.370849,86.121477,5,2.000000,0.000000,0.000000,5,2.000000,0.000000,0.000000,5,2.000000,0.000000,0.000000,5,3.000000,0.000000,0.000000,5
memo,1000,262144000,1000,262144000,0.01,32,262144,sharded,0.5859375,ed25519,gossip,direct,shard,nonce_hash_set,5,249867.161325,593.279493,736.535691,5,1.031169,0.002225,0.002762,5,12047643.600000,665992.701962,826806.590520,5,1212.944000,69.370849,86.121477,5,2.000000,0.000000,0.000000,5,2.000000,0.000000,0.000000,5,2.000000,0.000000,0.000000,5,3.000000,0.000000,0.000000,5
memo,1000,262144000,1000,262144000,0.01,32,262144,sharded,1200.0,ed25519,gossip,direct,shard,nonce_hash_set,5,244.322283,1.948823,2.419396,5,1054.616563,7.824015,9.713241,5,12047643.600000,665992.701962,826806.590520,5,1212.944000,69.370849,86.121477,5,2.000000,0.000000,0.000000,5,2.000000,0.000000,0.000000,5,2.000000,0.000000,0.000000,5,3.000000,0.000000,0.000000,5
memo,1000,262144000,1000,262144000,0.01,32,262144,sharded,150.0,ed25519,gossip,direct,shard,nonce_hash_set,5,1949.434145,15.430936,19.156966,5,132.174835,0.972713,1.207589,5,12047643.600000,665992.701962,826806.590520,5,1212.944000,69.370849,86.121477,5,2.000000,0.000000,0.000000,5,2.000000,0.000000,0.000000,5,2.000000,0.000000,0.000000,5,3.000000,0.000000,0.000000,5
memo,1000,262144000,1000,262144000,0.01,32,262144,sharded,18.75,ed25519,gossip,direct,shard,nonce_hash_set,5,15270.856209,113.426670,140.815234,5,16.872968,0.116115,0.144153,5,12047643.600000,665992.701962,826806.590520,5,1212.944000,69.370849,86.121477,5,2.000000,0.000000,0.000000,5,2.000000,0.000000,0.000000,5,2.000000,0.000000,0.000000,5,3.000000,0.000000,0.000000,5
memo,1000,262144000,1000,262144000,0.01,32,262144,sharded,1.171875,ed25519,gossip,direct,shard,nonce_hash_set,5,171867.201930,615.238600,763.797152,5,1.499161,0.005003,0.006211,5,12047643.600000,665992.701962,826806.590520,5,1212.944000,69.370849,86.121477,5,2.000000,0.000000,0.000000,5,2.000000,0.000000,0.000000,5,2.000000,0.000000,0.000000,5,3.000000,0.000000,0.000000,5
memo,1000,262144000,1000,262144000,0.01,32,262144,sharded,2.34375,ed25519,gossip,direct,shard,nonce_hash_set,5,103380.361347,490.754274,609.254226,5,2.492334,0.010891,0.013521,5,12047643.600000,665992.701962,826806.590520,5,1212.944000,69.370849,86.121477,5,2.000000,0.000000,0.000000,5,2.000000,0.000000,0.000000,5,2.000000,0.000000,0.000000,5,3.000000,0.000000,0.000000,5
memo,1000,262144000,1000,262144000,0.01,32,262144,sharded,300.0,ed25519,gossip,direct,shard,nonce_hash_set,5,976.185754,7.761147,9.635192,5,263.952065,1.951507,2.422727,5,12047643.600000,665992.701962,826806.590520,5,1212.944000,69.370849,86.121477,5,2.000000,0.000000,0.000000,5,2.000000,0.000000,0.000000,5,2.000000,0.000000,0.000000,5,3.000000,0.000000,0.000000,5
memo,1000,262144000,1000,262144000,0.01,32,262144,sharded,37.5,ed25519,gossip,direct,shard,nonce_hash_set,5,7727.694556,59.530234,73.904699,5,33.343125,0.238467,0.296049,5,12047643.600000,665992.701962,826806.590520,5,1212.944000,69.370849,86.121477,5,2.000000,0.000000,0.000000,5,2.000000,0.000000,0.000000,5,2.000000,0.000000,0.000000,5,3.000000,0.000000,0.000000,5
memo,1000,262144000,1000,262144000,0.01,32,262144,sharded,4.6875,ed25519,gossip,direct,shard,nonce_hash_set,5,56853.694063,334.430981,415.184338,5,4.531995,0.024429,0.030328,5,12047643.600000,665992.701962,826806.590520,5,1212.944000,69.370849,86.121477,5,2.000000,0.000000,0.000000,5,2.000000,0.000000,0.000000,5,2.000000,0.000000,0.000000,5,3.000000,0.000000,0.000000,5
memo,1000,262144000,1000,262144000,0.01,32,262144,sharded,600.0,ed25519,gossip,direct,shard,nonce_hash_set,5,488.460563,3.891973,4.831748,5,527.506864,3.909034,4.852929,5,12047643.600000,665992.701962,826806.590520,5,1212.944000,69.370849,86.121477,5,2.000000,0.000000,0.000000,5,2.000000,0.000000,0.000000,5,2.000000,0.000000,0.000000,5,3.000000,0.000000,0.000000,5
memo,1000,262144000,1000,262144000,0.01,32,262144,sharded,75.0,ed25519,gossip,direct,shard,nonce_hash_set,5,3887.151695,30.492979,37.855965,5,66.286560,0.483219,0.599899,5,12047643.600000,665992.701962,826806.590520,5,1212.944000,69.370849,86.121477,5,2.000000,0.000000,0.000000,5,2.000000,0.000000,0.000000,5,2.000000,0.000000,0.000000,5,3.000000,0.000000,0.000000,5
memo,1000,262144000,1000,262144000,0.01,32,262144,sharded,9.375,ed25519,gossip,direct,shard,nonce_hash_set,5,29818.553932,203.999877,253.258696,5,8.641030,0.054521,0.067686,5,12047643.600000,665992.701962,826806.590520,5,1212.944000,69.370849,86.121477,5,2.000000,0.000000,0.000000,5,2.000000,0.000000,0.000000,5,2.000000,0.000000,0.000000,5,3.000000,0.000000,0.000000,5
memo,1000,32768000,1000,32768000,0.01,32,32768,sharded,0.146484375,ed25519,gossip,direct,shard,nonce_hash_set,5,108876.621000,280.436826,348.152488,5,0.295819,0.000705,0.000876,5,12047643.600000,665992.701962,826806.590520,5,1212.944000,69.370849,86.121477,5,2.000000,0.000000,0.000000,5,2.000000,0.000000,0.000000,5,2.000000,0.000000,0.000000,5,3.000000,0.000000,0.000000,5
memo,1000,32768000,1000,32768000,0.01,32,32768,sharded,0.29296875,ed25519,gossip,direct,shard,nonce_hash_set,5,76691.953008,286.522145,355.707198,5,0.419965,0.001423,0.001766,5,12047643.600000,665992.701962,826806.590520,5,1212.944000,69.370849,86.121477,5,2.000000,0.000000,0.000000,5,2.000000,0.000000,0.000000,5,2.000000,0.000000,0.000000,5,3.000000,0.000000,0.000000,5
memo,1000,32768000,1000,32768000,0.01,32,32768,sharded,0.5859375,ed25519,gossip,direct,shard,nonce_hash_set,5,47721.370856,241.485897,299.796275,5,0.674923,0.003091,0.003837,5,12047643.600000,665992.701962,826806.590520,5,1212.944000,69.370849,86.121477,5,2.000000,0.000000,0.000000,5,2.000000,0.000000,0.000000,5,2.000000,0.000000,0.000000,5,3.000000,0.000000,0.000000,5
memo,1000,32768000,1000,32768000,0.01,32,32768,sharded,1200.0,ed25519,gossip,direct,shard,nonce_hash_set,5,30.548038,0.243871,0.302757,5,1054.377649,7.829195,9.719671,5,12047643.600000,665992.701962,826806.590520,5,1212.944000,69.370849,86.121477,5,2.000000,0.000000,0.000000,5,2.000000,0.000000,0.000000,5,2.000000,0.000000,0.000000,5,3.000000,0.000000,0.000000,5
memo,1000,32768000,1000,32768000,0.01,32,32768,sharded,150.0,ed25519,gossip,direct,shard,nonce_hash_set,5,244.128116,1.945778,2.415615,5,131.935494,0.978000,1.214152,5,12047643.600000,665992.701962,826806.590520,5,1212.944000,69.370849,86.121477,5,2.000000,0.000000,0.000000,5,2.000000,0.000000,0.000000,5,2.000000,0.000000,0.000000,5,3.000000,0.000000,0.000000,5
memo,1000,32768000,1000,32768000,0.01,32,32768,sharded,18.75,ed25519,gossip,direct,shard,nonce_hash_set,5,1936.776059,15.237582,18.916924,5,16.630277,0.121587,0.150947,5,12047643.600000,665992.701962,826806.590520,5,1212.944000,69.370849,86.121477,5,2.000000,0.000000,0.000000,5,2.000000,0.000000,0.000000,5,2.000000,0.000000,0.000000,5,3.000000,0.000000,0.000000,5
memo,1000,32768000,1000,32768000,0.01,32,32768,sharded,1.171875,ed25519,gossip,direct,shard,nonce_hash_set,5,27099.000376,170.082169,211.151050,5,1.188552,0.006831,0.008481,5,12047643.600000,665992.701962,826806.590520,5,1212.944000,69.370849,86.121477,5,2.000000,0.000000,0.000000,5,2.000000,0.000000,0.000000,5,2.000000,0.000000,0.000000,5,3.000000,0.000000,0.000000,5
memo,1000,32768000,1000,32768000,0.01,32,32768,sharded,2.34375,ed25519,gossip,direct,shard,nonce_hash_set,5,14524.553358,103.021545,127.897636,5,2.217544,0.014520,0.018026,5,12047643.600000,665992.701962,826806.590520,5,1212.944000,69.370849,86.121477,5,2.000000,0.000000,0.000000,5,2.000000,0.000000,0.000000,5,2.000000,0.000000,0.000000,5,3.000000,0.000000,0.000000,5
memo,1000,32768000,1000,32768000,0.01,32,32768,sharded,300.0,ed25519,gossip,direct,shard,nonce_hash_set,5,122.137222,0.974370,1.209646,5,263.712944,1.956741,2.429225,5,12047643.600000,665992.701962,826806.590520,5,1212.944000,69.370849,86.121477,5,2.000000,0.000000,0.000000,5,2.000000,0.000000,0.000000,5,2.000000,0.000000,0.000000,5,3.000000,0.000000,0.000000,5
memo,1000,32768000,1000,32768000,0.01,32,32768,sharded,37.5,ed25519,gossip,direct,shard,nonce_hash_set,5,973.014518,7.712296,9.574546,5,33.102431,0.243936,0.302838,5,12047643.600000,665992.701962,826806.590520,5,1212.944000,69.370849,86.121477,5,2.000000,0.000000,0.000000,5,2.000000,0.000000,0.000000,5,2.000000,0.000000,0.000000,5,3.000000,0.000000,0.000000,5
memo,1000,32768000,1000,32768000,0.01,32,32768,sharded,4.6875,ed25519,gossip,direct,shard,nonce_hash_set,5,7531.952585,56.657496,70.338294,5,4.276314,0.029810,0.037008,5,12047643.600000,665992.701962,826806.590520,5,1212.944000,69.370849,86.121477,5,2.000000,0.000000,0.000000,5,2.000000,0.000000,0.000000,5,2.000000,0.000000,0.000000,5,3.000000,0.000000,0.000000,5
memo,1000,32768000,1000,32768000,0.01,32,32768,sharded,600.0,ed25519,gossip,direct,shard,nonce_hash_set,5,61.086918,0.487556,0.605284,5,527.267846,3.914226,4.859374,5,12047643.600000,665992.701962,826806.590520,5,1212.944000,69.370849,86.121477,5,2.000000,0.000000,0.000000,5,2.000000,0.000000,0.000000,5,2.000000,0.000000,0.000000,5,3.000000,0.000000,0.000000,5
memo,1000,32768000,1000,32768000,0.01,32,32768,sharded,75.0,ed25519,gossip,direct,shard,nonce_hash_set,5,487.671877,3.879732,4.816552,5,66.046781,0.488627,0.606613,5,12047643.600000,665992.701962,826806.590520,5,1212.944000,69.370849,86.121477,5,2.000000,0.000000,0.000000,5,2.000000,0.000000,0.000000,5,2.000000,0.000000,0.000000,5,3.000000,0.000000,0.000000,5
memo,1000,32768000,1000,32768000,0.01,32,32768,sharded,9.375,ed25519,gossip,direct,shard,nonce_hash_set,5,3837.043725,29.738102,36.918810,5,8.394243,0.060402,0.074986,5,12047643.600000,665992.701962,826806.590520,5,1212.944000,69.370849,86.121477,5,2.000000,0.000000,0.000000,5,2.000000,0.000000,0.000000,5,2.000000,0.000000,0.000000,5,3.000000,0.000000,0.000000,5
memo,1000,4096000,1000,4096000,0.01,32,4096,sharded,0.146484375,ed25519,gossip,direct,shard,nonce_hash_set,5,15569.049333,61.316928,76.122817,5,0.258646,0.000894,0.001110,5,12047643.600000,665992.701962,826806.590520,5,1212.944000,69.370849,86.121477,5,2.000000,0.000000,0.000000,5,2.000000,0.000000,0.000000,5,2.000000,0.000000,0.000000,5,3.000000,0.000000,0.000000,5
memo,1000,4096000,1000,4096000,0.01,32,4096,sharded,0.29296875,ed25519,gossip,direct,shard,nonce_hash_set,5,10398.203405,54.686770,67.891708,5,0.387270,0.001831,0.002273,5,12047643.600000,665992.701962,826806.590520,5,1212.944000,69.370849,86.121477,5,2.000000,0.000000,0.000000,5,2.000000,0.000000,0.000000,5,2.000000,0.000000,0.000000,5,3.000000,0.000000,0.000000,5
memo,1000,4096000,1000,4096000,0.01,32,4096,sharded,0.5859375,ed25519,gossip,direct,shard,nonce_hash_set,5,6247.051318,39.584788,49.143127,5,0.644616,0.003732,0.004633,5,12047643.600000,665992.701962,826806.590520,5,1212.944000,69.370849,86.121477,5,2.000000,0.000000,0.000000,5,2.000000,0.000000,0.000000,5,2.000000,0.000000,0.000000,5,3.000000,0.000000,0.000000,5
memo,1000,4096000,1000,4096000,0.01,32,4096,sharded,1200.0,ed25519,gossip,direct,shard,nonce_hash_set,5,3.819437,0.030494,0.037857,5,1054.349439,7.829842,9.720474,5,12047643.600000,665992.701962,826806.590520,5,1212.944000,69.370849,86.121477,5,2.000000,0.000000,0.000000,5,2.000000,0.000000,0.000000,5,2.000000,0.000000,0.000000,5,3.000000,0.000000,0.000000,5
memo,1000,4096000,1000,4096000,0.01,32,4096,sharded,150.0,ed25519,gossip,direct,shard,nonce_hash_set,5,30.529177,0.243526,0.302329,5,131.907283,0.978645,1.214954,5,12047643.600000,665992.701962,826806.590520,5,1212.944000,69.370849,86.121477,5,2.000000,0.000000,0.000000,5,2.000000,0.000000,0.000000,5,2.000000,0.000000,0.000000,5,3.000000,0.000000,0.000000,5
memo,1000,4096000,1000,4096000,0.01,32,4096,sharded,18.75,ed25519,gossip,direct,shard,nonce_hash_set,5,242.562030,1.921289,2.385212,5,16.602013,0.122246,0.151764,5,12047643.600000,665992.701962,826806.590520,5,1212.944000,69.370849,86.121477,5,2.000000,0.000000,0.000000,5,2.000000,0.000000,0.000000,5,2.000000,0.000000,0.000000,5,3.000000,0.000000,0.000000,5
memo,1000,4096000,1000,4096000,0.01,32,4096,sharded,1.171875,ed25519,gossip,direct,shard,nonce_hash_set,5,3473.458617,24.544853,30.471574,5,1.159357,0.007551,0.009374,5,12047643.600000,665992.701962,826806.590520,5,1212.944000,69.370849,86.121477,5,2.000000,0.000000,0.000000,5,2.000000,0.000000,0.000000,5,2.000000,0.000000,0.000000,5,3.000000,0.000000,0.000000,5
memo,1000,4096000,1000,4096000,0.01,32,4096,sharded,2.34375,ed25519,gossip,direct,shard,nonce_hash_set,5,1839.768471,13.795698,17.126876,5,2.188861,0.015197,0.018866,5,12047643.600000,665992.701962,826806.590520,5,1212.944000,69.370849,86.121477,5,2.000000,0.000000,0.000000,5,2.000000,0.000000,0.000000,5,2.000000,0.000000,0.000000,5,3.000000,0.000000,0.000000,5
memo,1000,4096000,1000,4096000,0.01,32,4096,sharded,300.0,ed25519,gossip,direct,shard,nonce_hash_set,5,15.272105,0.121885,0.151316,5,263.684734,1.957388,2.430028,5,12047643.600000,665992.701962,826806.590520,5,1212.944000,69.370849,86.121477,5,2.000000,0.000000,0.000000,5,2.000000,0.000000,0.000000,5,2.000000,0.000000,0.000000,5,3.000000,0.000000,0.000000,5
memo,1000,4096000,1000,4096000,0.01,32,4096,sharded,37.5,ed25519,gossip,direct,shard,nonce_hash_set,5,121.757148,0.968301,1.202112,5,33.074194,0.244589,0.303648,5,12047643.600000,665992.701962,826806.590520,5,1212.944000,69.370849,86.121477,5,2.000000,0.000000,0.000000,5,2.000000,0.000000,0.000000,5,2.000000,0.000000,0.000000,5,3.000000,0.000000,0.000000,5
memo,1000,4096000,1000,4096000,0.01,32,4096,sharded,4.6875,ed25519,gossip,direct,shard,nonce_hash_set,5,948.004319,7.332197,9.102665,5,4.247880,0.030489,0.037851,5,12047643.600000,665992.701962,826806.590520,5,1212.944000,69.370849,86.121477,5,2.000000,0.000000,0.000000,5,2.000000,0.000000,0.000000,5,2.000000,0.000000,0.000000,5,3.000000,0.000000,0.000000,5
memo,1000,4096000,1000,4096000,0.01,32,4096,sharded,600.0,ed25519,gossip,direct,shard,nonce_hash_set,5,7.637933,0.060973,0.075696,5,527.239635,3.914872,4.860177,5,12047643.600000,665992.701962,826806.590520,5,1212.944000,69.370849,86.121477,5,2.000000,0.000000,0.000000,5,2.000000,0.000000,0.000000,5,2.000000,0.000000,0.000000,5,3.000000,0.000000,0.000000,5
memo,1000,4096000,1000,4096000,0.01,32,4096,sharded,75.0,ed25519,gossip,direct,shard,nonce_hash_set,5,60.998310,0.486082,0.603454,5,66.018557,0.489274,0.607417,5,12047643.600000,665992.701962,826806.590520,5,1212.944000,69.370849,86.121477,5,2.000000,0.000000,0.000000,5,2.000000,0.000000,0.000000,5,2.000000,0.000000,0.000000,5,3.000000,0.000000,0.000000,5
memo,1000,4096000,1000,4096000,0.01,32,4096,sharded,9.375,ed25519,gossip,direct,shard,nonce_hash_set,5,481.359247,3.782387,4.695700,5,8.365924,0.061075,0.075822,5,12047643.600000,665992.701962,826806.590520,5,1212.944000,69.370849,86.121477,5,2.000000,0.000000,0.000000,5,2.000000,0.000000,0.000000,5,2.000000,0.000000,0.000000,5,3.000000,0.000000,0.000000,5
memo,1000,524288000,1000,524288000,0.01,32,524288,sharded,0.146484375,ed25519,gossip,direct,shard,nonce_hash_set,5,431066.574632,346.981650,430.765554,5,1.195424,0.000625,0.000775,5,12047643.600000,665992.701962,826806.590520,5,1212.944000,69.370849,86.121477,5,2.000000,0.000000,0.000000,5,2.000000,0.000000,0.000000,5,2.000000,0.000000,0.000000,5,3.000000,0.000000,0.000000,5
memo,1000,524288000,1000,524288000,0.01,32,524288,sharded,0.29296875,ed25519,gossip,direct,shard,nonce_hash_set,5,393183.069698,440.982777,547.464657,5,1.310605,0.001135,0.001409,5,12047643.600000,665992.701962,826806.590520,5,1212.944000,69.370849,86.121477,5,2.000000,0.000000,0.000000,5,2.000000,0.000000,0.000000,5,2.000000,0.000000,0.000000,5,3.000000,0.000000,0.000000,5
memo,1000,524288000,1000,524288000,0.01,32,524288,sharded,0.5859375,ed25519,gossip,direct,shard,nonce_hash_set,5,334405.929627,556.784021,691.227842,5,1.540966,0.002210,0.002744,5,12047643.600000,665992.701962,826806.590520,5,1212.944000,69.370849,86.121477,5,2.000000,0.000000,0.000000,5,2.000000,0.000000,0.000000,5,2.000000,0.000000,0.000000,5,3.000000,0.000000,0.000000,5
memo,1000,524288000,1000,524288000,0.01,32,524288,sharded,1200.0,ed25519,gossip,direct,shard,nonce_hash_set,5,488.487723,3.892370,4.832241,5,1054.953025,7.818008,9.705783,5,12047643.600000,665992.701962,826806.590520,5,1212.944000,69.370849,86.121477,5,2.000000,0.000000,0.000000,5,2.000000,0.000000,0.000000,5,2.000000,0.000000,0.000000,5,3.000000,0.000000,0.000000,5
memo,1000,524288000,1000,524288000,0.01,32,524288,sharded,150.0,ed25519,gossip,direct,shard,nonce_hash_set,5,3888.924933,30.518065,37.887108,5,132.512419,0.966375,1.199721,5,12047643.600000,665992.701962,826806.590520,5,1212.944000,69.370849,86.121477,5,2.000000,0.000000,0.000000,5,2.000000,0.000000,0.000000,5,2.000000,0.000000,0.000000,5,3.000000,0.000000,0.000000,5
memo,1000,524288000,1000,524288000,0.01,32,524288,sharded,18.75,ed25519,gossip,direct,shard,nonce_hash_set,5,29923.598333,205.256770,254.819083,5,17.221363,0.108967,0.135279,5,12047643.600000,665992.701962,826806.590520,5,1212.944000,69.370849,86.121477,5,2.000000,0.000000,0.000000,5,2.000000,0.000000,0.000000,5,2.000000,0.000000,0.000000,5,3.000000,0.000000,0.000000,5
memo,1000,524288000,1000,524288000,0.01,32,524288,sharded,1.171875,ed25519,gossip,direct,shard,nonce_hash_set,5,257437.330250,620.075165,769.801578,5,2.001689,0.004390,0.005450,5,12047643.600000,665992.701962,826806.590520,5,1212.944000,69.370849,86.121477,5,2.000000,0.000000,0.000000,5,2.000000,0.000000,0.000000,5,2.000000,0.000000,0.000000,5,3.000000,0.000000,0.000000,5
memo,1000,524288000,1000,524288000,0.01,32,524288,sharded,2.34375,ed25519,gossip,direct,shard,nonce_hash_set,5,175415.748007,635.330715,788.740808,5,2.937662,0.009927,0.012324,5,12047643.600000,665992.701962,826806.590520,5,1212.944000,69.370849,86.121477,5,2.000000,0.000000,0.000000,5,2.000000,0.000000,0.000000,5,2.000000,0.000000,0.000000,5,3.000000,0.000000,0.000000,5
memo,1000,524288000,1000,524288000,0.01,32,524288,sharded,300.0,ed25519,gossip,direct,shard,nonce_hash_set,5,1949.878145,15.437297,19.164863,5,264.288967,1.945365,2.415103,5,12047643.600000,665992.701962,826806.590520,5,1212.944000,69.370849,86.121477,5,2.000000,0.000000,0.000000,5,2.000000,0.000000,0.000000,5,2.000000,0.000000,0.000000,5,3.000000,0.000000,0.000000,5
memo,1000,524288000,1000,524288000,0.01,32,524288,sharded,37.5,ed25519,gossip,direct,shard,nonce_hash_set,5,15298.346117,113.790741,141.267215,5,33.685235,0.232164,0.288223,5,12047643.600000,665992.701962,826806.590520,5,1212.944000,69.370849,86.121477,5,2.000000,0.000000,0.000000,5,2.000000,0.000000,0.000000,5,2.000000,0.000000,0.000000,5,3.000000,0.000000,0.000000,5
memo,1000,524288000,1000,524288000,0.01,32,524288,sharded,4.6875,ed25519,gossip,direct,shard,nonce_hash_set,5,104654.166394,500.567203,621.436634,5,4.923988,0.021692,0.026930,5,12047643.600000,665992.701962,826806.590520,5,1212.944000,69.370849,86.121477,5,2.000000,0.000000,0.000000,5,2.000000,0.000000,0.000000,5,2.000000,0.000000,0.000000,5,3.000000,0.000000,0.000000,5
memo,1000,524288000,1000,524288000,0.01,32,524288,sharded,600.0,ed25519,gossip,direct,shard,nonce_hash_set,5,976.296130,7.762743,9.637174,5,527.843427,3.902953,4.845380,5,12047643.600000,665992.701962,826806.590520,5,1212.944000,69.370849,86.121477,5,2.000000,0.000000,0.000000,5,2.000000,0.000000,0.000000,5,2.000000,0.000000,0.000000,5,3.000000,0.000000,0.000000,5
memo,1000,524288000,1000,524288000,0.01,32,524288,sharded,75.0,ed25519,gossip,direct,shard,nonce_hash_set,5,7734.720631,59.627450,74.025388,5,66.625548,0.476872,0.592020,5,12047643.600000,665992.701962,826806.590520,5,1212.944000,69.370849,86.121477,5,2.000000,0.000000,0.000000,5,2.000000,0.000000,0.000000,5,2.000000,0.000000,0.000000,5,3.000000,0.000000,0.000000,5
memo,1000,524288000,1000,524288000,0.01,32,524288,sharded,9.375,ed25519,gossip,direct,shard,nonce_hash_set,5,57236.849154,338.221852,419.890571,5,9.003298,0.048769,0.060546,5,12047643.600000,665992.701962,826806.590520,5,1212.944000,69.370849,86.121477,5,2.000000,0.000000,0.000000,5,2.000000,0.000000,0.000000,5,2.000000,0.000000,0.000000,5,3.000000,0.000000,0.000000,5
memo,1000,65536000,1000,65536000,0.01,32,65536,sharded,0.146484375,ed25519,gossip,direct,shard,nonce_hash_set,5,184550.841322,359.367820,446.142549,5,0.349034,0.000618,0.000768,5,12047643.600000,665992.701962,826806.590520,5,1212.944000,69.370849,86.121477,5,2.000000,0.000000,0.000000,5,2.000000,0.000000,0.000000,5,2.000000,0.000000,0.000000,5,3.000000,0.000000,0.000000,5
memo,1000,65536000,1000,65536000,0.01,32,65536,sharded,0.29296875,ed25519,gossip,direct,shard,nonce_hash_set,5,138219.381626,418.354616,519.372589,5,0.466032,0.001307,0.001623,5,12047643.600000,665992.701962,826806.590520,5,1212.944000,69.370849,86.121477,5,2.000000,0.000000,0.000000,5,2.000000,0.000000,0.000000,5,2.000000,0.000000,0.000000,5,3.000000,0.000000,0.000000,5
memo,1000,65536000,1000,65536000,0.01,32,65536,sharded,0.5859375,ed25519,gossip,direct,shard,nonce_hash_set,5,90175.949957,382.642078,475.036724,5,0.714327,0.002770,0.003439,5,12047643.600000,665992.701962,826806.590520,5,1212.944000,69.370849,86.121477,5,2.000000,0.000000,0.000000,5,2.000000,0.000000,0.000000,5,2.000000,0.000000,0.000000,5,3.000000,0.000000,0.000000,5
memo,1000,65536000,1000,65536000,0.01,32,65536,sharded,1200.0,ed25519,gossip,direct,shard,nonce_hash_set,5,61.093247,0.487661,0.605414,5,1054.410090,7.828456,9.718754,5,12047643.600000,665992.701962,826806.590520,5,1212.944000,69.370849,86.121477,5,2.000000,0.000000,0.000000,5,2.000000,0.000000,0.000000,5,2.000000,0.000000,0.000000,5,3.000000,0.000000,0.000000,5
memo,1000,65536000,1000,65536000,0.01,32,65536,sharded,150.0,ed25519,gossip,direct,shard,nonce_hash_set,5,488.128484,3.886822,4.825353,5,131.967961,0.977258,1.213232,5,12047643.600000,665992.701962,826806.590520,5,1212.944000,69.370849,86.121477,5,2.000000,0.000000,0.000000,5,2.000000,0.000000,0.000000,5,2.000000,0.000000,0.000000,5,3.000000,0.000000,0.000000,5
memo,1000,65536000,1000,65536000,0.01,32,65536,sharded,18.75,ed25519,gossip,direct,shard,nonce_hash_set,5,3865.908993,30.172189,37.457714,5,16.662885,0.120806,0.149976,5,12047643.600000,665992.701962,826806.590520,5,1212.944000,69.370849,86.121477,5,2.000000,0.000000,0.000000,5,2.000000,0.000000,0.000000,5,2.000000,0.000000,0.000000,5,3.000000,0.000000,0.000000,5
memo,1000,65536000,1000,65536000,0.01,32,65536,sharded,1.171875,ed25519,gossip,direct,shard,nonce_hash_set,5,52616.753481,289.443454,359.333901,5,1.224243,0.006138,0.007620,5,12047643.600000,665992.701962,826806.590520,5,1212.944000,69.370849,86.121477,5,2.000000,0.000000,0.000000,5,2.000000,0.000000,0.000000,5,2.000000,0.000000,0.000000,5,3.000000,0.000000,0.000000,5
memo,1000,65536000,1000,65536000,0.01,32,65536,sharded,2.34375,ed25519,gossip,direct,shard,nonce_hash_set,5,28610.380594,188.565207,234.097094,5,2.251502,0.013644,0.016939,5,12047643.600000,665992.701962,826806.590520,5,1212.944000,69.370849,86.121477,5,2.000000,0.000000,0.000000,5,2.000000,0.000000,0.000000,5,2.000000,0.000000,0.000000,5,3.000000,0.000000,0.000000,5
memo,1000,65536000,1000,65536000,0.01,32,65536,sharded,300.0,ed25519,gossip,direct,shard,nonce_hash_set,5,244.240594,1.947543,2.417807,5,263.745386,1.956004,2.428310,5,12047643.600000,665992.701962,826806.590520,5,1212.944000,69.370849,86.121477,5,2.000000,0.000000,0.000000,5,2.000000,0.000000,0.000000,5,2.000000,0.000000,0.000000,5,3.000000,0.000000,0.000000,5
memo,1000,65536000,1000,65536000,0.01,32,65536,sharded,37.5,ed25519,gossip,direct,shard,nonce_hash_set,5,1944.088059,15.349224,19.055523,5,33.134954,0.243179,0.301898,5,12047643.600000,665992.701962,826806.590520,5,1212.944000,69.370849,86.121477,5,2.000000,0.000000,0.000000,5,2.000000,0.000000,0.000000,5,2.000000,0.000000,0.000000,5,3.000000,0.000000,0.000000,5
memo,1000,65536000,1000,65536000,0.01,32,65536,sharded,4.6875,ed25519,gossip,direct,shard,nonce_hash_set,5,14947.675070,108.864285,135.151193,5,4.309487,0.029034,0.036045,5,12047643.600000,665992.701962,826806.590520,5,1212.944000,69.370849,86.121477,5,2.000000,0.000000,0.000000,5,2.000000,0.000000,0.000000,5,2.000000,0.000000,0.000000,5,3.000000,0.000000,0.000000,5
memo,1000,65536000,1000,65536000,0.01,32,65536,sharded,600.0,ed25519,gossip,direct,shard,nonce_hash_set,5,122.164421,0.974805,1.210186,5,527.300287,3.913487,4.858456,5,12047643.600000,665992.701962,826806.590520,5,1212.944000,69.370849,86.121477,5,2.000000,0.000000,0.000000,5,2.000000,0.000000,0.000000,5,2.000000,0.000000,0.000000,5,3.000000,0.000000,0.000000,5
memo,1000,65536000,1000,65536000,0.01,32,65536,sharded,75.0,ed25519,gossip,direct,shard,nonce_hash_set,5,974.849021,7.740561,9.609635,5,66.079261,0.487877,0.605682,5,12047643.600000,665992.701962,826806.590520,5,1212.944000,69.370849,86.121477,5,2.000000,0.000000,0.000000,5,2.000000,0.000000,0.000000,5,2.000000,0.000000,0.000000,5,3.000000,0.000000,0.000000,5
memo,1000,65536000,1000,65536000,0.01,32,65536,sharded,9.375,ed25519,gossip,direct,shard,nonce_hash_set,5,7644.103621,58.296190,72.372676,5,8.427026,0.059619,0.074015,5,12047643.600000,665992.701962,826806.590520,5,1212.944000,69.370849,86.121477,5,2.000000,0.000000,0.000000,5,2.000000,0.000000,0.000000,5,2.000000,0.000000,0.000000,5,3.000000,0.000000,0.000000,5
memo,1000,8192000,1000,8192000,0.01,32,8192,sharded,0.146484375,ed25519,gossip,direct,shard,nonce_hash_set,5,30613.455661,109.255914,135.637387,5,0.263046,0.000826,0.001025,5,12047643.600000,665992.701962,826806.590520,5,1212.944000,69.370849,86.121477,5,2.000000,0.000000,0.000000,5,2.000000,0.000000,0.000000,5,2.000000,0.000000,0.000000,5,3.000000,0.000000,0.000000,5
memo,1000,8192000,1000,8192000,0.01,32,8192,sharded,0.29296875,ed25519,gossip,direct,shard,nonce_hash_set,5,20571.650487,101.502276,126.011518,5,0.391451,0.001731,0.002149,5,12047643.600000,665992.701962,826806.590520,5,1212.944000,69.370849,86.121477,5,2.000000,0.000000,0.000000,5,2.000000,0.000000,0.000000,5,2.000000,0.000000,0.000000,5,3.000000,0.000000,0.000000,5
memo,1000,8192000,1000,8192000,0.01,32,8192,sharded,0.5859375,ed25519,gossip,direct,shard,nonce_hash_set,5,12413.901408,76.333685,94.765593,5,0.648699,0.003638,0.004517,5,12047643.600000,665992.701962,826806.590520,5,1212.944000,69.370849,86.121477,5,2.000000,0.000000,0.000000,5,2.000000,0.000000,0.000000,5,2.000000,0.000000,0.000000,5,3.000000,0.000000,0.000000,5
memo,1000,8192000,1000,8192000,0.01,32,8192,sharded,1200.0,ed25519,gossip,direct,shard,nonce_hash_set,5,7.637896,0.060980,0.075704,5,1054.353430,7.829749,9.720359,5,12047643.600000,665992.701962,826806.590520,5,1212.944000,69.370849,86.121477,5,2.000000,0.000000,0.000000,5,2.000000,0.000000,0.000000,5,2.000000,0.000000,0.000000,5,3.000000,0.000000,0.000000,5
memo,1000,8192000,1000,8192000,0.01,32,8192,sharded,150.0,ed25519,gossip,direct,shard,nonce_hash_set,5,61.048925,0.486924,0.604499,5,131.911274,0.978553,1.214839,5,12047643.600000,665992.701962,826806.590520,5,1212.944000,69.370849,86.121477,5,2.000000,0.000000,0.000000,5,2.000000,0.000000,0.000000,5,2.000000,0.000000,0.000000,5,3.000000,0.000000,0.000000,5
memo,1000,8192000,1000,8192000,0.01,32,8192,sharded,18.75,ed25519,gossip,direct,shard,nonce_hash_set,5,484.947109,3.837552,4.764187,5,16.606007,0.122153,0.151649,5,12047643.600000,665992.701962,826806.590520,5,1212.944000,69.370849,86.121477,5,2.000000,0.000000,0.000000,5,2.000000,0.000000,0.000000,5,2.000000,0.000000,0.000000,5,3.000000,0.000000,0.000000,5
memo,1000,8192000,1000,8192000,0.01,32,8192,sharded,1.171875,ed25519,gossip,direct,shard,nonce_hash_set,5,6921.962260,48.160455,59.789517,5,1.163391,0.007454,0.009254,5,12047643.600000,665992.701962,826806.590520,5,1212.944000,69.370849,86.121477,5,2.000000,0.000000,0.000000,5,2.000000,0.000000,0.000000,5,2.000000,0.000000,0.000000,5,3.000000,0.000000,0.000000,5
memo,1000,8192000,1000,8192000,0.01,32,8192,sharded,2.34375,ed25519,gossip,direct,shard,nonce_hash_set,5,3672.346816,27.322150,33.919492,5,2.192873,0.015099,0.018745,5,12047643.600000,665992.701962,826806.590520,5,1212.944000,69.370849,86.121477,5,2.000000,0.000000,0.000000,5,2.000000,0.000000,0.000000,5,2.000000,0.000000,0.000000,5,3.000000,0.000000,0.000000,5
memo,1000,8192000,1000,8192000,0.01,32,8192,sharded,300.0,ed25519,gossip,direct,shard,nonce_hash_set,5,30.539955,0.243723,0.302574,5,263.688724,1.957295,2.429913,5,12047643.600000,665992.701962,826806.590520,5,1212.944000,69.370849,86.121477,5,2.000000,0.000000,0.000000,5,2.000000,0.000000,0.000000,5,2.000000,0.000000,0.000000,5,3.000000,0.000000,0.000000,5
memo,1000,8192000,1000,8192000,0.01,32,8192,sharded,37.5,ed25519,gossip,direct,shard,nonce_hash_set,5,243.454672,1.935226,2.402515,5,33.078186,0.244496,0.303534,5,12047643.600000,665992.701962,826806.590520,5,1212.944000,69.370849,86.121477,5,2.000000,0.000000,0.000000,5,2.000000,0.000000,0.000000,5,2.000000,0.000000,0.000000,5,3.000000,0.000000,0.000000,5
memo,1000,8192000,1000,8192000,0.01,32,8192,sharded,4.6875,ed25519,gossip,direct,shard,nonce_hash_set,5,1893.988575,14.592479,18.116051,5,4.251882,0.030394,0.037734,5,12047643.600000,665992.701962,826806.590520,5,1212.944000,69.370849,86.121477,5,2.000000,0.000000,0.000000,5,2.000000,0.000000,0.000000,5,2.000000,0.000000,0.000000,5,3.000000,0.000000,0.000000,5
memo,1000,8192000,1000,8192000,0.01,32,8192,sharded,600.0,ed25519,gossip,direct,shard,nonce_hash_set,5,15.273854,0.121927,0.151368,5,527.243626,3.914780,4.860062,5,12047643.600000,665992.701962,826806.590520,5,1212.944000,69.370849,86.121477,5,2.000000,0.000000,0.000000,5,2.000000,0.000000,0.000000,5,2.000000,0.000000,0.000000,5,3.000000,0.000000,0.000000,5
memo,1000,8192000,1000,8192000,0.01,32,8192,sharded,75.0,ed25519,gossip,direct,shard,nonce_hash_set,5,121.974095,0.971762,1.206409,5,66.022548,0.489182,0.607302,5,12047643.600000,665992.701962,826806.590520,5,1212.944000,69.370849,86.121477,5,2.000000,0.000000,0.000000,5,2.000000,0.000000,0.000000,5,2.000000,0.000000,0.000000,5,3.000000,0.000000,0.000000,5
memo,1000,8192000,1000,8192000,0.01,32,8192,sharded,9.375,ed25519,gossip,direct,shard,nonce_hash_set,5,962.139237,7.545784,9.367826,5,8.369920,0.060981,0.075706,5,12047643.600000,665992.701962,826806.590520,5,1212.944000,69.370849,86.121477,5,2.000000,0.000000,0.000000,5,2.000000,0.000000,0.000000,5,2.000000,0.000000,0.000000,5,3.000000,0.000000,0.000000,5
memo,1000,1024000,1000,1024000,0.01,4,1024,sharded,0.146484375,ed25519,gossip,direct,shard,nonce_hash_set,5,3649.719887,27.956081,34.706494,5,0.245331,0.001373,0.001704,5,12045667.200000,725654.571135,900874.709419,5,1215.641000,61.842116,76.774819,5,2.000000,0.000000,0.000000,5,2.000000,0.000000,0.000000,5,2.000000,0.000000,0.000000,5,3.000000,0.000000,0.000000,5
memo,1000,1024000,1000,1024000,0.01,4,1024,sharded,0.29296875,ed25519,gossip,direct,shard,nonce_hash_set,5,2487.965109,23.806157,29.554509,5,0.359897,0.002707,0.003361,5,12045667.200000,725654.571135,900874.709419,5,1215.641000,61.842116,76.774819,5,2.000000,0.000000,0.000000,5,2.000000,0.000000,0.000000,5,2.000000,0.000000,0.000000,5,3.000000,0.000000,0.000000,5
memo,1000,1024000,1000,1024000,0.01,4,1024,sharded,0.5859375,ed25519,gossip,direct,shard,nonce_hash_set,5,1519.652310,17.044657,21.160344,5,0.589236,0.005404,0.006709,5,12045667.200000,725654.571135,900874.709419,5,1215.641000,61.842116,76.774819,5,2.000000,0.000000,0.000000,5,2.000000,0.000000,0.000000,5,2.000000,0.000000,0.000000,5,3.000000,0.000000,0.000000,5
memo,1000,1024000,1000,1024000,0.01,4,1024,sharded,1200.0,ed25519,gossip,direct,shard,nonce_hash_set,5,0.952907,0.013237,0.016433,5,939.732342,11.114445,13.798194,5,12045667.200000,725654.571135,900874.709419,5,1215.641000,61.842116,76.774819,5,2.000000,0.000000,0.000000,5,2.000000,0.000000,0.000000,5,2.000000,0.000000,0.000000,5,3.000000,0.000000,0.000000,5
memo,1000,1024000,1000,1024000,0.01,4,1024,sharded,150.0,ed25519,gossip,direct,shard,nonce_hash_set,5,7.615854,0.105703,0.131227,5,117.580647,1.389276,1.724738,5,12045667.200000,725654.571135,900874.709419,5,1215.641000,61.842116,76.774819,5,2.000000,0.000000,0.000000,5,2.000000,0.000000,0.000000,5,2.000000,0.000000,0.000000,5,3.000000,0.000000,0.000000,5
memo,1000,1024000,1000,1024000,0.01,4,1024,sharded,18.75,ed25519,gossip,direct,shard,nonce_hash_set,5,60.457359,0.833408,1.034646,5,14.811685,0.173630,0.215556,5,12045667.200000,725654.571135,900874.709419,5,1215.641000,61.842116,76.774819,5,2.000000,0.000000,0.000000,5,2.000000,0.000000,0.000000,5,2.000000,0.000000,0.000000,5,3.000000,0.000000,0.000000,5
memo,1000,1024000,1000,1024000,0.01,4,1024,sharded,1.171875,ed25519,gossip,direct,shard,nonce_hash_set,5,854.437615,10.576761,13.130678,5,1.048001,0.010827,0.013442,5,12045667.200000,725654.571135,900874.709419,5,1215.641000,61.842116,76.774819,5,2.000000,0.000000,0.000000,5,2.000000,0.000000,0.000000,5,2.000000,0.000000,0.000000,5,3.000000,0.000000,0.000000,5
memo,1000,1024000,1000,1024000,0.01,4,1024,sharded,2.34375,ed25519,gossip,direct,shard,nonce_hash_set,5,455.574025,5.960378,7.399601,5,1.965571,0.021679,0.026914,5,12045667.200000,725654.571135,900874.709419,5,1215.641000,61.842116,76.774819,5,2.000000,0.000000,0.000000,5,2.000000,0.000000,0.000000,5,2.000000,0.000000,0.000000,5,3.000000,0.000000,0.000000,5
memo,1000,1024000,1000,1024000,0.01,4,1024,sharded,300.0,ed25519,gossip,direct,shard,nonce_hash_set,5,3.810040,0.052907,0.065682,5,235.030889,2.778586,3.449517,5,12045667.200000,725654.571135,900874.709419,5,1215.641000,61.842116,76.774819,5,2.000000,0.000000,0.000000,5,2.000000,0.000000,0.000000,5,2.000000,0.000000,0.000000,5,3.000000,0.000000,0.000000,5
memo,1000,1024000,1000,1024000,0.01,4,1024,sharded,37.5,ed25519,gossip,direct,shard,nonce_hash_set,5,30.362370,0.420178,0.521636,5,29.492965,0.347294,0.431153,5,12045667.200000,725654.571135,900874.709419,5,1215.641000,61.842116,76.774819,5,2.000000,0.000000,0.000000,5,2.000000,0.000000,0.000000,5,2.000000,0.000000,0.000000,5,3.000000,0.000000,0.000000,5
memo,1000,1024000,1000,1024000,0.01,4,1024,sharded,4.6875,ed25519,gossip,direct,shard,nonce_hash_set,5,235.604926,3.174335,3.940826,5,3.800726,0.043384,0.053860,5,12045667.200000,725654.571135,900874.709419,5,1215.641000,61.842116,76.774819,5,2.000000,0.000000,0.000000,5,2.000000,0.000000,0.000000,5,2.000000,0.000000,0.000000,5,3.000000,0.000000,0.000000,5
memo,1000,1024000,1000,1024000,0.01,4,1024,sharded,600.0,ed25519,gossip,direct,shard,nonce_hash_set,5,1.905549,0.026467,0.032858,5,469.931373,5.557206,6.899076,5,12045667.200000,725654.571135,900874.709419,5,1215.641000,61.842116,76.774819,5,2.000000,0.000000,0.000000,5,2.000000,0.000000,0.000000,5,2.000000,0.000000,0.000000,5,3.000000,0.000000,0.000000,5
memo,1000,1024000,1000,1024000,0.01,4,1024,sharded,75.0,ed25519,gossip,direct,shard,nonce_hash_set,5,15.214830,0.210966,0.261907,5,58.855526,0.694621,0.862348,5,12045667.200000,725654.571135,900874.709419,5,1215.641000,61.842116,76.774819,5,2.000000,0.000000,0.000000,5,2.000000,0.000000,0.000000,5,2.000000,0.000000,0.000000,5,3.000000,0.000000,0.000000,5
memo,1000,1024000,1000,1024000,0.01,4,1024,sharded,9.375,ed25519,gossip,direct,shard,nonce_hash_set,5,119.859199,1.639563,2.035460,5,7.471045,0.086798,0.107757,5,12045667.200000,725654.571135,900874.709419,5,1215.641000,61.842116,76.774819,5,2.000000,0.000000,0.000000,5,2.000000,0.000000,0.000000,5,2.000000,0.000000,0.000000,5,3.000000,0.000000,0.000000,5
memo,1000,131072000,1000,131072000,0.01,4,131072,sharded,0.146484375,ed25519,gossip,direct,shard,nonce_hash_set,5,61475.699048,179.458863,222.791886,5,1.862188,0.001473,0.001829,5,12045667.200000,725654.571135,900874.709419,5,1215.641000,61.842116,76.774819,5,2.000000,0.000000,0.000000,5,2.000000,0.000000,0.000000,5,2.000000,0.000000,0.000000,5,3.000000,0.000000,0.000000,5
memo,1000,131072000,1000,131072000,0.01,4,131072,sharded,0.29296875,ed25519,gossip,direct,shard,nonce_hash_set,5,58721.823770,174.972618,217.222371,5,1.949520,0.002977,0.003696,5,12045667.200000,725654.571135,900874.709419,5,1215.641000,61.842116,76.774819,5,2.000000,0.000000,0.000000,5,2.000000,0.000000,0.000000,5,2.000000,0.000000,0.000000,5,3.000000,0.000000,0.000000,5
memo,1000,131072000,1000,131072000,0.01,4,131072,sharded,0.5859375,ed25519,gossip,direct,shard,nonce_hash_set,5,53893.503536,187.797516,233.144032,5,2.124185,0.005995,0.007443,5,12045667.200000,725654.571135,900874.709419,5,1215.641000,61.842116,76.774819,5,2.000000,0.000000,0.000000,5,2.000000,0.000000,0.000000,5,2.000000,0.000000,0.000000,5,3.000000,0.000000,0.000000,5
memo,1000,131072000,1000,131072000,0.01,4,131072,sharded,1200.0,ed25519,gossip,direct,shard,nonce_hash_set,5,121.712387,1.687232,2.094640,5,940.693135,11.098973,13.778986,5,12045667.200000,725654.571135,900874.709419,5,1215.641000,61.842116,76.774819,5,2.000000,0.000000,0.000000,5,2.000000,0.000000,0.000000,5,2.000000,0.000000,0.000000,5,3.000000,0.000000,0.000000,5
memo,1000,131072000,1000,131072000,0.01,4,131072,sharded,150.0,ed25519,gossip,direct,shard,nonce_hash_set,5,965.835449,13.173994,16.355051,5,118.543494,1.374467,1.706353,5,12045667.200000,725654.571135,900874.709419,5,1215.641000,61.842116,76.774819,5,2.000000,0.000000,0.000000,5,2.000000,0.000000,0.000000,5,2.000000,0.000000,0.000000,5,3.000000,0.000000,0.000000,5
memo,1000,131072000,1000,131072000,0.01,4,131072,sharded,18.75,ed25519,gossip,direct,shard,nonce_hash_set,5,7245.469841,88.551186,109.933193,5,15.801675,0.163178,0.202580,5,12045667.200000,725654.571135,900874.709419,5,1215.641000,61.842116,76.774819,5,2.000000,0.000000,0.000000,5,2.000000,0.000000,0.000000,5,2.000000,0.000000,0.000000,5,3.000000,0.000000,0.000000,5
memo,1000,131072000,1000,131072000,0.01,4,131072,sharded,1.171875,ed25519,gossip,direct,shard,nonce_hash_set,5,46282.730267,227.037309,281.858860,5,2.473515,0.012037,0.014944,5,12045667.200000,725654.571135,900874.709419,5,1215.641000,61.842116,76.774819,5,2.000000,0.000000,0.000000,5,2.000000,0.000000,0.000000,5,2.000000,0.000000,0.000000,5,3.000000,0.000000,0.000000,5
memo,1000,131072000,1000,131072000,0.01,4,131072,sharded,2.34375,ed25519,gossip,direct,shard,nonce_hash_set,5,35880.004310,253.883889,315.187948,5,3.190733,0.022911,0.028443,5,12045667.200000,725654.571135,900874.709419,5,1215.641000,61.842116,76.774819,5,2.000000,0.000000,0.000000,5,2.000000,0.000000,0.000000,5,2.000000,0.000000,0.000000,5,3.000000,0.000000,0.000000,5
memo,1000,131072000,1000,131072000,0.01,4,131072,sharded,300.0,ed25519,gossip,direct,shard,nonce_hash_set,5,485.158677,6.678850,8.291558,5,235.992462,2.763644,3.430967,5,12045667.200000,725654.571135,900874.709419,5,1215.641000,61.842116,76.774819,5,2.000000,0.000000,0.000000,5,2.000000,0.000000,0.000000,5,2.000000,0.000000,0.000000,5,3.000000,0.000000,0.000000,5
memo,1000,131072000,1000,131072000,0.01,4,131072,sharded,37.5,ed25519,gossip,direct,shard,nonce_hash_set,5,3758.005917,48.731408,60.498334,5,30.466173,0.334532,0.415309,5,12045667.200000,725654.571135,900874.709419,5,1215.641000,61.842116,76.774819,5,2.000000,0.000000,0.000000,5,2.000000,0.000000,0.000000,5,2.000000,0.000000,0.000000,5,3.000000,0.000000,0.000000,5
memo,1000,131072000,1000,131072000,0.01,4,131072,sharded,4.6875,ed25519,gossip,direct,shard,nonce_hash_set,5,23440.607456,217.640544,270.193106,5,4.884087,0.040641,0.050455,5,12045667.200000,725654.571135,900874.709419,5,1215.641000,61.842116,76.774819,5,2.000000,0.000000,0.000000,5,2.000000,0.000000,0.000000,5,2.000000,0.000000,0.000000,5,3.000000,0.000000,0.000000,5
memo,1000,131072000,1000,131072000,0.01,4,131072,sharded,600.0,ed25519,gossip,direct,shard,nonce_hash_set,5,243.142487,3.362667,4.174633,5,470.892336,5.541909,6.880085,5,12045667.200000,725654.571135,900874.709419,5,1215.641000,61.842116,76.774819,5,2.000000,0.000000,0.000000,5,2.000000,0.000000,0.000000,5,2.000000,0.000000,0.000000,5,3.000000,0.000000,0.000000,5
memo,1000,131072000,1000,131072000,0.01,4,131072,sharded,75.0,ed25519,gossip,direct,shard,nonce_hash_set,5,1913.908446,25.641814,31.833413,5,59.821552,0.680113,0.844337,5,12045667.200000,725654.571135,900874.709419,5,1215.641000,61.842116,76.774819,5,2.000000,0.000000,0.000000,5,2.000000,0.000000,0.000000,5,2.000000,0.000000,0.000000,5,3.000000,0.000000,0.000000,5
memo,1000,131072000,1000,131072000,0.01,4,131072,sharded,9.375,ed25519,gossip,direct,shard,nonce_hash_set,5,13480.227915,147.437459,183.038436,5,8.493052,0.078885,0.097932,5,12045667.200000,725654.571135,900874.709419,5,1215.641000,61.842116,76.774819,5,2.000000,0.000000,0.000000,5,2.000000,0.000000,0.000000,5,2.000000,0.000000,0.000000,5,3.000000,0.000000,0.000000,5
memo,1000,16384000,1000,16384000,0.01,4,16384,sharded,0.146484375,ed25519,gossip,direct,shard,nonce_hash_set,5,34376.495181,138.707490,172.200486,5,0.416299,0.001466,0.001819,5,12045667.200000,725654.571135,900874.709419,5,1215.641000,61.842116,76.774819,5,2.000000,0.000000,0.000000,5,2.000000,0.000000,0.000000,5,2.000000,0.000000,0.000000,5,3.000000,0.000000,0.000000,5
memo,1000,16384000,1000,16384000,0.01,4,16384,sharded,0.29296875,ed25519,gossip,direct,shard,nonce_hash_set,5,28285.254247,162.840411,202.160661,5,0.505956,0.002828,0.003511,5,12045667.200000,725654.571135,900874.709419,5,1215.641000,61.842116,76.774819,5,2.000000,0.000000,0.000000,5,2.000000,0.000000,0.000000,5,2.000000,0.000000,0.000000,5,3.000000,0.000000,0.000000,5
memo,1000,16384000,1000,16384000,0.01,4,16384,sharded,0.5859375,ed25519,gossip,direct,shard,nonce_hash_set,5,19942.378021,163.670841,203.191611,5,0.717638,0.005122,0.006359,5,12045667.200000,725654.571135,900874.709419,5,1215.641000,61.842116,76.774819,5,2.000000,0.000000,0.000000,5,2.000000,0.000000,0.000000,5,2.000000,0.000000,0.000000,5,3.000000,0.000000,0.000000,5
memo,1000,16384000,1000,16384000,0.01,4,16384,sharded,1200.0,ed25519,gossip,direct,shard,nonce_hash_set,5,15.228709,0.211524,0.262600,5,939.845475,11.112619,13.795927,5,12045667.200000,725654.571135,900874.709419,5,1215.641000,61.842116,76.774819,5,2.000000,0.000000,0.000000,5,2.000000,0.000000,0.000000,5,2.000000,0.000000,0.000000,5,3.000000,0.000000,0.000000,5
memo,1000,16384000,1000,16384000,0.01,4,16384,sharded,150.0,ed25519,gossip,direct,shard,nonce_hash_set,5,121.609001,1.684557,2.091318,5,117.693779,1.387450,1.722471,5,12045667.200000,725654.571135,900874.709419,5,1215.641000,61.842116,76.774819,5,2.000000,0.000000,0.000000,5,2.000000,0.000000,0.000000,5,2.000000,0.000000,0.000000,5,3.000000,0.000000,0.000000,5
memo,1000,16384000,1000,16384000,0.01,4,16384,sharded,18.75,ed25519,gossip,direct,shard,nonce_hash_set,5,958.959482,13.005342,16.145677,5,14.925074,0.171887,0.213392,5,12045667.200000,725654.571135,900874.709419,5,1215.641000,61.842116,76.774819,5,2.000000,0.000000,0.000000,5,2.000000,0.000000,0.000000,5,2.000000,0.000000,0.000000,5,3.000000,0.000000,0.000000,5
memo,1000,16384000,1000,16384000,0.01,4,16384,sharded,1.171875,ed25519,gossip,direct,shard,nonce_hash_set,5,12245.188490,124.561714,154.639001,5,1.168764,0.009927,0.012324,5,12045667.200000,725654.571135,900874.709419,5,1215.641000,61.842116,76.774819,5,2.000000,0.000000,0.000000,5,2.000000,0.000000,0.000000,5,2.000000,0.000000,0.000000,5,3.000000,0.000000,0.000000,5
memo,1000,16384000,1000,16384000,0.01,4,16384,sharded,2.34375,ed25519,gossip,direct,shard,nonce_hash_set,5,6873.057252,80.647131,100.120586,5,2.082344,0.020472,0.025416,5,12045667.200000,725654.571135,900874.709419,5,1215.641000,61.842116,76.774819,5,2.000000,0.000000,0.000000,5,2.000000,0.000000,0.000000,5,2.000000,0.000000,0.000000,5,3.000000,0.000000,0.000000,5
memo,1000,16384000,1000,16384000,0.01,4,16384,sharded,300.0,ed25519,gossip,direct,shard,nonce_hash_set,5,60.867502,0.844458,1.048364,5,235.144022,2.776760,3.447250,5,12045667.200000,725654.571135,900874.709419,5,1215.641000,61.842116,76.774819,5,2.000000,0.000000,0.000000,5,2.000000,0.000000,0.000000,5,2.000000,0.000000,0.000000,5,3.000000,0.000000,0.000000,5
memo,1000,16384000,1000,16384000,0.01,4,16384,sharded,37.5,ed25519,gossip,direct,shard,nonce_hash_set,5,483.432177,6.635802,8.238116,5,29.606195,0.345534,0.428969,5,12045667.200000,725654.571135,900874.709419,5,1215.641000,61.842116,76.774819,5,2.000000,0.000000,0.000000,5,2.000000,0.000000,0.000000,5,2.000000,0.000000,0.000000,5,3.000000,0.000000,0.000000,5
memo,1000,16384000,1000,16384000,0.01,4,16384,sharded,4.6875,ed25519,gossip,direct,shard,nonce_hash_set,5,3655.380679,46.380816,57.580157,5,3.915408,0.041894,0.052010,5,12045667.200000,725654.571135,900874.709419,5,1215.641000,61.842116,76.774819,5,2.000000,0.000000,0.000000,5,2.000000,0.000000,0.000000,5,2.000000,0.000000,0.000000,5,3.000000,0.000000,0.000000,5
memo,1000,16384000,1000,16384000,0.01,4,16384,sharded,600.0,ed25519,gossip,direct,shard,nonce_hash_set,5,30.449525,0.422775,0.524860,5,470.044506,5.555379,6.896809,5,12045667.200000,725654.571135,900874.709419,5,1215.641000,61.842116,76.774819,5,2.000000,0.000000,0.000000,5,2.000000,0.000000,0.000000,5,2.000000,0.000000,0.000000,5,3.000000,0.000000,0.000000,5
memo,1000,16384000,1000,16384000,0.01,4,16384,sharded,75.0,ed25519,gossip,direct,shard,nonce_hash_set,5,242.715473,3.351857,4.161213,5,58.968679,0.692817,0.860108,5,12045667.200000,725654.571135,900874.709419,5,1215.641000,61.842116,76.774819,5,2.000000,0.000000,0.000000,5,2.000000,0.000000,0.000000,5,2.000000,0.000000,0.000000,5,3.000000,0.000000,0.000000,5
memo,1000,16384000,1000,16384000,0.01,4,16384,sharded,9.375,ed25519,gossip,direct,shard,nonce_hash_set,5,1886.983981,24.997955,31.034084,5,7.584831,0.085092,0.105639,5,12045667.200000,725654.571135,900874.709419,5,1215.641000,61.842116,76.774819,5,2.000000,0.000000,0.000000,5,2.000000,0.000000,0.000000,5,2.000000,0.000000,0.000000,5,3.000000,0.000000,0.000000,5
memo,1000,2048000,1000,2048000,0.01,4,2048,sharded,0.146484375,ed25519,gossip,direct,shard,nonce_hash_set,5,7058.266230,50.169804,62.284053,5,0.253571,0.001321,0.001640,5,12045667.200000,725654.571135,900874.709419,5,1215.641000,61.842116,76.774819,5,2.000000,0.000000,0.000000,5,2.000000,0.000000,0.000000,5,2.000000,0.000000,0.000000,5,3.000000,0.000000,0.000000,5
memo,1000,2048000,1000,2048000,0.01,4,2048,sharded,0.29296875,ed25519,gossip,direct,shard,nonce_hash_set,5,4866.686489,44.561502,55.321543,5,0.367768,0.002640,0.003277,5,12045667.200000,725654.571135,900874.709419,5,1215.641000,61.842116,76.774819,5,2.000000,0.000000,0.000000,5,2.000000,0.000000,0.000000,5,2.000000,0.000000,0.000000,5,3.000000,0.000000,0.000000,5
memo,1000,2048000,1000,2048000,0.01,4,2048,sharded,0.5859375,ed25519,gossip,direct,shard,nonce_hash_set,5,2998.584272,32.739071,40.644409,5,0.596901,0.005316,0.006600,5,12045667.200000,725654.571135,900874.709419,5,1215.641000,61.842116,76.774819,5,2.000000,0.000000,0.000000,5,2.000000,0.000000,0.000000,5,2.000000,0.000000,0.000000,5,3.000000,0.000000,0.000000,5
memo,1000,2048000,1000,2048000,0.01,4,2048,sharded,1200.0,ed25519,gossip,direct,shard,nonce_hash_set,5,1.904734,0.026461,0.032850,5,939.739855,11.114324,13.798043,5,12045667.200000,725654.571135,900874.709419,5,1215.641000,61.842116,76.774819,5,2.000000,0.000000,0.000000,5,2.000000,0.000000,0.000000,5,2.000000,0.000000,0.000000,5,3.000000,0.000000,0.000000,5
memo,1000,2048000,1000,2048000,0.01,4,2048,sharded,150.0,ed25519,gossip,direct,shard,nonce_hash_set,5,15.222229,0.211263,0.262276,5,117.588159,1.389155,1.724587,5,12045667.200000,725654.571135,900874.709419,5,1215.641000,61.842116,76.774819,5,2.000000,0.000000,0.000000,5,2.000000,0.000000,0.000000,5,2.000000,0.000000,0.000000,5,3.000000,0.000000,0.000000,5
memo,1000,2048000,1000,2048000,0.01,4,2048,sharded,18.75,ed25519,gossip,direct,shard,nonce_hash_set,5,120.785895,1.663317,2.064950,5,14.819197,0.173509,0.215405,5,12045667.200000,725654.571135,900874.709419,5,1215.641000,61.842116,76.774819,5,2.000000,0.000000,0.000000,5,2.000000,0.000000,0.000000,5,2.000000,0.000000,0.000000,5,3.000000,0.000000,0.000000,5
memo,1000,2048000,1000,2048000,0.01,4,2048,sharded,1.171875,ed25519,gossip,direct,shard,nonce_hash_set,5,1695.653617,20.661457,25.650474,5,1.055579,0.010715,0.013303,5,12045667.200000,725654.571135,900874.709419,5,1215.641000,61.842116,76.774819,5,2.000000,0.000000,0.000000,5,2.000000,0.000000,0.000000,5,2.000000,0.000000,0.000000,5,3.000000,0.000000,0.000000,5
memo,1000,2048000,1000,2048000,0.01,4,2048,sharded,2.34375,ed25519,gossip,direct,shard,nonce_hash_set,5,907.158148,11.769752,14.611734,5,1.973109,0.021564,0.026771,5,12045667.200000,725654.571135,900874.709419,5,1215.641000,61.842116,76.774819,5,2.000000,0.000000,0.000000,5,2.000000,0.000000,0.000000,5,2.000000,0.000000,0.000000,5,3.000000,0.000000,0.000000,5
memo,1000,2048000,1000,2048000,0.01,4,2048,sharded,300.0,ed25519,gossip,direct,shard,nonce_hash_set,5,7.615582,0.105753,0.131289,5,235.038402,2.778465,3.449366,5,12045667.200000,725654.571135,900874.709419,5,1215.641000,61.842116,76.774819,5,2.000000,0.000000,0.000000,5,2.000000,0.000000,0.000000,5,2.000000,0.000000,0.000000,5,3.000000,0.000000,0.000000,5
memo,1000,2048000,1000,2048000,0.01,4,2048,sharded,37.5,ed25519,gossip,direct,shard,nonce_hash_set,5,60.675365,0.839273,1.041928,5,29.500478,0.347172,0.431002,5,12045667.200000,725654.571135,900874.709419,5,1215.641000,61.842116,76.774819,5,2.000000,0.000000,0.000000,5,2.000000,0.000000,0.000000,5,2.000000,0.000000,0.000000,5,3.000000,0.000000,0.000000,5
memo,1000,2048000,1000,2048000,0.01,4,2048,sharded,4.6875,ed25519,gossip,direct,shard,nonce_hash_set,5,470.015807,6.305931,7.828592,5,3.808249,0.043270,0.053718,5,12045667.200000,725654.571135,900874.709419,5,1215.641000,61.842116,76.774819,5,2.000000,0.000000,0.000000,5,2.000000,0.000000,0.000000,5,2.000000,0.000000,0.000000,5,3.000000,0.000000,0.000000,5
memo,1000,2048000,1000,2048000,0.01,4,2048,sharded,600.0,ed25519,gossip,direct,shard,nonce_hash_set,5,3.808909,0.052907,0.065682,5,469.938886,5.557084,6.898925,5,12045667.200000,725654.571135,900874.709419,5,1215.641000,61.842116,76.774819,5,2.000000,0.000000,0.000000,5,2.000000,0.000000,0.000000,5,2.000000,0.000000,0.000000,5,3.000000,0.000000,0.000000,5
memo,1000,2048000,1000,2048000,0.01,4,2048,sharded,75.0,ed25519,gossip,direct,shard,nonce_hash_set,5,30.408783,0.421560,0.523352,5,58.863038,0.694500,0.862197,5,12045667.200000,725654.571135,900874.709419,5,1215.641000,61.842116,76.774819,5,2.000000,0.000000,0.000000,5,2.000000,0.000000,0.000000,5,2.000000,0.000000,0.000000,5,3.000000,0.000000,0.000000,5
memo,1000,2048000,1000,2048000,0.01,4,2048,sharded,9.375,ed25519,gossip,direct,shard,nonce_hash_set,5,239.343632,3.267072,4.055955,5,7.478560,0.086680,0.107610,5,12045667.200000,725654.571135,900874.709419,5,1215.641000,61.842116,76.774819,5,2.000000,0.000000,0.000000,5,2.000000,0.000000,0.000000,5,2.000000,0.000000,0.000000,5,3.000000,0.000000,0.000000,5
memo,1000,262144000,1000,262144000,0.01,4,262144,sharded,0.146484375,ed25519,gossip,direct,shard,nonce_hash_set,5,65006.204223,190.012190,235.893473,5,3.522087,0.001491,0.001852,5,12045667.200000,725654.571135,900874.709419,5,1215.641000,61.842116,76.774819,5,2.000000,0.000000,0.000000,5,2.000000,0.000000,0.000000,5,2.000000,0.000000,0.000000,5,3.000000,0.000000,0.000000,5
memo,1000,262144000,1000,262144000,0.01,4,262144,sharded,0.29296875,ed25519,gossip,direct,shard,nonce_hash_set,5,63433.338652,182.880741,227.040028,5,3.609420,0.002995,0.003718,5,12045667.200000,725654.571135,900874.709419,5,1215.641000,61.842116,76.774819,5,2.000000,0.000000,0.000000,5,2.000000,0.000000,0.000000,5,2.000000,0.000000,0.000000,5,3.000000,0.000000,0.000000,5
memo,1000,262144000,1000,262144000,0.01,4,262144,sharded,0.5859375,ed25519,gossip,direct,shard,nonce_hash_set,5,60505.449691,179.189143,222.457039,5,3.784085,0.006013,0.007466,5,12045667.200000,725654.571135,900874.709419,5,1215.641000,61.842116,76.774819,5,2.000000,0.000000,0.000000,5,2.000000,0.000000,0.000000,5,2.000000,0.000000,0.000000,5,3.000000,0.000000,0.000000,5
memo,1000,262144000,1000,262144000,0.01,4,262144,sharded,1200.0,ed25519,gossip,direct,shard,nonce_hash_set,5,243.171143,3.363382,4.175521,5,941.669601,11.083697,13.760021,5,12045667.200000,725654.571135,900874.709419,5,1215.641000,61.842116,76.774819,5,2.000000,0.000000,0.000000,5,2.000000,0.000000,0.000000,5,2.000000,0.000000,0.000000,5,3.000000,0.000000,0.000000,5
memo,1000,262144000,1000,262144000,0.01,4,262144,sharded,150.0,ed25519,gossip,direct,shard,nonce_hash_set,5,1915.742964,25.685311,31.887413,5,119.528034,1.360108,1.688526,5,12045667.200000,725654.571135,900874.709419,5,1215.641000,61.842116,76.774819,5,2.000000,0.000000,0.000000,5,2.000000,0.000000,0.000000,5,2.000000,0.000000,0.000000,5,3.000000,0.000000,0.000000,5
memo,1000,262144000,1000,262144000,0.01,4,262144,sharded,18.75,ed25519,gossip,direct,shard,nonce_hash_set,5,13572.108401,149.189447,185.213468,5,16.871052,0.157673,0.195746,5,12045667.200000,725654.571135,900874.709419,5,1215.641000,61.842116,76.774819,5,2.000000,0.000000,0.000000,5,2.000000,0.000000,0.000000,5,2.000000,0.000000,0.000000,5,3.000000,0.000000,0.000000,5
memo,1000,262144000,1000,262144000,0.01,4,262144,sharded,1.171875,ed25519,gossip,direct,shard,nonce_hash_set,5,55392.121600,194.576232,241.559571,5,4.133415,0.012055,0.014966,5,12045667.200000,725654.571135,900874.709419,5,1215.641000,61.842116,76.774819,5,2.000000,0.000000,0.000000,5,2.000000,0.000000,0.000000,5,2.000000,0.000000,0.000000,5,3.000000,0.000000,0.000000,5
memo,1000,262144000,1000,262144000,0.01,4,262144,sharded,2.34375,ed25519,gossip,direct,shard,nonce_hash_set,5,47383.632489,236.686422,293.837896,5,4.832075,0.024141,0.029971,5,12045667.200000,725654.571135,900874.709419,5,1215.641000,61.842116,76.774819,5,2.000000,0.000000,0.000000,5,2.000000,0.000000,0.000000,5,2.000000,0.000000,0.000000,5,3.000000,0.000000,0.000000,5
memo,1000,262144000,1000,262144000,0.01,4,262144,sharded,300.0,ed25519,gossip,direct,shard,nonce_hash_set,5,966.300324,13.185264,16.369043,5,236.971918,2.748814,3.412556,5,12045667.200000,725654.571135,900874.709419,5,1215.641000,61.842116,76.774819,5,2.000000,0.000000,0.000000,5,2.000000,0.000000,0.000000,5,2.000000,0.000000,0.000000,5,3.000000,0.000000,0.000000,5
memo,1000,262144000,1000,262144000,0.01,4,262144,sharded,37.5,ed25519,gossip,direct,shard,nonce_hash_set,5,7271.917940,89.117493,110.636243,5,31.488290,0.326244,0.405020,5,12045667.200000,725654.571135,900874.709419,5,1215.641000,61.842116,76.774819,5,2.000000,0.000000,0.000000,5,2.000000,0.000000,0.000000,5,2.000000,0.000000,0.000000,5,3.000000,0.000000,0.000000,5
memo,1000,262144000,1000,262144000,0.01,4,262144,sharded,4.6875,ed25519,gossip,direct,shard,nonce_hash_set,5,36538.220143,262.853409,326.323292,5,6.266489,0.045875,0.056953,5,12045667.200000,725654.571135,900874.709419,5,1215.641000,61.842116,76.774819,5,2.000000,0.000000,0.000000,5,2.000000,0.000000,0.000000,5,2.000000,0.000000,0.000000,5,3.000000,0.000000,0.000000,5
memo,1000,262144000,1000,262144000,0.01,4,262144,sharded,600.0,ed25519,gossip,direct,shard,nonce_hash_set,5,485.274895,6.681710,8.295109,5,471.869854,5.527168,6.861785,5,12045667.200000,725654.571135,900874.709419,5,1215.641000,61.842116,76.774819,5,2.000000,0.000000,0.000000,5,2.000000,0.000000,0.000000,5,2.000000,0.000000,0.000000,5,3.000000,0.000000,0.000000,5
memo,1000,262144000,1000,262144000,0.01,4,262144,sharded,75.0,ed25519,gossip,direct,shard,nonce_hash_set,5,3765.100982,48.893533,60.699607,5,60.817279,0.668946,0.830474,5,12045667.200000,725654.571135,900874.709419,5,1215.641000,61.842116,76.774819,5,2.000000,0.000000,0.000000,5,2.000000,0.000000,0.000000,5,2.000000,0.000000,0.000000,5,3.000000,0.000000,0.000000,5
memo,1000,262144000,1000,262144000,0.01,4,262144,sharded,9.375,ed25519,gossip,direct,shard,nonce_hash_set,5,23719.855272,222.233949,275.895656,5,9.653146,0.081227,0.100840,5,12045667.200000,725654.571135,900874.709419,5,1215.641000,61.842116,76.774819,5,2.000000,0.000000,0.000000,5,2.000000,0.000000,0.000000,5,2.000000,0.000000,0.000000,5,3.000000,0.000000,0.000000,5
memo,1000,32768000,1000,32768000,0.01,4,32768,sharded,0.146484375,ed25519,gossip,direct,shard,nonce_hash_set,5,45968.736333,153.595604,190.683558,5,0.622611,0.001467,0.001821,5,12045667.200000,725654.571135,900874.709419,5,1215.641000,61.842116,76.774819,5,2.000000,0.000000,0.000000,5,2.000000,0.000000,0.000000,5,2.000000,0.000000,0.000000,5,3.000000,0.000000,0.000000,5
memo,1000,32768000,1000,32768000,0.01,4,32768,sharded,0.29296875,ed25519,gossip,direct,shard,nonce_hash_set,5,40314.298913,178.737587,221.896448,5,0.709944,0.002970,0.003687,5,12045667.200000,725654.571135,900874.709419,5,1215.641000,61.842116,76.774819,5,2.000000,0.000000,0.000000,5,2.000000,0.000000,0.000000,5,2.000000,0.000000,0.000000,5,3.000000,0.000000,0.000000,5
memo,1000,32768000,1000,32768000,0.01,4,32768,sharded,0.5859375,ed25519,gossip,direct,shard,nonce_hash_set,5,32185.766921,206.553184,256.428537,5,0.889257,0.005694,0.007069,5,12045667.200000,725654.571135,900874.709419,5,1215.641000,61.842116,76.774819,5,2.000000,0.000000,0.000000,5,2.000000,0.000000,0.000000,5,2.000000,0.000000,0.000000,5,3.000000,0.000000,0.000000,5
memo,1000,32768000,1000,32768000,0.01,4,32768,sharded,1200.0,ed25519,gossip,direct,shard,nonce_hash_set,5,30.452436,0.422862,0.524968,5,939.966347,11.110670,13.793507,5,12045667.200000,725654.571135,900874.709419,5,1215.641000,61.842116,76.774819,5,2.000000,0.000000,0.000000,5,2.000000,0.000000,0.000000,5,2.000000,0.000000,0.000000,5,3.000000,0.000000,0.000000,5
memo,1000,32768000,1000,32768000,0.01,4,32768,sharded,150.0,ed25519,gossip,direct,shard,nonce_hash_set,5,242.959749,3.358042,4.168892,5,117.814694,1.385546,1.720107,5,12045667.200000,725654.571135,900874.709419,5,1215.641000,61.842116,76.774819,5,2.000000,0.000000,0.000000,5,2.000000,0.000000,0.000000,5,2.000000,0.000000,0.000000,5,3.000000,0.000000,0.000000,5
memo,1000,32768000,1000,32768000,0.01,4,32768,sharded,18.75,ed25519,gossip,direct,shard,nonce_hash_set,5,1902.303584,25.363489,31.487882,5,15.046997,0.170097,0.211169,5,12045667.200000,725654.571135,900874.709419,5,1215.641000,61.842116,76.774819,5,2.000000,0.000000,0.000000,5,2.000000,0.000000,0.000000,5,2.000000,0.000000,0.000000,5,3.000000,0.000000,0.000000,5
memo,1000,32768000,1000,32768000,0.01,4,32768,sharded,1.171875,ed25519,gossip,direct,shard,nonce_hash_set,5,21805.349957,191.392683,237.607306,5,1.312615,0.010195,0.012657,5,12045667.200000,725654.571135,900874.709419,5,1215.641000,61.842116,76.774819,5,2.000000,0.000000,0.000000,5,2.000000,0.000000,0.000000,5,2.000000,0.000000,0.000000,5,3.000000,0.000000,0.000000,5
memo,1000,32768000,1000,32768000,0.01,4,32768,sharded,2.34375,ed25519,gossip,direct,shard,nonce_hash_set,5,12922.979888,136.874192,169.924511,5,2.214865,0.019778,0.024553,5,12045667.200000,725654.571135,900874.709419,5,1215.641000,61.842116,76.774819,5,2.000000,0.000000,0.000000,5,2.000000,0.000000,0.000000,5,2.000000,0.000000,0.000000,5,3.000000,0.000000,0.000000,5
memo,1000,32768000,1000,32768000,0.01,4,32768,sharded,300.0,ed25519,gossip,direct,shard,nonce_hash_set,5,121.668170,1.686089,2.093220,5,235.264894,2.774812,3.444832,5,12045667.200000,725654.571135,900874.709419,5,1215.641000,61.842116,76.774819,5,2.000000,0.000000,0.000000,5,2.000000,0.000000,0.000000,5,2.000000,0.000000,0.000000,5,3.000000,0.000000,0.000000,5
memo,1000,32768000,1000,32768000,0.01,4,32768,sharded,37.5,ed25519,gossip,direct,shard,nonce_hash_set,5,962.883661,13.101514,16.265070,5,29.727483,0.343685,0.426673,5,12045667.200000,725654.571135,900874.709419,5,1215.641000,61.842116,76.774819,5,2.000000,0.000000,0.000000,5,2.000000,0.000000,0.000000,5,2.000000,0.000000,0.000000,5,3.000000,0.000000,0.000000,5
memo,1000,32768000,1000,32768000,0.01,4,32768,sharded,4.6875,ed25519,gossip,direct,shard,nonce_hash_set,5,7081.421242,85.025313,105.555945,5,4.042025,0.040860,0.050726,5,12045667.200000,725654.571135,900874.709419,5,1215.641000,61.842116,76.774819,5,2.000000,0.000000,0.000000,5,2.000000,0.000000,0.000000,5,2.000000,0.000000,0.000000,5,3.000000,0.000000,0.000000,5
memo,1000,32768000,1000,32768000,0.01,4,32768,sharded,600.0,ed25519,gossip,direct,shard,nonce_hash_set,5,60.881258,0.844829,1.048826,5,470.165378,5.553431,6.894390,5,12045667.200000,725654.571135,900874.709419,5,1215.641000,61.842116,76.774819,5,2.000000,0.000000,0.000000,5,2.000000,0.000000,0.000000,5,2.000000,0.000000,0.000000,5,3.000000,0.000000,0.000000,5
memo,1000,32768000,1000,32768000,0.01,4,32768,sharded,75.0,ed25519,gossip,direct,shard,nonce_hash_set,5,484.419036,6.660405,8.268659,5,59.089726,0.690980,0.857827,5,12045667.200000,725654.571135,900874.709419,5,1215.641000,61.842116,76.774819,5,2.000000,0.000000,0.000000,5,2.000000,0.000000,0.000000,5,2.000000,0.000000,0.000000,5,3.000000,0.000000,0.000000,5
memo,1000,32768000,1000,32768000,0.01,4,32768,sharded,9.375,ed25519,gossip,direct,shard,nonce_hash_set,5,3713.432224,47.703914,59.222737,5,7.708152,0.083700,0.103911,5,12045667.200000,725654.571135,900874.709419,5,1215.641000,61.842116,76.774819,5,2.000000,0.000000,0.000000,5,2.000000,0.000000,0.000000,5,2.000000,0.000000,0.000000,5,3.000000,0.000000,0.000000,5
memo,1000,4096000,1000,4096000,0.01,4,4096,sharded,0.146484375,ed25519,gossip,direct,shard,nonce_hash_set,5,13180.006965,82.666789,102.627920,5,0.271512,0.001329,0.001650,5,12045667.200000,725654.571135,900874.709419,5,1215.641000,61.842116,76.774819,5,2.000000,0.000000,0.000000,5,2.000000,0.000000,0.000000,5,2.000000,0.000000,0.000000,5,3.000000,0.000000,0.000000,5
memo,1000,4096000,1000,4096000,0.01,4,4096,sharded,0.29296875,ed25519,gossip,direct,shard,nonce_hash_set,5,9312.168690,78.229710,97.119443,5,0.384293,0.002544,0.003159,5,12045667.200000,725654.571135,900874.709419,5,1215.641000,61.842116,76.774819,5,2.000000,0.000000,0.000000,5,2.000000,0.000000,0.000000,5,2.000000,0.000000,0.000000,5,3.000000,0.000000,0.000000,5
memo,1000,4096000,1000,4096000,0.01,4,4096,sharded,0.5859375,ed25519,gossip,direct,shard,nonce_hash_set,5,5840.972305,60.715419,75.376064,5,0.612687,0.005185,0.006436,5,12045667.200000,725654.571135,900874.709419,5,1215.641000,61.842116,76.774819,5,2.000000,0.000000,0.000000,5,2.000000,0.000000,0.000000,5,2.000000,0.000000,0.000000,5,3.000000,0.000000,0.000000,5
memo,1000,4096000,1000,4096000,0.01,4,4096,sharded,1200.0,ed25519,gossip,direct,shard,nonce_hash_set,5,3.808343,0.052907,0.065682,5,939.754923,11.114080,13.797741,5,12045667.200000,725654.571135,900874.709419,5,1215.641000,61.842116,76.774819,5,2.000000,0.000000,0.000000,5,2.000000,0.000000,0.000000,5,2.000000,0.000000,0.000000,5,3.000000,0.000000,0.000000,5
memo,1000,4096000,1000,4096000,0.01,4,4096,sharded,150.0,ed25519,gossip,direct,shard,nonce_hash_set,5,30.432052,0.422254,0.524213,5,117.603228,1.388911,1.724284,5,12045667.200000,725654.571135,900874.709419,5,1215.641000,61.842116,76.774819,5,2.000000,0.000000,0.000000,5,2.000000,0.000000,0.000000,5,2.000000,0.000000,0.000000,5,3.000000,0.000000,0.000000,5
memo,1000,4096000,1000,4096000,0.01,4,4096,sharded,18.75,ed25519,gossip,direct,shard,nonce_hash_set,5,241.258762,3.315092,4.115571,5,14.834271,0.173271,0.215110,5,12045667.200000,725654.571135,900874.709419,5,1215.641000,61.842116,76.774819,5,2.000000,0.000000,0.000000,5,2.000000,0.000000,0.000000,5,2.000000,0.000000,0.000000,5,3.000000,0.000000,0.000000,5
memo,1000,4096000,1000,4096000,0.01,4,4096,sharded,1.171875,ed25519,gossip,direct,shard,nonce_hash_set,5,3341.669877,39.561048,49.113655,5,1.070953,0.010540,0.013085,5,12045667.200000,725654.571135,900874.709419,5,1215.641000,61.842116,76.774819,5,2.000000,0.000000,0.000000,5,2.000000,0.000000,0.000000,5,2.000000,0.000000,0.000000,5,3.000000,0.000000,0.000000,5
memo,1000,4096000,1000,4096000,0.01,4,4096,sharded,2.34375,ed25519,gossip,direct,shard,nonce_hash_set,5,1799.936933,22.972503,28.519557,5,1.988309,0.021340,0.026493,5,12045667.200000,725654.571135,900874.709419,5,1215.641000,61.842116,76.774819,5,2.000000,0.000000,0.000000,5,2.000000,0.000000,0.000000,5,2.000000,0.000000,0.000000,5,3.000000,0.000000,0.000000,5
memo,1000,4096000,1000,4096000,0.01,4,4096,sharded,300.0,ed25519,gossip,direct,shard,nonce_hash_set,5,15.225932,0.211412,0.262461,5,235.053470,2.778221,3.449064,5,12045667.200000,725654.571135,900874.709419,5,1215.641000,61.842116,76.774819,5,2.000000,0.000000,0.000000,5,2.000000,0.000000,0.000000,5,2.000000,0.000000,0.000000,5,3.000000,0.000000,0.000000,5
memo,1000,4096000,1000,4096000,0.01,4,4096,sharded,37.5,ed25519,gossip,direct,shard,nonce_hash_set,5,121.254857,1.675402,2.079952,5,29.515546,0.346929,0.430700,5,12045667.200000,725654.571135,900874.709419,5,1215.641000,61.842116,76.774819,5,2.000000,0.000000,0.000000,5,2.000000,0.000000,0.000000,5,2.000000,0.000000,0.000000,5,3.000000,0.000000,0.000000,5
memo,1000,4096000,1000,4096000,0.01,4,4096,sharded,4.6875,ed25519,gossip,direct,shard,nonce_hash_set,5,936.050497,12.451111,15.457618,5,3.823370,0.043038,0.053431,5,12045667.200000,725654.571135,900874.709419,5,1215.641000,61.842116,76.774819,5,2.000000,0.000000,0.000000,5,2.000000,0.000000,0.000000,5,2.000000,0.000000,0.000000,5,3.000000,0.000000,0.000000,5
memo,1000,4096000,1000,4096000,0.01,4,4096,sharded,600.0,ed25519,gossip,direct,shard,nonce_hash_set,5,7.615445,0.105778,0.131319,5,469.953954,5.556841,6.898623,5,12045667.200000,725654.571135,900874.709419,5,1215.641000,61.842116,76.774819,5,2.000000,0.000000,0.000000,5,2.000000,0.000000,0.000000,5,2.000000,0.000000,0.000000,5,3.000000,0.000000,0.000000,5
memo,1000,4096000,1000,4096000,0.01,4,4096,sharded,75.0,ed25519,gossip,direct,shard,nonce_hash_set,5,60.785007,0.842229,1.045598,5,58.878106,0.694256,0.861895,5,12045667.200000,725654.571135,900874.709419,5,1215.641000,61.842116,76.774819,5,2.000000,0.000000,0.000000,5,2.000000,0.000000,0.000000,5,2.000000,0.000000,0.000000,5,3.000000,0.000000,0.000000,5
memo,1000,4096000,1000,4096000,0.01,4,4096,sharded,9.375,ed25519,gossip,direct,shard,nonce_hash_set,5,477.589332,6.491085,8.058455,5,7.493650,0.086450,0.107325,5,12045667.200000,725654.571135,900874.709419,5,1215.641000,61.842116,76.774819,5,2.000000,0.000000,0.000000,5,2.000000,0.000000,0.000000,5,2.000000,0.000000,0.000000,5,3.000000,0.000000,0.000000,5
memo,1000,524288000,1000,524288000,0.01,4,524288,sharded,0.146484375,ed25519,gossip,direct,shard,nonce_hash_set,5,66476.609718,193.010592,239.615883,5,6.888348,0.001647,0.002045,5,12045667.200000,725654.571135,900874.709419,5,1215.641000,61.842116,76.774819,5,2.000000,0.000000,0.000000,5,2.000000,0.000000,0.000000,5,2.000000,0.000000,0.000000,5,3.000000,0.000000,0.000000,5
memo,1000,524288000,1000,524288000,0.01,4,524288,sharded,0.29296875,ed25519,gossip,direct,shard,nonce_hash_set,5,65644.348236,187.836974,233.193018,5,6.975680,0.003115,0.003867,5,12045667.200000,725654.571135,900874.709419,5,1215.641000,61.842116,76.774819,5,2.000000,0.000000,0.000000,5,2.000000,0.000000,0.000000,5,2.000000,0.000000,0.000000,5,3.000000,0.000000,0.000000,5
memo,1000,524288000,1000,524288000,0.01,4,524288,sharded,0.5859375,ed25519,gossip,direct,shard,nonce_hash_set,5,64040.828879,180.908906,224.592065,5,7.150345,0.006114,0.007590,5,12045667.200000,725654.571135,900874.709419,5,1215.641000,61.842116,76.774819,5,2.000000,0.000000,0.000000,5,2.000000,0.000000,0.000000,5,2.000000,0.000000,0.000000,5,3.000000,0.000000,0.000000,5
memo,1000,524288000,1000,524288000,0.01,4,524288,sharded,1200.0,ed25519,gossip,direct,shard,nonce_hash_set,5,485.309422,6.682410,8.295978,5,943.670513,11.054012,13.723169,5,12045667.200000,725654.571135,900874.709419,5,1215.641000,61.842116,76.774819,5,2.000000,0.000000,0.000000,5,2.000000,0.000000,0.000000,5,2.000000,0.000000,0.000000,5,3.000000,0.000000,0.000000,5
memo,1000,524288000,1000,524288000,0.01,4,524288,sharded,150.0,ed25519,gossip,direct,shard,nonce_hash_set,5,3767.235289,48.933285,60.748957,5,121.565389,1.337584,1.660564,5,12045667.200000,725654.571135,900874.709419,5,1215.641000,61.842116,76.774819,5,2.000000,0.000000,0.000000,5,2.000000,0.000000,0.000000,5,2.000000,0.000000,0.000000,5,3.000000,0.000000,0.000000,5
memo,1000,524288000,1000,524288000,0.01,4,524288,sharded,18.75,ed25519,gossip,direct,shard,nonce_hash_set,5,23804.809776,223.372877,277.309595,5,19.237354,0.162318,0.201512,5,12045667.200000,725654.571135,900874.709419,5,1215.641000,61.842116,76.774819,5,2.000000,0.000000,0.000000,5,2.000000,0.000000,0.000000,5,2.000000,0.000000,0.000000,5,3.000000,0.000000,0.000000,5
memo,1000,524288000,1000,524288000,0.01,4,524288,sharded,1.171875,ed25519,gossip,direct,shard,nonce_hash_set,5,61057.905898,177.991200,220.969835,5,7.499676,0.012146,0.015079,5,12045667.200000,725654.571135,900874.709419,5,1215.641000,61.842116,76.774819,5,2.000000,0.000000,0.000000,5,2.000000,0.000000,0.000000,5,2.000000,0.000000,0.000000,5,3.000000,0.000000,0.000000,5
memo,1000,524288000,1000,524288000,0.01,4,524288,sharded,2.34375,ed25519,gossip,direct,shard,nonce_hash_set,5,55854.783521,195.132314,242.249926,5,8.198336,0.024227,0.030077,5,12045667.200000,725654.571135,900874.709419,5,1215.641000,61.842116,76.774819,5,2.000000,0.000000,0.000000,5,2.000000,0.000000,0.000000,5,2.000000,0.000000,0.000000,5,3.000000,0.000000,0.000000,5
memo,1000,524288000,1000,524288000,0.01,4,524288,sharded,300.0,ed25519,gossip,direct,shard,nonce_hash_set,5,1916.293438,25.695995,31.900677,5,238.986884,2.719897,3.376657,5,12045667.200000,725654.571135,900874.709419,5,1215.641000,61.842116,76.774819,5,2.000000,0.000000,0.000000,5,2.000000,0.000000,0.000000,5,2.000000,0.000000,0.000000,5,3.000000,0.000000,0.000000,5
memo,1000,524288000,1000,524288000,0.01,4,524288,sharded,37.5,ed25519,gossip,direct,shard,nonce_hash_set,5,13599.921685,149.615172,185.741991,5,33.673031,0.315103,0.391189,5,12045667.200000,725654.571135,900874.709419,5,1215.641000,61.842116,76.774819,5,2.000000,0.000000,0.000000,5,2.000000,0.000000,0.000000,5,2.000000,0.000000,0.000000,5,3.000000,0.000000,0.000000,5
memo,1000,524288000,1000,524288000,0.01,4,524288,sharded,4.6875,ed25519,gossip,direct,shard,nonce_hash_set,5,47721.766572,239.036357,296.755257,5,9.595657,0.048398,0.060084,5,12045667.200000,725654.571135,900874.709419,5,1215.641000,61.842116,76.774819,5,2.000000,0.000000,0.000000,5,2.000000,0.000000,0.000000,5,2.000000,0.000000,0.000000,5,3.000000,0.000000,0.000000,5
memo,1000,524288000,1000,524288000,0.01,4,524288,sharded,600.0,ed25519,gossip,direct,shard,nonce_hash_set,5,966.439325,13.188032,16.372479,5,473.874644,5.497306,6.824712,5,12045667.200000,725654.571135,900874.709419,5,1215.641000,61.842116,76.774819,5,2.000000,0.000000,0.000000,5,2.000000,0.000000,0.000000,5,2.000000,0.000000,0.000000,5,3.000000,0.000000,0.000000,5
memo,1000,524288000,1000,524288000,0.01,4,524288,sharded,75.0,ed25519,gossip,direct,shard,nonce_hash_set,5,7279.894202,89.255263,110.807279,5,62.907449,0.652192,0.809673,5,12045667.200000,725654.571135,900874.709419,5,1215.641000,61.842116,76.774819,5,2.000000,0.000000,0.000000,5,2.000000,0.000000,0.000000,5,2.000000,0.000000,0.000000,5,3.000000,0.000000,0.000000,5
memo,1000,524288000,1000,524288000,0.01,4,524288,sharded,9.375,ed25519,gossip,direct,shard,nonce_hash_set,5,36739.320026,265.344273,329.415612,5,12.464354,0.091838,0.114014,5,12045667.200000,725654.571135,900874.709419,5,1215.641000,61.842116,76.774819,5,2.000000,0.000000,0.000000,5,2.000000,0.000000,0.000000,5,2.000000,0.000000,0.000000,5,3.000000,0.000000,0.000000,5
memo,1000,65536000,1000,65536000,0.01,4,65536,sharded,0.146484375,ed25519,gossip,direct,shard,nonce_hash_set,5,55281.752754,165.916683,205.979745,5,1.035426,0.001469,0.001823,5,12045667.200000,725654.571135,900874.709419,5,1215.641000,61.842116,76.774819,5,2.000000,0.000000,0.000000,5,2.000000,0.000000,0.000000,5,2.000000,0.000000,0.000000,5,3.000000,0.000000,0.000000,5
memo,1000,65536000,1000,65536000,0.01,4,65536,sharded,0.29296875,ed25519,gossip,direct,shard,nonce_hash_set,5,50981.880293,174.591051,216.748668,5,1.122759,0.002972,0.003689,5,12045667.200000,725654.571135,900874.709419,5,1215.641000,61.842116,76.774819,5,2.000000,0.000000,0.000000,5,2.000000,0.000000,0.000000,5,2.000000,0.000000,0.000000,5,3.000000,0.000000,0.000000,5
memo,1000,65536000,1000,65536000,0.01,4,65536,sharded,0.5859375,ed25519,gossip,direct,shard,nonce_hash_set,5,44118.907825,208.604775,258.975515,5,1.297424,0.005990,0.007436,5,12045667.200000,725654.571135,900874.709419,5,1215.641000,61.842116,76.774819,5,2.000000,0.000000,0.000000,5,2.000000,0.000000,0.000000,5,2.000000,0.000000,0.000000,5,3.000000,0.000000,0.000000,5
memo,1000,65536000,1000,65536000,0.01,4,65536,sharded,1200.0,ed25519,gossip,direct,shard,nonce_hash_set,5,60.888130,0.845015,1.049057,5,940.208240,11.106772,13.788668,5,12045667.200000,725654.571135,900874.709419,5,1215.641000,61.842116,76.774819,5,2.000000,0.000000,0.000000,5,2.000000,0.000000,0.000000,5,2.000000,0.000000,0.000000,5,3.000000,0.000000,0.000000,5
memo,1000,65536000,1000,65536000,0.01,4,65536,sharded,150.0,ed25519,gossip,direct,shard,nonce_hash_set,5,484.913396,6.672740,8.283973,5,118.056934,1.381870,1.715543,5,12045667.200000,725654.571135,900874.709419,5,1215.641000,61.842116,76.774819,5,2.000000,0.000000,0.000000,5,2.000000,0.000000,0.000000,5,2.000000,0.000000,0.000000,5,3.000000,0.000000,0.000000,5
memo,1000,65536000,1000,65536000,0.01,4,65536,sharded,18.75,ed25519,gossip,direct,shard,nonce_hash_set,5,3743.120031,48.387634,60.071551,5,15.293788,0.167312,0.207713,5,12045667.200000,725654.571135,900874.709419,5,1215.641000,61.842116,76.774819,5,2.000000,0.000000,0.000000,5,2.000000,0.000000,0.000000,5,2.000000,0.000000,0.000000,5,3.000000,0.000000,0.000000,5
memo,1000,65536000,1000,65536000,0.01,4,65536,sharded,1.171875,ed25519,gossip,direct,shard,nonce_hash_set,5,34565.654093,236.397243,293.478890,5,1.656039,0.011432,0.014192,5,12045667.200000,725654.571135,900874.709419,5,1215.641000,61.842116,76.774819,5,2.000000,0.000000,0.000000,5,2.000000,0.000000,0.000000,5,2.000000,0.000000,0.000000,5,3.000000,0.000000,0.000000,5
memo,1000,65536000,1000,65536000,0.01,4,65536,sharded,2.34375,ed25519,gossip,direct,shard,nonce_hash_set,5,22872.329882,208.329125,258.633305,5,2.502733,0.020344,0.025256,5,12045667.200000,725654.571135,900874.709419,5,1215.641000,61.842116,76.774819,5,2.000000,0.000000,0.000000,5,2.000000,0.000000,0.000000,5,2.000000,0.000000,0.000000,5,3.000000,0.000000,0.000000,5
memo,1000,65536000,1000,65536000,0.01,4,65536,sharded,300.0,ed25519,gossip,direct,shard,nonce_hash_set,5,243.081925,3.361136,4.172733,5,235.506871,2.771002,3.440102,5,12045667.200000,725654.571135,900874.709419,5,1215.641000,61.842116,76.774819,5,2.000000,0.000000,0.000000,5,2.000000,0.000000,0.000000,5,2.000000,0.000000,0.000000,5,3.000000,0.000000,0.000000,5
memo,1000,65536000,1000,65536000,0.01,4,65536,sharded,37.5,ed25519,gossip,direct,shard,nonce_hash_set,5,1910.047999,25.549218,31.718458,5,29.971478,0.340104,0.422227,5,12045667.200000,725654.571135,900874.709419,5,1215.641000,61.842116,76.774819,5,2.000000,0.000000,0.000000,5,2.000000,0.000000,0.000000,5,2.000000,0.000000,0.000000,5,3.000000,0.000000,0.000000,5
memo,1000,65536000,1000,65536000,0.01,4,65536,sharded,4.6875,ed25519,gossip,direct,shard,nonce_hash_set,5,13290.357070,143.799243,178.521719,5,4.307223,0.039481,0.049014,5,12045667.200000,725654.571135,900874.709419,5,1215.641000,61.842116,76.774819,5,2.000000,0.000000,0.000000,5,2.000000,0.000000,0.000000,5,2.000000,0.000000,0.000000,5,3.000000,0.000000,0.000000,5
memo,1000,65536000,1000,65536000,0.01,4,65536,sharded,600.0,ed25519,gossip,direct,shard,nonce_hash_set,5,121.697740,1.686854,2.094170,5,470.407271,5.549534,6.889552,5,12045667.200000,725654.571135,900874.709419,5,1215.641000,61.842116,76.774819,5,2.000000,0.000000,0.000000,5,2.000000,0.000000,0.000000,5,2.000000,0.000000,0.000000,5,3.000000,0.000000,0.000000,5
memo,1000,65536000,1000,65536000,0.01,4,65536,sharded,75.0,ed25519,gossip,direct,shard,nonce_hash_set,5,964.855517,13.149951,16.325203,5,59.332450,0.687281,0.853236,5,12045667.200000,725654.571135,900874.709419,5,1215.641000,61.842116,76.774819,5,2.000000,0.000000,0.000000,5,2.000000,0.000000,0.000000,5,2.000000,0.000000,0.000000,5,3.000000,0.000000,0.000000,5
memo,1000,65536000,1000,65536000,0.01,4,65536,sharded,9.375,ed25519,gossip,direct,shard,nonce_hash_set,5,7190.282910,87.359075,108.453229,5,7.961537,0.081634,0.101346,5,12045667.200000,725654.571135,900874.709419,5,1215.641000,61.842116,76.774819,5,2.000000,0.000000,0.000000,5,2.000000,0.000000,0.000000,5,2.000000,0.000000,0.000000,5,3.000000,0.000000,0.000000,5
memo,1000,8192000,1000,8192000,0.01,4,8192,sharded,0.146484375,ed25519,gossip,direct,shard,nonce_hash_set,5,22764.619500,111.894863,138.913550,5,0.314347,0.001402,0.001741,5,12045667.200000,725654.571135,900874.709419,5,1215.641000,61.842116,76.774819,5,2.000000,0.000000,0.000000,5,2.000000,0.000000,0.000000,5,2.000000,0.000000,0.000000,5,3.000000,0.000000,0.000000,5
memo,1000,8192000,1000,8192000,0.01,4,8192,sharded,0.29296875,ed25519,gossip,direct,shard,nonce_hash_set,5,17030.763066,125.067162,155.266497,5,0.420188,0.002589,0.003214,5,12045667.200000,725654.571135,900874.709419,5,1215.641000,61.842116,76.774819,5,2.000000,0.000000,0.000000,5,2.000000,0.000000,0.000000,5,2.000000,0.000000,0.000000,5,3.000000,0.000000,0.000000,5
memo,1000,8192000,1000,8192000,0.01,4,8192,sharded,0.5859375,ed25519,gossip,direct,shard,nonce_hash_set,5,11082.115543,104.846583,130.163357,5,0.645752,0.005003,0.006211,5,12045667.200000,725654.571135,900874.709419,5,1215.641000,61.842116,76.774819,5,2.000000,0.000000,0.000000,5,2.000000,0.000000,0.000000,5,2.000000,0.000000,0.000000,5,3.000000,0.000000,0.000000,5
memo,1000,8192000,1000,8192000,0.01,4,8192,sharded,1200.0,ed25519,gossip,direct,shard,nonce_hash_set,5,7.615376,0.105790,0.131335,5,939.785076,11.113593,13.797136,5,12045667.200000,725654.571135,900874.709419,5,1215.641000,61.842116,76.774819,5,2.000000,0.000000,0.000000,5,2.000000,0.000000,0.000000,5,2.000000,0.000000,0.000000,5,3.000000,0.000000,0.000000,5
memo,1000,8192000,1000,8192000,0.01,4,8192,sharded,150.0,ed25519,gossip,direct,shard,nonce_hash_set,5,60.839991,0.843714,1.047442,5,117.633381,1.388424,1.723680,5,12045667.200000,725654.571135,900874.709419,5,1215.641000,61.842116,76.774819,5,2.000000,0.000000,0.000000,5,2.000000,0.000000,0.000000,5,2.000000,0.000000,0.000000,5,3.000000,0.000000,0.000000,5
memo,1000,8192000,1000,8192000,0.01,4,8192,sharded,18.75,ed25519,gossip,direct,shard,nonce_hash_set,5,481.469471,6.587014,8.177547,5,14.864467,0.172811,0.214539,5,12045667.200000,725654.571135,900874.709419,5,1215.641000,61.842116,76.774819,5,2.000000,0.000000,0.000000,5,2.000000,0.000000,0.000000,5,2.000000,0.000000,0.000000,5,3.000000,0.000000,0.000000,5
memo,1000,8192000,1000,8192000,0.01,4,8192,sharded,1.171875,ed25519,gossip,direct,shard,nonce_hash_set,5,6490.888170,72.927700,90.537182,5,1.102542,0.010280,0.012762,5,12045667.200000,725654.571135,900874.709419,5,1215.641000,61.842116,76.774819,5,2.000000,0.000000,0.000000,5,2.000000,0.000000,0.000000,5,2.000000,0.000000,0.000000,5,3.000000,0.000000,0.000000,5
memo,1000,8192000,1000,8192000,0.01,4,8192,sharded,2.34375,ed25519,gossip,direct,shard,nonce_hash_set,5,3544.503453,43.907089,54.509111,5,2.019074,0.020991,0.026060,5,12045667.200000,725654.571135,900874.709419,5,1215.641000,61.842116,76.774819,5,2.000000,0.000000,0.000000,5,2.000000,0.000000,0.000000,5,2.000000,0.000000,0.000000,5,3.000000,0.000000,0.000000,5
memo,1000,8192000,1000,8192000,0.01,4,8192,sharded,300.0,ed25519,gossip,direct,shard,nonce_hash_set,5,30.443702,0.422601,0.524645,5,235.083623,2.777734,3.448459,5,12045667.200000,725654.571135,900874.709419,5,1215.641000,61.842116,76.774819,5,2.000000,0.000000,0.000000,5,2.000000,0.000000,0.000000,5,2.000000,0.000000,0.000000,5,3.000000,0.000000,0.000000,5
memo,1000,8192000,1000,8192000,0.01,4,8192,sharded,37.5,ed25519,gossip,direct,shard,nonce_hash_set,5,242.228138,3.339536,4.145917,5,29.545709,0.346453,0.430109,5,12045667.200000,725654.571135,900874.709419,5,1215.641000,61.842116,76.774819,5,2.000000,0.000000,0.000000,5,2.000000,0.000000,0.000000,5,2.000000,0.000000,0.000000,5,3.000000,0.000000,0.000000,5
memo,1000,8192000,1000,8192000,0.01,4,8192,sharded,4.6875,ed25519,gossip,direct,shard,nonce_hash_set,5,1857.058407,24.291821,30.157444,5,3.853785,0.042591,0.052875,5,12045667.200000,725654.571135,900874.709419,5,1215.641000,61.842116,76.774819,5,2.000000,0.000000,0.000000,5,2.000000,0.000000,0.000000,5,2.000000,0.000000,0.000000,5,3.000000,0.000000,0.000000,5
memo,1000,8192000,1000,8192000,0.01,4,8192,sharded,600.0,ed25519,gossip,direct,shard,nonce_hash_set,5,15.227784,0.211487,0.262554,5,469.984107,5.556354,6.898018,5,12045667.200000,725654.571135,900874.709419,5,1215.641000,61.842116,76.774819,5,2.000000,0.000000,0.000000,5,2.000000,0.000000,0.000000,5,2.000000,0.000000,0.000000,5,3.000000,0.000000,0.000000,5
memo,1000,8192000,1000,8192000,0.01,4,8192,sharded,75.0,ed25519,gossip,direct,shard,nonce_hash_set,5,121.490771,1.681498,2.087521,5,58.908259,0.693770,0.861291,5,12045667.200000,725654.571135,900874.709419,5,1215.641000,61.842116,76.774819,5,2.000000,0.000000,0.000000,5,2.000000,0.000000,0.000000,5,2.000000,0.000000,0.000000,5,3.000000,0.000000,0.000000,5
memo,1000,8192000,1000,8192000,0.01,4,8192,sharded,9.375,ed25519,gossip,direct,shard,nonce_hash_set,5,951.202399,12.816318,15.911009,5,7.523907,0.085988,0.106751,5,12045667.200000,725654.571135,900874.709419,5,1215.641000,61.842116,76.774819,5,2.000000,0.000000,0.000000,5,2.000000,0.000000,0.000000,5,2.000000,0.000000,0.000000,5,3.000000,0.000000,0.000000,5
memo,1000,1024000,1000,1024000,0.01,512,1024,sharded,0.146484375,ed25519,gossip,direct,shard,nonce_hash_set,5,3295.221320,6.818621,8.465078,5,0.310722,0.000635,0.000789,5,13528514.400000,781300.012619,969956.574154,5,1244.374000,72.983709,90.606716,5,2.000000,0.000000,0.000000,5,2.000000,0.000000,0.000000,5,2.000000,0.000000,0.000000,5,3.000000,0.000000,0.000000,5
memo,1000,1024000,1000,1024000,0.01,512,1024,sharded,0.29296875,ed25519,gossip,direct,shard,nonce_hash_set,5,2291.796821,5.401803,6.706149,5,0.446767,0.001041,0.001293,5,13528514.400000,781300.012619,969956.574154,5,1244.374000,72.983709,90.606716,5,2.000000,0.000000,0.000000,5,2.000000,0.000000,0.000000,5,2.000000,0.000000,0.000000,5,3.000000,0.000000,0.000000,5
memo,1000,1024000,1000,1024000,0.01,512,1024,sharded,0.5859375,ed25519,gossip,direct,shard,nonce_hash_set,5,1424.345251,3.743044,4.646857,5,0.718857,0.001869,0.002321,5,13528514.400000,781300.012619,969956.574154,5,1244.374000,72.983709,90.606716,5,2.000000,0.000000,0.000000,5,2.000000,0.000000,0.000000,5,2.000000,0.000000,0.000000,5,3.000000,0.000000,0.000000,5
memo,1000,1024000,1000,1024000,0.01,512,1024,sharded,1200.0,ed25519,gossip,direct,shard,nonce_hash_set,5,0.918583,0.002849,0.003537,5,1114.654392,3.425971,4.253222,5,13528514.400000,781300.012619,969956.574154,5,1244.374000,72.983709,90.606716,5,2.000000,0.000000,0.000000,5,2.000000,0.000000,0.000000,5,2.000000,0.000000,0.000000,5,3.000000,0.000000,0.000000,5
memo,1000,1024000,1000,1024000,0.01,512,1024,sharded,150.0,ed25519,gossip,direct,shard,nonce_hash_set,5,7.340609,0.022754,0.028249,5,139.484641,0.428410,0.531856,5,13528514.400000,781300.012619,969956.574154,5,1244.374000,72.983709,90.606716,5,2.000000,0.000000,0.000000,5,2.000000,0.000000,0.000000,5,2.000000,0.000000,0.000000,5,3.000000,0.000000,0.000000,5
memo,1000,1024000,1000,1024000,0.01,512,1024,sharded,18.75,ed25519,gossip,direct,shard,nonce_hash_set,5,58.214550,0.179437,0.222765,5,17.588423,0.053715,0.066685,5,13528514.400000,781300.012619,969956.574154,5,1244.374000,72.983709,90.606716,5,2.000000,0.000000,0.000000,5,2.000000,0.000000,0.000000,5,2.000000,0.000000,0.000000,5,3.000000,0.000000,0.000000,5
memo,1000,1024000,1000,1024000,0.01,512,1024,sharded,1.171875,ed25519,gossip,direct,shard,nonce_hash_set,5,810.666347,2.293009,2.846690,5,1.263036,0.003537,0.004392,5,13528514.400000,781300.012619,969956.574154,5,1244.374000,72.983709,90.606716,5,2.000000,0.000000,0.000000,5,2.000000,0.000000,0.000000,5,2.000000,0.000000,0.000000,5,3.000000,0.000000,0.000000,5
memo,1000,1024000,1000,1024000,0.01,512,1024,sharded,2.34375,ed25519,gossip,direct,shard,nonce_hash_set,5,435.444228,1.286373,1.596987,5,2.351395,0.006880,0.008542,5,13528514.400000,781300.012619,969956.574154,5,1244.374000,72.983709,90.606716,5,2.000000,0.000000,0.000000,5,2.000000,0.000000,0.000000,5,2.000000,0.000000,0.000000,5,3.000000,0.000000,0.000000,5
memo,1000,1024000,1000,1024000,0.01,512,1024,sharded,300.0,ed25519,gossip,direct,shard,nonce_hash_set,5,3.672604,0.011389,0.014139,5,278.794606,0.856633,1.063479,5,13528514.400000,781300.012619,969956.574154,5,1244.374000,72.983709,90.606716,5,2.000000,0.000000,0.000000,5,2.000000,0.000000,0.000000,5,2.000000,0.000000,0.000000,5,3.000000,0.000000,0.000000,5
memo,1000,1024000,1000,1024000,0.01,512,1024,sharded,37.5,ed25519,gossip,direct,shard,nonce_hash_set,5,29.252535,0.090456,0.112299,5,35.002168,0.107243,0.133138,5,13528514.400000,781300.012619,969956.574154,5,1244.374000,72.983709,90.606716,5,2.000000,0.000000,0.000000,5,2.000000,0.000000,0.000000,5,2.000000,0.000000,0.000000,5,3.000000,0.000000,0.000000,5
memo,1000,1024000,1000,1024000,0.01,512,1024,sharded,4.6875,ed25519,gossip,direct,shard,nonce_hash_set,5,226.121064,0.684032,0.849202,5,4.528113,0.013570,0.016847,5,13528514.400000,781300.012619,969956.574154,5,1244.374000,72.983709,90.606716,5,2.000000,0.000000,0.000000,5,2.000000,0.000000,0.000000,5,2.000000,0.000000,0.000000,5,3.000000,0.000000,0.000000,5
memo,1000,1024000,1000,1024000,0.01,512,1024,sharded,600.0,ed25519,gossip,direct,shard,nonce_hash_set,5,1.836877,0.005697,0.007073,5,557.414535,1.713079,2.126727,5,13528514.400000,781300.012619,969956.574154,5,1244.374000,72.983709,90.606716,5,2.000000,0.000000,0.000000,5,2.000000,0.000000,0.000000,5,2.000000,0.000000,0.000000,5,3.000000,0.000000,0.000000,5
memo,1000,1024000,1000,1024000,0.01,512,1024,sharded,75.0,ed25519,gossip,direct,shard,nonce_hash_set,5,14.662855,0.045415,0.056381,5,69.829659,0.214298,0.266044,5,13528514.400000,781300.012619,969956.574154,5,1244.374000,72.983709,90.606716,5,2.000000,0.000000,0.000000,5,2.000000,0.000000,0.000000,5,2.000000,0.000000,0.000000,5,3.000000,0.000000,0.000000,5
memo,1000,1024000,1000,1024000,0.01,512,1024,sharded,9.375,ed25519,gossip,direct,shard,nonce_hash_set,5,115.284160,0.353097,0.438358,5,8.881550,0.026951,0.033459,5,13528514.400000,781300.012619,969956.574154,5,1244.374000,72.983709,90.606716,5,2.000000,0.000000,0.000000,5,2.000000,0.000000,0.000000,5,2.000000,0.000000,0.000000,5,3.000000,0.000000,0.000000,5
memo,1000,131072000,1000,131072000,0.01,512,131072,sharded,0.146484375,ed25519,gossip,direct,shard,nonce_hash_set,5,394678.958710,765.503688,950.345991,5,0.331743,0.000637,0.000790,5,13528514.400000,781300.012619,969956.574154,5,1244.374000,72.983709,90.606716,5,2.000000,0.000000,0.000000,5,2.000000,0.000000,0.000000,5,2.000000,0.000000,0.000000,5,3.000000,0.000000,0.000000,5
memo,1000,131072000,1000,131072000,0.01,512,131072,sharded,0.29296875,ed25519,gossip,direct,shard,nonce_hash_set,5,280203.662898,623.269416,773.767129,5,0.467274,0.001028,0.001277,5,13528514.400000,781300.012619,969956.574154,5,1244.374000,72.983709,90.606716,5,2.000000,0.000000,0.000000,5,2.000000,0.000000,0.000000,5,2.000000,0.000000,0.000000,5,3.000000,0.000000,0.000000,5
memo,1000,131072000,1000,131072000,0.01,512,131072,sharded,0.5859375,ed25519,gossip,direct,shard,nonce_hash_set,5,177150.799213,445.173401,552.667170,5,0.739100,0.001838,0.002282,5,13528514.400000,781300.012619,969956.574154,5,1244.374000,72.983709,90.606716,5,2.000000,0.000000,0.000000,5,2.000000,0.000000,0.000000,5,2.000000,0.000000,0.000000,5,3.000000,0.000000,0.000000,5
memo,1000,131072000,1000,131072000,0.01,512,131072,sharded,1200.0,ed25519,gossip,direct,shard,nonce_hash_set,5,117.462535,0.364353,0.452332,5,1114.674405,3.425897,4.253131,5,13528514.400000,781300.012619,969956.574154,5,1244.374000,72.983709,90.606716,5,2.000000,0.000000,0.000000,5,2.000000,0.000000,0.000000,5,2.000000,0.000000,0.000000,5,3.000000,0.000000,0.000000,5
memo,1000,131072000,1000,131072000,0.01,512,131072,sharded,150.0,ed25519,gossip,direct,shard,nonce_hash_set,5,938.552774,2.908398,3.610674,5,139.504654,0.428336,0.531764,5,13528514.400000,781300.012619,969956.574154,5,1244.374000,72.983709,90.606716,5,2.000000,0.000000,0.000000,5,2.000000,0.000000,0.000000,5,2.000000,0.000000,0.000000,5,3.000000,0.000000,0.000000,5
memo,1000,131072000,1000,131072000,0.01,512,131072,sharded,18.75,ed25519,gossip,direct,shard,nonce_hash_set,5,7435.775157,22.866224,28.387615,5,17.608449,0.053651,0.066605,5,13528514.400000,781300.012619,969956.574154,5,1244.374000,72.983709,90.606716,5,2.000000,0.000000,0.000000,5,2.000000,0.000000,0.000000,5,2.000000,0.000000,0.000000,5,3.000000,0.000000,0.000000,5
memo,1000,131072000,1000,131072000,0.01,512,131072,sharded,1.171875,ed25519,gossip,direct,shard,nonce_hash_set,5,102038.753319,280.197688,347.855606,5,1.283162,0.003489,0.004331,5,13528514.400000,781300.012619,969956.574154,5,1244.374000,72.983709,90.606716,5,2.000000,0.000000,0.000000,5,2.000000,0.000000,0.000000,5,2.000000,0.000000,0.000000,5,3.000000,0.000000,0.000000,5
memo,1000,131072000,1000,131072000,0.01,512,131072,sharded,2.34375,ed25519,gossip,direct,shard,nonce_hash_set,5,55211.473793,160.475274,199.224427,5,2.371470,0.006827,0.008476,5,13528514.400000,781300.012619,969956.574154,5,1244.374000,72.983709,90.606716,5,2.000000,0.000000,0.000000,5,2.000000,0.000000,0.000000,5,2.000000,0.000000,0.000000,5,3.000000,0.000000,0.000000,5
memo,1000,131072000,1000,131072000,0.01,512,131072,sharded,300.0,ed25519,gossip,direct,shard,nonce_hash_set,5,469.604075,1.456035,1.807616,5,278.814618,0.856559,1.063388,5,13528514.400000,781300.012619,969956.574154,5,1244.374000,72.983709,90.606716,5,2.000000,0.000000,0.000000,5,2.000000,0.000000,0.000000,5,2.000000,0.000000,0.000000,5,3.000000,0.000000,0.000000,5
memo,1000,131072000,1000,131072000,0.01,512,131072,sharded,37.5,ed25519,gossip,direct,shard,nonce_hash_set,5,3738.557743,11.546739,14.334872,5,35.022188,0.107175,0.133054,5,13528514.400000,781300.012619,969956.574154,5,1244.374000,72.983709,90.606716,5,2.000000,0.000000,0.000000,5,2.000000,0.000000,0.000000,5,2.000000,0.000000,0.000000,5,3.000000,0.000000,0.000000,5
memo,1000,131072000,1000,131072000,0.01,512,131072,sharded,4.6875,ed25519,gossip,direct,shard,nonce_hash_set,5,28787.983121,86.342828,107.191594,5,4.548162,0.013514,0.016777,5,13528514.400000,781300.012619,969956.574154,5,1244.374000,72.983709,90.606716,5,2.000000,0.000000,0.000000,5,2.000000,0.000000,0.000000,5,2.000000,0.000000,0.000000,5,3.000000,0.000000,0.000000,5
memo,1000,131072000,1000,131072000,0.01,512,131072,sharded,600.0,ed25519,gossip,direct,shard,nonce_hash_set,5,234.884046,0.728477,0.904379,5,557.434547,1.713005,2.126635,5,13528514.400000,781300.012619,969956.574154,5,1244.374000,72.983709,90.606716,5,2.000000,0.000000,0.000000,5,2.000000,0.000000,0.000000,5,2.000000,0.000000,0.000000,5,3.000000,0.000000,0.000000,5
memo,1000,131072000,1000,131072000,0.01,512,131072,sharded,75.0,ed25519,gossip,direct,shard,nonce_hash_set,5,1874.489443,5.802234,7.203271,5,69.849675,0.214227,0.265956,5,13528514.400000,781300.012619,969956.574154,5,1244.374000,72.983709,90.606716,5,2.000000,0.000000,0.000000,5,2.000000,0.000000,0.000000,5,2.000000,0.000000,0.000000,5,3.000000,0.000000,0.000000,5
memo,1000,131072000,1000,131072000,0.01,512,131072,sharded,9.375,ed25519,gossip,direct,shard,nonce_hash_set,5,14708.892917,44.848455,55.677785,5,8.901584,0.026891,0.033384,5,13528514.400000,781300.012619,969956.574154,5,1244.374000,72.983709,90.606716,5,2.000000,0.000000,0.000000,5,2.000000,0.000000,0.000000,5,2.000000,0.000000,0.000000,5,3.000000,0.000000,0.000000,5
memo,1000,16384000,1000,16384000,0.01,512,16384,sharded,0.146484375,ed25519,gossip,direct,shard,nonce_hash_set,5,52332.678837,106.618155,132.362702,5,0.312756,0.000629,0.000782,5,13528514.400000,781300.012619,969956.574154,5,1244.374000,72.983709,90.606716,5,2.000000,0.000000,0.000000,5,2.000000,0.000000,0.000000,5,2.000000,0.000000,0.000000,5,3.000000,0.000000,0.000000,5
memo,1000,16384000,1000,16384000,0.01,512,16384,sharded,0.29296875,ed25519,gossip,direct,shard,nonce_hash_set,5,36469.649129,85.068833,105.609974,5,0.448795,0.001035,0.001285,5,13528514.400000,781300.012619,969956.574154,5,1244.374000,72.983709,90.606716,5,2.000000,0.000000,0.000000,5,2.000000,0.000000,0.000000,5,2.000000,0.000000,0.000000,5,3.000000,0.000000,0.000000,5
memo,1000,16384000,1000,16384000,0.01,512,16384,sharded,0.5859375,ed25519,gossip,direct,shard,nonce_hash_set,5,22704.713710,59.289814,73.606225,5,0.720881,0.001863,0.002313,5,13528514.400000,781300.012619,969956.574154,5,1244.374000,72.983709,90.606716,5,2.000000,0.000000,0.000000,5,2.000000,0.000000,0.000000,5,2.000000,0.000000,0.000000,5,3.000000,0.000000,0.000000,5
memo,1000,16384000,1000,16384000,0.01,512,16384,sharded,1200.0,ed25519,gossip,direct,shard,nonce_hash_set,5,14.683839,0.045549,0.056547,5,1114.656412,3.425962,4.253212,5,13528514.400000,781300.012619,969956.574154,5,1244.374000,72.983709,90.606716,5,2.000000,0.000000,0.000000,5,2.000000,0.000000,0.000000,5,2.000000,0.000000,0.000000,5,3.000000,0.000000,0.000000,5
memo,1000,16384000,1000,16384000,0.01,512,16384,sharded,150.0,ed25519,gossip,direct,shard,nonce_hash_set,5,117.340503,0.363718,0.451543,5,139.486661,0.428401,0.531845,5,13528514.400000,781300.012619,969956.574154,5,1244.374000,72.983709,90.606716,5,2.000000,0.000000,0.000000,5,2.000000,0.000000,0.000000,5,2.000000,0.000000,0.000000,5,3.000000,0.000000,0.000000,5
memo,1000,16384000,1000,16384000,0.01,512,16384,sharded,18.75,ed25519,gossip,direct,shard,nonce_hash_set,5,930.473100,2.867267,3.559611,5,17.590443,0.053706,0.066674,5,13528514.400000,781300.012619,969956.574154,5,1244.374000,72.983709,90.606716,5,2.000000,0.000000,0.000000,5,2.000000,0.000000,0.000000,5,2.000000,0.000000,0.000000,5,3.000000,0.000000,0.000000,5
memo,1000,16384000,1000,16384000,0.01,512,16384,sharded,1.171875,ed25519,gossip,direct,shard,nonce_hash_set,5,12938.064998,36.464478,45.269370,5,1.265059,0.003530,0.004383,5,13528514.400000,781300.012619,969956.574154,5,1244.374000,72.983709,90.606716,5,2.000000,0.000000,0.000000,5,2.000000,0.000000,0.000000,5,2.000000,0.000000,0.000000,5,3.000000,0.000000,0.000000,5
memo,1000,16384000,1000,16384000,0.01,512,16384,sharded,2.34375,ed25519,gossip,direct,shard,nonce_hash_set,5,6954.748747,20.505443,25.456789,5,2.353417,0.006873,0.008532,5,13528514.400000,781300.012619,969956.574154,5,1244.374000,72.983709,90.606716,5,2.000000,0.000000,0.000000,5,2.000000,0.000000,0.000000,5,2.000000,0.000000,0.000000,5,3.000000,0.000000,0.000000,5
memo,1000,16384000,1000,16384000,0.01,512,16384,sharded,300.0,ed25519,gossip,direct,shard,nonce_hash_set,5,58.707436,0.182051,0.226010,5,278.796626,0.856624,1.063469,5,13528514.400000,781300.012619,969956.574154,5,1244.374000,72.983709,90.606716,5,2.000000,0.000000,0.000000,5,2.000000,0.000000,0.000000,5,2.000000,0.000000,0.000000,5,3.000000,0.000000,0.000000,5
memo,1000,16384000,1000,16384000,0.01,512,16384,sharded,37.5,ed25519,gossip,direct,shard,nonce_hash_set,5,467.585033,1.445704,1.794791,5,35.004188,0.107234,0.133127,5,13528514.400000,781300.012619,969956.574154,5,1244.374000,72.983709,90.606716,5,2.000000,0.000000,0.000000,5,2.000000,0.000000,0.000000,5,2.000000,0.000000,0.000000,5,3.000000,0.000000,0.000000,5
memo,1000,16384000,1000,16384000,0.01,512,16384,sharded,4.6875,ed25519,gossip,direct,shard,nonce_hash_set,5,3613.011801,10.918389,13.554797,5,4.530134,0.013562,0.016837,5,13528514.400000,781300.012619,969956.574154,5,1244.374000,72.983709,90.606716,5,2.000000,0.000000,0.000000,5,2.000000,0.000000,0.000000,5,2.000000,0.000000,0.000000,5,3.000000,0.000000,0.000000,5
memo,1000,16384000,1000,16384000,0.01,512,16384,sharded,600.0,ed25519,gossip,direct,shard,nonce_hash_set,5,29.363023,0.091074,0.113065,5,557.416555,1.713070,2.126716,5,13528514.400000,781300.012619,969956.574154,5,1244.374000,72.983709,90.606716,5,2.000000,0.000000,0.000000,5,2.000000,0.000000,0.000000,5,2.000000,0.000000,0.000000,5,3.000000,0.000000,0.000000,5
memo,1000,16384000,1000,16384000,0.01,512,16384,sharded,75.0,ed25519,gossip,direct,shard,nonce_hash_set,5,234.384094,0.725903,0.901183,5,69.831679,0.214290,0.266033,5,13528514.400000,781300.012619,969956.574154,5,1244.374000,72.983709,90.606716,5,2.000000,0.000000,0.000000,5,2.000000,0.000000,0.000000,5,2.000000,0.000000,0.000000,5,3.000000,0.000000,0.000000,5
memo,1000,16384000,1000,16384000,0.01,512,16384,sharded,9.375,ed25519,gossip,direct,shard,nonce_hash_set,5,1842.438538,5.640104,7.001992,5,8.883570,0.026943,0.033449,5,13528514.400000,781300.012619,969956.574154,5,1244.374000,72.983709,90.606716,5,2.000000,0.000000,0.000000,5,2.000000,0.000000,0.000000,5,2.000000,0.000000,0.000000,5,3.000000,0.000000,0.000000,5
memo,1000,2048000,1000,2048000,0.01,512,2048,sharded,0.146484375,ed25519,gossip,direct,shard,nonce_hash_set,5,6584.791084,13.611123,16.897732,5,0.310837,0.000635,0.000788,5,13528514.400000,781300.012619,969956.574154,5,1244.374000,72.983709,90.606716,5,2.000000,0.000000,0.000000,5,2.000000,0.000000,0.000000,5,2.000000,0.000000,0.000000,5,3.000000,0.000000,0.000000,5
memo,1000,2048000,1000,2048000,0.01,512,2048,sharded,0.29296875,ed25519,gossip,direct,shard,nonce_hash_set,5,4580.179084,10.788013,13.392939,5,0.446882,0.001041,0.001292,5,13528514.400000,781300.012619,969956.574154,5,1244.374000,72.983709,90.606716,5,2.000000,0.000000,0.000000,5,2.000000,0.000000,0.000000,5,2.000000,0.000000,0.000000,5,3.000000,0.000000,0.000000,5
memo,1000,2048000,1000,2048000,0.01,512,2048,sharded,0.5859375,ed25519,gossip,direct,shard,nonce_hash_set,5,2846.845229,7.478048,9.283734,5,0.718971,0.001869,0.002320,5,13528514.400000,781300.012619,969956.574154,5,1244.374000,72.983709,90.606716,5,2.000000,0.000000,0.000000,5,2.000000,0.000000,0.000000,5,2.000000,0.000000,0.000000,5,3.000000,0.000000,0.000000,5
memo,1000,2048000,1000,2048000,0.01,512,2048,sharded,1200.0,ed25519,gossip,direct,shard,nonce_hash_set,5,1.836268,0.005696,0.007071,5,1114.654507,3.425970,4.253222,5,13528514.400000,781300.012619,969956.574154,5,1244.374000,72.983709,90.606716,5,2.000000,0.000000,0.000000,5,2.000000,0.000000,0.000000,5,2.000000,0.000000,0.000000,5,3.000000,0.000000,0.000000,5
memo,1000,2048000,1000,2048000,0.01,512,2048,sharded,150.0,ed25519,gossip,direct,shard,nonce_hash_set,5,14.674036,0.045486,0.056469,5,139.484756,0.428409,0.531855,5,13528514.400000,781300.012619,969956.574154,5,1244.374000,72.983709,90.606716,5,2.000000,0.000000,0.000000,5,2.000000,0.000000,0.000000,5,2.000000,0.000000,0.000000,5,3.000000,0.000000,0.000000,5
memo,1000,2048000,1000,2048000,0.01,512,2048,sharded,18.75,ed25519,gossip,direct,shard,nonce_hash_set,5,116.371486,0.358693,0.445304,5,17.588537,0.053714,0.066684,5,13528514.400000,781300.012619,969956.574154,5,1244.374000,72.983709,90.606716,5,2.000000,0.000000,0.000000,5,2.000000,0.000000,0.000000,5,2.000000,0.000000,0.000000,5,3.000000,0.000000,0.000000,5
memo,1000,2048000,1000,2048000,0.01,512,2048,sharded,1.171875,ed25519,gossip,direct,shard,nonce_hash_set,5,1620.393883,4.582273,5.688731,5,1.263151,0.003537,0.004391,5,13528514.400000,781300.012619,969956.574154,5,1244.374000,72.983709,90.606716,5,2.000000,0.000000,0.000000,5,2.000000,0.000000,0.000000,5,2.000000,0.000000,0.000000,5,3.000000,0.000000,0.000000,5
memo,1000,2048000,1000,2048000,0.01,512,2048,sharded,2.34375,ed25519,gossip,direct,shard,nonce_hash_set,5,870.420757,2.571032,3.191847,5,2.351510,0.006880,0.008541,5,13528514.400000,781300.012619,969956.574154,5,1244.374000,72.983709,90.606716,5,2.000000,0.000000,0.000000,5,2.000000,0.000000,0.000000,5,2.000000,0.000000,0.000000,5,3.000000,0.000000,0.000000,5
memo,1000,2048000,1000,2048000,0.01,512,2048,sharded,300.0,ed25519,gossip,direct,shard,nonce_hash_set,5,7.341618,0.022767,0.028264,5,278.794720,0.856632,1.063479,5,13528514.400000,781300.012619,969956.574154,5,1244.374000,72.983709,90.606716,5,2.000000,0.000000,0.000000,5,2.000000,0.000000,0.000000,5,2.000000,0.000000,0.000000,5,3.000000,0.000000,0.000000,5
memo,1000,2048000,1000,2048000,0.01,512,2048,sharded,37.5,ed25519,gossip,direct,shard,nonce_hash_set,5,58.476309,0.180823,0.224486,5,35.002283,0.107242,0.133137,5,13528514.400000,781300.012619,969956.574154,5,1244.374000,72.983709,90.606716,5,2.000000,0.000000,0.000000,5,2.000000,0.000000,0.000000,5,2.000000,0.000000,0.000000,5,3.000000,0.000000,0.000000,5
memo,1000,2048000,1000,2048000,0.01,512,2048,sharded,4.6875,ed25519,gossip,direct,shard,nonce_hash_set,5,452.009846,1.367275,1.697423,5,4.528228,0.013569,0.016846,5,13528514.400000,781300.012619,969956.574154,5,1244.374000,72.983709,90.606716,5,2.000000,0.000000,0.000000,5,2.000000,0.000000,0.000000,5,2.000000,0.000000,0.000000,5,3.000000,0.000000,0.000000,5
memo,1000,2048000,1000,2048000,0.01,512,2048,sharded,600.0,ed25519,gossip,direct,shard,nonce_hash_set,5,3.671960,0.011389,0.014139,5,557.414649,1.713078,2.126726,5,13528514.400000,781300.012619,969956.574154,5,1244.374000,72.983709,90.606716,5,2.000000,0.000000,0.000000,5,2.000000,0.000000,0.000000,5,2.000000,0.000000,0.000000,5,3.000000,0.000000,0.000000,5
memo,1000,2048000,1000,2048000,0.01,512,2048,sharded,75.0,ed25519,gossip,direct,shard,nonce_hash_set,5,29.311342,0.090785,0.112706,5,69.829774,0.214298,0.266043,5,13528514.400000,781300.012619,969956.574154,5,1244.374000,72.983709,90.606716,5,2.000000,0.000000,0.000000,5,2.000000,0.000000,0.000000,5,2.000000,0.000000,0.000000,5,3.000000,0.000000,0.000000,5
memo,1000,2048000,1000,2048000,0.01,512,2048,sharded,9.375,ed25519,gossip,direct,shard,nonce_hash_set,5,230.452754,0.705819,0.876249,5,8.881664,0.026951,0.033458,5,13528514.400000,781300.012619,969956.574154,5,1244.374000,72.983709,90.606716,5,2.000000,0.000000,0.000000,5,2.000000,0.000000,0.000000,5,2.000000,0.000000,0.000000,5,3.000000,0.000000,0.000000,5
memo,1000,262144000,1000,262144000,0.01,512,262144,sharded,0.146484375,ed25519,gossip,direct,shard,nonce_hash_set,5,718428.047798,1296.613979,1609.700797,5,0.364494,0.000650,0.000807,5,13528514.400000,781300.012619,969956.574154,5,1244.374000,72.983709,90.606716,5,2.000000,0.000000,0.000000,5,2.000000,0.000000,0.000000,5,2.000000,0.000000,0.000000,5,3.000000,0.000000,0.000000,5
memo,1000,262144000,1000,262144000,0.01,512,262144,sharded,0.29296875,ed25519,gossip,direct,shard,nonce_hash_set,5,525330.717747,1130.512448,1403.491569,5,0.498473,0.001063,0.001319,5,13528514.400000,781300.012619,969956.574154,5,1244.374000,72.983709,90.606716,5,2.000000,0.000000,0.000000,5,2.000000,0.000000,0.000000,5,2.000000,0.000000,0.000000,5,3.000000,0.000000,0.000000,5
memo,1000,262144000,1000,262144000,0.01,512,262144,sharded,0.5859375,ed25519,gossip,direct,shard,nonce_hash_set,5,340285.104853,825.666149,1025.035577,5,0.769541,0.001849,0.002295,5,13528514.400000,781300.012619,969956.574154,5,1244.374000,72.983709,90.606716,5,2.000000,0.000000,0.000000,5,2.000000,0.000000,0.000000,5,2.000000,0.000000,0.000000,5,3.000000,0.000000,0.000000,5
memo,1000,262144000,1000,262144000,0.01,512,262144,sharded,1200.0,ed25519,gossip,direct,shard,nonce_hash_set,5,234.917917,0.728650,0.904593,5,1114.704090,3.425822,4.253039,5,13528514.400000,781300.012619,969956.574154,5,1244.374000,72.983709,90.606716,5,2.000000,0.000000,0.000000,5,2.000000,0.000000,0.000000,5,2.000000,0.000000,0.000000,5,3.000000,0.000000,0.000000,5
memo,1000,262144000,1000,262144000,0.01,512,262144,sharded,150.0,ed25519,gossip,direct,shard,nonce_hash_set,5,1876.698939,5.813367,7.217092,5,139.534345,0.428268,0.531679,5,13528514.400000,781300.012619,969956.574154,5,1244.374000,72.983709,90.606716,5,2.000000,0.000000,0.000000,5,2.000000,0.000000,0.000000,5,2.000000,0.000000,0.000000,5,3.000000,0.000000,0.000000,5
memo,1000,262144000,1000,262144000,0.01,512,262144,sharded,18.75,ed25519,gossip,direct,shard,nonce_hash_set,5,14846.438156,45.529316,56.523050,5,17.638164,0.053593,0.066534,5,13528514.400000,781300.012619,969956.574154,5,1244.374000,72.983709,90.606716,5,2.000000,0.000000,0.000000,5,2.000000,0.000000,0.000000,5,2.000000,0.000000,0.000000,5,3.000000,0.000000,0.000000,5
memo,1000,262144000,1000,262144000,0.01,512,262144,sharded,1.171875,ed25519,gossip,direct,shard,nonce_hash_set,5,199409.578997,533.067453,661.784554,5,1.313194,0.003476,0.004316,5,13528514.400000,781300.012619,969956.574154,5,1244.374000,72.983709,90.606716,5,2.000000,0.000000,0.000000,5,2.000000,0.000000,0.000000,5,2.000000,0.000000,0.000000,5,3.000000,0.000000,0.000000,5
memo,1000,262144000,1000,262144000,0.01,512,262144,sharded,2.34375,ed25519,gossip,direct,shard,nonce_hash_set,5,109049.897656,310.995796,386.090378,5,2.401320,0.006783,0.008421,5,13528514.400000,781300.012619,969956.574154,5,1244.374000,72.983709,90.606716,5,2.000000,0.000000,0.000000,5,2.000000,0.000000,0.000000,5,2.000000,0.000000,0.000000,5,3.000000,0.000000,0.000000,5
memo,1000,262144000,1000,262144000,0.01,512,262144,sharded,300.0,ed25519,gossip,direct,shard,nonce_hash_set,5,939.104573,2.911186,3.614135,5,278.844304,0.856485,1.063296,5,13528514.400000,781300.012619,969956.574154,5,1244.374000,72.983709,90.606716,5,2.000000,0.000000,0.000000,5,2.000000,0.000000,0.000000,5,2.000000,0.000000,0.000000,5,3.000000,0.000000,0.000000,5
memo,1000,262144000,1000,262144000,0.01,512,262144,sharded,37.5,ed25519,gossip,direct,shard,nonce_hash_set,5,7470.750218,23.041017,28.604615,5,35.051893,0.107113,0.132977,5,13528514.400000,781300.012619,969956.574154,5,1244.374000,72.983709,90.606716,5,2.000000,0.000000,0.000000,5,2.000000,0.000000,0.000000,5,2.000000,0.000000,0.000000,5,3.000000,0.000000,0.000000,5
memo,1000,262144000,1000,262144000,0.01,512,262144,sharded,4.6875,ed25519,gossip,direct,shard,nonce_hash_set,5,57201.277155,169.809185,210.812150,5,4.577936,0.013464,0.016715,5,13528514.400000,781300.012619,969956.574154,5,1244.374000,72.983709,90.606716,5,2.000000,0.000000,0.000000,5,2.000000,0.000000,0.000000,5,2.000000,0.000000,0.000000,5,3.000000,0.000000,0.000000,5
memo,1000,262144000,1000,262144000,0.01,512,262144,sharded,600.0,ed25519,gossip,direct,shard,nonce_hash_set,5,469.741281,1.456730,1.808479,5,557.464233,1.712930,2.126543,5,13528514.400000,781300.012619,969956.574154,5,1244.374000,72.983709,90.606716,5,2.000000,0.000000,0.000000,5,2.000000,0.000000,0.000000,5,2.000000,0.000000,0.000000,5,3.000000,0.000000,0.000000,5
memo,1000,262144000,1000,262144000,0.01,512,262144,sharded,75.0,ed25519,gossip,direct,shard,nonce_hash_set,5,3747.371241,11.591012,14.389835,5,69.879373,0.214162,0.265875,5,13528514.400000,781300.012619,969956.574154,5,1244.374000,72.983709,90.606716,5,2.000000,0.000000,0.000000,5,2.000000,0.000000,0.000000,5,2.000000,0.000000,0.000000,5,3.000000,0.000000,0.000000,5
memo,1000,262144000,1000,262144000,0.01,512,262144,sharded,9.375,ed25519,gossip,direct,shard,nonce_hash_set,5,29319.726761,88.927380,110.400224,5,8.931320,0.026839,0.033319,5,13528514.400000,781300.012619,969956.574154,5,1244.374000,72.983709,90.606716,5,2.000000,0.000000,0.000000,5,2.000000,0.000000,0.000000,5,2.000000,0.000000,0.000000,5,3.000000,0.000000,0.000000,5
memo,1000,32768000,1000,32768000,0.01,512,32768,sharded,0.146484375,ed25519,gossip,direct,shard,nonce_hash_set,5,103875.256649,209.137680,259.637097,5,0.315125,0.000627,0.000778,5,13528514.400000,781300.012619,969956.574154,5,1244.374000,72.983709,90.606716,5,2.000000,0.000000,0.000000,5,2.000000,0.000000,0.000000,5,2.000000,0.000000,0.000000,5,3.000000,0.000000,0.000000,5
memo,1000,32768000,1000,32768000,0.01,512,32768,sharded,0.29296875,ed25519,gossip,direct,shard,nonce_hash_set,5,72557.726139,167.428334,207.856407,5,0.451141,0.001029,0.001278,5,13528514.400000,781300.012619,969956.574154,5,1244.374000,72.983709,90.606716,5,2.000000,0.000000,0.000000,5,2.000000,0.000000,0.000000,5,2.000000,0.000000,0.000000,5,3.000000,0.000000,0.000000,5
memo,1000,32768000,1000,32768000,0.01,512,32768,sharded,0.5859375,ed25519,gossip,direct,shard,nonce_hash_set,5,45261.317298,117.414268,145.765697,5,0.723218,0.001857,0.002305,5,13528514.400000,781300.012619,969956.574154,5,1244.374000,72.983709,90.606716,5,2.000000,0.000000,0.000000,5,2.000000,0.000000,0.000000,5,2.000000,0.000000,0.000000,5,3.000000,0.000000,0.000000,5
memo,1000,32768000,1000,32768000,0.01,512,32768,sharded,1200.0,ed25519,gossip,direct,shard,nonce_hash_set,5,29.366719,0.091094,0.113091,5,1114.658738,3.425953,4.253200,5,13528514.400000,781300.012619,969956.574154,5,1244.374000,72.983709,90.606716,5,2.000000,0.000000,0.000000,5,2.000000,0.000000,0.000000,5,2.000000,0.000000,0.000000,5,3.000000,0.000000,0.000000,5
memo,1000,32768000,1000,32768000,0.01,512,32768,sharded,150.0,ed25519,gossip,direct,shard,nonce_hash_set,5,234.669924,0.727374,0.903010,5,139.488987,0.428392,0.531833,5,13528514.400000,781300.012619,969956.574154,5,1244.374000,72.983709,90.606716,5,2.000000,0.000000,0.000000,5,2.000000,0.000000,0.000000,5,2.000000,0.000000,0.000000,5,3.000000,0.000000,0.000000,5
memo,1000,32768000,1000,32768000,0.01,512,32768,sharded,18.75,ed25519,gossip,direct,shard,nonce_hash_set,5,1860.643255,5.731927,7.115986,5,17.592769,0.053698,0.066664,5,13528514.400000,781300.012619,969956.574154,5,1244.374000,72.983709,90.606716,5,2.000000,0.000000,0.000000,5,2.000000,0.000000,0.000000,5,2.000000,0.000000,0.000000,5,3.000000,0.000000,0.000000,5
memo,1000,32768000,1000,32768000,0.01,512,32768,sharded,1.171875,ed25519,gossip,direct,shard,nonce_hash_set,5,25827.725624,72.523572,90.035472,5,1.267391,0.003524,0.004375,5,13528514.400000,781300.012619,969956.574154,5,1244.374000,72.983709,90.606716,5,2.000000,0.000000,0.000000,5,2.000000,0.000000,0.000000,5,2.000000,0.000000,0.000000,5,3.000000,0.000000,0.000000,5
memo,1000,32768000,1000,32768000,0.01,512,32768,sharded,2.34375,ed25519,gossip,direct,shard,nonce_hash_set,5,13895.317889,40.885595,50.758033,5,2.355746,0.006866,0.008523,5,13528514.400000,781300.012619,969956.574154,5,1244.374000,72.983709,90.606716,5,2.000000,0.000000,0.000000,5,2.000000,0.000000,0.000000,5,2.000000,0.000000,0.000000,5,3.000000,0.000000,0.000000,5
memo,1000,32768000,1000,32768000,0.01,512,32768,sharded,300.0,ed25519,gossip,direct,shard,nonce_hash_set,5,117.410306,0.364082,0.451995,5,278.798952,0.856615,1.063457,5,13528514.400000,781300.012619,969956.574154,5,1244.374000,72.983709,90.606716,5,2.000000,0.000000,0.000000,5,2.000000,0.000000,0.000000,5,2.000000,0.000000,0.000000,5,3.000000,0.000000,0.000000,5
memo,1000,32768000,1000,32768000,0.01,512,32768,sharded,37.5,ed25519,gossip,direct,shard,nonce_hash_set,5,935.079366,2.890686,3.588685,5,35.006514,0.107225,0.133116,5,13528514.400000,781300.012619,969956.574154,5,1244.374000,72.983709,90.606716,5,2.000000,0.000000,0.000000,5,2.000000,0.000000,0.000000,5,2.000000,0.000000,0.000000,5,3.000000,0.000000,0.000000,5
memo,1000,32768000,1000,32768000,0.01,512,32768,sharded,4.6875,ed25519,gossip,direct,shard,nonce_hash_set,5,7222.091074,21.801318,27.065572,5,4.532463,0.013554,0.016827,5,13528514.400000,781300.012619,969956.574154,5,1244.374000,72.983709,90.606716,5,2.000000,0.000000,0.000000,5,2.000000,0.000000,0.000000,5,2.000000,0.000000,0.000000,5,3.000000,0.000000,0.000000,5
memo,1000,32768000,1000,32768000,0.01,512,32768,sharded,600.0,ed25519,gossip,direct,shard,nonce_hash_set,5,58.724007,0.182140,0.226120,5,557.418880,1.713061,2.126705,5,13528514.400000,781300.012619,969956.574154,5,1244.374000,72.983709,90.606716,5,2.000000,0.000000,0.000000,5,2.000000,0.000000,0.000000,5,2.000000,0.000000,0.000000,5,3.000000,0.000000,0.000000,5
memo,1000,32768000,1000,32768000,0.01,512,32768,sharded,75.0,ed25519,gossip,direct,shard,nonce_hash_set,5,468.738255,1.451602,1.802113,5,69.834005,0.214280,0.266021,5,13528514.400000,781300.012619,969956.574154,5,1244.374000,72.983709,90.606716,5,2.000000,0.000000,0.000000,5,2.000000,0.000000,0.000000,5,2.000000,0.000000,0.000000,5,3.000000,0.000000,0.000000,5
memo,1000,32768000,1000,32768000,0.01,512,32768,sharded,9.375,ed25519,gossip,direct,shard,nonce_hash_set,5,3683.799393,11.270526,13.991963,5,8.885897,0.026935,0.033439,5,13528514.400000,781300.012619,969956.574154,5,1244.374000,72.983709,90.606716,5,2.000000,0.000000,0.000000,5,2.000000,0.000000,0.000000,5,2.000000,0.000000,0.000000,5,3.000000,0.000000,0.000000,5
memo,1000,4096000,1000,4096000,0.01,512,4096,sharded,0.146484375,ed25519,gossip,direct,shard,nonce_hash_set,5,13155.820222,27.137023,33.689662,5,0.311086,0.000634,0.000787,5,13528514.400000,781300.012619,969956.574154,5,1244.374000,72.983709,90.606716,5,2.000000,0.000000,0.000000,5,2.000000,0.000000,0.000000,5,2.000000,0.000000,0.000000,5,3.000000,0.000000,0.000000,5
memo,1000,4096000,1000,4096000,0.01,512,4096,sharded,0.29296875,ed25519,gossip,direct,shard,nonce_hash_set,5,9153.024005,21.528146,26.726439,5,0.447130,0.001040,0.001291,5,13528514.400000,781300.012619,969956.574154,5,1244.374000,72.983709,90.606716,5,2.000000,0.000000,0.000000,5,2.000000,0.000000,0.000000,5,2.000000,0.000000,0.000000,5,3.000000,0.000000,0.000000,5
memo,1000,4096000,1000,4096000,0.01,512,4096,sharded,0.5859375,ed25519,gossip,direct,shard,nonce_hash_set,5,5690.331570,14.934532,18.540698,5,0.719220,0.001868,0.002319,5,13528514.400000,781300.012619,969956.574154,5,1244.374000,72.983709,90.606716,5,2.000000,0.000000,0.000000,5,2.000000,0.000000,0.000000,5,2.000000,0.000000,0.000000,5,3.000000,0.000000,0.000000,5
memo,1000,4096000,1000,4096000,0.01,512,4096,sharded,1200.0,ed25519,gossip,direct,shard,nonce_hash_set,5,3.671638,0.011389,0.014139,5,1114.654755,3.425969,4.253220,5,13528514.400000,781300.012619,969956.574154,5,1244.374000,72.983709,90.606716,5,2.000000,0.000000,0.000000,5,2.000000,0.000000,0.000000,5,2.000000,0.000000,0.000000,5,3.000000,0.000000,0.000000,5
memo,1000,4096000,1000,4096000,0.01,512,4096,sharded,150.0,ed25519,gossip,direct,shard,nonce_hash_set,5,29.340851,0.090950,0.112911,5,139.485004,0.428408,0.531853,5,13528514.400000,781300.012619,969956.574154,5,1244.374000,72.983709,90.606716,5,2.000000,0.000000,0.000000,5,2.000000,0.000000,0.000000,5,2.000000,0.000000,0.000000,5,3.000000,0.000000,0.000000,5
memo,1000,4096000,1000,4096000,0.01,512,4096,sharded,18.75,ed25519,gossip,direct,shard,nonce_hash_set,5,232.682832,0.717175,0.890348,5,17.588786,0.053713,0.066683,5,13528514.400000,781300.012619,969956.574154,5,1244.374000,72.983709,90.606716,5,2.000000,0.000000,0.000000,5,2.000000,0.000000,0.000000,5,2.000000,0.000000,0.000000,5,3.000000,0.000000,0.000000,5
memo,1000,4096000,1000,4096000,0.01,512,4096,sharded,1.171875,ed25519,gossip,direct,shard,nonce_hash_set,5,3239.358682,9.156071,11.366941,5,1.263399,0.003536,0.004390,5,13528514.400000,781300.012619,969956.574154,5,1244.374000,72.983709,90.606716,5,2.000000,0.000000,0.000000,5,2.000000,0.000000,0.000000,5,2.000000,0.000000,0.000000,5,3.000000,0.000000,0.000000,5
memo,1000,4096000,1000,4096000,0.01,512,4096,sharded,2.34375,ed25519,gossip,direct,shard,nonce_hash_set,5,1740.232391,5.138931,6.379803,5,2.351758,0.006879,0.008540,5,13528514.400000,781300.012619,969956.574154,5,1244.374000,72.983709,90.606716,5,2.000000,0.000000,0.000000,5,2.000000,0.000000,0.000000,5,2.000000,0.000000,0.000000,5,3.000000,0.000000,0.000000,5
memo,1000,4096000,1000,4096000,0.01,512,4096,sharded,300.0,ed25519,gossip,direct,shard,nonce_hash_set,5,14.679636,0.045522,0.056514,5,278.794969,0.856631,1.063477,5,13528514.400000,781300.012619,969956.574154,5,1244.374000,72.983709,90.606716,5,2.000000,0.000000,0.000000,5,2.000000,0.000000,0.000000,5,2.000000,0.000000,0.000000,5,3.000000,0.000000,0.000000,5
memo,1000,4096000,1000,4096000,0.01,512,4096,sharded,37.5,ed25519,gossip,direct,shard,nonce_hash_set,5,116.923219,0.361550,0.448851,5,35.002531,0.107241,0.133136,5,13528514.400000,781300.012619,969956.574154,5,1244.374000,72.983709,90.606716,5,2.000000,0.000000,0.000000,5,2.000000,0.000000,0.000000,5,2.000000,0.000000,0.000000,5,3.000000,0.000000,0.000000,5
memo,1000,4096000,1000,4096000,0.01,512,4096,sharded,4.6875,ed25519,gossip,direct,shard,nonce_hash_set,5,903.749286,2.733352,3.393361,5,4.528476,0.013568,0.016844,5,13528514.400000,781300.012619,969956.574154,5,1244.374000,72.983709,90.606716,5,2.000000,0.000000,0.000000,5,2.000000,0.000000,0.000000,5,2.000000,0.000000,0.000000,5,3.000000,0.000000,0.000000,5
memo,1000,4096000,1000,4096000,0.01,512,4096,sharded,600.0,ed25519,gossip,direct,shard,nonce_hash_set,5,7.342123,0.022773,0.028272,5,557.414898,1.713077,2.126725,5,13528514.400000,781300.012619,969956.574154,5,1244.374000,72.983709,90.606716,5,2.000000,0.000000,0.000000,5,2.000000,0.000000,0.000000,5,2.000000,0.000000,0.000000,5,3.000000,0.000000,0.000000,5
memo,1000,4096000,1000,4096000,0.01,512,4096,sharded,75.0,ed25519,gossip,direct,shard,nonce_hash_set,5,58.608154,0.181523,0.225355,5,69.830022,0.214296,0.266042,5,13528514.400000,781300.012619,969956.574154,5,1244.374000,72.983709,90.606716,5,2.000000,0.000000,0.000000,5,2.000000,0.000000,0.000000,5,2.000000,0.000000,0.000000,5,3.000000,0.000000,0.000000,5
memo,1000,4096000,1000,4096000,0.01,512,4096,sharded,9.375,ed25519,gossip,direct,shard,nonce_hash_set,5,460.780031,1.411155,1.751900,5,8.881913,0.026950,0.033457,5,13528514.400000,781300.012619,969956.574154,5,1244.374000,72.983709,90.606716,5,2.000000,0.000000,0.000000,5,2.000000,0.000000,0.000000,5,2.000000,0.000000,0.000000,5,3.000000,0.000000,0.000000,5
memo,1000,524288000,1000,524288000,0.01,512,524288,sharded,0.146484375,ed25519,gossip,direct,shard,nonce_hash_set,5,1066073.732886,1386.176727,1720.889809,5,0.491264,0.000628,0.000779,5,13528514.400000,781300.012619,969956.574154,5,1244.374000,72.983709,90.606716,5,2.000000,0.000000,0.000000,5,2.000000,0.000000,0.000000,5,2.000000,0.000000,0.000000,5,3.000000,0.000000,0.000000,5
memo,1000,524288000,1000,524288000,0.01,512,524288,sharded,0.29296875,ed25519,gossip,direct,shard,nonce_hash_set,5,842854.978032,1496.385125,1857.709671,5,0.621369,0.001091,0.001354,5,13528514.400000,781300.012619,969956.574154,5,1244.374000,72.983709,90.606716,5,2.000000,0.000000,0.000000,5,2.000000,0.000000,0.000000,5,2.000000,0.000000,0.000000,5,3.000000,0.000000,0.000000,5
memo,1000,524288000,1000,524288000,0.01,512,524288,sharded,0.5859375,ed25519,gossip,direct,shard,nonce_hash_set,5,588899.812321,1292.825721,1604.997808,5,0.889328,0.001935,0.002403,5,13528514.400000,781300.012619,969956.574154,5,1244.374000,72.983709,90.606716,5,2.000000,0.000000,0.000000,5,2.000000,0.000000,0.000000,5,2.000000,0.000000,0.000000,5,3.000000,0.000000,0.000000,5
memo,1000,524288000,1000,524288000,0.01,512,524288,sharded,1200.0,ed25519,gossip,direct,shard,nonce_hash_set,5,469.785729,1.456927,1.808724,5,1114.820849,3.425671,4.252850,5,13528514.400000,781300.012619,969956.574154,5,1244.374000,72.983709,90.606716,5,2.000000,0.000000,0.000000,5,2.000000,0.000000,0.000000,5,2.000000,0.000000,0.000000,5,3.000000,0.000000,0.000000,5
memo,1000,524288000,1000,524288000,0.01,512,524288,sharded,150.0,ed25519,gossip,direct,shard,nonce_hash_set,5,3750.251849,11.603677,14.405558,5,139.651130,0.428134,0.531513,5,13528514.400000,781300.012619,969956.574154,5,1244.374000,72.983709,90.606716,5,2.000000,0.000000,0.000000,5,2.000000,0.000000,0.000000,5,2.000000,0.000000,0.000000,5,3.000000,0.000000,0.000000,5
memo,1000,524288000,1000,524288000,0.01,512,524288,sharded,18.75,ed25519,gossip,direct,shard,nonce_hash_set,5,29497.383294,89.686407,111.342531,5,17.755025,0.053487,0.066402,5,13528514.400000,781300.012619,969956.574154,5,1244.374000,72.983709,90.606716,5,2.000000,0.000000,0.000000,5,2.000000,0.000000,0.000000,5,2.000000,0.000000,0.000000,5,3.000000,0.000000,0.000000,5
memo,1000,524288000,1000,524288000,0.01,512,524288,sharded,1.171875,ed25519,gossip,direct,shard,nonce_hash_set,5,365866.918550,903.359855,1121.489590,5,1.431464,0.003501,0.004346,5,13528514.400000,781300.012619,969956.574154,5,1244.374000,72.983709,90.606716,5,2.000000,0.000000,0.000000,5,2.000000,0.000000,0.000000,5,2.000000,0.000000,0.000000,5,3.000000,0.000000,0.000000,5
memo,1000,524288000,1000,524288000,0.01,512,524288,sharded,2.34375,ed25519,gossip,direct,shard,nonce_hash_set,5,207929.139896,563.229703,699.229930,5,2.518771,0.006757,0.008389,5,13528514.400000,781300.012619,969956.574154,5,1244.374000,72.983709,90.606716,5,2.000000,0.000000,0.000000,5,2.000000,0.000000,0.000000,5,2.000000,0.000000,0.000000,5,3.000000,0.000000,0.000000,5
memo,1000,524288000,1000,524288000,0.01,512,524288,sharded,300.0,ed25519,gossip,direct,shard,nonce_hash_set,5,1877.419342,5.816544,7.221035,5,278.961075,0.856345,1.063122,5,13528514.400000,781300.012619,969956.574154,5,1244.374000,72.983709,90.606716,5,2.000000,0.000000,0.000000,5,2.000000,0.000000,0.000000,5,2.000000,0.000000,0.000000,5,3.000000,0.000000,0.000000,5
memo,1000,524288000,1000,524288000,0.01,512,524288,sharded,37.5,ed25519,gossip,direct,shard,nonce_hash_set,5,14891.840066,45.726392,56.767713,5,35.168713,0.106996,0.132832,5,13528514.400000,781300.012619,969956.574154,5,1244.374000,72.983709,90.606716,5,2.000000,0.000000,0.000000,5,2.000000,0.000000,0.000000,5,2.000000,0.000000,0.000000,5,3.000000,0.000000,0.000000,5
memo,1000,524288000,1000,524288000,0.01,512,524288,sharded,4.6875,ed25519,gossip,direct,shard,nonce_hash_set,5,111549.268046,320.750231,398.200166,5,4.695023,0.013373,0.016602,5,13528514.400000,781300.012619,969956.574154,5,1244.374000,72.983709,90.606716,5,2.000000,0.000000,0.000000,5,2.000000,0.000000,0.000000,5,2.000000,0.000000,0.000000,5,3.000000,0.000000,0.000000,5
memo,1000,524288000,1000,524288000,0.01,512,524288,sharded,600.0,ed25519,gossip,direct,shard,nonce_hash_set,5,939.284033,2.911979,3.615120,5,557.580992,1.712779,2.126356,5,13528514.400000,781300.012619,969956.574154,5,1244.374000,72.983709,90.606716,5,2.000000,0.000000,0.000000,5,2.000000,0.000000,0.000000,5,2.000000,0.000000,0.000000,5,3.000000,0.000000,0.000000,5
memo,1000,524288000,1000,524288000,0.01,512,524288,sharded,75.0,ed25519,gossip,direct,shard,nonce_hash_set,5,7482.221968,23.091227,28.666948,5,69.996171,0.214037,0.265719,5,13528514.400000,781300.012619,969956.574154,5,1244.374000,72.983709,90.606716,5,2.000000,0.000000,0.000000,5,2.000000,0.000000,0.000000,5,2.000000,0.000000,0.000000,5,3.000000,0.000000,0.000000,5
memo,1000,524288000,1000,524288000,0.01,512,524288,sharded,9.375,ed25519,gossip,direct,shard,nonce_hash_set,5,57881.498663,172.625567,214.308589,5,9.048256,0.026735,0.033191,5,13528514.400000,781300.012619,969956.574154,5,1244.374000,72.983709,90.606716,5,2.000000,0.000000,0.000000,5,2.000000,0.000000,0.000000,5,2.000000,0.000000,0.000000,5,3.000000,0.000000,0.000000,5
memo,1000,65536000,1000,65536000,0.01,512,65536,sharded,0.146484375,ed25519,gossip,direct,shard,nonce_hash_set,5,204538.758049,405.262314,503.118955,5,0.320069,0.000627,0.000778,5,13528514.400000,781300.012619,969956.574154,5,1244.374000,72.983709,90.606716,5,2.000000,0.000000,0.000000,5,2.000000,0.000000,0.000000,5,2.000000,0.000000,0.000000,5,3.000000,0.000000,0.000000,5
memo,1000,65536000,1000,65536000,0.01,512,65536,sharded,0.29296875,ed25519,gossip,direct,shard,nonce_hash_set,5,143572.752974,326.390207,405.202000,5,0.455981,0.001025,0.001273,5,13528514.400000,781300.012619,969956.574154,5,1244.374000,72.983709,90.606716,5,2.000000,0.000000,0.000000,5,2.000000,0.000000,0.000000,5,2.000000,0.000000,0.000000,5,3.000000,0.000000,0.000000,5
memo,1000,65536000,1000,65536000,0.01,512,65536,sharded,0.5859375,ed25519,gossip,direct,shard,nonce_hash_set,5,89925.071300,230.330443,285.947169,5,0.728013,0.001845,0.002291,5,13528514.400000,781300.012619,969956.574154,5,1244.374000,72.983709,90.606716,5,2.000000,0.000000,0.000000,5,2.000000,0.000000,0.000000,5,2.000000,0.000000,0.000000,5,3.000000,0.000000,0.000000,5
memo,1000,65536000,1000,65536000,0.01,512,65536,sharded,1200.0,ed25519,gossip,direct,shard,nonce_hash_set,5,58.732291,0.182184,0.226175,5,1114.663491,3.425934,4.253177,5,13528514.400000,781300.012619,969956.574154,5,1244.374000,72.983709,90.606716,5,2.000000,0.000000,0.000000,5,2.000000,0.000000,0.000000,5,2.000000,0.000000,0.000000,5,3.000000,0.000000,0.000000,5
memo,1000,65536000,1000,65536000,0.01,512,65536,sharded,150.0,ed25519,gossip,direct,shard,nonce_hash_set,5,469.316686,1.454564,1.805790,5,139.493741,0.428373,0.531810,5,13528514.400000,781300.012619,969956.574154,5,1244.374000,72.983709,90.606716,5,2.000000,0.000000,0.000000,5,2.000000,0.000000,0.000000,5,2.000000,0.000000,0.000000,5,3.000000,0.000000,0.000000,5
memo,1000,65536000,1000,65536000,0.01,512,65536,sharded,18.75,ed25519,gossip,direct,shard,nonce_hash_set,5,3720.223787,11.453980,14.219715,5,17.597526,0.053681,0.066643,5,13528514.400000,781300.012619,969956.574154,5,1244.374000,72.983709,90.606716,5,2.000000,0.000000,0.000000,5,2.000000,0.000000,0.000000,5,2.000000,0.000000,0.000000,5,3.000000,0.000000,0.000000,5
memo,1000,65536000,1000,65536000,0.01,512,65536,sharded,1.171875,ed25519,gossip,direct,shard,nonce_hash_set,5,51460.749712,143.443021,178.079481,5,1.272167,0.003511,0.004359,5,13528514.400000,781300.012619,969956.574154,5,1244.374000,72.983709,90.606716,5,2.000000,0.000000,0.000000,5,2.000000,0.000000,0.000000,5,2.000000,0.000000,0.000000,5,3.000000,0.000000,0.000000,5
memo,1000,65536000,1000,65536000,0.01,512,65536,sharded,2.34375,ed25519,gossip,direct,shard,nonce_hash_set,5,27734.097762,81.284767,100.912188,5,2.360513,0.006853,0.008507,5,13528514.400000,781300.012619,969956.574154,5,1244.374000,72.983709,90.606716,5,2.000000,0.000000,0.000000,5,2.000000,0.000000,0.000000,5,2.000000,0.000000,0.000000,5,3.000000,0.000000,0.000000,5
memo,1000,65536000,1000,65536000,0.01,512,65536,sharded,300.0,ed25519,gossip,direct,shard,nonce_hash_set,5,234.813022,0.728112,0.903925,5,278.803705,0.856596,1.063434,5,13528514.400000,781300.012619,969956.574154,5,1244.374000,72.983709,90.606716,5,2.000000,0.000000,0.000000,5,2.000000,0.000000,0.000000,5,2.000000,0.000000,0.000000,5,3.000000,0.000000,0.000000,5
memo,1000,65536000,1000,65536000,0.01,512,65536,sharded,37.5,ed25519,gossip,direct,shard,nonce_hash_set,5,1869.876171,5.778788,7.174162,5,35.011269,0.107208,0.133094,5,13528514.400000,781300.012619,969956.574154,5,1244.374000,72.983709,90.606716,5,2.000000,0.000000,0.000000,5,2.000000,0.000000,0.000000,5,2.000000,0.000000,0.000000,5,3.000000,0.000000,0.000000,5
memo,1000,65536000,1000,65536000,0.01,512,65536,sharded,4.6875,ed25519,gossip,direct,shard,nonce_hash_set,5,14428.804606,43.464183,53.959259,5,4.537224,0.013540,0.016809,5,13528514.400000,781300.012619,969956.574154,5,1244.374000,72.983709,90.606716,5,2.000000,0.000000,0.000000,5,2.000000,0.000000,0.000000,5,2.000000,0.000000,0.000000,5,3.000000,0.000000,0.000000,5
memo,1000,65536000,1000,65536000,0.01,512,65536,sharded,600.0,ed25519,gossip,direct,shard,nonce_hash_set,5,117.445219,0.364263,0.452220,5,557.423634,1.713042,2.126682,5,13528514.400000,781300.012619,969956.574154,5,1244.374000,72.983709,90.606716,5,2.000000,0.000000,0.000000,5,2.000000,0.000000,0.000000,5,2.000000,0.000000,0.000000,5,3.000000,0.000000,0.000000,5
memo,1000,65536000,1000,65536000,0.01,512,65536,sharded,75.0,ed25519,gossip,direct,shard,nonce_hash_set,5,937.398382,2.902512,3.603367,5,69.838758,0.214262,0.265998,5,13528514.400000,781300.012619,969956.574154,5,1244.374000,72.983709,90.606716,5,2.000000,0.000000,0.000000,5,2.000000,0.000000,0.000000,5,2.000000,0.000000,0.000000,5,3.000000,0.000000,0.000000,5
memo,1000,65536000,1000,65536000,0.01,512,65536,sharded,9.375,ed25519,gossip,direct,shard,nonce_hash_set,5,7363.542994,22.503712,27.937570,5,8.890656,0.026919,0.033420,5,13528514.400000,781300.012619,969956.574154,5,1244.374000,72.983709,90.606716,5,2.000000,0.000000,0.000000,5,2.000000,0.000000,0.000000,5,2.000000,0.000000,0.000000,5,3.000000,0.000000,0.000000,5
memo,1000,8192000,1000,8192000,0.01,512,8192,sharded,0.146484375,ed25519,gossip,direct,shard,nonce_hash_set,5,26264.424149,53.957619,66.986493,5,0.311607,0.000632,0.000785,5,13528514.400000,781300.012619,969956.574154,5,1244.374000,72.983709,90.606716,5,2.000000,0.000000,0.000000,5,2.000000,0.000000,0.000000,5,2.000000,0.000000,0.000000,5,3.000000,0.000000,0.000000,5
memo,1000,8192000,1000,8192000,0.01,512,8192,sharded,0.29296875,ed25519,gossip,direct,shard,nonce_hash_set,5,18282.549576,42.882957,53.237688,5,0.447650,0.001038,0.001289,5,13528514.400000,781300.012619,969956.574154,5,1244.374000,72.983709,90.606716,5,2.000000,0.000000,0.000000,5,2.000000,0.000000,0.000000,5,2.000000,0.000000,0.000000,5,3.000000,0.000000,0.000000,5
memo,1000,8192000,1000,8192000,0.01,512,8192,sharded,0.5859375,ed25519,gossip,direct,shard,nonce_hash_set,5,11371.061579,29.793504,36.987591,5,0.719739,0.001866,0.002317,5,13528514.400000,781300.012619,969956.574154,5,1244.374000,72.983709,90.606716,5,2.000000,0.000000,0.000000,5,2.000000,0.000000,0.000000,5,2.000000,0.000000,0.000000,5,3.000000,0.000000,0.000000,5
memo,1000,8192000,1000,8192000,0.01,512,8192,sharded,1200.0,ed25519,gossip,direct,shard,nonce_hash_set,5,7.342376,0.022776,0.028276,5,1114.655274,3.425967,4.253217,5,13528514.400000,781300.012619,969956.574154,5,1244.374000,72.983709,90.606716,5,2.000000,0.000000,0.000000,5,2.000000,0.000000,0.000000,5,2.000000,0.000000,0.000000,5,3.000000,0.000000,0.000000,5
memo,1000,8192000,1000,8192000,0.01,512,8192,sharded,150.0,ed25519,gossip,direct,shard,nonce_hash_set,5,58.674315,0.181875,0.225792,5,139.485523,0.428406,0.531851,5,13528514.400000,781300.012619,969956.574154,5,1244.374000,72.983709,90.606716,5,2.000000,0.000000,0.000000,5,2.000000,0.000000,0.000000,5,2.000000,0.000000,0.000000,5,3.000000,0.000000,0.000000,5
memo,1000,8192000,1000,8192000,0.01,512,8192,sharded,18.75,ed25519,gossip,direct,shard,nonce_hash_set,5,465.295094,1.434030,1.780298,5,17.589304,0.053711,0.066680,5,13528514.400000,781300.012619,969956.574154,5,1244.374000,72.983709,90.606716,5,2.000000,0.000000,0.000000,5,2.000000,0.000000,0.000000,5,2.000000,0.000000,0.000000,5,3.000000,0.000000,0.000000,5
memo,1000,8192000,1000,8192000,0.01,512,8192,sharded,1.171875,ed25519,gossip,direct,shard,nonce_hash_set,5,6475.265721,18.284983,22.700165,5,1.263918,0.003534,0.004387,5,13528514.400000,781300.012619,969956.574154,5,1244.374000,72.983709,90.606716,5,2.000000,0.000000,0.000000,5,2.000000,0.000000,0.000000,5,2.000000,0.000000,0.000000,5,3.000000,0.000000,0.000000,5
memo,1000,8192000,1000,8192000,0.01,512,8192,sharded,2.34375,ed25519,gossip,direct,shard,nonce_hash_set,5,3479.272024,10.269025,12.748634,5,2.352277,0.006877,0.008537,5,13528514.400000,781300.012619,969956.574154,5,1244.374000,72.983709,90.606716,5,2.000000,0.000000,0.000000,5,2.000000,0.000000,0.000000,5,2.000000,0.000000,0.000000,5,3.000000,0.000000,0.000000,5
memo,1000,8192000,1000,8192000,0.01,512,8192,sharded,300.0,ed25519,gossip,direct,shard,nonce_hash_set,5,29.355631,0.091032,0.113014,5,278.795487,0.856629,1.063474,5,13528514.400000,781300.012619,969956.574154,5,1244.374000,72.983709,90.606716,5,2.000000,0.000000,0.000000,5,2.000000,0.000000,0.000000,5,2.000000,0.000000,0.000000,5,3.000000,0.000000,0.000000,5
memo,1000,8192000,1000,8192000,0.01,512,8192,sharded,37.5,ed25519,gossip,direct,shard,nonce_hash_set,5,233.814406,0.722974,0.897547,5,35.003049,0.107238,0.133133,5,13528514.400000,781300.012619,969956.574154,5,1244.374000,72.983709,90.606716,5,2.000000,0.000000,0.000000,5,2.000000,0.000000,0.000000,5,2.000000,0.000000,0.000000,5,3.000000,0.000000,0.000000,5
memo,1000,8192000,1000,8192000,0.01,512,8192,sharded,4.6875,ed25519,gossip,direct,shard,nonce_hash_set,5,1807.070802,5.463926,6.783273,5,4.528995,0.013566,0.016842,5,13528514.400000,781300.012619,969956.574154,5,1244.374000,72.983709,90.606716,5,2.000000,0.000000,0.000000,5,2.000000,0.000000,0.000000,5,2.000000,0.000000,0.000000,5,3.000000,0.000000,0.000000,5
memo,1000,8192000,1000,8192000,0.01,512,8192,sharded,600.0,ed25519,gossip,direct,shard,nonce_hash_set,5,14.682439,0.045540,0.056536,5,557.415416,1.713075,2.126722,5,13528514.400000,781300.012619,969956.574154,5,1244.374000,72.983709,90.606716,5,2.000000,0.000000,0.000000,5,2.000000,0.000000,0.000000,5,2.000000,0.000000,0.000000,5,3.000000,0.000000,0.000000,5
memo,1000,8192000,1000,8192000,0.01,512,8192,sharded,75.0,ed25519,gossip,direct,shard,nonce_hash_set,5,117.201118,0.362993,0.450643,5,69.830541,0.214294,0.266039,5,13528514.400000,781300.012619,969956.574154,5,1244.374000,72.983709,90.606716,5,2.000000,0.000000,0.000000,5,2.000000,0.000000,0.000000,5,2.000000,0.000000,0.000000,5,3.000000,0.000000,0.000000,5
memo,1000,8192000,1000,8192000,0.01,512,8192,sharded,9.375,ed25519,gossip,direct,shard,nonce_hash_set,5,921.393693,2.821396,3.502664,5,8.882431,0.026947,0.033454,5,13528514.400000,781300.012619,969956.574154,5,1244.374000,72.983709,90.606716,5,2.000000,0.000000,0.000000,5,2.000000,0.000000,0.000000,5,2.000000,0.000000,0.000000,5,3.000000,0.000000,0.000000,5
memo,1000,1024000,1000,1024000,0.01,64,1024,sharded,0.146484375,ed25519,gossip,direct,shard,nonce_hash_set,5,3892.196686,7.697129,9.555716,5,0.261029,0.000427,0.000530,5,12542711.600000,658047.111413,816942.418416,5,1221.926000,55.300403,68.653511,5,2.000000,0.000000,0.000000,5,2.000000,0.000000,0.000000,5,2.000000,0.000000,0.000000,5,3.000000,0.000000,0.000000,5
memo,1000,1024000,1000,1024000,0.01,64,1024,sharded,0.29296875,ed25519,gossip,direct,shard,nonce_hash_set,5,2590.004293,6.465173,8.026286,5,0.392269,0.000849,0.001054,5,12542711.600000,658047.111413,816942.418416,5,1221.926000,55.300403,68.653511,5,2.000000,0.000000,0.000000,5,2.000000,0.000000,0.000000,5,2.000000,0.000000,0.000000,5,3.000000,0.000000,0.000000,5
memo,1000,1024000,1000,1024000,0.01,64,1024,sharded,0.5859375,ed25519,gossip,direct,shard,nonce_hash_set,5,1551.705350,4.619679,5.735170,5,0.654750,0.001741,0.002161,5,12542711.600000,658047.111413,816942.418416,5,1221.926000,55.300403,68.653511,5,2.000000,0.000000,0.000000,5,2.000000,0.000000,0.000000,5,2.000000,0.000000,0.000000,5,3.000000,0.000000,0.000000,5
memo,1000,1024000,1000,1024000,0.01,64,1024,sharded,1200.0,ed25519,gossip,direct,shard,nonce_hash_set,5,0.944875,0.003545,0.004402,5,1075.257263,3.712466,4.608896,5,12542711.600000,658047.111413,816942.418416,5,1221.926000,55.300403,68.653511,5,2.000000,0.000000,0.000000,5,2.000000,0.000000,0.000000,5,2.000000,0.000000,0.000000,5,3.000000,0.000000,0.000000,5
memo,1000,1024000,1000,1024000,0.01,64,1024,sharded,150.0,ed25519,gossip,direct,shard,nonce_hash_set,5,7.552616,0.028314,0.035151,5,134.520720,0.463984,0.576019,5,12542711.600000,658047.111413,816942.418416,5,1221.926000,55.300403,68.653511,5,2.000000,0.000000,0.000000,5,2.000000,0.000000,0.000000,5,2.000000,0.000000,0.000000,5,3.000000,0.000000,0.000000,5
memo,1000,1024000,1000,1024000,0.01,64,1024,sharded,18.75,ed25519,gossip,direct,shard,nonce_hash_set,5,60.015596,0.223375,0.277312,5,16.928652,0.057924,0.071910,5,12542711.600000,658047.111413,816942.418416,5,1221.926000,55.300403,68.653511,5,2.000000,0.000000,0.000000,5,2.000000,0.000000,0.000000,5,2.000000,0.000000,0.000000,5,3.000000,0.000000,0.000000,5
memo,1000,1024000,1000,1024000,0.01,64,1024,sharded,1.171875,ed25519,gossip,direct,shard,nonce_hash_set,5,861.209237,2.855912,3.545515,5,1.179714,0.003547,0.004404,5,12542711.600000,658047.111413,816942.418416,5,1221.926000,55.300403,68.653511,5,2.000000,0.000000,0.000000,5,2.000000,0.000000,0.000000,5,2.000000,0.000000,0.000000,5,3.000000,0.000000,0.000000,5
memo,1000,1024000,1000,1024000,0.01,64,1024,sharded,2.34375,ed25519,gossip,direct,shard,nonce_hash_set,5,455.670160,1.603997,1.991306,5,2.229643,0.007169,0.008900,5,12542711.600000,658047.111413,816942.418416,5,1221.926000,55.300403,68.653511,5,2.000000,0.000000,0.000000,5,2.000000,0.000000,0.000000,5,2.000000,0.000000,0.000000,5,3.000000,0.000000,0.000000,5
memo,1000,1024000,1000,1024000,0.01,64,1024,sharded,300.0,ed25519,gossip,direct,shard,nonce_hash_set,5,3.778130,0.014171,0.017593,5,268.911654,0.928053,1.152145,5,12542711.600000,658047.111413,816942.418416,5,1221.926000,55.300403,68.653511,5,2.000000,0.000000,0.000000,5,2.000000,0.000000,0.000000,5,2.000000,0.000000,0.000000,5,3.000000,0.000000,0.000000,5
memo,1000,1024000,1000,1024000,0.01,64,1024,sharded,37.5,ed25519,gossip,direct,shard,nonce_hash_set,5,30.123272,0.112580,0.139764,5,33.727519,0.115932,0.143926,5,12542711.600000,658047.111413,816942.418416,5,1221.926000,55.300403,68.653511,5,2.000000,0.000000,0.000000,5,2.000000,0.000000,0.000000,5,2.000000,0.000000,0.000000,5,3.000000,0.000000,0.000000,5
memo,1000,1024000,1000,1024000,0.01,64,1024,sharded,4.6875,ed25519,gossip,direct,shard,nonce_hash_set,5,234.665019,0.852427,1.058258,5,4.329502,0.014419,0.017900,5,12542711.600000,658047.111413,816942.418416,5,1221.926000,55.300403,68.653511,5,2.000000,0.000000,0.000000,5,2.000000,0.000000,0.000000,5,2.000000,0.000000,0.000000,5,3.000000,0.000000,0.000000,5
memo,1000,1024000,1000,1024000,0.01,64,1024,sharded,600.0,ed25519,gossip,direct,shard,nonce_hash_set,5,1.889521,0.007089,0.008801,5,537.693524,1.856190,2.304395,5,12542711.600000,658047.111413,816942.418416,5,1221.926000,55.300403,68.653511,5,2.000000,0.000000,0.000000,5,2.000000,0.000000,0.000000,5,2.000000,0.000000,0.000000,5,3.000000,0.000000,0.000000,5
memo,1000,1024000,1000,1024000,0.01,64,1024,sharded,75.0,ed25519,gossip,direct,shard,nonce_hash_set,5,15.090672,0.056515,0.070162,5,67.325252,0.231949,0.287957,5,12542711.600000,658047.111413,816942.418416,5,1221.926000,55.300403,68.653511,5,2.000000,0.000000,0.000000,5,2.000000,0.000000,0.000000,5,2.000000,0.000000,0.000000,5,3.000000,0.000000,0.000000,5
memo,1000,1024000,1000,1024000,0.01,64,1024,sharded,9.375,ed25519,gossip,direct,shard,nonce_hash_set,5,119.117943,0.439740,0.545922,5,8.529218,0.028920,0.035903,5,12542711.600000,658047.111413,816942.418416,5,1221.926000,55.300403,68.653511,5,2.000000,0.000000,0.000000,5,2.000000,0.000000,0.000000,5,2.000000,0.000000,0.000000,5,3.000000,0.000000,0.000000,5
memo,1000,131072000,1000,131072000,0.01,64,131072,sharded,0.146484375,ed25519,gossip,direct,shard,nonce_hash_set,5,356698.743735,318.917735,395.925187,5,0.364222,0.000220,0.000273,5,12542711.600000,658047.111413,816942.418416,5,1221.926000,55.300403,68.653511,5,2.000000,0.000000,0.000000,5,2.000000,0.000000,0.000000,5,2.000000,0.000000,0.000000,5,3.000000,0.000000,0.000000,5
memo,1000,131072000,1000,131072000,0.01,64,131072,sharded,0.29296875,ed25519,gossip,direct,shard,nonce_hash_set,5,268055.619607,353.333290,438.650892,5,0.484667,0.000529,0.000657,5,12542711.600000,658047.111413,816942.418416,5,1221.926000,55.300403,68.653511,5,2.000000,0.000000,0.000000,5,2.000000,0.000000,0.000000,5,2.000000,0.000000,0.000000,5,3.000000,0.000000,0.000000,5
memo,1000,131072000,1000,131072000,0.01,64,131072,sharded,0.5859375,ed25519,gossip,direct,shard,nonce_hash_set,5,176361.979320,359.041565,445.737515,5,0.736655,0.001362,0.001690,5,12542711.600000,658047.111413,816942.418416,5,1221.926000,55.300403,68.653511,5,2.000000,0.000000,0.000000,5,2.000000,0.000000,0.000000,5,2.000000,0.000000,0.000000,5,3.000000,0.000000,0.000000,5
memo,1000,131072000,1000,131072000,0.01,64,131072,sharded,1200.0,ed25519,gossip,direct,shard,nonce_hash_set,5,120.817876,0.453242,0.562684,5,1075.328145,3.711494,4.607690,5,12542711.600000,658047.111413,816942.418416,5,1221.926000,55.300403,68.653511,5,2.000000,0.000000,0.000000,5,2.000000,0.000000,0.000000,5,2.000000,0.000000,0.000000,5,3.000000,0.000000,0.000000,5
memo,1000,131072000,1000,131072000,0.01,64,131072,sharded,150.0,ed25519,gossip,direct,shard,nonce_hash_set,5,965.281910,3.610241,4.481988,5,134.591618,0.463032,0.574838,5,12542711.600000,658047.111413,816942.418416,5,1221.926000,55.300403,68.653511,5,2.000000,0.000000,0.000000,5,2.000000,0.000000,0.000000,5,2.000000,0.000000,0.000000,5,3.000000,0.000000,0.000000,5
memo,1000,131072000,1000,131072000,0.01,64,131072,sharded,18.75,ed25519,gossip,direct,shard,nonce_hash_set,5,7642.342200,27.907089,34.645673,5,16.999865,0.057002,0.070766,5,12542711.600000,658047.111413,816942.418416,5,1221.926000,55.300403,68.653511,5,2.000000,0.000000,0.000000,5,2.000000,0.000000,0.000000,5,2.000000,0.000000,0.000000,5,3.000000,0.000000,0.000000,5
memo,1000,131072000,1000,131072000,0.01,64,131072,sharded,1.171875,ed25519,gossip,direct,shard,nonce_hash_set,5,103438.796178,266.387586,330.710849,5,1.255990,0.002914,0.003618,5,12542711.600000,658047.111413,816942.418416,5,1221.926000,55.300403,68.653511,5,2.000000,0.000000,0.000000,5,2.000000,0.000000,0.000000,5,2.000000,0.000000,0.000000,5,3.000000,0.000000,0.000000,5
memo,1000,131072000,1000,131072000,0.01,64,131072,sharded,2.34375,ed25519,gossip,direct,shard,nonce_hash_set,5,56407.443648,173.461083,215.345853,5,2.303214,0.006432,0.007985,5,12542711.600000,658047.111413,816942.418416,5,1221.926000,55.300403,68.653511,5,2.000000,0.000000,0.000000,5,2.000000,0.000000,0.000000,5,2.000000,0.000000,0.000000,5,3.000000,0.000000,0.000000,5
memo,1000,131072000,1000,131072000,0.01,64,131072,sharded,300.0,ed25519,gossip,direct,shard,nonce_hash_set,5,483.001081,1.809587,2.246538,5,268.982542,0.927090,1.150949,5,12542711.600000,658047.111413,816942.418416,5,1221.926000,55.300403,68.653511,5,2.000000,0.000000,0.000000,5,2.000000,0.000000,0.000000,5,2.000000,0.000000,0.000000,5,3.000000,0.000000,0.000000,5
memo,1000,131072000,1000,131072000,0.01,64,131072,sharded,37.5,ed25519,gossip,direct,shard,nonce_hash_set,5,3843.916810,14.223897,17.658470,5,33.798553,0.114949,0.142705,5,12542711.600000,658047.111413,816942.418416,5,1221.926000,55.300403,68.653511,5,2.000000,0.000000,0.000000,5,2.000000,0.000000,0.000000,5,2.000000,0.000000,0.000000,5,3.000000,0.000000,0.000000,5
memo,1000,131072000,1000,131072000,0.01,64,131072,sharded,4.6875,ed25519,gossip,direct,shard,nonce_hash_set,5,29515.186926,100.483960,124.747313,5,4.401755,0.013700,0.017009,5,12542711.600000,658047.111413,816942.418416,5,1221.926000,55.300403,68.653511,5,2.000000,0.000000,0.000000,5,2.000000,0.000000,0.000000,5,2.000000,0.000000,0.000000,5,3.000000,0.000000,0.000000,5
memo,1000,131072000,1000,131072000,0.01,64,131072,sharded,600.0,ed25519,gossip,direct,shard,nonce_hash_set,5,241.590664,0.905920,1.124668,5,537.764410,1.855224,2.303196,5,12542711.600000,658047.111413,816942.418416,5,1221.926000,55.300403,68.653511,5,2.000000,0.000000,0.000000,5,2.000000,0.000000,0.000000,5,2.000000,0.000000,0.000000,5,3.000000,0.000000,0.000000,5
memo,1000,131072000,1000,131072000,0.01,64,131072,sharded,75.0,ed25519,gossip,direct,shard,nonce_hash_set,5,1927.688167,7.184106,8.918816,5,67.396193,0.230976,0.286749,5,12542711.600000,658047.111413,816942.418416,5,1221.926000,55.300403,68.653511,5,2.000000,0.000000,0.000000,5,2.000000,0.000000,0.000000,5,2.000000,0.000000,0.000000,5,3.000000,0.000000,0.000000,5
memo,1000,131072000,1000,131072000,0.01,64,131072,sharded,9.375,ed25519,gossip,direct,shard,nonce_hash_set,5,15105.465117,53.799243,66.789874,5,8.600776,0.028082,0.034863,5,12542711.600000,658047.111413,816942.418416,5,1221.926000,55.300403,68.653511,5,2.000000,0.000000,0.000000,5,2.000000,0.000000,0.000000,5,2.000000,0.000000,0.000000,5,3.000000,0.000000,0.000000,5
memo,1000,16384000,1000,16384000,0.01,64,16384,sharded,0.146484375,ed25519,gossip,direct,shard,nonce_hash_set,5,60205.436782,90.981450,112.950281,5,0.269753,0.000319,0.000397,5,12542711.600000,658047.111413,816942.418416,5,1221.926000,55.300403,68.653511,5,2.000000,0.000000,0.000000,5,2.000000,0.000000,0.000000,5,2.000000,0.000000,0.000000,5,3.000000,0.000000,0.000000,5
memo,1000,16384000,1000,16384000,0.01,64,16384,sharded,0.29296875,ed25519,gossip,direct,shard,nonce_hash_set,5,40535.271990,88.285600,109.603477,5,0.400654,0.000744,0.000924,5,12542711.600000,658047.111413,816942.418416,5,1221.926000,55.300403,68.653511,5,2.000000,0.000000,0.000000,5,2.000000,0.000000,0.000000,5,2.000000,0.000000,0.000000,5,3.000000,0.000000,0.000000,5
memo,1000,16384000,1000,16384000,0.01,64,16384,sharded,0.5859375,ed25519,gossip,direct,shard,nonce_hash_set,5,24496.789431,68.508911,85.051412,5,0.662971,0.001648,0.002046,5,12542711.600000,658047.111413,816942.418416,5,1221.926000,55.300403,68.653511,5,2.000000,0.000000,0.000000,5,2.000000,0.000000,0.000000,5,2.000000,0.000000,0.000000,5,3.000000,0.000000,0.000000,5
memo,1000,16384000,1000,16384000,0.01,64,16384,sharded,1200.0,ed25519,gossip,direct,shard,nonce_hash_set,5,15.103931,0.056677,0.070362,5,1075.265310,3.712349,4.608751,5,12542711.600000,658047.111413,816942.418416,5,1221.926000,55.300403,68.653511,5,2.000000,0.000000,0.000000,5,2.000000,0.000000,0.000000,5,2.000000,0.000000,0.000000,5,3.000000,0.000000,0.000000,5
memo,1000,16384000,1000,16384000,0.01,64,16384,sharded,150.0,ed25519,gossip,direct,shard,nonce_hash_set,5,120.723119,0.452483,0.561742,5,134.528769,0.463869,0.575877,5,12542711.600000,658047.111413,816942.418416,5,1221.926000,55.300403,68.653511,5,2.000000,0.000000,0.000000,5,2.000000,0.000000,0.000000,5,2.000000,0.000000,0.000000,5,3.000000,0.000000,0.000000,5
memo,1000,16384000,1000,16384000,0.01,64,16384,sharded,18.75,ed25519,gossip,direct,shard,nonce_hash_set,5,958.907381,3.561134,4.421023,5,16.936703,0.057811,0.071771,5,12542711.600000,658047.111413,816942.418416,5,1221.926000,55.300403,68.653511,5,2.000000,0.000000,0.000000,5,2.000000,0.000000,0.000000,5,2.000000,0.000000,0.000000,5,3.000000,0.000000,0.000000,5
memo,1000,16384000,1000,16384000,0.01,64,16384,sharded,1.171875,ed25519,gossip,direct,shard,nonce_hash_set,5,13672.360299,43.828164,54.411129,5,1.187848,0.003444,0.004276,5,12542711.600000,658047.111413,816942.418416,5,1221.926000,55.300403,68.653511,5,2.000000,0.000000,0.000000,5,2.000000,0.000000,0.000000,5,2.000000,0.000000,0.000000,5,3.000000,0.000000,0.000000,5
memo,1000,16384000,1000,16384000,0.01,64,16384,sharded,2.34375,ed25519,gossip,direct,shard,nonce_hash_set,5,7257.657522,25.093681,31.152926,5,2.237734,0.007059,0.008763,5,12542711.600000,658047.111413,816942.418416,5,1221.926000,55.300403,68.653511,5,2.000000,0.000000,0.000000,5,2.000000,0.000000,0.000000,5,2.000000,0.000000,0.000000,5,3.000000,0.000000,0.000000,5
memo,1000,16384000,1000,16384000,0.01,64,16384,sharded,300.0,ed25519,gossip,direct,shard,nonce_hash_set,5,60.392498,0.226507,0.281201,5,268.919702,0.927936,1.152000,5,12542711.600000,658047.111413,816942.418416,5,1221.926000,55.300403,68.653511,5,2.000000,0.000000,0.000000,5,2.000000,0.000000,0.000000,5,2.000000,0.000000,0.000000,5,3.000000,0.000000,0.000000,5
memo,1000,16384000,1000,16384000,0.01,64,16384,sharded,37.5,ed25519,gossip,direct,shard,nonce_hash_set,5,481.412702,1.797251,2.231224,5,33.735568,0.115818,0.143784,5,12542711.600000,658047.111413,816942.418416,5,1221.926000,55.300403,68.653511,5,2.000000,0.000000,0.000000,5,2.000000,0.000000,0.000000,5,2.000000,0.000000,0.000000,5,3.000000,0.000000,0.000000,5
memo,1000,16384000,1000,16384000,0.01,64,16384,sharded,4.6875,ed25519,gossip,direct,shard,nonce_hash_set,5,3744.197769,13.474413,16.728011,5,4.337570,0.014301,0.017755,5,12542711.600000,658047.111413,816942.418416,5,1221.926000,55.300403,68.653511,5,2.000000,0.000000,0.000000,5,2.000000,0.000000,0.000000,5,2.000000,0.000000,0.000000,5,3.000000,0.000000,0.000000,5
memo,1000,16384000,1000,16384000,0.01,64,16384,sharded,600.0,ed25519,gossip,direct,shard,nonce_hash_set,5,30.203990,0.113320,0.140683,5,537.701571,1.856073,2.304250,5,12542711.600000,658047.111413,816942.418416,5,1221.926000,55.300403,68.653511,5,2.000000,0.000000,0.000000,5,2.000000,0.000000,0.000000,5,2.000000,0.000000,0.000000,5,3.000000,0.000000,0.000000,5
memo,1000,16384000,1000,16384000,0.01,64,16384,sharded,75.0,ed25519,gossip,direct,shard,nonce_hash_set,5,241.199104,0.902846,1.120851,5,67.333302,0.231835,0.287815,5,12542711.600000,658047.111413,816942.418416,5,1221.926000,55.300403,68.653511,5,2.000000,0.000000,0.000000,5,2.000000,0.000000,0.000000,5,2.000000,0.000000,0.000000,5,3.000000,0.000000,0.000000,5
memo,1000,16384000,1000,16384000,0.01,64,16384,sharded,9.375,ed25519,gossip,direct,shard,nonce_hash_set,5,1902.331395,6.990584,8.678566,5,8.537275,0.028804,0.035760,5,12542711.600000,658047.111413,816942.418416,5,1221.926000,55.300403,68.653511,5,2.000000,0.000000,0.000000,5,2.000000,0.000000,0.000000,5,2.000000,0.000000,0.000000,5,3.000000,0.000000,0.000000,5
memo,1000,2048000,1000,2048000,0.01,64,2048,sharded,0.146484375,ed25519,gossip,direct,shard,nonce_hash_set,5,7764.945012,15.084817,18.727272,5,0.261554,0.000418,0.000519,5,12542711.600000,658047.111413,816942.418416,5,1221.926000,55.300403,68.653511,5,2.000000,0.000000,0.000000,5,2.000000,0.000000,0.000000,5,2.000000,0.000000,0.000000,5,3.000000,0.000000,0.000000,5
memo,1000,2048000,1000,2048000,0.01,64,2048,sharded,0.29296875,ed25519,gossip,direct,shard,nonce_hash_set,5,5170.591762,12.787439,15.875157,5,0.392790,0.000841,0.001044,5,12542711.600000,658047.111413,816942.418416,5,1221.926000,55.300403,68.653511,5,2.000000,0.000000,0.000000,5,2.000000,0.000000,0.000000,5,2.000000,0.000000,0.000000,5,3.000000,0.000000,0.000000,5
memo,1000,2048000,1000,2048000,0.01,64,2048,sharded,0.5859375,ed25519,gossip,direct,shard,nonce_hash_set,5,3099.426915,9.181399,11.398384,5,0.655269,0.001733,0.002151,5,12542711.600000,658047.111413,816942.418416,5,1221.926000,55.300403,68.653511,5,2.000000,0.000000,0.000000,5,2.000000,0.000000,0.000000,5,2.000000,0.000000,0.000000,5,3.000000,0.000000,0.000000,5
memo,1000,2048000,1000,2048000,0.01,64,2048,sharded,1200.0,ed25519,gossip,direct,shard,nonce_hash_set,5,1.888818,0.007088,0.008799,5,1075.257780,3.712458,4.608887,5,12542711.600000,658047.111413,816942.418416,5,1221.926000,55.300403,68.653511,5,2.000000,0.000000,0.000000,5,2.000000,0.000000,0.000000,5,2.000000,0.000000,0.000000,5,3.000000,0.000000,0.000000,5
memo,1000,2048000,1000,2048000,0.01,64,2048,sharded,150.0,ed25519,gossip,direct,shard,nonce_hash_set,5,15.097739,0.056601,0.070269,5,134.521237,0.463976,0.576010,5,12542711.600000,658047.111413,816942.418416,5,1221.926000,55.300403,68.653511,5,2.000000,0.000000,0.000000,5,2.000000,0.000000,0.000000,5,2.000000,0.000000,0.000000,5,3.000000,0.000000,0.000000,5
memo,1000,2048000,1000,2048000,0.01,64,2048,sharded,18.75,ed25519,gossip,direct,shard,nonce_hash_set,5,119.968457,0.446467,0.554273,5,16.929169,0.057916,0.071901,5,12542711.600000,658047.111413,816942.418416,5,1221.926000,55.300403,68.653511,5,2.000000,0.000000,0.000000,5,2.000000,0.000000,0.000000,5,2.000000,0.000000,0.000000,5,3.000000,0.000000,0.000000,5
memo,1000,2048000,1000,2048000,0.01,64,2048,sharded,1.171875,ed25519,gossip,direct,shard,nonce_hash_set,5,1720.815498,5.692393,7.066906,5,1.180232,0.003539,0.004394,5,12542711.600000,658047.111413,816942.418416,5,1221.926000,55.300403,68.653511,5,2.000000,0.000000,0.000000,5,2.000000,0.000000,0.000000,5,2.000000,0.000000,0.000000,5,3.000000,0.000000,0.000000,5
memo,1000,2048000,1000,2048000,0.01,64,2048,sharded,2.34375,ed25519,gossip,direct,shard,nonce_hash_set,5,910.680564,3.201960,3.975122,5,2.230161,0.007162,0.008891,5,12542711.600000,658047.111413,816942.418416,5,1221.926000,55.300403,68.653511,5,2.000000,0.000000,0.000000,5,2.000000,0.000000,0.000000,5,2.000000,0.000000,0.000000,5,3.000000,0.000000,0.000000,5
memo,1000,2048000,1000,2048000,0.01,64,2048,sharded,300.0,ed25519,gossip,direct,shard,nonce_hash_set,5,7.552528,0.028329,0.035170,5,268.912171,0.928045,1.152135,5,12542711.600000,658047.111413,816942.418416,5,1221.926000,55.300403,68.653511,5,2.000000,0.000000,0.000000,5,2.000000,0.000000,0.000000,5,2.000000,0.000000,0.000000,5,3.000000,0.000000,0.000000,5
memo,1000,2048000,1000,2048000,0.01,64,2048,sharded,37.5,ed25519,gossip,direct,shard,nonce_hash_set,5,60.215972,0.225037,0.279376,5,33.728036,0.115924,0.143916,5,12542711.600000,658047.111413,816942.418416,5,1221.926000,55.300403,68.653511,5,2.000000,0.000000,0.000000,5,2.000000,0.000000,0.000000,5,2.000000,0.000000,0.000000,5,3.000000,0.000000,0.000000,5
memo,1000,2048000,1000,2048000,0.01,64,2048,sharded,4.6875,ed25519,gossip,direct,shard,nonce_hash_set,5,469.043045,1.702844,2.114021,5,4.330019,0.014411,0.017891,5,12542711.600000,658047.111413,816942.418416,5,1221.926000,55.300403,68.653511,5,2.000000,0.000000,0.000000,5,2.000000,0.000000,0.000000,5,2.000000,0.000000,0.000000,5,3.000000,0.000000,0.000000,5
memo,1000,2048000,1000,2048000,0.01,64,2048,sharded,600.0,ed25519,gossip,direct,shard,nonce_hash_set,5,3.777179,0.014172,0.017594,5,537.694041,1.856183,2.304386,5,12542711.600000,658047.111413,816942.418416,5,1221.926000,55.300403,68.653511,5,2.000000,0.000000,0.000000,5,2.000000,0.000000,0.000000,5,2.000000,0.000000,0.000000,5,3.000000,0.000000,0.000000,5
memo,1000,2048000,1000,2048000,0.01,64,2048,sharded,75.0,ed25519,gossip,direct,shard,nonce_hash_set,5,30.166258,0.112974,0.140253,5,67.325769,0.231941,0.287947,5,12542711.600000,658047.111413,816942.418416,5,1221.926000,55.300403,68.653511,5,2.000000,0.000000,0.000000,5,2.000000,0.000000,0.000000,5,2.000000,0.000000,0.000000,5,3.000000,0.000000,0.000000,5
memo,1000,2048000,1000,2048000,0.01,64,2048,sharded,9.375,ed25519,gossip,direct,shard,nonce_hash_set,5,238.104206,0.878762,1.090952,5,8.529735,0.028912,0.035894,5,12542711.600000,658047.111413,816942.418416,5,1221.926000,55.300403,68.653511,5,2.000000,0.000000,0.000000,5,2.000000,0.000000,0.000000,5,2.000000,0.000000,0.000000,5,3.000000,0.000000,0.000000,5
memo,1000,262144000,1000,262144000,0.01,64,262144,sharded,0.146484375,ed25519,gossip,direct,shard,nonce_hash_set,5,531485.271089,386.501820,479.828459,5,0.488883,0.000213,0.000264,5,12542711.600000,658047.111413,816942.418416,5,1221.926000,55.300403,68.653511,5,2.000000,0.000000,0.000000,5,2.000000,0.000000,0.000000,5,2.000000,0.000000,0.000000,5,3.000000,0.000000,0.000000,5
memo,1000,262144000,1000,262144000,0.01,64,262144,sharded,0.29296875,ed25519,gossip,direct,shard,nonce_hash_set,5,426902.319351,437.105246,542.650838,5,0.608650,0.000477,0.000592,5,12542711.600000,658047.111413,816942.418416,5,1221.926000,55.300403,68.653511,5,2.000000,0.000000,0.000000,5,2.000000,0.000000,0.000000,5,2.000000,0.000000,0.000000,5,3.000000,0.000000,0.000000,5
memo,1000,262144000,1000,262144000,0.01,64,262144,sharded,0.5859375,ed25519,gossip,direct,shard,nonce_hash_set,5,305853.352723,486.725448,604.252579,5,0.849539,0.001193,0.001482,5,12542711.600000,658047.111413,816942.418416,5,1221.926000,55.300403,68.653511,5,2.000000,0.000000,0.000000,5,2.000000,0.000000,0.000000,5,2.000000,0.000000,0.000000,5,3.000000,0.000000,0.000000,5
memo,1000,262144000,1000,262144000,0.01,64,262144,sharded,1200.0,ed25519,gossip,direct,shard,nonce_hash_set,5,241.616647,0.906125,1.124922,5,1075.409024,3.710522,4.606483,5,12542711.600000,658047.111413,816942.418416,5,1221.926000,55.300403,68.653511,5,2.000000,0.000000,0.000000,5,2.000000,0.000000,0.000000,5,2.000000,0.000000,0.000000,5,3.000000,0.000000,0.000000,5
memo,1000,262144000,1000,262144000,0.01,64,262144,sharded,150.0,ed25519,gossip,direct,shard,nonce_hash_set,5,1929.395524,7.197241,8.935122,5,134.672590,0.462025,0.573588,5,12542711.600000,658047.111413,816942.418416,5,1221.926000,55.300403,68.653511,5,2.000000,0.000000,0.000000,5,2.000000,0.000000,0.000000,5,2.000000,0.000000,0.000000,5,3.000000,0.000000,0.000000,5
memo,1000,262144000,1000,262144000,0.01,64,262144,sharded,18.75,ed25519,gossip,direct,shard,nonce_hash_set,5,15211.344692,54.582462,67.762213,5,17.081757,0.056241,0.069821,5,12542711.600000,658047.111413,816942.418416,5,1221.926000,55.300403,68.653511,5,2.000000,0.000000,0.000000,5,2.000000,0.000000,0.000000,5,2.000000,0.000000,0.000000,5,3.000000,0.000000,0.000000,5
memo,1000,262144000,1000,262144000,0.01,64,262144,sharded,1.171875,ed25519,gossip,direct,shard,nonce_hash_set,5,191970.594985,440.123934,546.398434,5,1.353515,0.002873,0.003566,5,12542711.600000,658047.111413,816942.418416,5,1221.926000,55.300403,68.653511,5,2.000000,0.000000,0.000000,5,2.000000,0.000000,0.000000,5,2.000000,0.000000,0.000000,5,3.000000,0.000000,0.000000,5
memo,1000,262144000,1000,262144000,0.01,64,262144,sharded,2.34375,ed25519,gossip,direct,shard,nonce_hash_set,5,108618.434325,296.622800,368.246806,5,2.392185,0.005942,0.007376,5,12542711.600000,658047.111413,816942.418416,5,1221.926000,55.300403,68.653511,5,2.000000,0.000000,0.000000,5,2.000000,0.000000,0.000000,5,2.000000,0.000000,0.000000,5,3.000000,0.000000,0.000000,5
memo,1000,262144000,1000,262144000,0.01,64,262144,sharded,300.0,ed25519,gossip,direct,shard,nonce_hash_set,5,965.707978,3.613537,4.486079,5,269.063440,0.926136,1.149766,5,12542711.600000,658047.111413,816942.418416,5,1221.926000,55.300403,68.653511,5,2.000000,0.000000,0.000000,5,2.000000,0.000000,0.000000,5,2.000000,0.000000,0.000000,5,3.000000,0.000000,0.000000,5
memo,1000,262144000,1000,262144000,0.01,64,262144,sharded,37.5,ed25519,gossip,direct,shard,nonce_hash_set,5,7669.335777,28.110841,34.898624,5,33.879935,0.114078,0.141624,5,12542711.600000,658047.111413,816942.418416,5,1221.926000,55.300403,68.653511,5,2.000000,0.000000,0.000000,5,2.000000,0.000000,0.000000,5,2.000000,0.000000,0.000000,5,3.000000,0.000000,0.000000,5
memo,1000,262144000,1000,262144000,0.01,64,262144,sharded,4.6875,ed25519,gossip,direct,shard,nonce_hash_set,5,57913.356921,183.414623,227.702824,5,4.486632,0.012957,0.016086,5,12542711.600000,658047.111413,816942.418416,5,1221.926000,55.300403,68.653511,5,2.000000,0.000000,0.000000,5,2.000000,0.000000,0.000000,5,2.000000,0.000000,0.000000,5,3.000000,0.000000,0.000000,5
memo,1000,262144000,1000,262144000,0.01,64,262144,sharded,600.0,ed25519,gossip,direct,shard,nonce_hash_set,5,483.106804,1.810410,2.247560,5,537.845289,1.854252,2.301989,5,12542711.600000,658047.111413,816942.418416,5,1221.926000,55.300403,68.653511,5,2.000000,0.000000,0.000000,5,2.000000,0.000000,0.000000,5,2.000000,0.000000,0.000000,5,3.000000,0.000000,0.000000,5
memo,1000,262144000,1000,262144000,0.01,64,262144,sharded,75.0,ed25519,gossip,direct,shard,nonce_hash_set,5,3850.726439,14.275901,17.723030,5,67.477309,0.229972,0.285502,5,12542711.600000,658047.111413,816942.418416,5,1221.926000,55.300403,68.653511,5,2.000000,0.000000,0.000000,5,2.000000,0.000000,0.000000,5,2.000000,0.000000,0.000000,5,3.000000,0.000000,0.000000,5
memo,1000,262144000,1000,262144000,0.01,64,262144,sharded,9.375,ed25519,gossip,direct,shard,nonce_hash_set,5,29922.255025,103.394166,128.360232,5,8.683714,0.027483,0.034120,5,12542711.600000,658047.111413,816942.418416,5,1221.926000,55.300403,68.653511,5,2.000000,0.000000,0.000000,5,2.000000,0.000000,0.000000,5,2.000000,0.000000,0.000000,5,3.000000,0.000000,0.000000,5
memo,1000,32768000,1000,32768000,0.01,64,32768,sharded,0.146484375,ed25519,gossip,direct,shard,nonce_hash_set,5,115770.746258,142.944408,177.460471,5,0.280556,0.000268,0.000333,5,12542711.600000,658047.111413,816942.418416,5,1221.926000,55.300403,68.653511,5,2.000000,0.000000,0.000000,5,2.000000,0.000000,0.000000,5,2.000000,0.000000,0.000000,5,3.000000,0.000000,0.000000,5
memo,1000,32768000,1000,32768000,0.01,64,32768,sharded,0.29296875,ed25519,gossip,direct,shard,nonce_hash_set,5,79144.946526,151.090436,187.573480,5,0.410389,0.000662,0.000822,5,12542711.600000,658047.111413,816942.418416,5,1221.926000,55.300403,68.653511,5,2.000000,0.000000,0.000000,5,2.000000,0.000000,0.000000,5,2.000000,0.000000,0.000000,5,3.000000,0.000000,0.000000,5
memo,1000,32768000,1000,32768000,0.01,64,32768,sharded,0.5859375,ed25519,gossip,direct,shard,nonce_hash_set,5,48319.779284,125.597728,155.925176,5,0.672194,0.001545,0.001918,5,12542711.600000,658047.111413,816942.418416,5,1221.926000,55.300403,68.653511,5,2.000000,0.000000,0.000000,5,2.000000,0.000000,0.000000,5,2.000000,0.000000,0.000000,5,3.000000,0.000000,0.000000,5
memo,1000,32768000,1000,32768000,0.01,64,32768,sharded,1200.0,ed25519,gossip,direct,shard,nonce_hash_set,5,30.206687,0.113345,0.140714,5,1075.274032,3.712225,4.608597,5,12542711.600000,658047.111413,816942.418416,5,1221.926000,55.300403,68.653511,5,2.000000,0.000000,0.000000,5,2.000000,0.000000,0.000000,5,2.000000,0.000000,0.000000,5,3.000000,0.000000,0.000000,5
memo,1000,32768000,1000,32768000,0.01,64,32768,sharded,150.0,ed25519,gossip,direct,shard,nonce_hash_set,5,241.423145,0.904605,1.123035,5,134.537493,0.463748,0.575727,5,12542711.600000,658047.111413,816942.418416,5,1221.926000,55.300403,68.653511,5,2.000000,0.000000,0.000000,5,2.000000,0.000000,0.000000,5,2.000000,0.000000,0.000000,5,3.000000,0.000000,0.000000,5
memo,1000,32768000,1000,32768000,0.01,64,32768,sharded,18.75,ed25519,gossip,direct,shard,nonce_hash_set,5,1916.766934,7.100416,8.814918,5,16.945439,0.057686,0.071615,5,12542711.600000,658047.111413,816942.418416,5,1221.926000,55.300403,68.653511,5,2.000000,0.000000,0.000000,5,2.000000,0.000000,0.000000,5,2.000000,0.000000,0.000000,5,3.000000,0.000000,0.000000,5
memo,1000,32768000,1000,32768000,0.01,64,32768,sharded,1.171875,ed25519,gossip,direct,shard,nonce_hash_set,5,27138.667648,84.449826,104.841498,5,1.196829,0.003365,0.004177,5,12542711.600000,658047.111413,816942.418416,5,1221.926000,55.300403,68.653511,5,2.000000,0.000000,0.000000,5,2.000000,0.000000,0.000000,5,2.000000,0.000000,0.000000,5,3.000000,0.000000,0.000000,5
memo,1000,32768000,1000,32768000,0.01,64,32768,sharded,2.34375,ed25519,gossip,direct,shard,nonce_hash_set,5,14457.680228,49.148096,61.015638,5,2.246585,0.006962,0.008643,5,12542711.600000,658047.111413,816942.418416,5,1221.926000,55.300403,68.653511,5,2.000000,0.000000,0.000000,5,2.000000,0.000000,0.000000,5,2.000000,0.000000,0.000000,5,3.000000,0.000000,0.000000,5
memo,1000,32768000,1000,32768000,0.01,64,32768,sharded,300.0,ed25519,gossip,direct,shard,nonce_hash_set,5,120.777360,0.452918,0.562281,5,268.928427,0.927816,1.151851,5,12542711.600000,658047.111413,816942.418416,5,1221.926000,55.300403,68.653511,5,2.000000,0.000000,0.000000,5,2.000000,0.000000,0.000000,5,2.000000,0.000000,0.000000,5,3.000000,0.000000,0.000000,5
memo,1000,32768000,1000,32768000,0.01,64,32768,sharded,37.5,ed25519,gossip,direct,shard,nonce_hash_set,5,962.546747,3.589130,4.455778,5,33.744295,0.115700,0.143637,5,12542711.600000,658047.111413,816942.418416,5,1221.926000,55.300403,68.653511,5,2.000000,0.000000,0.000000,5,2.000000,0.000000,0.000000,5,2.000000,0.000000,0.000000,5,3.000000,0.000000,0.000000,5
memo,1000,32768000,1000,32768000,0.01,64,32768,sharded,4.6875,ed25519,gossip,direct,shard,nonce_hash_set,5,7473.024460,26.648215,33.082825,5,4.346357,0.014192,0.017619,5,12542711.600000,658047.111413,816942.418416,5,1221.926000,55.300403,68.653511,5,2.000000,0.000000,0.000000,5,2.000000,0.000000,0.000000,5,2.000000,0.000000,0.000000,5,3.000000,0.000000,0.000000,5
memo,1000,32768000,1000,32768000,0.01,64,32768,sharded,600.0,ed25519,gossip,direct,shard,nonce_hash_set,5,60.405140,0.226613,0.281332,5,537.710294,1.855951,2.304098,5,12542711.600000,658047.111413,816942.418416,5,1221.926000,55.300403,68.653511,5,2.000000,0.000000,0.000000,5,2.000000,0.000000,0.000000,5,2.000000,0.000000,0.000000,5,3.000000,0.000000,0.000000,5
memo,1000,32768000,1000,32768000,0.01,64,32768,sharded,75.0,ed25519,gossip,direct,shard,nonce_hash_set,5,482.320855,1.804300,2.239975,5,67.342026,0.231714,0.287665,5,12542711.600000,658047.111413,816942.418416,5,1221.926000,55.300403,68.653511,5,2.000000,0.000000,0.000000,5,2.000000,0.000000,0.000000,5,2.000000,0.000000,0.000000,5,3.000000,0.000000,0.000000,5
memo,1000,32768000,1000,32768000,0.01,64,32768,sharded,9.375,ed25519,gossip,direct,shard,nonce_hash_set,5,3800.648124,13.895975,17.251366,5,8.546029,0.028679,0.035604,5,12542711.600000,658047.111413,816942.418416,5,1221.926000,55.300403,68.653511,5,2.000000,0.000000,0.000000,5,2.000000,0.000000,0.000000,5,2.000000,0.000000,0.000000,5,3.000000,0.000000,0.000000,5
memo,1000,4096000,1000,4096000,0.01,64,4096,sharded,0.146484375,ed25519,gossip,direct,shard,nonce_hash_set,5,15461.978989,29.047081,36.060933,5,0.262638,0.000403,0.000501,5,12542711.600000,658047.111413,816942.418416,5,1221.926000,55.300403,68.653511,5,2.000000,0.000000,0.000000,5,2.000000,0.000000,0.000000,5,2.000000,0.000000,0.000000,5,3.000000,0.000000,0.000000,5
memo,1000,4096000,1000,4096000,0.01,64,4096,sharded,0.29296875,ed25519,gossip,direct,shard,nonce_hash_set,5,10310.611024,25.045464,31.093066,5,0.393857,0.000827,0.001026,5,12542711.600000,658047.111413,816942.418416,5,1221.926000,55.300403,68.653511,5,2.000000,0.000000,0.000000,5,2.000000,0.000000,0.000000,5,2.000000,0.000000,0.000000,5,3.000000,0.000000,0.000000,5
memo,1000,4096000,1000,4096000,0.01,64,4096,sharded,0.5859375,ed25519,gossip,direct,shard,nonce_hash_set,5,6187.321369,18.159552,22.544447,5,0.656329,0.001718,0.002133,5,12542711.600000,658047.111413,816942.418416,5,1221.926000,55.300403,68.653511,5,2.000000,0.000000,0.000000,5,2.000000,0.000000,0.000000,5,2.000000,0.000000,0.000000,5,3.000000,0.000000,0.000000,5
memo,1000,4096000,1000,4096000,0.01,64,4096,sharded,1200.0,ed25519,gossip,direct,shard,nonce_hash_set,5,3.776703,0.014172,0.017594,5,1075.258831,3.712443,4.608867,5,12542711.600000,658047.111413,816942.418416,5,1221.926000,55.300403,68.653511,5,2.000000,0.000000,0.000000,5,2.000000,0.000000,0.000000,5,2.000000,0.000000,0.000000,5,3.000000,0.000000,0.000000,5
memo,1000,4096000,1000,4096000,0.01,64,4096,sharded,150.0,ed25519,gossip,direct,shard,nonce_hash_set,5,30.187809,0.113172,0.140499,5,134.522288,0.463960,0.575990,5,12542711.600000,658047.111413,816942.418416,5,1221.926000,55.300403,68.653511,5,2.000000,0.000000,0.000000,5,2.000000,0.000000,0.000000,5,2.000000,0.000000,0.000000,5,3.000000,0.000000,0.000000,5
memo,1000,4096000,1000,4096000,0.01,64,4096,sharded,18.75,ed25519,gossip,direct,shard,nonce_hash_set,5,239.862940,0.892403,1.107888,5,16.930221,0.057901,0.071882,5,12542711.600000,658047.111413,816942.418416,5,1221.926000,55.300403,68.653511,5,2.000000,0.000000,0.000000,5,2.000000,0.000000,0.000000,5,2.000000,0.000000,0.000000,5,3.000000,0.000000,0.000000,5
memo,1000,4096000,1000,4096000,0.01,64,4096,sharded,1.171875,ed25519,gossip,direct,shard,nonce_hash_set,5,3437.709105,11.314687,14.046788,5,1.181288,0.003523,0.004374,5,12542711.600000,658047.111413,816942.418416,5,1221.926000,55.300403,68.653511,5,2.000000,0.000000,0.000000,5,2.000000,0.000000,0.000000,5,2.000000,0.000000,0.000000,5,3.000000,0.000000,0.000000,5
memo,1000,4096000,1000,4096000,0.01,64,4096,sharded,2.34375,ed25519,gossip,direct,shard,nonce_hash_set,5,1820.053102,6.383326,7.924675,5,2.231214,0.007146,0.008871,5,12542711.600000,658047.111413,816942.418416,5,1221.926000,55.300403,68.653511,5,2.000000,0.000000,0.000000,5,2.000000,0.000000,0.000000,5,2.000000,0.000000,0.000000,5,3.000000,0.000000,0.000000,5
memo,1000,4096000,1000,4096000,0.01,64,4096,sharded,300.0,ed25519,gossip,direct,shard,nonce_hash_set,5,15.101277,0.056644,0.070322,5,268.913223,0.928029,1.152116,5,12542711.600000,658047.111413,816942.418416,5,1221.926000,55.300403,68.653511,5,2.000000,0.000000,0.000000,5,2.000000,0.000000,0.000000,5,2.000000,0.000000,0.000000,5,3.000000,0.000000,0.000000,5
memo,1000,4096000,1000,4096000,0.01,64,4096,sharded,37.5,ed25519,gossip,direct,shard,nonce_hash_set,5,120.398540,0.449890,0.558523,5,33.729087,0.115909,0.143897,5,12542711.600000,658047.111413,816942.418416,5,1221.926000,55.300403,68.653511,5,2.000000,0.000000,0.000000,5,2.000000,0.000000,0.000000,5,2.000000,0.000000,0.000000,5,3.000000,0.000000,0.000000,5
memo,1000,4096000,1000,4096000,0.01,64,4096,sharded,4.6875,ed25519,gossip,direct,shard,nonce_hash_set,5,937.627311,3.399995,4.220974,5,4.331071,0.014396,0.017872,5,12542711.600000,658047.111413,816942.418416,5,1221.926000,55.300403,68.653511,5,2.000000,0.000000,0.000000,5,2.000000,0.000000,0.000000,5,2.000000,0.000000,0.000000,5,3.000000,0.000000,0.000000,5
memo,1000,4096000,1000,4096000,0.01,64,4096,sharded,600.0,ed25519,gossip,direct,shard,nonce_hash_set,5,7.552483,0.028337,0.035179,5,537.695092,1.856167,2.304366,5,12542711.600000,658047.111413,816942.418416,5,1221.926000,55.300403,68.653511,5,2.000000,0.000000,0.000000,5,2.000000,0.000000,0.000000,5,2.000000,0.000000,0.000000,5,3.000000,0.000000,0.000000,5
memo,1000,4096000,1000,4096000,0.01,64,4096,sharded,75.0,ed25519,gossip,direct,shard,nonce_hash_set,5,60.316721,0.225876,0.280417,5,67.326821,0.231926,0.287928,5,12542711.600000,658047.111413,816942.418416,5,1221.926000,55.300403,68.653511,5,2.000000,0.000000,0.000000,5,2.000000,0.000000,0.000000,5,2.000000,0.000000,0.000000,5,3.000000,0.000000,0.000000,5
memo,1000,4096000,1000,4096000,0.01,64,4096,sharded,9.375,ed25519,gossip,direct,shard,nonce_hash_set,5,476.032472,1.755837,2.179810,5,8.530787,0.028897,0.035875,5,12542711.600000,658047.111413,816942.418416,5,1221.926000,55.300403,68.653511,5,2.000000,0.000000,0.000000,5,2.000000,0.000000,0.000000,5,2.000000,0.000000,0.000000,5,3.000000,0.000000,0.000000,5
memo,1000,524288000,1000,524288000,0.01,64,524288,sharded,0.146484375,ed25519,gossip,direct,shard,nonce_hash_set,5,653818.998361,331.688847,411.780075,5,0.794818,0.000178,0.000221,5,12542711.600000,658047.111413,816942.418416,5,1221.926000,55.300403,68.653511,5,2.000000,0.000000,0.000000,5,2.000000,0.000000,0.000000,5,2.000000,0.000000,0.000000,5,3.000000,0.000000,0.000000,5
memo,1000,524288000,1000,524288000,0.01,64,524288,sharded,0.29296875,ed25519,gossip,direct,shard,nonce_hash_set,5,568199.845034,412.680995,512.328987,5,0.914585,0.000448,0.000556,5,12542711.600000,658047.111413,816942.418416,5,1221.926000,55.300403,68.653511,5,2.000000,0.000000,0.000000,5,2.000000,0.000000,0.000000,5,2.000000,0.000000,0.000000,5,3.000000,0.000000,0.000000,5
memo,1000,524288000,1000,524288000,0.01,64,524288,sharded,0.5859375,ed25519,gossip,direct,shard,nonce_hash_set,5,450271.695756,499.428103,620.022480,5,1.154120,0.001052,0.001306,5,12542711.600000,658047.111413,816942.418416,5,1221.926000,55.300403,68.653511,5,2.000000,0.000000,0.000000,5,2.000000,0.000000,0.000000,5,2.000000,0.000000,0.000000,5,3.000000,0.000000,0.000000,5
memo,1000,524288000,1000,524288000,0.01,64,524288,sharded,1200.0,ed25519,gossip,direct,shard,nonce_hash_set,5,483.134257,1.810625,2.247828,5,1075.627386,3.708548,4.604033,5,12542711.600000,658047.111413,816942.418416,5,1221.926000,55.300403,68.653511,5,2.000000,0.000000,0.000000,5,2.000000,0.000000,0.000000,5,2.000000,0.000000,0.000000,5,3.000000,0.000000,0.000000,5
memo,1000,524288000,1000,524288000,0.01,64,524288,sharded,150.0,ed25519,gossip,direct,shard,nonce_hash_set,5,3852.522994,14.289642,17.740090,5,134.891427,0.459989,0.571060,5,12542711.600000,658047.111413,816942.418416,5,1221.926000,55.300403,68.653511,5,2.000000,0.000000,0.000000,5,2.000000,0.000000,0.000000,5,2.000000,0.000000,0.000000,5,3.000000,0.000000,0.000000,5
memo,1000,524288000,1000,524288000,0.01,64,524288,sharded,18.75,ed25519,gossip,direct,shard,nonce_hash_set,5,30031.468868,104.191234,129.349764,5,17.304237,0.055023,0.068309,5,12542711.600000,658047.111413,816942.418416,5,1221.926000,55.300403,68.653511,5,2.000000,0.000000,0.000000,5,2.000000,0.000000,0.000000,5,2.000000,0.000000,0.000000,5,3.000000,0.000000,0.000000,5
memo,1000,524288000,1000,524288000,0.01,64,524288,sharded,1.171875,ed25519,gossip,direct,shard,nonce_hash_set,5,317665.534511,543.614887,674.878824,5,1.635897,0.002530,0.003140,5,12542711.600000,658047.111413,816942.418416,5,1221.926000,55.300403,68.653511,5,2.000000,0.000000,0.000000,5,2.000000,0.000000,0.000000,5,2.000000,0.000000,0.000000,5,3.000000,0.000000,0.000000,5
memo,1000,524288000,1000,524288000,0.01,64,524288,sharded,2.34375,ed25519,gossip,direct,shard,nonce_hash_set,5,196558.260933,469.435603,582.787843,5,2.643843,0.005889,0.007311,5,12542711.600000,658047.111413,816942.418416,5,1221.926000,55.300403,68.653511,5,2.000000,0.000000,0.000000,5,2.000000,0.000000,0.000000,5,2.000000,0.000000,0.000000,5,3.000000,0.000000,0.000000,5
memo,1000,524288000,1000,524288000,0.01,64,524288,sharded,300.0,ed25519,gossip,direct,shard,nonce_hash_set,5,1929.844589,7.200701,8.939417,5,269.281989,0.924095,1.147232,5,12542711.600000,658047.111413,816942.418416,5,1221.926000,55.300403,68.653511,5,2.000000,0.000000,0.000000,5,2.000000,0.000000,0.000000,5,2.000000,0.000000,0.000000,5,3.000000,0.000000,0.000000,5
memo,1000,524288000,1000,524288000,0.01,64,524288,sharded,37.5,ed25519,gossip,direct,shard,nonce_hash_set,5,15239.504231,54.792604,68.023097,5,34.100322,0.112531,0.139703,5,12542711.600000,658047.111413,816942.418416,5,1221.926000,55.300403,68.653511,5,2.000000,0.000000,0.000000,5,2.000000,0.000000,0.000000,5,2.000000,0.000000,0.000000,5,3.000000,0.000000,0.000000,5
memo,1000,524288000,1000,524288000,0.01,64,524288,sharded,4.6875,ed25519,gossip,direct,shard,nonce_hash_set,5,110072.013205,305.996916,379.884444,5,4.721182,0.011979,0.014872,5,12542711.600000,658047.111413,816942.418416,5,1221.926000,55.300403,68.653511,5,2.000000,0.000000,0.000000,5,2.000000,0.000000,0.000000,5,2.000000,0.000000,0.000000,5,3.000000,0.000000,0.000000,5
memo,1000,524288000,1000,524288000,0.01,64,524288,sharded,600.0,ed25519,gossip,direct,shard,nonce_hash_set,5,965.819538,3.614403,4.487154,5,538.063687,1.852317,2.299587,5,12542711.600000,658047.111413,816942.418416,5,1221.926000,55.300403,68.653511,5,2.000000,0.000000,0.000000,5,2.000000,0.000000,0.000000,5,2.000000,0.000000,0.000000,5,3.000000,0.000000,0.000000,5
memo,1000,524288000,1000,524288000,0.01,64,524288,sharded,75.0,ed25519,gossip,direct,shard,nonce_hash_set,5,7676.480136,28.164957,34.965806,5,67.696678,0.228203,0.283306,5,12542711.600000,658047.111413,816942.418416,5,1221.926000,55.300403,68.653511,5,2.000000,0.000000,0.000000,5,2.000000,0.000000,0.000000,5,2.000000,0.000000,0.000000,5,3.000000,0.000000,0.000000,5
memo,1000,524288000,1000,524288000,0.01,64,524288,sharded,9.375,ed25519,gossip,direct,shard,nonce_hash_set,5,58323.975762,186.253799,231.227562,5,8.910074,0.025984,0.032258,5,12542711.600000,658047.111413,816942.418416,5,1221.926000,55.300403,68.653511,5,2.000000,0.000000,0.000000,5,2.000000,0.000000,0.000000,5,2.000000,0.000000,0.000000,5,3.000000,0.000000,0.000000,5
memo,1000,65536000,1000,65536000,0.01,64,65536,sharded,0.146484375,ed25519,gossip,direct,shard,nonce_hash_set,5,212190.855254,219.050732,271.943804,5,0.306136,0.000228,0.000283,5,12542711.600000,658047.111413,816942.418416,5,1221.926000,55.300403,68.653511,5,2.000000,0.000000,0.000000,5,2.000000,0.000000,0.000000,5,2.000000,0.000000,0.000000,5,3.000000,0.000000,0.000000,5
memo,1000,65536000,1000,65536000,0.01,64,65536,sharded,0.29296875,ed25519,gossip,direct,shard,nonce_hash_set,5,150324.062490,247.182035,306.867830,5,0.432129,0.000615,0.000763,5,12542711.600000,658047.111413,816942.418416,5,1221.926000,55.300403,68.653511,5,2.000000,0.000000,0.000000,5,2.000000,0.000000,0.000000,5,2.000000,0.000000,0.000000,5,3.000000,0.000000,0.000000,5
memo,1000,65536000,1000,65536000,0.01,64,65536,sharded,0.5859375,ed25519,gossip,direct,shard,nonce_hash_set,5,93899.804062,216.000413,268.156940,5,0.691796,0.001405,0.001744,5,12542711.600000,658047.111413,816942.418416,5,1221.926000,55.300403,68.653511,5,2.000000,0.000000,0.000000,5,2.000000,0.000000,0.000000,5,2.000000,0.000000,0.000000,5,3.000000,0.000000,0.000000,5
memo,1000,65536000,1000,65536000,0.01,64,65536,sharded,1200.0,ed25519,gossip,direct,shard,nonce_hash_set,5,60.411456,0.226666,0.281397,5,1075.291607,3.711979,4.608291,5,12542711.600000,658047.111413,816942.418416,5,1221.926000,55.300403,68.653511,5,2.000000,0.000000,0.000000,5,2.000000,0.000000,0.000000,5,2.000000,0.000000,0.000000,5,3.000000,0.000000,0.000000,5
memo,1000,65536000,1000,65536000,0.01,64,65536,sharded,150.0,ed25519,gossip,direct,shard,nonce_hash_set,5,482.775774,1.807834,2.244363,5,134.555071,0.463506,0.575427,5,12542711.600000,658047.111413,816942.418416,5,1221.926000,55.300403,68.653511,5,2.000000,0.000000,0.000000,5,2.000000,0.000000,0.000000,5,2.000000,0.000000,0.000000,5,3.000000,0.000000,0.000000,5
memo,1000,65536000,1000,65536000,0.01,64,65536,sharded,18.75,ed25519,gossip,direct,shard,nonce_hash_set,5,3829.488582,14.114071,17.522124,5,16.963076,0.057436,0.071305,5,12542711.600000,658047.111413,816942.418416,5,1221.926000,55.300403,68.653511,5,2.000000,0.000000,0.000000,5,2.000000,0.000000,0.000000,5,2.000000,0.000000,0.000000,5,3.000000,0.000000,0.000000,5
memo,1000,65536000,1000,65536000,0.01,64,65536,sharded,1.171875,ed25519,gossip,direct,shard,nonce_hash_set,5,53446.818681,154.862480,192.256340,5,1.215407,0.003171,0.003936,5,12542711.600000,658047.111413,816942.418416,5,1221.926000,55.300403,68.653511,5,2.000000,0.000000,0.000000,5,2.000000,0.000000,0.000000,5,2.000000,0.000000,0.000000,5,3.000000,0.000000,0.000000,5
memo,1000,65536000,1000,65536000,0.01,64,65536,sharded,2.34375,ed25519,gossip,direct,shard,nonce_hash_set,5,28683.895469,94.692146,117.556980,5,2.264678,0.006808,0.008452,5,12542711.600000,658047.111413,816942.418416,5,1221.926000,55.300403,68.653511,5,2.000000,0.000000,0.000000,5,2.000000,0.000000,0.000000,5,2.000000,0.000000,0.000000,5,3.000000,0.000000,0.000000,5
memo,1000,65536000,1000,65536000,0.01,64,65536,sharded,300.0,ed25519,gossip,direct,shard,nonce_hash_set,5,241.535212,0.905485,1.124127,5,268.946005,0.927574,1.151550,5,12542711.600000,658047.111413,816942.418416,5,1221.926000,55.300403,68.653511,5,2.000000,0.000000,0.000000,5,2.000000,0.000000,0.000000,5,2.000000,0.000000,0.000000,5,3.000000,0.000000,0.000000,5
memo,1000,65536000,1000,65536000,0.01,64,65536,sharded,37.5,ed25519,gossip,direct,shard,nonce_hash_set,5,1924.060138,7.156243,8.884224,5,33.761896,0.115450,0.143327,5,12542711.600000,658047.111413,816942.418416,5,1221.926000,55.300403,68.653511,5,2.000000,0.000000,0.000000,5,2.000000,0.000000,0.000000,5,2.000000,0.000000,0.000000,5,3.000000,0.000000,0.000000,5
memo,1000,65536000,1000,65536000,0.01,64,65536,sharded,4.6875,ed25519,gossip,direct,shard,nonce_hash_set,5,14884.748562,52.187621,64.789101,5,4.364188,0.014001,0.017382,5,12542711.600000,658047.111413,816942.418416,5,1221.926000,55.300403,68.653511,5,2.000000,0.000000,0.000000,5,2.000000,0.000000,0.000000,5,2.000000,0.000000,0.000000,5,3.000000,0.000000,0.000000,5
memo,1000,65536000,1000,65536000,0.01,64,65536,sharded,600.0,ed25519,gossip,direct,shard,nonce_hash_set,5,120.804471,0.453135,0.562551,5,537.727872,1.855709,2.303797,5,12542711.600000,658047.111413,816942.418416,5,1221.926000,55.300403,68.653511,5,2.000000,0.000000,0.000000,5,2.000000,0.000000,0.000000,5,2.000000,0.000000,0.000000,5,3.000000,0.000000,0.000000,5
memo,1000,65536000,1000,65536000,0.01,64,65536,sharded,75.0,ed25519,gossip,direct,shard,nonce_hash_set,5,964.375042,3.603233,4.473288,5,67.359609,0.231477,0.287371,5,12542711.600000,658047.111413,816942.418416,5,1221.926000,55.300403,68.653511,5,2.000000,0.000000,0.000000,5,2.000000,0.000000,0.000000,5,2.000000,0.000000,0.000000,5,3.000000,0.000000,0.000000,5
memo,1000,65536000,1000,65536000,0.01,64,65536,sharded,9.375,ed25519,gossip,direct,shard,nonce_hash_set,5,7585.463766,27.480543,34.116131,5,8.563733,0.028462,0.035335,5,12542711.600000,658047.111413,816942.418416,5,1221.926000,55.300403,68.653511,5,2.000000,0.000000,0.000000,5,2.000000,0.000000,0.000000,5,2.000000,0.000000,0.000000,5,3.000000,0.000000,0.000000,5
memo,1000,8192000,1000,8192000,0.01,64,8192,sharded,0.146484375,ed25519,gossip,direct,shard,nonce_hash_set,5,30657.233175,53.328574,66.205555,5,0.264890,0.000371,0.000460,5,12542711.600000,658047.111413,816942.418416,5,1221.926000,55.300403,68.653511,5,2.000000,0.000000,0.000000,5,2.000000,0.000000,0.000000,5,2.000000,0.000000,0.000000,5,3.000000,0.000000,0.000000,5
memo,1000,8192000,1000,8192000,0.01,64,8192,sharded,0.29296875,ed25519,gossip,direct,shard,nonce_hash_set,5,20504.591278,48.219520,59.862843,5,0.396049,0.000802,0.000995,5,12542711.600000,658047.111413,816942.418416,5,1221.926000,55.300403,68.653511,5,2.000000,0.000000,0.000000,5,2.000000,0.000000,0.000000,5,2.000000,0.000000,0.000000,5,3.000000,0.000000,0.000000,5
memo,1000,8192000,1000,8192000,0.01,64,8192,sharded,0.5859375,ed25519,gossip,direct,shard,nonce_hash_set,5,12332.557291,35.569256,44.157985,5,0.658487,0.001692,0.002100,5,12542711.600000,658047.111413,816942.418416,5,1221.926000,55.300403,68.653511,5,2.000000,0.000000,0.000000,5,2.000000,0.000000,0.000000,5,2.000000,0.000000,0.000000,5,3.000000,0.000000,0.000000,5
memo,1000,8192000,1000,8192000,0.01,64,8192,sharded,1200.0,ed25519,gossip,direct,shard,nonce_hash_set,5,7.552461,0.028341,0.035184,5,1075.260957,3.712411,4.608829,5,12542711.600000,658047.111413,816942.418416,5,1221.926000,55.300403,68.653511,5,2.000000,0.000000,0.000000,5,2.000000,0.000000,0.000000,5,2.000000,0.000000,0.000000,5,3.000000,0.000000,0.000000,5
memo,1000,8192000,1000,8192000,0.01,64,8192,sharded,150.0,ed25519,gossip,direct,shard,nonce_hash_set,5,60.367230,0.226297,0.280939,5,134.524414,0.463929,0.575952,5,12542711.600000,658047.111413,816942.418416,5,1221.926000,55.300403,68.653511,5,2.000000,0.000000,0.000000,5,2.000000,0.000000,0.000000,5,2.000000,0.000000,0.000000,5,3.000000,0.000000,0.000000,5
memo,1000,8192000,1000,8192000,0.01,64,8192,sharded,18.75,ed25519,gossip,direct,shard,nonce_hash_set,5,479.606560,1.783288,2.213890,5,16.932347,0.057871,0.071844,5,12542711.600000,658047.111413,816942.418416,5,1221.926000,55.300403,68.653511,5,2.000000,0.000000,0.000000,5,2.000000,0.000000,0.000000,5,2.000000,0.000000,0.000000,5,3.000000,0.000000,0.000000,5
memo,1000,8192000,1000,8192000,0.01,64,8192,sharded,1.171875,ed25519,gossip,direct,shard,nonce_hash_set,5,6862.124553,22.378509,27.782134,5,1.183430,0.003495,0.004339,5,12542711.600000,658047.111413,816942.418416,5,1221.926000,55.300403,68.653511,5,2.000000,0.000000,0.000000,5,2.000000,0.000000,0.000000,5,2.000000,0.000000,0.000000,5,3.000000,0.000000,0.000000,5
memo,1000,8192000,1000,8192000,0.01,64,8192,sharded,2.34375,ed25519,gossip,direct,shard,nonce_hash_set,5,3636.179613,12.688646,15.752509,5,2.233348,0.007114,0.008832,5,12542711.600000,658047.111413,816942.418416,5,1221.926000,55.300403,68.653511,5,2.000000,0.000000,0.000000,5,2.000000,0.000000,0.000000,5,2.000000,0.000000,0.000000,5,3.000000,0.000000,0.000000,5
memo,1000,8192000,1000,8192000,0.01,64,8192,sharded,300.0,ed25519,gossip,direct,shard,nonce_hash_set,5,30.198597,0.113271,0.140622,5,268.915349,0.927998,1.152077,5,12542711.600000,658047.111413,816942.418416,5,1221.926000,55.300403,68.653511,5,2.000000,0.000000,0.000000,5,2.000000,0.000000,0.000000,5,2.000000,0.000000,0.000000,5,3.000000,0.000000,0.000000,5
memo,1000,8192000,1000,8192000,0.01,64,8192,sharded,37.5,ed25519,gossip,direct,shard,nonce_hash_set,5,240.752249,0.899346,1.116507,5,33.731214,0.115879,0.143860,5,12542711.600000,658047.111413,816942.418416,5,1221.926000,55.300403,68.653511,5,2.000000,0.000000,0.000000,5,2.000000,0.000000,0.000000,5,2.000000,0.000000,0.000000,5,3.000000,0.000000,0.000000,5
memo,1000,8192000,1000,8192000,0.01,64,8192,sharded,4.6875,ed25519,gossip,direct,shard,nonce_hash_set,5,1874.102102,6.778724,8.415548,5,4.333201,0.014365,0.017833,5,12542711.600000,658047.111413,816942.418416,5,1221.926000,55.300403,68.653511,5,2.000000,0.000000,0.000000,5,2.000000,0.000000,0.000000,5,2.000000,0.000000,0.000000,5,3.000000,0.000000,0.000000,5
memo,1000,8192000,1000,8192000,0.01,64,8192,sharded,600.0,ed25519,gossip,direct,shard,nonce_hash_set,5,15.103047,0.056666,0.070349,5,537.697218,1.856136,2.304327,5,12542711.600000,658047.111413,816942.418416,5,1221.926000,55.300403,68.653511,5,2.000000,0.000000,0.000000,5,2.000000,0.000000,0.000000,5,2.000000,0.000000,0.000000,5,3.000000,0.000000,0.000000,5
memo,1000,8192000,1000,8192000,0.01,64,8192,sharded,75.0,ed25519,gossip,direct,shard,nonce_hash_set,5,120.614778,0.451617,0.560666,5,67.328947,0.231896,0.287890,5,12542711.600000,658047.111413,816942.418416,5,1221.926000,55.300403,68.653511,5,2.000000,0.000000,0.000000,5,2.000000,0.000000,0.000000,5,2.000000,0.000000,0.000000,5,3.000000,0.000000,0.000000,5
memo,1000,8192000,1000,8192000,0.01,64,8192,sharded,9.375,ed25519,gossip,direct,shard,nonce_hash_set,5,951.710371,3.506167,4.352783,5,8.532915,0.028867,0.035838,5,12542711.600000,658047.111413,816942.418416,5,1221.926000,55.300403,68.653511,5,2.000000,0.000000,0.000000,5,2.000000,0.000000,0.000000,5,2.000000,0.000000,0.000000,5,3.000000,0.000000,0.000000,5
memo,1000,1024000,1000,1024000,0.01,8,1024,sharded,0.146484375,ed25519,gossip,direct,shard,nonce_hash_set,5,3857.262024,32.712415,40.611316,5,0.248358,0.001162,0.001443,5,12053592.400000,597693.976609,742016.117472,5,1198.578000,51.780664,64.283879,5,2.000000,0.000000,0.000000,5,2.000000,0.000000,0.000000,5,2.000000,0.000000,0.000000,5,3.000000,0.000000,0.000000,5
memo,1000,1024000,1000,1024000,0.01,8,1024,sharded,0.29296875,ed25519,gossip,direct,shard,nonce_hash_set,5,2594.094452,27.568680,34.225550,5,0.369304,0.002519,0.003127,5,12053592.400000,597693.976609,742016.117472,5,1198.578000,51.780664,64.283879,5,2.000000,0.000000,0.000000,5,2.000000,0.000000,0.000000,5,2.000000,0.000000,0.000000,5,3.000000,0.000000,0.000000,5
memo,1000,1024000,1000,1024000,0.01,8,1024,sharded,0.5859375,ed25519,gossip,direct,shard,nonce_hash_set,5,1567.328467,19.394155,24.077163,5,0.611253,0.005240,0.006506,5,12053592.400000,597693.976609,742016.117472,5,1198.578000,51.780664,64.283879,5,2.000000,0.000000,0.000000,5,2.000000,0.000000,0.000000,5,2.000000,0.000000,0.000000,5,3.000000,0.000000,0.000000,5
memo,1000,1024000,1000,1024000,0.01,8,1024,sharded,1200.0,ed25519,gossip,direct,shard,nonce_hash_set,5,0.966558,0.014574,0.018093,5,991.232112,11.195223,13.898476,5,12053592.400000,597693.976609,742016.117472,5,1198.578000,51.780664,64.283879,5,2.000000,0.000000,0.000000,5,2.000000,0.000000,0.000000,5,2.000000,0.000000,0.000000,5,3.000000,0.000000,0.000000,5
memo,1000,1024000,1000,1024000,0.01,8,1024,sharded,150.0,ed25519,gossip,direct,shard,nonce_hash_set,5,7.725518,0.116397,0.144503,5,124.015393,1.399194,1.737051,5,12053592.400000,597693.976609,742016.117472,5,1198.578000,51.780664,64.283879,5,2.000000,0.000000,0.000000,5,2.000000,0.000000,0.000000,5,2.000000,0.000000,0.000000,5,3.000000,0.000000,0.000000,5
memo,1000,1024000,1000,1024000,0.01,8,1024,sharded,18.75,ed25519,gossip,direct,shard,nonce_hash_set,5,61.363132,0.918807,1.140667,5,15.613305,0.174690,0.216871,5,12053592.400000,597693.976609,742016.117472,5,1198.578000,51.780664,64.283879,5,2.000000,0.000000,0.000000,5,2.000000,0.000000,0.000000,5,2.000000,0.000000,0.000000,5,3.000000,0.000000,0.000000,5
memo,1000,1024000,1000,1024000,0.01,8,1024,sharded,1.171875,ed25519,gossip,direct,shard,nonce_hash_set,5,874.791427,11.866563,14.731922,5,1.095180,0.010701,0.013285,5,12053592.400000,597693.976609,742016.117472,5,1198.578000,51.780664,64.283879,5,2.000000,0.000000,0.000000,5,2.000000,0.000000,0.000000,5,2.000000,0.000000,0.000000,5,3.000000,0.000000,0.000000,5
memo,1000,1024000,1000,1024000,0.01,8,1024,sharded,2.34375,ed25519,gossip,direct,shard,nonce_hash_set,5,464.393818,6.628794,8.229416,5,2.063050,0.021630,0.026853,5,12053592.400000,597693.976609,742016.117472,5,1198.578000,51.780664,64.283879,5,2.000000,0.000000,0.000000,5,2.000000,0.000000,0.000000,5,2.000000,0.000000,0.000000,5,3.000000,0.000000,0.000000,5
memo,1000,1024000,1000,1024000,0.01,8,1024,sharded,300.0,ed25519,gossip,direct,shard,nonce_hash_set,5,3.864743,0.058254,0.072321,5,247.903496,2.798627,3.474397,5,12053592.400000,597693.976609,742016.117472,5,1198.578000,51.780664,64.283879,5,2.000000,0.000000,0.000000,5,2.000000,0.000000,0.000000,5,2.000000,0.000000,0.000000,5,3.000000,0.000000,0.000000,5
memo,1000,1024000,1000,1024000,0.01,8,1024,sharded,37.5,ed25519,gossip,direct,shard,nonce_hash_set,5,30.807184,0.462922,0.574702,5,31.099317,0.349620,0.434041,5,12053592.400000,597693.976609,742016.117472,5,1198.578000,51.780664,64.283879,5,2.000000,0.000000,0.000000,5,2.000000,0.000000,0.000000,5,2.000000,0.000000,0.000000,5,3.000000,0.000000,0.000000,5
memo,1000,1024000,1000,1024000,0.01,8,1024,sharded,4.6875,ed25519,gossip,direct,shard,nonce_hash_set,5,239.590722,3.513340,4.361688,5,3.998799,0.043495,0.053998,5,12053592.400000,597693.976609,742016.117472,5,1198.578000,51.780664,64.283879,5,2.000000,0.000000,0.000000,5,2.000000,0.000000,0.000000,5,2.000000,0.000000,0.000000,5,3.000000,0.000000,0.000000,5
memo,1000,1024000,1000,1024000,0.01,8,1024,sharded,600.0,ed25519,gossip,direct,shard,nonce_hash_set,5,1.932868,0.029141,0.036178,5,495.679701,5.597492,6.949090,5,12053592.400000,597693.976609,742016.117472,5,1198.578000,51.780664,64.283879,5,2.000000,0.000000,0.000000,5,2.000000,0.000000,0.000000,5,2.000000,0.000000,0.000000,5,3.000000,0.000000,0.000000,5
memo,1000,1024000,1000,1024000,0.01,8,1024,sharded,75.0,ed25519,gossip,direct,shard,nonce_hash_set,5,15.435189,0.232348,0.288452,5,62.071342,0.699478,0.868377,5,12053592.400000,597693.976609,742016.117472,5,1198.578000,51.780664,64.283879,5,2.000000,0.000000,0.000000,5,2.000000,0.000000,0.000000,5,2.000000,0.000000,0.000000,5,3.000000,0.000000,0.000000,5
memo,1000,1024000,1000,1024000,0.01,8,1024,sharded,9.375,ed25519,gossip,direct,shard,nonce_hash_set,5,121.733506,1.809978,2.247025,5,7.870300,0.087226,0.108288,5,12053592.400000,597693.976609,742016.117472,5,1198.578000,51.780664,64.283879,5,2.000000,0.000000,0.000000,5,2.000000,0.000000,0.000000,5,2.000000,0.000000,0.000000,5,3.000000,0.000000,0.000000,5
memo,1000,131072000,1000,131072000,0.01,8,131072,sharded,0.146484375,ed25519,gossip,direct,shard,nonce_hash_set,5,115909.790533,486.801488,604.346981,5,1.056780,0.000607,0.000754,5,12053592.400000,597693.976609,742016.117472,5,1198.578000,51.780664,64.283879,5,2.000000,0.000000,0.000000,5,2.000000,0.000000,0.000000,5,2.000000,0.000000,0.000000,5,3.000000,0.000000,0.000000,5
memo,1000,131072000,1000,131072000,0.01,8,131072,sharded,0.29296875,ed25519,gossip,direct,shard,nonce_hash_set,5,105795.358362,472.677492,586.812535,5,1.157813,0.001157,0.001436,5,12053592.400000,597693.976609,742016.117472,5,1198.578000,51.780664,64.283879,5,2.000000,0.000000,0.000000,5,2.000000,0.000000,0.000000,5,2.000000,0.000000,0.000000,5,3.000000,0.000000,0.000000,5
memo,1000,131072000,1000,131072000,0.01,8,131072,sharded,0.5859375,ed25519,gossip,direct,shard,nonce_hash_set,5,90075.267560,444.697416,552.076251,5,1.359880,0.002295,0.002850,5,12053592.400000,597693.976609,742016.117472,5,1198.578000,51.780664,64.283879,5,2.000000,0.000000,0.000000,5,2.000000,0.000000,0.000000,5,2.000000,0.000000,0.000000,5,3.000000,0.000000,0.000000,5
memo,1000,131072000,1000,131072000,0.01,8,131072,sharded,1200.0,ed25519,gossip,direct,shard,nonce_hash_set,5,123.530363,1.860246,2.309430,5,991.720604,11.178141,13.877270,5,12053592.400000,597693.976609,742016.117472,5,1198.578000,51.780664,64.283879,5,2.000000,0.000000,0.000000,5,2.000000,0.000000,0.000000,5,2.000000,0.000000,0.000000,5,3.000000,0.000000,0.000000,5
memo,1000,131072000,1000,131072000,0.01,8,131072,sharded,150.0,ed25519,gossip,direct,shard,nonce_hash_set,5,983.951445,14.651219,18.188975,5,124.505307,1.382721,1.716599,5,12053592.400000,597693.976609,742016.117472,5,1198.578000,51.780664,64.283879,5,2.000000,0.000000,0.000000,5,2.000000,0.000000,0.000000,5,2.000000,0.000000,0.000000,5,3.000000,0.000000,0.000000,5
memo,1000,131072000,1000,131072000,0.01,8,131072,sharded,18.75,ed25519,gossip,direct,shard,nonce_hash_set,5,7603.273561,103.905917,128.995553,5,16.112037,0.159632,0.198177,5,12053592.400000,597693.976609,742016.117472,5,1198.578000,51.780664,64.283879,5,2.000000,0.000000,0.000000,5,2.000000,0.000000,0.000000,5,2.000000,0.000000,0.000000,5,3.000000,0.000000,0.000000,5
memo,1000,131072000,1000,131072000,0.01,8,131072,sharded,1.171875,ed25519,gossip,direct,shard,nonce_hash_set,5,69407.403974,392.093462,486.770286,5,1.764828,0.004511,0.005600,5,12053592.400000,597693.976609,742016.117472,5,1198.578000,51.780664,64.283879,5,2.000000,0.000000,0.000000,5,2.000000,0.000000,0.000000,5,2.000000,0.000000,0.000000,5,3.000000,0.000000,0.000000,5
memo,1000,131072000,1000,131072000,0.01,8,131072,sharded,2.34375,ed25519,gossip,direct,shard,nonce_hash_set,5,46368.749588,346.948835,430.724815,5,2.641732,0.010606,0.013166,5,12053592.400000,597693.976609,742016.117472,5,1198.578000,51.780664,64.283879,5,2.000000,0.000000,0.000000,5,2.000000,0.000000,0.000000,5,2.000000,0.000000,0.000000,5,3.000000,0.000000,0.000000,5
memo,1000,131072000,1000,131072000,0.01,8,131072,sharded,300.0,ed25519,gossip,direct,shard,nonce_hash_set,5,493.200770,7.390843,9.175473,5,248.392594,2.781816,3.453527,5,12053592.400000,597693.976609,742016.117472,5,1198.578000,51.780664,64.283879,5,2.000000,0.000000,0.000000,5,2.000000,0.000000,0.000000,5,2.000000,0.000000,0.000000,5,3.000000,0.000000,0.000000,5
memo,1000,131072000,1000,131072000,0.01,8,131072,sharded,37.5,ed25519,gossip,direct,shard,nonce_hash_set,5,3877.620701,55.691543,69.139098,5,31.593051,0.334549,0.415331,5,12053592.400000,597693.976609,742016.117472,5,1198.578000,51.780664,64.283879,5,2.000000,0.000000,0.000000,5,2.000000,0.000000,0.000000,5,2.000000,0.000000,0.000000,5,3.000000,0.000000,0.000000,5
memo,1000,131072000,1000,131072000,0.01,8,131072,sharded,4.6875,ed25519,gossip,direct,shard,nonce_hash_set,5,27040.187930,276.846734,343.695514,5,4.530203,0.029917,0.037140,5,12053592.400000,597693.976609,742016.117472,5,1198.578000,51.780664,64.283879,5,2.000000,0.000000,0.000000,5,2.000000,0.000000,0.000000,5,2.000000,0.000000,0.000000,5,3.000000,0.000000,0.000000,5
memo,1000,131072000,1000,131072000,0.01,8,131072,sharded,600.0,ed25519,gossip,direct,shard,nonce_hash_set,5,246.907141,3.712118,4.608465,5,496.168492,5.580595,6.928114,5,12053592.400000,597693.976609,742016.117472,5,1198.578000,51.780664,64.283879,5,2.000000,0.000000,0.000000,5,2.000000,0.000000,0.000000,5,2.000000,0.000000,0.000000,5,3.000000,0.000000,0.000000,5
memo,1000,131072000,1000,131072000,0.01,8,131072,sharded,75.0,ed25519,gossip,direct,shard,nonce_hash_set,5,1958.146665,28.795859,35.749049,5,62.562583,0.683493,0.848533,5,12053592.400000,597693.976609,742016.117472,5,1198.578000,51.780664,64.283879,5,2.000000,0.000000,0.000000,5,2.000000,0.000000,0.000000,5,2.000000,0.000000,0.000000,5,3.000000,0.000000,0.000000,5
memo,1000,131072000,1000,131072000,0.01,8,131072,sharded,9.375,ed25519,gossip,direct,shard,nonce_hash_set,5,14619.103650,180.333240,223.877395,5,8.379540,0.072232,0.089674,5,12053592.400000,597693.976609,742016.117472,5,1198.578000,51.780664,64.283879,5,2.000000,0.000000,0.000000,5,2.000000,0.000000,0.000000,5,2.000000,0.000000,0.000000,5,3.000000,0.000000,0.000000,5
memo,1000,16384000,1000,16384000,0.01,8,16384,sharded,0.146484375,ed25519,gossip,direct,shard,nonce_hash_set,5,46645.451538,227.590005,282.545012,5,0.328270,0.000604,0.000749,5,12053592.400000,597693.976609,742016.117472,5,1198.578000,51.780664,64.283879,5,2.000000,0.000000,0.000000,5,2.000000,0.000000,0.000000,5,2.000000,0.000000,0.000000,5,3.000000,0.000000,0.000000,5
memo,1000,16384000,1000,16384000,0.01,8,16384,sharded,0.29296875,ed25519,gossip,direct,shard,nonce_hash_set,5,34968.927866,224.323840,278.490183,5,0.437888,0.001276,0.001584,5,12053592.400000,597693.976609,742016.117472,5,1198.578000,51.780664,64.283879,5,2.000000,0.000000,0.000000,5,2.000000,0.000000,0.000000,5,2.000000,0.000000,0.000000,5,3.000000,0.000000,0.000000,5
memo,1000,16384000,1000,16384000,0.01,8,16384,sharded,0.5859375,ed25519,gossip,direct,shard,nonce_hash_set,5,22721.052149,206.543857,256.416957,5,0.673950,0.003661,0.004544,5,12053592.400000,597693.976609,742016.117472,5,1198.578000,51.780664,64.283879,5,2.000000,0.000000,0.000000,5,2.000000,0.000000,0.000000,5,2.000000,0.000000,0.000000,5,3.000000,0.000000,0.000000,5
memo,1000,16384000,1000,16384000,0.01,8,16384,sharded,1200.0,ed25519,gossip,direct,shard,nonce_hash_set,5,15.448901,0.232959,0.289211,5,991.289430,11.193217,13.895987,5,12053592.400000,597693.976609,742016.117472,5,1198.578000,51.780664,64.283879,5,2.000000,0.000000,0.000000,5,2.000000,0.000000,0.000000,5,2.000000,0.000000,0.000000,5,3.000000,0.000000,0.000000,5
memo,1000,16384000,1000,16384000,0.01,8,16384,sharded,150.0,ed25519,gossip,direct,shard,nonce_hash_set,5,123.430183,1.857427,2.305930,5,124.072752,1.397178,1.734548,5,12053592.400000,597693.976609,742016.117472,5,1198.578000,51.780664,64.283879,5,2.000000,0.000000,0.000000,5,2.000000,0.000000,0.000000,5,2.000000,0.000000,0.000000,5,3.000000,0.000000,0.000000,5
memo,1000,16384000,1000,16384000,0.01,8,16384,sharded,18.75,ed25519,gossip,direct,shard,nonce_hash_set,5,977.244752,14.471852,17.966296,5,15.670840,0.172751,0.214465,5,12053592.400000,597693.976609,742016.117472,5,1198.578000,51.780664,64.283879,5,2.000000,0.000000,0.000000,5,2.000000,0.000000,0.000000,5,2.000000,0.000000,0.000000,5,3.000000,0.000000,0.000000,5
memo,1000,16384000,1000,16384000,0.01,8,16384,sharded,1.171875,ed25519,gossip,direct,shard,nonce_hash_set,5,13256.939817,152.058503,188.775300,5,1.155118,0.008944,0.011104,5,12053592.400000,597693.976609,742016.117472,5,1198.578000,51.780664,64.283879,5,2.000000,0.000000,0.000000,5,2.000000,0.000000,0.000000,5,2.000000,0.000000,0.000000,5,3.000000,0.000000,0.000000,5
memo,1000,16384000,1000,16384000,0.01,8,16384,sharded,2.34375,ed25519,gossip,direct,shard,nonce_hash_set,5,7217.744619,94.757663,117.638317,5,2.121681,0.019868,0.024665,5,12053592.400000,597693.976609,742016.117472,5,1198.578000,51.780664,64.283879,5,2.000000,0.000000,0.000000,5,2.000000,0.000000,0.000000,5,2.000000,0.000000,0.000000,5,3.000000,0.000000,0.000000,5
memo,1000,16384000,1000,16384000,0.01,8,16384,sharded,300.0,ed25519,gossip,direct,shard,nonce_hash_set,5,61.761077,0.930495,1.155177,5,247.960836,2.796605,3.471887,5,12053592.400000,597693.976609,742016.117472,5,1198.578000,51.780664,64.283879,5,2.000000,0.000000,0.000000,5,2.000000,0.000000,0.000000,5,2.000000,0.000000,0.000000,5,3.000000,0.000000,0.000000,5
memo,1000,16384000,1000,16384000,0.01,8,16384,sharded,37.5,ed25519,gossip,direct,shard,nonce_hash_set,5,491.523944,7.345387,9.119041,5,31.156751,0.347638,0.431580,5,12053592.400000,597693.976609,742016.117472,5,1198.578000,51.780664,64.283879,5,2.000000,0.000000,0.000000,5,2.000000,0.000000,0.000000,5,2.000000,0.000000,0.000000,5,3.000000,0.000000,0.000000,5
memo,1000,16384000,1000,16384000,0.01,8,16384,sharded,4.6875,ed25519,gossip,direct,shard,nonce_hash_set,5,3774.893469,53.084815,65.902937,5,4.056808,0.041731,0.051807,5,12053592.400000,597693.976609,742016.117472,5,1198.578000,51.780664,64.283879,5,2.000000,0.000000,0.000000,5,2.000000,0.000000,0.000000,5,2.000000,0.000000,0.000000,5,3.000000,0.000000,0.000000,5
memo,1000,16384000,1000,16384000,0.01,8,16384,sharded,600.0,ed25519,gossip,direct,shard,nonce_hash_set,5,30.892046,0.465695,0.578144,5,495.737028,5.595486,6.946599,5,12053592.400000,597693.976609,742016.117472,5,1198.578000,51.780664,64.283879,5,2.000000,0.000000,0.000000,5,2.000000,0.000000,0.000000,5,2.000000,0.000000,0.000000,5,3.000000,0.000000,0.000000,5
memo,1000,16384000,1000,16384000,0.01,8,16384,sharded,75.0,ed25519,gossip,direct,shard,nonce_hash_set,5,246.493197,3.700735,4.594332,5,62.128738,0.697485,0.865903,5,12053592.400000,597693.976609,742016.117472,5,1198.578000,51.780664,64.283879,5,2.000000,0.000000,0.000000,5,2.000000,0.000000,0.000000,5,2.000000,0.000000,0.000000,5,3.000000,0.000000,0.000000,5
memo,1000,16384000,1000,16384000,0.01,8,16384,sharded,9.375,ed25519,gossip,direct,shard,nonce_hash_set,5,1931.655592,28.100895,34.886276,5,7.928000,0.085348,0.105957,5,12053592.400000,597693.976609,742016.117472,5,1198.578000,51.780664,64.283879,5,2.000000,0.000000,0.000000,5,2.000000,0.000000,0.000000,5,2.000000,0.000000,0.000000,5,3.000000,0.000000,0.000000,5
memo,1000,2048000,1000,2048000,0.01,8,2048,sharded,0.146484375,ed25519,gossip,direct,shard,nonce_hash_set,5,7586.373335,59.987540,74.472428,5,0.252420,0.001046,0.001299,5,12053592.400000,597693.976609,742016.117472,5,1198.578000,51.780664,64.283879,5,2.000000,0.000000,0.000000,5,2.000000,0.000000,0.000000,5,2.000000,0.000000,0.000000,5,3.000000,0.000000,0.000000,5
memo,1000,2048000,1000,2048000,0.01,8,2048,sharded,0.29296875,ed25519,gossip,direct,shard,nonce_hash_set,5,5130.765367,52.477950,65.149535,5,0.373240,0.002402,0.002982,5,12053592.400000,597693.976609,742016.117472,5,1198.578000,51.780664,64.283879,5,2.000000,0.000000,0.000000,5,2.000000,0.000000,0.000000,5,2.000000,0.000000,0.000000,5,3.000000,0.000000,0.000000,5
memo,1000,2048000,1000,2048000,0.01,8,2048,sharded,0.5859375,ed25519,gossip,direct,shard,nonce_hash_set,5,3113.259718,37.773998,46.895094,5,0.615130,0.005129,0.006368,5,12053592.400000,597693.976609,742016.117472,5,1198.578000,51.780664,64.283879,5,2.000000,0.000000,0.000000,5,2.000000,0.000000,0.000000,5,2.000000,0.000000,0.000000,5,3.000000,0.000000,0.000000,5
memo,1000,2048000,1000,2048000,0.01,8,2048,sharded,1200.0,ed25519,gossip,direct,shard,nonce_hash_set,5,1.932100,0.029136,0.036172,5,991.235926,11.195089,13.898310,5,12053592.400000,597693.976609,742016.117472,5,1198.578000,51.780664,64.283879,5,2.000000,0.000000,0.000000,5,2.000000,0.000000,0.000000,5,2.000000,0.000000,0.000000,5,3.000000,0.000000,0.000000,5
memo,1000,2048000,1000,2048000,0.01,8,2048,sharded,150.0,ed25519,gossip,direct,shard,nonce_hash_set,5,15.442497,0.232674,0.288856,5,124.019208,1.399060,1.736884,5,12053592.400000,597693.976609,742016.117472,5,1198.578000,51.780664,64.283879,5,2.000000,0.000000,0.000000,5,2.000000,0.000000,0.000000,5,2.000000,0.000000,0.000000,5,3.000000,0.000000,0.000000,5
memo,1000,2048000,1000,2048000,0.01,8,2048,sharded,18.75,ed25519,gossip,direct,shard,nonce_hash_set,5,122.632193,1.835033,2.278130,5,15.617123,0.174556,0.216705,5,12053592.400000,597693.976609,742016.117472,5,1198.578000,51.780664,64.283879,5,2.000000,0.000000,0.000000,5,2.000000,0.000000,0.000000,5,2.000000,0.000000,0.000000,5,3.000000,0.000000,0.000000,5
memo,1000,2048000,1000,2048000,0.01,8,2048,sharded,1.171875,ed25519,gossip,direct,shard,nonce_hash_set,5,1742.541252,23.381453,29.027254,5,1.099029,0.010579,0.013134,5,12053592.400000,597693.976609,742016.117472,5,1198.578000,51.780664,64.283879,5,2.000000,0.000000,0.000000,5,2.000000,0.000000,0.000000,5,2.000000,0.000000,0.000000,5,3.000000,0.000000,0.000000,5
memo,1000,2048000,1000,2048000,0.01,8,2048,sharded,2.34375,ed25519,gossip,direct,shard,nonce_hash_set,5,926.579286,13.151292,16.326868,5,2.066884,0.021503,0.026696,5,12053592.400000,597693.976609,742016.117472,5,1198.578000,51.780664,64.283879,5,2.000000,0.000000,0.000000,5,2.000000,0.000000,0.000000,5,2.000000,0.000000,0.000000,5,3.000000,0.000000,0.000000,5
memo,1000,2048000,1000,2048000,0.01,8,2048,sharded,300.0,ed25519,gossip,direct,shard,nonce_hash_set,5,7.725333,0.116456,0.144576,5,247.907310,2.798493,3.474231,5,12053592.400000,597693.976609,742016.117472,5,1198.578000,51.780664,64.283879,5,2.000000,0.000000,0.000000,5,2.000000,0.000000,0.000000,5,2.000000,0.000000,0.000000,5,3.000000,0.000000,0.000000,5
memo,1000,2048000,1000,2048000,0.01,8,2048,sharded,37.5,ed25519,gossip,direct,shard,nonce_hash_set,5,61.574646,0.925010,1.148367,5,31.103134,0.349484,0.433872,5,12053592.400000,597693.976609,742016.117472,5,1198.578000,51.780664,64.283879,5,2.000000,0.000000,0.000000,5,2.000000,0.000000,0.000000,5,2.000000,0.000000,0.000000,5,3.000000,0.000000,0.000000,5
memo,1000,2048000,1000,2048000,0.01,8,2048,sharded,4.6875,ed25519,gossip,direct,shard,nonce_hash_set,5,478.473372,6.996095,8.685407,5,4.002623,0.043363,0.053834,5,12053592.400000,597693.976609,742016.117472,5,1198.578000,51.780664,64.283879,5,2.000000,0.000000,0.000000,5,2.000000,0.000000,0.000000,5,2.000000,0.000000,0.000000,5,3.000000,0.000000,0.000000,5
memo,1000,2048000,1000,2048000,0.01,8,2048,sharded,600.0,ed25519,gossip,direct,shard,nonce_hash_set,5,3.863688,0.058258,0.072325,5,495.683515,5.597358,6.948924,5,12053592.400000,597693.976609,742016.117472,5,1198.578000,51.780664,64.283879,5,2.000000,0.000000,0.000000,5,2.000000,0.000000,0.000000,5,2.000000,0.000000,0.000000,5,3.000000,0.000000,0.000000,5
memo,1000,2048000,1000,2048000,0.01,8,2048,sharded,75.0,ed25519,gossip,direct,shard,nonce_hash_set,5,30.852368,0.464398,0.576533,5,62.075158,0.699344,0.868211,5,12053592.400000,597693.976609,742016.117472,5,1198.578000,51.780664,64.283879,5,2.000000,0.000000,0.000000,5,2.000000,0.000000,0.000000,5,2.000000,0.000000,0.000000,5,3.000000,0.000000,0.000000,5
memo,1000,2048000,1000,2048000,0.01,8,2048,sharded,9.375,ed25519,gossip,direct,shard,nonce_hash_set,5,243.221732,3.611309,4.483314,5,7.874121,0.087094,0.108124,5,12053592.400000,597693.976609,742016.117472,5,1198.578000,51.780664,64.283879,5,2.000000,0.000000,0.000000,5,2.000000,0.000000,0.000000,5,2.000000,0.000000,0.000000,5,3.000000,0.000000,0.000000,5
memo,1000,262144000,1000,262144000,0.01,8,262144,sharded,0.146484375,ed25519,gossip,direct,shard,nonce_hash_set,5,129086.999867,526.056766,653.081032,5,1.897799,0.000601,0.000746,5,12053592.400000,597693.976609,742016.117472,5,1198.578000,51.780664,64.283879,5,2.000000,0.000000,0.000000,5,2.000000,0.000000,0.000000,5,2.000000,0.000000,0.000000,5,3.000000,0.000000,0.000000,5
memo,1000,262144000,1000,262144000,0.01,8,262144,sharded,0.29296875,ed25519,gossip,direct,shard,nonce_hash_set,5,122562.205073,517.478494,642.431408,5,1.998832,0.001129,0.001401,5,12053592.400000,597693.976609,742016.117472,5,1198.578000,51.780664,64.283879,5,2.000000,0.000000,0.000000,5,2.000000,0.000000,0.000000,5,2.000000,0.000000,0.000000,5,3.000000,0.000000,0.000000,5
memo,1000,262144000,1000,262144000,0.01,8,262144,sharded,0.5859375,ed25519,gossip,direct,shard,nonce_hash_set,5,111309.775257,501.266753,622.305100,5,2.200899,0.002256,0.002801,5,12053592.400000,597693.976609,742016.117472,5,1198.578000,51.780664,64.283879,5,2.000000,0.000000,0.000000,5,2.000000,0.000000,0.000000,5,2.000000,0.000000,0.000000,5,3.000000,0.000000,0.000000,5
memo,1000,262144000,1000,262144000,0.01,8,262144,sharded,1200.0,ed25519,gossip,direct,shard,nonce_hash_set,5,246.934707,3.712865,4.609392,5,992.222183,11.161236,13.856284,5,12053592.400000,597693.976609,742016.117472,5,1198.578000,51.780664,64.283879,5,2.000000,0.000000,0.000000,5,2.000000,0.000000,0.000000,5,2.000000,0.000000,0.000000,5,3.000000,0.000000,0.000000,5
memo,1000,262144000,1000,262144000,0.01,8,262144,sharded,150.0,ed25519,gossip,direct,shard,nonce_hash_set,5,1959.937290,28.842347,35.806762,5,125.010366,1.367032,1.697122,5,12053592.400000,597693.976609,742016.117472,5,1198.578000,51.780664,64.283879,5,2.000000,0.000000,0.000000,5,2.000000,0.000000,0.000000,5,2.000000,0.000000,0.000000,5,3.000000,0.000000,0.000000,5
memo,1000,262144000,1000,262144000,0.01,8,262144,sharded,18.75,ed25519,gossip,direct,shard,nonce_hash_set,5,14719.883565,182.475646,226.537117,5,16.644287,0.144510,0.179404,5,12053592.400000,597693.976609,742016.117472,5,1198.578000,51.780664,64.283879,5,2.000000,0.000000,0.000000,5,2.000000,0.000000,0.000000,5,2.000000,0.000000,0.000000,5,3.000000,0.000000,0.000000,5
memo,1000,262144000,1000,262144000,0.01,8,262144,sharded,1.171875,ed25519,gossip,direct,shard,nonce_hash_set,5,94041.890454,469.343057,582.672951,5,2.605033,0.004548,0.005646,5,12053592.400000,597693.976609,742016.117472,5,1198.578000,51.780664,64.283879,5,2.000000,0.000000,0.000000,5,2.000000,0.000000,0.000000,5,2.000000,0.000000,0.000000,5,3.000000,0.000000,0.000000,5
memo,1000,262144000,1000,262144000,0.01,8,262144,sharded,2.34375,ed25519,gossip,direct,shard,nonce_hash_set,5,71738.993618,410.172981,509.215376,5,3.414926,0.008989,0.011159,5,12053592.400000,597693.976609,742016.117472,5,1198.578000,51.780664,64.283879,5,2.000000,0.000000,0.000000,5,2.000000,0.000000,0.000000,5,2.000000,0.000000,0.000000,5,3.000000,0.000000,0.000000,5
memo,1000,262144000,1000,262144000,0.01,8,262144,sharded,300.0,ed25519,gossip,direct,shard,nonce_hash_set,5,984.401372,14.663094,18.203717,5,248.895813,2.765487,3.433255,5,12053592.400000,597693.976609,742016.117472,5,1198.578000,51.780664,64.283879,5,2.000000,0.000000,0.000000,5,2.000000,0.000000,0.000000,5,2.000000,0.000000,0.000000,5,3.000000,0.000000,0.000000,5
memo,1000,262144000,1000,262144000,0.01,8,262144,sharded,37.5,ed25519,gossip,direct,shard,nonce_hash_set,5,7630.430792,104.554042,129.800177,5,32.109278,0.319307,0.396408,5,12053592.400000,597693.976609,742016.117472,5,1198.578000,51.780664,64.283879,5,2.000000,0.000000,0.000000,5,2.000000,0.000000,0.000000,5,2.000000,0.000000,0.000000,5,3.000000,0.000000,0.000000,5
memo,1000,262144000,1000,262144000,0.01,8,262144,sharded,4.6875,ed25519,gossip,direct,shard,nonce_hash_set,5,47398.117271,358.854716,445.505549,5,5.168703,0.021240,0.026369,5,12053592.400000,597693.976609,742016.117472,5,1198.578000,51.780664,64.283879,5,2.000000,0.000000,0.000000,5,2.000000,0.000000,0.000000,5,2.000000,0.000000,0.000000,5,3.000000,0.000000,0.000000,5
memo,1000,262144000,1000,262144000,0.01,8,262144,sharded,600.0,ed25519,gossip,direct,shard,nonce_hash_set,5,493.312783,7.393836,9.179188,5,496.670387,5.563677,6.907110,5,12053592.400000,597693.976609,742016.117472,5,1198.578000,51.780664,64.283879,5,2.000000,0.000000,0.000000,5,2.000000,0.000000,0.000000,5,2.000000,0.000000,0.000000,5,3.000000,0.000000,0.000000,5
memo,1000,262144000,1000,262144000,0.01,8,262144,sharded,75.0,ed25519,gossip,direct,shard,nonce_hash_set,5,3884.664205,55.869436,69.359946,5,63.071303,0.669143,0.830717,5,12053592.400000,597693.976609,742016.117472,5,1198.578000,51.780664,64.283879,5,2.000000,0.000000,0.000000,5,2.000000,0.000000,0.000000,5,2.000000,0.000000,0.000000,5,3.000000,0.000000,0.000000,5
memo,1000,262144000,1000,262144000,0.01,8,262144,sharded,9.375,ed25519,gossip,direct,shard,nonce_hash_set,5,27387.064788,282.785558,351.068356,5,8.945623,0.059878,0.074337,5,12053592.400000,597693.976609,742016.117472,5,1198.578000,51.780664,64.283879,5,2.000000,0.000000,0.000000,5,2.000000,0.000000,0.000000,5,2.000000,0.000000,0.000000,5,3.000000,0.000000,0.000000,5
memo,1000,32768000,1000,32768000,0.01,8,32768,sharded,0.146484375,ed25519,gossip,direct,shard,nonce_hash_set,5,70885.542876,326.161054,404.917513,5,0.432015,0.000615,0.000764,5,12053592.400000,597693.976609,742016.117472,5,1198.578000,51.780664,64.283879,5,2.000000,0.000000,0.000000,5,2.000000,0.000000,0.000000,5,2.000000,0.000000,0.000000,5,3.000000,0.000000,0.000000,5
memo,1000,32768000,1000,32768000,0.01,8,32768,sharded,0.29296875,ed25519,gossip,direct,shard,nonce_hash_set,5,57428.184067,300.785889,373.415136,5,0.533252,0.001148,0.001425,5,12053592.400000,597693.976609,742016.117472,5,1198.578000,51.780664,64.283879,5,2.000000,0.000000,0.000000,5,2.000000,0.000000,0.000000,5,2.000000,0.000000,0.000000,5,3.000000,0.000000,0.000000,5
memo,1000,32768000,1000,32768000,0.01,8,32768,sharded,0.5859375,ed25519,gossip,direct,shard,nonce_hash_set,5,40697.180025,282.788402,351.071887,5,0.752486,0.002604,0.003232,5,12053592.400000,597693.976609,742016.117472,5,1198.578000,51.780664,64.283879,5,2.000000,0.000000,0.000000,5,2.000000,0.000000,0.000000,5,2.000000,0.000000,0.000000,5,3.000000,0.000000,0.000000,5
memo,1000,32768000,1000,32768000,0.01,8,32768,sharded,1200.0,ed25519,gossip,direct,shard,nonce_hash_set,5,30.894880,0.465788,0.578259,5,991.350766,11.191076,13.893328,5,12053592.400000,597693.976609,742016.117472,5,1198.578000,51.780664,64.283879,5,2.000000,0.000000,0.000000,5,2.000000,0.000000,0.000000,5,2.000000,0.000000,0.000000,5,3.000000,0.000000,0.000000,5
memo,1000,32768000,1000,32768000,0.01,8,32768,sharded,150.0,ed25519,gossip,direct,shard,nonce_hash_set,5,246.730020,3.707249,4.602419,5,124.134186,1.395074,1.731936,5,12053592.400000,597693.976609,742016.117472,5,1198.578000,51.780664,64.283879,5,2.000000,0.000000,0.000000,5,2.000000,0.000000,0.000000,5,2.000000,0.000000,0.000000,5,3.000000,0.000000,0.000000,5
memo,1000,32768000,1000,32768000,0.01,8,32768,sharded,18.75,ed25519,gossip,direct,shard,nonce_hash_set,5,1946.733142,28.495620,35.376313,5,15.732709,0.170799,0.212041,5,12053592.400000,597693.976609,742016.117472,5,1198.578000,51.780664,64.283879,5,2.000000,0.000000,0.000000,5,2.000000,0.000000,0.000000,5,2.000000,0.000000,0.000000,5,3.000000,0.000000,0.000000,5
memo,1000,32768000,1000,32768000,0.01,8,32768,sharded,1.171875,ed25519,gossip,direct,shard,nonce_hash_set,5,25007.907640,242.527962,301.089962,5,1.224609,0.007411,0.009201,5,12053592.400000,597693.976609,742016.117472,5,1198.578000,51.780664,64.283879,5,2.000000,0.000000,0.000000,5,2.000000,0.000000,0.000000,5,2.000000,0.000000,0.000000,5,3.000000,0.000000,0.000000,5
memo,1000,32768000,1000,32768000,0.01,8,32768,sharded,2.34375,ed25519,gossip,direct,shard,nonce_hash_set,5,14003.954567,167.278866,207.670847,5,2.186946,0.017987,0.022330,5,12053592.400000,597693.976609,742016.117472,5,1198.578000,51.780664,64.283879,5,2.000000,0.000000,0.000000,5,2.000000,0.000000,0.000000,5,2.000000,0.000000,0.000000,5,3.000000,0.000000,0.000000,5
memo,1000,32768000,1000,32768000,0.01,8,32768,sharded,300.0,ed25519,gossip,direct,shard,nonce_hash_set,5,123.487523,1.859041,2.307934,5,248.022214,2.794461,3.469225,5,12053592.400000,597693.976609,742016.117472,5,1198.578000,51.780664,64.283879,5,2.000000,0.000000,0.000000,5,2.000000,0.000000,0.000000,5,2.000000,0.000000,0.000000,5,3.000000,0.000000,0.000000,5
memo,1000,32768000,1000,32768000,0.01,8,32768,sharded,37.5,ed25519,gossip,direct,shard,nonce_hash_set,5,981.073083,14.574160,18.093309,5,31.218390,0.345606,0.429058,5,12053592.400000,597693.976609,742016.117472,5,1198.578000,51.780664,64.283879,5,2.000000,0.000000,0.000000,5,2.000000,0.000000,0.000000,5,2.000000,0.000000,0.000000,5,3.000000,0.000000,0.000000,5
memo,1000,32768000,1000,32768000,0.01,8,32768,sharded,4.6875,ed25519,gossip,direct,shard,nonce_hash_set,5,7433.528931,99.829575,123.934918,5,4.120071,0.039836,0.049455,5,12053592.400000,597693.976609,742016.117472,5,1198.578000,51.780664,64.283879,5,2.000000,0.000000,0.000000,5,2.000000,0.000000,0.000000,5,2.000000,0.000000,0.000000,5,3.000000,0.000000,0.000000,5
memo,1000,32768000,1000,32768000,0.01,8,32768,sharded,600.0,ed25519,gossip,direct,shard,nonce_hash_set,5,61.774422,0.930888,1.155665,5,495.798382,5.593314,6.943903,5,12053592.400000,597693.976609,742016.117472,5,1198.578000,51.780664,64.283879,5,2.000000,0.000000,0.000000,5,2.000000,0.000000,0.000000,5,2.000000,0.000000,0.000000,5,3.000000,0.000000,0.000000,5
memo,1000,32768000,1000,32768000,0.01,8,32768,sharded,75.0,ed25519,gossip,direct,shard,nonce_hash_set,5,492.482539,7.371370,9.151298,5,62.190212,0.695379,0.863289,5,12053592.400000,597693.976609,742016.117472,5,1198.578000,51.780664,64.283879,5,2.000000,0.000000,0.000000,5,2.000000,0.000000,0.000000,5,2.000000,0.000000,0.000000,5,3.000000,0.000000,0.000000,5
memo,1000,32768000,1000,32768000,0.01,8,32768,sharded,9.375,ed25519,gossip,direct,shard,nonce_hash_set,5,3833.027556,54.553178,67.725857,5,7.990326,0.083564,0.103741,5,12053592.400000,597693.976609,742016.117472,5,1198.578000,51.780664,64.283879,5,2.000000,0.000000,0.000000,5,2.000000,0.000000,0.000000,5,2.000000,0.000000,0.000000,5,3.000000,0.000000,0.000000,5
memo,1000,4096000,1000,4096000,0.01,8,4096,sharded,0.146484375,ed25519,gossip,direct,shard,nonce_hash_set,5,14667.238342,102.511646,127.264615,5,0.261050,0.000863,0.001071,5,12053592.400000,597693.976609,742016.117472,5,1198.578000,51.780664,64.283879,5,2.000000,0.000000,0.000000,5,2.000000,0.000000,0.000000,5,2.000000,0.000000,0.000000,5,3.000000,0.000000,0.000000,5
memo,1000,4096000,1000,4096000,0.01,8,4096,sharded,0.29296875,ed25519,gossip,direct,shard,nonce_hash_set,5,10040.801510,94.765088,117.647535,5,0.381342,0.002168,0.002692,5,12053592.400000,597693.976609,742016.117472,5,1198.578000,51.780664,64.283879,5,2.000000,0.000000,0.000000,5,2.000000,0.000000,0.000000,5,2.000000,0.000000,0.000000,5,3.000000,0.000000,0.000000,5
memo,1000,4096000,1000,4096000,0.01,8,4096,sharded,0.5859375,ed25519,gossip,direct,shard,nonce_hash_set,5,6146.390540,71.522004,88.792061,5,0.622982,0.004894,0.006076,5,12053592.400000,597693.976609,742016.117472,5,1198.578000,51.780664,64.283879,5,2.000000,0.000000,0.000000,5,2.000000,0.000000,0.000000,5,2.000000,0.000000,0.000000,5,3.000000,0.000000,0.000000,5
memo,1000,4096000,1000,4096000,0.01,8,4096,sharded,1200.0,ed25519,gossip,direct,shard,nonce_hash_set,5,3.863161,0.058259,0.072327,5,991.243534,11.194822,13.897979,5,12053592.400000,597693.976609,742016.117472,5,1198.578000,51.780664,64.283879,5,2.000000,0.000000,0.000000,5,2.000000,0.000000,0.000000,5,2.000000,0.000000,0.000000,5,3.000000,0.000000,0.000000,5
memo,1000,4096000,1000,4096000,0.01,8,4096,sharded,150.0,ed25519,gossip,direct,shard,nonce_hash_set,5,30.875033,0.465139,0.577453,5,124.026819,1.398793,1.736553,5,12053592.400000,597693.976609,742016.117472,5,1198.578000,51.780664,64.283879,5,2.000000,0.000000,0.000000,5,2.000000,0.000000,0.000000,5,2.000000,0.000000,0.000000,5,3.000000,0.000000,0.000000,5
memo,1000,4096000,1000,4096000,0.01,8,4096,sharded,18.75,ed25519,gossip,direct,shard,nonce_hash_set,5,245.080601,3.661996,4.546240,5,15.624746,0.174293,0.216379,5,12053592.400000,597693.976609,742016.117472,5,1198.578000,51.780664,64.283879,5,2.000000,0.000000,0.000000,5,2.000000,0.000000,0.000000,5,2.000000,0.000000,0.000000,5,3.000000,0.000000,0.000000,5
memo,1000,4096000,1000,4096000,0.01,8,4096,sharded,1.171875,ed25519,gossip,direct,shard,nonce_hash_set,5,3459.806223,45.472705,56.452769,5,1.106764,0.010357,0.012858,5,12053592.400000,597693.976609,742016.117472,5,1198.578000,51.780664,64.283879,5,2.000000,0.000000,0.000000,5,2.000000,0.000000,0.000000,5,2.000000,0.000000,0.000000,5,3.000000,0.000000,0.000000,5
memo,1000,4096000,1000,4096000,0.01,8,4096,sharded,2.34375,ed25519,gossip,direct,shard,nonce_hash_set,5,1845.812654,25.905631,32.160933,5,2.074562,0.021260,0.026394,5,12053592.400000,597693.976609,742016.117472,5,1198.578000,51.780664,64.283879,5,2.000000,0.000000,0.000000,5,2.000000,0.000000,0.000000,5,2.000000,0.000000,0.000000,5,3.000000,0.000000,0.000000,5
memo,1000,4096000,1000,4096000,0.01,8,4096,sharded,300.0,ed25519,gossip,direct,shard,nonce_hash_set,5,15.446157,0.232837,0.289059,5,247.914919,2.798226,3.473900,5,12053592.400000,597693.976609,742016.117472,5,1198.578000,51.780664,64.283879,5,2.000000,0.000000,0.000000,5,2.000000,0.000000,0.000000,5,2.000000,0.000000,0.000000,5,3.000000,0.000000,0.000000,5
memo,1000,4096000,1000,4096000,0.01,8,4096,sharded,37.5,ed25519,gossip,direct,shard,nonce_hash_set,5,123.086967,1.847781,2.293955,5,31.110750,0.349216,0.433540,5,12053592.400000,597693.976609,742016.117472,5,1198.578000,51.780664,64.283879,5,2.000000,0.000000,0.000000,5,2.000000,0.000000,0.000000,5,2.000000,0.000000,0.000000,5,3.000000,0.000000,0.000000,5
memo,1000,4096000,1000,4096000,0.01,8,4096,sharded,4.6875,ed25519,gossip,direct,shard,nonce_hash_set,5,954.870526,13.881058,17.232847,5,4.010272,0.043110,0.053520,5,12053592.400000,597693.976609,742016.117472,5,1198.578000,51.780664,64.283879,5,2.000000,0.000000,0.000000,5,2.000000,0.000000,0.000000,5,2.000000,0.000000,0.000000,5,3.000000,0.000000,0.000000,5
memo,1000,4096000,1000,4096000,0.01,8,4096,sharded,600.0,ed25519,gossip,direct,shard,nonce_hash_set,5,7.725241,0.116485,0.144613,5,495.691124,5.597091,6.948593,5,12053592.400000,597693.976609,742016.117472,5,1198.578000,51.780664,64.283879,5,2.000000,0.000000,0.000000,5,2.000000,0.000000,0.000000,5,2.000000,0.000000,0.000000,5,3.000000,0.000000,0.000000,5
memo,1000,4096000,1000,4096000,0.01,8,4096,sharded,75.0,ed25519,gossip,direct,shard,nonce_hash_set,5,61.681053,0.928139,1.152252,5,62.082771,0.699073,0.867875,5,12053592.400000,597693.976609,742016.117472,5,1198.578000,51.780664,64.283879,5,2.000000,0.000000,0.000000,5,2.000000,0.000000,0.000000,5,2.000000,0.000000,0.000000,5,3.000000,0.000000,0.000000,5
memo,1000,4096000,1000,4096000,0.01,8,4096,sharded,9.375,ed25519,gossip,direct,shard,nonce_hash_set,5,485.845334,7.192395,8.929106,5,7.881749,0.086832,0.107798,5,12053592.400000,597693.976609,742016.117472,5,1198.578000,51.780664,64.283879,5,2.000000,0.000000,0.000000,5,2.000000,0.000000,0.000000,5,2.000000,0.000000,0.000000,5,3.000000,0.000000,0.000000,5
memo,1000,524288000,1000,524288000,0.01,8,524288,sharded,0.146484375,ed25519,gossip,direct,shard,nonce_hash_set,5,134941.554618,527.024086,654.281926,5,3.630913,0.000872,0.001083,5,12053592.400000,597693.976609,742016.117472,5,1198.578000,51.780664,64.283879,5,2.000000,0.000000,0.000000,5,2.000000,0.000000,0.000000,5,2.000000,0.000000,0.000000,5,3.000000,0.000000,0.000000,5
memo,1000,524288000,1000,524288000,0.01,8,524288,sharded,0.29296875,ed25519,gossip,direct,shard,nonce_hash_set,5,131288.369924,522.965481,649.243310,5,3.731946,0.001172,0.001455,5,12053592.400000,597693.976609,742016.117472,5,1198.578000,51.780664,64.283879,5,2.000000,0.000000,0.000000,5,2.000000,0.000000,0.000000,5,2.000000,0.000000,0.000000,5,3.000000,0.000000,0.000000,5
memo,1000,524288000,1000,524288000,0.01,8,524288,sharded,0.5859375,ed25519,gossip,direct,shard,nonce_hash_set,5,124544.935147,515.324912,639.757812,5,3.934013,0.002143,0.002660,5,12053592.400000,597693.976609,742016.117472,5,1198.578000,51.780664,64.283879,5,2.000000,0.000000,0.000000,5,2.000000,0.000000,0.000000,5,2.000000,0.000000,0.000000,5,3.000000,0.000000,0.000000,5
memo,1000,524288000,1000,524288000,0.01,8,524288,sharded,1200.0,ed25519,gossip,direct,shard,nonce_hash_set,5,493.343449,7.394494,9.180005,5,993.277008,11.127051,13.813844,5,12053592.400000,597693.976609,742016.117472,5,1198.578000,51.780664,64.283879,5,2.000000,0.000000,0.000000,5,2.000000,0.000000,0.000000,5,2.000000,0.000000,0.000000,5,3.000000,0.000000,0.000000,5
memo,1000,524288000,1000,524288000,0.01,8,524288,sharded,150.0,ed25519,gossip,direct,shard,nonce_hash_set,5,3886.621119,55.908534,69.408485,5,126.078844,1.337986,1.661063,5,12053592.400000,597693.976609,742016.117472,5,1198.578000,51.780664,64.283879,5,2.000000,0.000000,0.000000,5,2.000000,0.000000,0.000000,5,2.000000,0.000000,0.000000,5,3.000000,0.000000,0.000000,5
memo,1000,524288000,1000,524288000,0.01,8,524288,sharded,18.75,ed25519,gossip,direct,shard,nonce_hash_set,5,27484.925977,283.961002,352.527628,5,17.827509,0.119485,0.148337,5,12053592.400000,597693.976609,742016.117472,5,1198.578000,51.780664,64.283879,5,2.000000,0.000000,0.000000,5,2.000000,0.000000,0.000000,5,2.000000,0.000000,0.000000,5,3.000000,0.000000,0.000000,5
memo,1000,524288000,1000,524288000,0.01,8,524288,sharded,1.171875,ed25519,gossip,direct,shard,nonce_hash_set,5,112942.699476,500.574770,621.446028,5,4.338147,0.004358,0.005410,5,12053592.400000,597693.976609,742016.117472,5,1198.578000,51.780664,64.283879,5,2.000000,0.000000,0.000000,5,2.000000,0.000000,0.000000,5,2.000000,0.000000,0.000000,5,3.000000,0.000000,0.000000,5
memo,1000,524288000,1000,524288000,0.01,8,524288,sharded,2.34375,ed25519,gossip,direct,shard,nonce_hash_set,5,95204.791052,470.263267,583.815359,5,5.146415,0.008923,0.011078,5,12053592.400000,597693.976609,742016.117472,5,1198.578000,51.780664,64.283879,5,2.000000,0.000000,0.000000,5,2.000000,0.000000,0.000000,5,2.000000,0.000000,0.000000,5,3.000000,0.000000,0.000000,5
memo,1000,524288000,1000,524288000,0.01,8,524288,sharded,300.0,ed25519,gossip,direct,shard,nonce_hash_set,5,1960.433335,28.852601,35.819493,5,249.956968,2.733764,3.393872,5,12053592.400000,597693.976609,742016.117472,5,1198.578000,51.780664,64.283879,5,2.000000,0.000000,0.000000,5,2.000000,0.000000,0.000000,5,2.000000,0.000000,0.000000,5,3.000000,0.000000,0.000000,5
memo,1000,524288000,1000,524288000,0.01,8,524288,sharded,37.5,ed25519,gossip,direct,shard,nonce_hash_set,5,14748.100065,182.928850,227.099754,5,33.224822,0.288731,0.358449,5,12053592.400000,597693.976609,742016.117472,5,1198.578000,51.780664,64.283879,5,2.000000,0.000000,0.000000,5,2.000000,0.000000,0.000000,5,2.000000,0.000000,0.000000,5,3.000000,0.000000,0.000000,5
memo,1000,524288000,1000,524288000,0.01,8,524288,sharded,4.6875,ed25519,gossip,direct,shard,nonce_hash_set,5,72413.737278,411.895970,511.354406,5,6.766198,0.017786,0.022080,5,12053592.400000,597693.976609,742016.117472,5,1198.578000,51.780664,64.283879,5,2.000000,0.000000,0.000000,5,2.000000,0.000000,0.000000,5,2.000000,0.000000,0.000000,5,3.000000,0.000000,0.000000,5
memo,1000,524288000,1000,524288000,0.01,8,524288,sharded,600.0,ed25519,gossip,direct,shard,nonce_hash_set,5,984.525493,14.665713,18.206969,5,497.727861,5.530672,6.866135,5,12053592.400000,597693.976609,742016.117472,5,1198.578000,51.780664,64.283879,5,2.000000,0.000000,0.000000,5,2.000000,0.000000,0.000000,5,2.000000,0.000000,0.000000,5,3.000000,0.000000,0.000000,5
memo,1000,524288000,1000,524288000,0.01,8,524288,sharded,75.0,ed25519,gossip,direct,shard,nonce_hash_set,5,7637.999352,104.694854,129.974991,5,64.154796,0.638316,0.792447,5,12053592.400000,597693.976609,742016.117472,5,1198.578000,51.780664,64.283879,5,2.000000,0.000000,0.000000,5,2.000000,0.000000,0.000000,5,2.000000,0.000000,0.000000,5,3.000000,0.000000,0.000000,5
memo,1000,524288000,1000,524288000,0.01,8,524288,sharded,9.375,ed25519,gossip,direct,shard,nonce_hash_set,5,47691.912192,360.752116,447.861105,5,10.273703,0.042239,0.052438,5,12053592.400000,597693.976609,742016.117472,5,1198.578000,51.780664,64.283879,5,2.000000,0.000000,0.000000,5,2.000000,0.000000,0.000000,5,2.000000,0.000000,0.000000,5,3.000000,0.000000,0.000000,5
memo,1000,65536000,1000,65536000,0.01,8,65536,sharded,0.146484375,ed25519,gossip,direct,shard,nonce_hash_set,5,95723.473729,418.291746,519.294537,5,0.639823,0.000613,0.000761,5,12053592.400000,597693.976609,742016.117472,5,1198.578000,51.780664,64.283879,5,2.000000,0.000000,0.000000,5,2.000000,0.000000,0.000000,5,2.000000,0.000000,0.000000,5,3.000000,0.000000,0.000000,5
memo,1000,65536000,1000,65536000,0.01,8,65536,sharded,0.29296875,ed25519,gossip,direct,shard,nonce_hash_set,5,82669.481183,397.507266,493.491335,5,0.740857,0.001167,0.001449,5,12053592.400000,597693.976609,742016.117472,5,1198.578000,51.780664,64.283879,5,2.000000,0.000000,0.000000,5,2.000000,0.000000,0.000000,5,2.000000,0.000000,0.000000,5,3.000000,0.000000,0.000000,5
memo,1000,65536000,1000,65536000,0.01,8,65536,sharded,0.5859375,ed25519,gossip,direct,shard,nonce_hash_set,5,64925.749780,356.839177,443.003327,5,0.943332,0.002265,0.002812,5,12053592.400000,597693.976609,742016.117472,5,1198.578000,51.780664,64.283879,5,2.000000,0.000000,0.000000,5,2.000000,0.000000,0.000000,5,2.000000,0.000000,0.000000,5,3.000000,0.000000,0.000000,5
memo,1000,65536000,1000,65536000,0.01,8,65536,sharded,1200.0,ed25519,gossip,direct,shard,nonce_hash_set,5,61.781090,0.931084,1.155909,5,991.473580,11.186731,13.887935,5,12053592.400000,597693.976609,742016.117472,5,1198.578000,51.780664,64.283879,5,2.000000,0.000000,0.000000,5,2.000000,0.000000,0.000000,5,2.000000,0.000000,0.000000,5,3.000000,0.000000,0.000000,5
memo,1000,65536000,1000,65536000,0.01,8,65536,sharded,150.0,ed25519,gossip,direct,shard,nonce_hash_set,5,492.962839,7.384403,9.167478,5,124.257240,1.390862,1.726706,5,12053592.400000,597693.976609,742016.117472,5,1198.578000,51.780664,64.283879,5,2.000000,0.000000,0.000000,5,2.000000,0.000000,0.000000,5,2.000000,0.000000,0.000000,5,3.000000,0.000000,0.000000,5
memo,1000,65536000,1000,65536000,0.01,8,65536,sharded,18.75,ed25519,gossip,direct,shard,nonce_hash_set,5,3862.746675,55.311365,68.667120,5,15.857468,0.167229,0.207609,5,12053592.400000,597693.976609,742016.117472,5,1198.578000,51.780664,64.283879,5,2.000000,0.000000,0.000000,5,2.000000,0.000000,0.000000,5,2.000000,0.000000,0.000000,5,3.000000,0.000000,0.000000,5
memo,1000,65536000,1000,65536000,0.01,8,65536,sharded,1.171875,ed25519,gossip,direct,shard,nonce_hash_set,5,44324.460659,323.179108,401.215532,5,1.381794,0.005272,0.006544,5,12053592.400000,597693.976609,742016.117472,5,1198.578000,51.780664,64.283879,5,2.000000,0.000000,0.000000,5,2.000000,0.000000,0.000000,5,2.000000,0.000000,0.000000,5,3.000000,0.000000,0.000000,5
memo,1000,65536000,1000,65536000,0.01,8,65536,sharded,2.34375,ed25519,gossip,direct,shard,nonce_hash_set,5,26331.949761,264.666250,328.573871,5,2.326038,0.014915,0.018517,5,12053592.400000,597693.976609,742016.117472,5,1198.578000,51.780664,64.283879,5,2.000000,0.000000,0.000000,5,2.000000,0.000000,0.000000,5,2.000000,0.000000,0.000000,5,3.000000,0.000000,0.000000,5
memo,1000,65536000,1000,65536000,0.01,8,65536,sharded,300.0,ed25519,gossip,direct,shard,nonce_hash_set,5,246.848502,3.710509,4.606467,5,248.145189,2.790252,3.464000,5,12053592.400000,597693.976609,742016.117472,5,1198.578000,51.780664,64.283879,5,2.000000,0.000000,0.000000,5,2.000000,0.000000,0.000000,5,2.000000,0.000000,0.000000,5,3.000000,0.000000,0.000000,5
memo,1000,65536000,1000,65536000,0.01,8,65536,sharded,37.5,ed25519,gossip,direct,shard,nonce_hash_set,5,1954.354234,28.696136,35.625247,5,31.342234,0.341701,0.424210,5,12053592.400000,597693.976609,742016.117472,5,1198.578000,51.780664,64.283879,5,2.000000,0.000000,0.000000,5,2.000000,0.000000,0.000000,5,2.000000,0.000000,0.000000,5,3.000000,0.000000,0.000000,5
memo,1000,65536000,1000,65536000,0.01,8,65536,sharded,4.6875,ed25519,gossip,direct,shard,nonce_hash_set,5,14409.603648,175.844172,218.304375,5,4.250710,0.036072,0.044782,5,12053592.400000,597693.976609,742016.117472,5,1198.578000,51.780664,64.283879,5,2.000000,0.000000,0.000000,5,2.000000,0.000000,0.000000,5,2.000000,0.000000,0.000000,5,3.000000,0.000000,0.000000,5
memo,1000,65536000,1000,65536000,0.01,8,65536,sharded,600.0,ed25519,gossip,direct,shard,nonce_hash_set,5,123.516187,1.859848,2.308936,5,495.921245,5.589024,6.938578,5,12053592.400000,597693.976609,742016.117472,5,1198.578000,51.780664,64.283879,5,2.000000,0.000000,0.000000,5,2.000000,0.000000,0.000000,5,2.000000,0.000000,0.000000,5,3.000000,0.000000,0.000000,5
memo,1000,65536000,1000,65536000,0.01,8,65536,sharded,75.0,ed25519,gossip,direct,shard,nonce_hash_set,5,982.996925,14.625697,18.157290,5,62.313596,0.691314,0.858243,5,12053592.400000,597693.976609,742016.117472,5,1198.578000,51.780664,64.283879,5,2.000000,0.000000,0.000000,5,2.000000,0.000000,0.000000,5,2.000000,0.000000,0.000000,5,3.000000,0.000000,0.000000,5
memo,1000,65536000,1000,65536000,0.01,8,65536,sharded,9.375,ed25519,gossip,direct,shard,nonce_hash_set,5,7546.238977,102.530411,127.287911,5,8.116960,0.079771,0.099033,5,12053592.400000,597693.976609,742016.117472,5,1198.578000,51.780664,64.283879,5,2.000000,0.000000,0.000000,5,2.000000,0.000000,0.000000,5,2.000000,0.000000,0.000000,5,3.000000,0.000000,0.000000,5
memo,1000,8192000,1000,8192000,0.01,8,8192,sharded,0.146484375,ed25519,gossip,direct,shard,nonce_hash_set,5,27284.497137,156.047352,193.727316,5,0.280624,0.000626,0.000777,5,12053592.400000,597693.976609,742016.117472,5,1198.578000,51.780664,64.283879,5,2.000000,0.000000,0.000000,5,2.000000,0.000000,0.000000,5,2.000000,0.000000,0.000000,5,3.000000,0.000000,0.000000,5
memo,1000,8192000,1000,8192000,0.01,8,8192,sharded,0.29296875,ed25519,gossip,direct,shard,nonce_hash_set,5,19206.722682,156.822321,194.689413,5,0.398654,0.001789,0.002222,5,12053592.400000,597693.976609,742016.117472,5,1198.578000,51.780664,64.283879,5,2.000000,0.000000,0.000000,5,2.000000,0.000000,0.000000,5,2.000000,0.000000,0.000000,5,3.000000,0.000000,0.000000,5
memo,1000,8192000,1000,8192000,0.01,8,8192,sharded,0.5859375,ed25519,gossip,direct,shard,nonce_hash_set,5,11978.434902,127.684733,158.516119,5,0.639238,0.004425,0.005493,5,12053592.400000,597693.976609,742016.117472,5,1198.578000,51.780664,64.283879,5,2.000000,0.000000,0.000000,5,2.000000,0.000000,0.000000,5,2.000000,0.000000,0.000000,5,3.000000,0.000000,0.000000,5
memo,1000,8192000,1000,8192000,0.01,8,8192,sharded,1200.0,ed25519,gossip,direct,shard,nonce_hash_set,5,7.725194,0.116500,0.144631,5,991.258803,11.194287,13.897315,5,12053592.400000,597693.976609,742016.117472,5,1198.578000,51.780664,64.283879,5,2.000000,0.000000,0.000000,5,2.000000,0.000000,0.000000,5,2.000000,0.000000,0.000000,5,3.000000,0.000000,0.000000,5
memo,1000,8192000,1000,8192000,0.01,8,8192,sharded,150.0,ed25519,gossip,direct,shard,nonce_hash_set,5,61.734390,0.929709,1.154201,5,124.042097,1.398251,1.735879,5,12053592.400000,597693.976609,742016.117472,5,1198.578000,51.780664,64.283879,5,2.000000,0.000000,0.000000,5,2.000000,0.000000,0.000000,5,2.000000,0.000000,0.000000,5,3.000000,0.000000,0.000000,5
memo,1000,8192000,1000,8192000,0.01,8,8192,sharded,18.75,ed25519,gossip,direct,shard,nonce_hash_set,5,489.617040,7.293837,9.055043,5,15.640054,0.173767,0.215726,5,12053592.400000,597693.976609,742016.117472,5,1198.578000,51.780664,64.283879,5,2.000000,0.000000,0.000000,5,2.000000,0.000000,0.000000,5,2.000000,0.000000,0.000000,5,3.000000,0.000000,0.000000,5
memo,1000,8192000,1000,8192000,0.01,8,8192,sharded,1.171875,ed25519,gossip,direct,shard,nonce_hash_set,5,6821.530672,85.787498,106.502171,5,1.122519,0.009885,0.012272,5,12053592.400000,597693.976609,742016.117472,5,1198.578000,51.780664,64.283879,5,2.000000,0.000000,0.000000,5,2.000000,0.000000,0.000000,5,2.000000,0.000000,0.000000,5,3.000000,0.000000,0.000000,5
memo,1000,8192000,1000,8192000,0.01,8,8192,sharded,2.34375,ed25519,gossip,direct,shard,nonce_hash_set,5,3663.711622,50.332158,62.485609,5,2.090083,0.020815,0.025841,5,12053592.400000,597693.976609,742016.117472,5,1198.578000,51.780664,64.283879,5,2.000000,0.000000,0.000000,5,2.000000,0.000000,0.000000,5,2.000000,0.000000,0.000000,5,3.000000,0.000000,0.000000,5
memo,1000,8192000,1000,8192000,0.01,8,8192,sharded,300.0,ed25519,gossip,direct,shard,nonce_hash_set,5,30.886376,0.465510,0.577914,5,247.930193,2.797691,3.473235,5,12053592.400000,597693.976609,742016.117472,5,1198.578000,51.780664,64.283879,5,2.000000,0.000000,0.000000,5,2.000000,0.000000,0.000000,5,2.000000,0.000000,0.000000,5,3.000000,0.000000,0.000000,5
memo,1000,8192000,1000,8192000,0.01,8,8192,sharded,37.5,ed25519,gossip,direct,shard,nonce_hash_set,5,246.020693,3.687755,4.578219,5,31.126048,0.348691,0.432887,5,12053592.400000,597693.976609,742016.117472,5,1198.578000,51.780664,64.283879,5,2.000000,0.000000,0.000000,5,2.000000,0.000000,0.000000,5,2.000000,0.000000,0.000000,5,3.000000,0.000000,0.000000,5
memo,1000,8192000,1000,8192000,0.01,8,8192,sharded,4.6875,ed25519,gossip,direct,shard,nonce_hash_set,5,1902.177454,27.337096,33.938046,5,4.025679,0.042623,0.052915,5,12053592.400000,597693.976609,742016.117472,5,1198.578000,51.780664,64.283879,5,2.000000,0.000000,0.000000,5,2.000000,0.000000,0.000000,5,2.000000,0.000000,0.000000,5,3.000000,0.000000,0.000000,5
memo,1000,8192000,1000,8192000,0.01,8,8192,sharded,600.0,ed25519,gossip,direct,shard,nonce_hash_set,5,15.447987,0.232918,0.289160,5,495.706394,5.596557,6.947929,5,12053592.400000,597693.976609,742016.117472,5,1198.578000,51.780664,64.283879,5,2.000000,0.000000,0.000000,5,2.000000,0.000000,0.000000,5,2.000000,0.000000,0.000000,5,3.000000,0.000000,0.000000,5
memo,1000,8192000,1000,8192000,0.01,8,8192,sharded,75.0,ed25519,gossip,direct,shard,nonce_hash_set,5,123.315608,1.854204,2.301929,5,62.098055,0.698537,0.867209,5,12053592.400000,597693.976609,742016.117472,5,1198.578000,51.780664,64.283879,5,2.000000,0.000000,0.000000,5,2.000000,0.000000,0.000000,5,2.000000,0.000000,0.000000,5,3.000000,0.000000,0.000000,5
memo,1000,8192000,1000,8192000,0.01,8,8192,sharded,9.375,ed25519,gossip,direct,shard,nonce_hash_set,5,969.673640,14.270580,17.716424,5,7.897099,0.086324,0.107168,5,12053592.400000,597693.976609,742016.117472,5,1198.578000,51.780664,64.283879,5,2.000000,0.000000,0.000000,5,2.000000,0.000000,0.000000,5,2.000000,0.000000,0.000000,5,3.000000,0.000000,0.000000,5