currency,nodes,wallets,miners,transactions,interval,shards,block size,mode,blocktime in configuration file,sig_scheme,broadcast_protocol,shard_comm_protocol,verify_mode,conflict_check,n_seeds,tps_mean,tps_std,tps_ci95_halfwidth,tps_n,average block time_mean,average block time_std,average block time_ci95_halfwidth,average block time_n,messages_mean,messages_std,messages_ci95_halfwidth,messages_n,broadcast_cpu_seconds_mean,broadcast_cpu_seconds_std,broadcast_cpu_seconds_ci95_halfwidth,broadcast_cpu_seconds_n,hop_p50_mean,hop_p50_std,hop_p50_ci95_halfwidth,hop_p50_n,hop_p90_mean,hop_p90_std,hop_p90_ci95_halfwidth,hop_p90_n,hop_p99_mean,hop_p99_std,hop_p99_ci95_halfwidth,hop_p99_n,hop_max_mean,hop_max_std,hop_max_ci95_halfwidth,hop_max_n
memo,1000,1024000,1000,1024000,0.01,128,1024,sharded,0.146484375,ed25519,gossip,direct,shard,nonce_hash_set,5,6866.551225,11.956762,14.843901,5,0.148626,0.000239,0.000297,5,12598807.200000,977470.314387,1213495.126285,5,1214.738000,70.317812,87.297098,5,2.000000,0.000000,0.000000,5,2.000000,0.000000,0.000000,5,2.000000,0.000000,0.000000,5,3.000000,0.000000,0.000000,5
memo,1000,1024000,1000,1024000,0.01,128,1024,sharded,0.29296875,ed25519,gossip,direct,shard,nonce_hash_set,5,3623.869754,6.666883,8.276701,5,0.281619,0.000481,0.000597,5,12598807.200000,977470.314387,1213495.126285,5,1214.738000,70.317812,87.297098,5,2.000000,0.000000,0.000000,5,2.000000,0.000000,0.000000,5,2.000000,0.000000,0.000000,5,3.000000,0.000000,0.000000,5
memo,1000,1024000,1000,1024000,0.01,128,1024,sharded,0.5859375,ed25519,gossip,direct,shard,nonce_hash_set,5,1863.661189,3.529565,4.381832,5,0.547606,0.000964,0.001197,5,12598807.200000,977470.314387,1213495.126285,5,1214.738000,70.317812,87.297098,5,2.000000,0.000000,0.000000,5,2.000000,0.000000,0.000000,5,2.000000,0.000000,0.000000,5,3.000000,0.000000,0.000000,5
memo,1000,1024000,1000,1024000,0.01,128,1024,sharded,1200.0,ed25519,gossip,direct,shard,nonce_hash_set,5,0.936718,0.001828,0.002269,5,1089.497017,1.979244,2.457162,5,12598807.200000,977470.314387,1213495.126285,5,1214.738000,70.317812,87.297098,5,2.000000,0.000000,0.000000,5,2.000000,0.000000,0.000000,5,2.000000,0.000000,0.000000,5,3.000000,0.000000,0.000000,5
memo,1000,1024000,1000,1024000,0.01,128,1024,sharded,150.0,ed25519,gossip,direct,shard,nonce_hash_set,5,7.492993,0.014618,0.018148,5,136.200805,0.247403,0.307142,5,12598807.200000,977470.314387,1213495.126285,5,1214.738000,70.317812,87.297098,5,2.000000,0.000000,0.000000,5,2.000000,0.000000,0.000000,5,2.000000,0.000000,0.000000,5,3.000000,0.000000,0.000000,5
memo,1000,1024000,1000,1024000,0.01,128,1024,sharded,18.75,ed25519,gossip,direct,shard,nonce_hash_set,5,59.895823,0.116754,0.144946,5,17.038779,0.030923,0.038390,5,12598807.200000,977470.314387,1213495.126285,5,1214.738000,70.317812,87.297098,5,2.000000,0.000000,0.000000,5,2.000000,0.000000,0.000000,5,2.000000,0.000000,0.000000,5,3.000000,0.000000,0.000000,5
memo,1000,1024000,1000,1024000,0.01,128,1024,sharded,1.171875,ed25519,gossip,direct,shard,nonce_hash_set,5,945.323677,1.816990,2.255729,5,1.079579,0.001930,0.002397,5,12598807.200000,977470.314387,1213495.126285,5,1214.738000,70.317812,87.297098,5,2.000000,0.000000,0.000000,5,2.000000,0.000000,0.000000,5,2.000000,0.000000,0.000000,5,3.000000,0.000000,0.000000,5
memo,1000,1024000,1000,1024000,0.01,128,1024,sharded,2.34375,ed25519,gossip,direct,shard,nonce_hash_set,5,476.108897,0.921982,1.144608,5,2.143526,0.003863,0.004796,5,12598807.200000,977470.314387,1213495.126285,5,1214.738000,70.317812,87.297098,5,2.000000,0.000000,0.000000,5,2.000000,0.000000,0.000000,5,2.000000,0.000000,0.000000,5,3.000000,0.000000,0.000000,5
memo,1000,1024000,1000,1024000,0.01,128,1024,sharded,300.0,ed25519,gossip,direct,shard,nonce_hash_set,5,3.746712,0.007310,0.009075,5,272.385978,0.494809,0.614288,5,12598807.200000,977470.314387,1213495.126285,5,1214.738000,70.317812,87.297098,5,2.000000,0.000000,0.000000,5,2.000000,0.000000,0.000000,5,2.000000,0.000000,0.000000,5,3.000000,0.000000,0.000000,5
memo,1000,1024000,1000,1024000,0.01,128,1024,sharded,37.5,ed25519,gossip,direct,shard,nonce_hash_set,5,29.961656,0.058431,0.072540,5,34.061926,0.061849,0.076783,5,12598807.200000,977470.314387,1213495.126285,5,1214.738000,70.317812,87.297098,5,2.000000,0.000000,0.000000,5,2.000000,0.000000,0.000000,5,2.000000,0.000000,0.000000,5,3.000000,0.000000,0.000000,5
memo,1000,1024000,1000,1024000,0.01,128,1024,sharded,4.6875,ed25519,gossip,direct,shard,nonce_hash_set,5,238.925674,0.464419,0.576560,5,4.271419,0.007729,0.009595,5,12598807.200000,977470.314387,1213495.126285,5,1214.738000,70.317812,87.297098,5,2.000000,0.000000,0.000000,5,2.000000,0.000000,0.000000,5,2.000000,0.000000,0.000000,5,3.000000,0.000000,0.000000,5
memo,1000,1024000,1000,1024000,0.01,128,1024,sharded,600.0,ed25519,gossip,direct,shard,nonce_hash_set,5,1.873410,0.003655,0.004538,5,544.756324,0.989621,1.228579,5,12598807.200000,977470.314387,1213495.126285,5,1214.738000,70.317812,87.297098,5,2.000000,0.000000,0.000000,5,2.000000,0.000000,0.000000,5,2.000000,0.000000,0.000000,5,3.000000,0.000000,0.000000,5
memo,1000,1024000,1000,1024000,0.01,128,1024,sharded,75.0,ed25519,gossip,direct,shard,nonce_hash_set,5,14.984266,0.029229,0.036287,5,68.108219,0.123700,0.153570,5,12598807.200000,977470.314387,1213495.126285,5,1214.738000,70.317812,87.297098,5,2.000000,0.000000,0.000000,5,2.000000,0.000000,0.000000,5,2.000000,0.000000,0.000000,5,3.000000,0.000000,0.000000,5
memo,1000,1024000,1000,1024000,0.01,128,1024,sharded,9.375,ed25519,gossip,direct,shard,nonce_hash_set,5,119.681842,0.233074,0.289353,5,8.527206,0.015460,0.019193,5,12598807.200000,977470.314387,1213495.126285,5,1214.738000,70.317812,87.297098,5,2.000000,0.000000,0.000000,5,2.000000,0.000000,0.000000,5,2.000000,0.000000,0.000000,5,3.000000,0.000000,0.000000,5
memo,1000,131072000,1000,131072000,0.01,128,131072,sharded,0.146484375,ed25519,gossip,direct,shard,nonce_hash_set,5,644176.983975,2641.314126,3279.098886,5,0.202592,0.000847,0.001052,5,12598807.200000,977470.314387,1213495.126285,5,1214.738000,70.317812,87.297098,5,2.000000,0.000000,0.000000,5,2.000000,0.000000,0.000000,5,2.000000,0.000000,0.000000,5,3.000000,0.000000,0.000000,5
memo,1000,131072000,1000,131072000,0.01,128,131072,sharded,0.29296875,ed25519,gossip,direct,shard,nonce_hash_set,5,395517.178338,1354.697191,1681.809068,5,0.329959,0.001147,0.001424,5,12598807.200000,977470.314387,1213495.126285,5,1214.738000,70.317812,87.297098,5,2.000000,0.000000,0.000000,5,2.000000,0.000000,0.000000,5,2.000000,0.000000,0.000000,5,3.000000,0.000000,0.000000,5
memo,1000,131072000,1000,131072000,0.01,128,131072,sharded,0.5859375,ed25519,gossip,direct,shard,nonce_hash_set,5,220186.062298,428.938510,532.512122,5,0.592697,0.001146,0.001422,5,12598807.200000,977470.314387,1213495.126285,5,1214.738000,70.317812,87.297098,5,2.000000,0.000000,0.000000,5,2.000000,0.000000,0.000000,5,2.000000,0.000000,0.000000,5,3.000000,0.000000,0.000000,5
memo,1000,131072000,1000,131072000,0.01,128,131072,sharded,1200.0,ed25519,gossip,direct,shard,nonce_hash_set,5,119.778766,0.233671,0.290095,5,1089.538820,1.978941,2.456786,5,12598807.200000,977470.314387,1213495.126285,5,1214.738000,70.317812,87.297098,5,2.000000,0.000000,0.000000,5,2.000000,0.000000,0.000000,5,2.000000,0.000000,0.000000,5,3.000000,0.000000,0.000000,5
memo,1000,131072000,1000,131072000,0.01,128,131072,sharded,150.0,ed25519,gossip,direct,shard,nonce_hash_set,5,957.876655,1.865991,2.316562,5,136.242609,0.247102,0.306768,5,12598807.200000,977470.314387,1213495.126285,5,1214.738000,70.317812,87.297098,5,2.000000,0.000000,0.000000,5,2.000000,0.000000,0.000000,5,2.000000,0.000000,0.000000,5,3.000000,0.000000,0.000000,5
memo,1000,131072000,1000,131072000,0.01,128,131072,sharded,18.75,ed25519,gossip,direct,shard,nonce_hash_set,5,7640.422484,14.717273,18.270978,5,17.080679,0.030633,0.038029,5,12598807.200000,977470.314387,1213495.126285,5,1214.738000,70.317812,87.297098,5,2.000000,0.000000,0.000000,5,2.000000,0.000000,0.000000,5,2.000000,0.000000,0.000000,5,3.000000,0.000000,0.000000,5
memo,1000,131072000,1000,131072000,0.01,128,131072,sharded,1.171875,ed25519,gossip,direct,shard,nonce_hash_set,5,116194.261552,195.048692,242.146113,5,1.123149,0.001780,0.002209,5,12598807.200000,977470.314387,1213495.126285,5,1214.738000,70.317812,87.297098,5,2.000000,0.000000,0.000000,5,2.000000,0.000000,0.000000,5,2.000000,0.000000,0.000000,5,3.000000,0.000000,0.000000,5
memo,1000,131072000,1000,131072000,0.01,128,131072,sharded,2.34375,ed25519,gossip,direct,shard,nonce_hash_set,5,59692.683038,105.906224,131.478864,5,2.186257,0.003615,0.004487,5,12598807.200000,977470.314387,1213495.126285,5,1214.738000,70.317812,87.297098,5,2.000000,0.000000,0.000000,5,2.000000,0.000000,0.000000,5,2.000000,0.000000,0.000000,5,3.000000,0.000000,0.000000,5
memo,1000,131072000,1000,131072000,0.01,128,131072,sharded,300.0,ed25519,gossip,direct,shard,nonce_hash_set,5,479.039304,0.933960,1.159479,5,272.427782,0.494507,0.613913,5,12598807.200000,977470.314387,1213495.126285,5,1214.738000,70.317812,87.297098,5,2.000000,0.000000,0.000000,5,2.000000,0.000000,0.000000,5,2.000000,0.000000,0.000000,5,3.000000,0.000000,0.000000,5
memo,1000,131072000,1000,131072000,0.01,128,131072,sharded,37.5,ed25519,gossip,direct,shard,nonce_hash_set,5,3826.663988,7.416861,9.207772,5,34.103755,0.061540,0.076399,5,12598807.200000,977470.314387,1213495.126285,5,1214.738000,70.317812,87.297098,5,2.000000,0.000000,0.000000,5,2.000000,0.000000,0.000000,5,2.000000,0.000000,0.000000,5,3.000000,0.000000,0.000000,5
memo,1000,131072000,1000,131072000,0.01,128,131072,sharded,4.6875,ed25519,gossip,direct,shard,nonce_hash_set,5,30253.300063,56.211270,69.784322,5,4.313697,0.007462,0.009264,5,12598807.200000,977470.314387,1213495.126285,5,1214.738000,70.317812,87.297098,5,2.000000,0.000000,0.000000,5,2.000000,0.000000,0.000000,5,2.000000,0.000000,0.000000,5,3.000000,0.000000,0.000000,5
memo,1000,131072000,1000,131072000,0.01,128,131072,sharded,600.0,ed25519,gossip,direct,shard,nonce_hash_set,5,239.544904,0.467222,0.580039,5,544.798128,0.989318,1.228204,5,12598807.200000,977470.314387,1213495.126285,5,1214.738000,70.317812,87.297098,5,2.000000,0.000000,0.000000,5,2.000000,0.000000,0.000000,5,2.000000,0.000000,0.000000,5,3.000000,0.000000,0.000000,5
memo,1000,131072000,1000,131072000,0.01,128,131072,sharded,75.0,ed25519,gossip,direct,shard,nonce_hash_set,5,1914.945880,3.724256,4.623533,5,68.150027,0.123399,0.153195,5,12598807.200000,977470.314387,1213495.126285,5,1214.738000,70.317812,87.297098,5,2.000000,0.000000,0.000000,5,2.000000,0.000000,0.000000,5,2.000000,0.000000,0.000000,5,3.000000,0.000000,0.000000,5
memo,1000,131072000,1000,131072000,0.01,128,131072,sharded,9.375,ed25519,gossip,direct,shard,nonce_hash_set,5,15229.326519,28.971938,35.967645,5,8.569230,0.015179,0.018845,5,12598807.200000,977470.314387,1213495.126285,5,1214.738000,70.317812,87.297098,5,2.000000,0.000000,0.000000,5,2.000000,0.000000,0.000000,5,2.000000,0.000000,0.000000,5,3.000000,0.000000,0.000000,5
memo,1000,16384000,1000,16384000,0.01,128,16384,sharded,0.146484375,ed25519,gossip,direct,shard,nonce_hash_set,5,106313.335686,162.927551,202.268842,5,0.153450,0.000221,0.000274,5,12598807.200000,977470.314387,1213495.126285,5,1214.738000,70.317812,87.297098,5,2.000000,0.000000,0.000000,5,2.000000,0.000000,0.000000,5,2.000000,0.000000,0.000000,5,3.000000,0.000000,0.000000,5
memo,1000,16384000,1000,16384000,0.01,128,16384,sharded,0.29296875,ed25519,gossip,direct,shard,nonce_hash_set,5,56973.932271,96.569949,119.888206,5,0.286338,0.000451,0.000560,5,12598807.200000,977470.314387,1213495.126285,5,1214.738000,70.317812,87.297098,5,2.000000,0.000000,0.000000,5,2.000000,0.000000,0.000000,5,2.000000,0.000000,0.000000,5,3.000000,0.000000,0.000000,5
memo,1000,16384000,1000,16384000,0.01,128,16384,sharded,0.5859375,ed25519,gossip,direct,shard,nonce_hash_set,5,29539.680344,53.639868,66.592016,5,0.552268,0.000932,0.001157,5,12598807.200000,977470.314387,1213495.126285,5,1214.738000,70.317812,87.297098,5,2.000000,0.000000,0.000000,5,2.000000,0.000000,0.000000,5,2.000000,0.000000,0.000000,5,3.000000,0.000000,0.000000,5
memo,1000,16384000,1000,16384000,0.01,128,16384,sharded,1200.0,ed25519,gossip,direct,shard,nonce_hash_set,5,14.973660,0.029216,0.036271,5,1089.501619,1.979208,2.457117,5,12598807.200000,977470.314387,1213495.126285,5,1214.738000,70.317812,87.297098,5,2.000000,0.000000,0.000000,5,2.000000,0.000000,0.000000,5,2.000000,0.000000,0.000000,5,3.000000,0.000000,0.000000,5
memo,1000,16384000,1000,16384000,0.01,128,16384,sharded,150.0,ed25519,gossip,direct,shard,nonce_hash_set,5,119.773709,0.233639,0.290055,5,136.205408,0.247367,0.307098,5,12598807.200000,977470.314387,1213495.126285,5,1214.738000,70.317812,87.297098,5,2.000000,0.000000,0.000000,5,2.000000,0.000000,0.000000,5,2.000000,0.000000,0.000000,5,3.000000,0.000000,0.000000,5
memo,1000,16384000,1000,16384000,0.01,128,16384,sharded,18.75,ed25519,gossip,direct,shard,nonce_hash_set,5,957.194238,1.863304,2.313226,5,17.043382,0.030888,0.038346,5,12598807.200000,977470.314387,1213495.126285,5,1214.738000,70.317812,87.297098,5,2.000000,0.000000,0.000000,5,2.000000,0.000000,0.000000,5,2.000000,0.000000,0.000000,5,3.000000,0.000000,0.000000,5
memo,1000,16384000,1000,16384000,0.01,128,16384,sharded,1.171875,ed25519,gossip,direct,shard,nonce_hash_set,5,15046.745914,28.296916,35.129629,5,1.084209,0.001897,0.002355,5,12598807.200000,977470.314387,1213495.126285,5,1214.738000,70.317812,87.297098,5,2.000000,0.000000,0.000000,5,2.000000,0.000000,0.000000,5,2.000000,0.000000,0.000000,5,3.000000,0.000000,0.000000,5
memo,1000,16384000,1000,16384000,0.01,128,16384,sharded,2.34375,ed25519,gossip,direct,shard,nonce_hash_set,5,7594.393792,14.544383,18.056341,5,2.148141,0.003829,0.004753,5,12598807.200000,977470.314387,1213495.126285,5,1214.738000,70.317812,87.297098,5,2.000000,0.000000,0.000000,5,2.000000,0.000000,0.000000,5,2.000000,0.000000,0.000000,5,3.000000,0.000000,0.000000,5
memo,1000,16384000,1000,16384000,0.01,128,16384,sharded,300.0,ed25519,gossip,direct,shard,nonce_hash_set,5,59.891304,0.116846,0.145060,5,272.390581,0.494773,0.614244,5,12598807.200000,977470.314387,1213495.126285,5,1214.738000,70.317812,87.297098,5,2.000000,0.000000,0.000000,5,2.000000,0.000000,0.000000,5,2.000000,0.000000,0.000000,5,3.000000,0.000000,0.000000,5
memo,1000,16384000,1000,16384000,0.01,128,16384,sharded,37.5,ed25519,gossip,direct,shard,nonce_hash_set,5,478.881403,0.933311,1.158672,5,34.066528,0.061813,0.076739,5,12598807.200000,977470.314387,1213495.126285,5,1214.738000,70.317812,87.297098,5,2.000000,0.000000,0.000000,5,2.000000,0.000000,0.000000,5,2.000000,0.000000,0.000000,5,3.000000,0.000000,0.000000,5
memo,1000,16384000,1000,16384000,0.01,128,16384,sharded,4.6875,ed25519,gossip,direct,shard,nonce_hash_set,5,3815.184959,7.373216,9.153589,5,4.276025,0.007692,0.009550,5,12598807.200000,977470.314387,1213495.126285,5,1214.738000,70.317812,87.297098,5,2.000000,0.000000,0.000000,5,2.000000,0.000000,0.000000,5,2.000000,0.000000,0.000000,5,3.000000,0.000000,0.000000,5
memo,1000,16384000,1000,16384000,0.01,128,16384,sharded,600.0,ed25519,gossip,direct,shard,nonce_hash_set,5,29.946764,0.058429,0.072538,5,544.760927,0.989585,1.228535,5,12598807.200000,977470.314387,1213495.126285,5,1214.738000,70.317812,87.297098,5,2.000000,0.000000,0.000000,5,2.000000,0.000000,0.000000,5,2.000000,0.000000,0.000000,5,3.000000,0.000000,0.000000,5
memo,1000,16384000,1000,16384000,0.01,128,16384,sharded,75.0,ed25519,gossip,direct,shard,nonce_hash_set,5,239.511836,0.467071,0.579852,5,68.112822,0.123665,0.153525,5,12598807.200000,977470.314387,1213495.126285,5,1214.738000,70.317812,87.297098,5,2.000000,0.000000,0.000000,5,2.000000,0.000000,0.000000,5,2.000000,0.000000,0.000000,5,3.000000,0.000000,0.000000,5
memo,1000,16384000,1000,16384000,0.01,128,16384,sharded,9.375,ed25519,gossip,direct,shard,nonce_hash_set,5,1912.118127,3.713361,4.610008,5,8.531809,0.015425,0.019149,5,12598807.200000,977470.314387,1213495.126285,5,1214.738000,70.317812,87.297098,5,2.000000,0.000000,0.000000,5,2.000000,0.000000,0.000000,5,2.000000,0.000000,0.000000,5,3.000000,0.000000,0.000000,5
memo,1000,2048000,1000,2048000,0.01,128,2048,sharded,0.146484375,ed25519,gossip,direct,shard,nonce_hash_set,5,13699.678491,23.583099,29.277590,5,0.148916,0.000237,0.000294,5,12598807.200000,977470.314387,1213495.126285,5,1214.738000,70.317812,87.297098,5,2.000000,0.000000,0.000000,5,2.000000,0.000000,0.000000,5,2.000000,0.000000,0.000000,5,3.000000,0.000000,0.000000,5
memo,1000,2048000,1000,2048000,0.01,128,2048,sharded,0.29296875,ed25519,gossip,direct,shard,nonce_hash_set,5,7236.781825,13.239239,16.436050,5,0.281907,0.000479,0.000594,5,12598807.200000,977470.314387,1213495.126285,5,1214.738000,70.317812,87.297098,5,2.000000,0.000000,0.000000,5,2.000000,0.000000,0.000000,5,2.000000,0.000000,0.000000,5,3.000000,0.000000,0.000000,5
memo,1000,2048000,1000,2048000,0.01,128,2048,sharded,0.5859375,ed25519,gossip,direct,shard,nonce_hash_set,5,3723.542790,7.030173,8.727713,5,0.547893,0.000961,0.001194,5,12598807.200000,977470.314387,1213495.126285,5,1214.738000,70.317812,87.297098,5,2.000000,0.000000,0.000000,5,2.000000,0.000000,0.000000,5,2.000000,0.000000,0.000000,5,3.000000,0.000000,0.000000,5
memo,1000,2048000,1000,2048000,0.01,128,2048,sharded,1200.0,ed25519,gossip,direct,shard,nonce_hash_set,5,1.872518,0.003654,0.004536,5,1089.497303,1.979241,2.457159,5,12598807.200000,977470.314387,1213495.126285,5,1214.738000,70.317812,87.297098,5,2.000000,0.000000,0.000000,5,2.000000,0.000000,0.000000,5,2.000000,0.000000,0.000000,5,3.000000,0.000000,0.000000,5
memo,1000,2048000,1000,2048000,0.01,128,2048,sharded,150.0,ed25519,gossip,direct,shard,nonce_hash_set,5,14.978612,0.029222,0.036279,5,136.201092,0.247401,0.307140,5,12598807.200000,977470.314387,1213495.126285,5,1214.738000,70.317812,87.297098,5,2.000000,0.000000,0.000000,5,2.000000,0.000000,0.000000,5,2.000000,0.000000,0.000000,5,3.000000,0.000000,0.000000,5
memo,1000,2048000,1000,2048000,0.01,128,2048,sharded,18.75,ed25519,gossip,direct,shard,nonce_hash_set,5,119.730939,0.233376,0.289728,5,17.039066,0.030921,0.038387,5,12598807.200000,977470.314387,1213495.126285,5,1214.738000,70.317812,87.297098,5,2.000000,0.000000,0.000000,5,2.000000,0.000000,0.000000,5,2.000000,0.000000,0.000000,5,3.000000,0.000000,0.000000,5
memo,1000,2048000,1000,2048000,0.01,128,2048,sharded,1.171875,ed25519,gossip,direct,shard,nonce_hash_set,5,1889.218850,3.625892,4.501418,5,1.079866,0.001928,0.002394,5,12598807.200000,977470.314387,1213495.126285,5,1214.738000,70.317812,87.297098,5,2.000000,0.000000,0.000000,5,2.000000,0.000000,0.000000,5,2.000000,0.000000,0.000000,5,3.000000,0.000000,0.000000,5
memo,1000,2048000,1000,2048000,0.01,128,2048,sharded,2.34375,ed25519,gossip,direct,shard,nonce_hash_set,5,951.623893,1.841494,2.286151,5,2.143813,0.003861,0.004793,5,12598807.200000,977470.314387,1213495.126285,5,1214.738000,70.317812,87.297098,5,2.000000,0.000000,0.000000,5,2.000000,0.000000,0.000000,5,2.000000,0.000000,0.000000,5,3.000000,0.000000,0.000000,5
memo,1000,2048000,1000,2048000,0.01,128,2048,sharded,300.0,ed25519,gossip,direct,shard,nonce_hash_set,5,7.489744,0.014613,0.018142,5,272.386265,0.494807,0.614285,5,12598807.200000,977470.314387,1213495.126285,5,1214.738000,70.317812,87.297098,5,2.000000,0.000000,0.000000,5,2.000000,0.000000,0.000000,5,2.000000,0.000000,0.000000,5,3.000000,0.000000,0.000000,5
memo,1000,2048000,1000,2048000,0.01,128,2048,sharded,37.5,ed25519,gossip,direct,shard,nonce_hash_set,5,59.893448,0.116803,0.145007,5,34.062213,0.061847,0.076780,5,12598807.200000,977470.314387,1213495.126285,5,1214.738000,70.317812,87.297098,5,2.000000,0.000000,0.000000,5,2.000000,0.000000,0.000000,5,2.000000,0.000000,0.000000,5,3.000000,0.000000,0.000000,5
memo,1000,2048000,1000,2048000,0.01,128,2048,sharded,4.6875,ed25519,gossip,direct,shard,nonce_hash_set,5,477.585154,0.928005,1.152085,5,4.271706,0.007727,0.009592,5,12598807.200000,977470.314387,1213495.126285,5,1214.738000,70.317812,87.297098,5,2.000000,0.000000,0.000000,5,2.000000,0.000000,0.000000,5,2.000000,0.000000,0.000000,5,3.000000,0.000000,0.000000,5
memo,1000,2048000,1000,2048000,0.01,128,2048,sharded,600.0,ed25519,gossip,direct,shard,nonce_hash_set,5,3.744981,0.007307,0.009071,5,544.756611,0.989618,1.228576,5,12598807.200000,977470.314387,1213495.126285,5,1214.738000,70.317812,87.297098,5,2.000000,0.000000,0.000000,5,2.000000,0.000000,0.000000,5,2.000000,0.000000,0.000000,5,3.000000,0.000000,0.000000,5
memo,1000,2048000,1000,2048000,0.01,128,2048,sharded,75.0,ed25519,gossip,direct,shard,nonce_hash_set,5,29.953724,0.058430,0.072539,5,68.108506,0.123698,0.153567,5,12598807.200000,977470.314387,1213495.126285,5,1214.738000,70.317812,87.297098,5,2.000000,0.000000,0.000000,5,2.000000,0.000000,0.000000,5,2.000000,0.000000,0.000000,5,3.000000,0.000000,0.000000,5
memo,1000,2048000,1000,2048000,0.01,128,2048,sharded,9.375,ed25519,gossip,direct,shard,nonce_hash_set,5,239.238362,0.465833,0.578315,5,8.527493,0.015458,0.019191,5,12598807.200000,977470.314387,1213495.126285,5,1214.738000,70.317812,87.297098,5,2.000000,0.000000,0.000000,5,2.000000,0.000000,0.000000,5,2.000000,0.000000,0.000000,5,3.000000,0.000000,0.000000,5
memo,1000,262144000,1000,262144000,0.01,128,262144,sharded,0.146484375,ed25519,gossip,direct,shard,nonce_hash_set,5,945695.311350,2871.406891,3564.750987,5,0.275995,0.000858,0.001065,5,12598807.200000,977470.314387,1213495.126285,5,1214.738000,70.317812,87.297098,5,2.000000,0.000000,0.000000,5,2.000000,0.000000,0.000000,5,2.000000,0.000000,0.000000,5,3.000000,0.000000,0.000000,5
memo,1000,262144000,1000,262144000,0.01,128,262144,sharded,0.29296875,ed25519,gossip,direct,shard,nonce_hash_set,5,653561.087904,2730.742036,3390.120501,5,0.399365,0.001702,0.002113,5,12598807.200000,977470.314387,1213495.126285,5,1214.738000,70.317812,87.297098,5,2.000000,0.000000,0.000000,5,2.000000,0.000000,0.000000,5,2.000000,0.000000,0.000000,5,3.000000,0.000000,0.000000,5
memo,1000,262144000,1000,262144000,0.01,128,262144,sharded,0.5859375,ed25519,gossip,direct,shard,nonce_hash_set,5,399033.049283,1383.144487,1717.125389,5,0.654101,0.002301,0.002857,5,12598807.200000,977470.314387,1213495.126285,5,1214.738000,70.317812,87.297098,5,2.000000,0.000000,0.000000,5,2.000000,0.000000,0.000000,5,2.000000,0.000000,0.000000,5,3.000000,0.000000,0.000000,5
memo,1000,262144000,1000,262144000,0.01,128,262144,sharded,1200.0,ed25519,gossip,direct,shard,nonce_hash_set,5,239.545265,0.467225,0.580043,5,1089.590443,1.978634,2.456405,5,12598807.200000,977470.314387,1213495.126285,5,1214.738000,70.317812,87.297098,5,2.000000,0.000000,0.000000,5,2.000000,0.000000,0.000000,5,2.000000,0.000000,0.000000,5,3.000000,0.000000,0.000000,5
memo,1000,262144000,1000,262144000,0.01,128,262144,sharded,150.0,ed25519,gossip,direct,shard,nonce_hash_set,5,1915.020217,3.724526,4.623869,5,136.294241,0.246795,0.306388,5,12598807.200000,977470.314387,1213495.126285,5,1214.738000,70.317812,87.297098,5,2.000000,0.000000,0.000000,5,2.000000,0.000000,0.000000,5,2.000000,0.000000,0.000000,5,3.000000,0.000000,0.000000,5
memo,1000,262144000,1000,262144000,0.01,128,262144,sharded,18.75,ed25519,gossip,direct,shard,nonce_hash_set,5,15234.435578,28.989528,35.989483,5,17.132646,0.030357,0.037687,5,12598807.200000,977470.314387,1213495.126285,5,1214.738000,70.317812,87.297098,5,2.000000,0.000000,0.000000,5,2.000000,0.000000,0.000000,5,2.000000,0.000000,0.000000,5,3.000000,0.000000,0.000000,5
memo,1000,262144000,1000,262144000,0.01,128,262144,sharded,1.171875,ed25519,gossip,direct,shard,nonce_hash_set,5,221270.656988,433.910565,538.684754,5,1.179579,0.002296,0.002850,5,12598807.200000,977470.314387,1213495.126285,5,1214.738000,70.317812,87.297098,5,2.000000,0.000000,0.000000,5,2.000000,0.000000,0.000000,5,2.000000,0.000000,0.000000,5,3.000000,0.000000,0.000000,5
memo,1000,262144000,1000,262144000,0.01,128,262144,sharded,2.34375,ed25519,gossip,direct,shard,nonce_hash_set,5,116495.341414,196.069948,243.413966,5,2.240485,0.003560,0.004419,5,12598807.200000,977470.314387,1213495.126285,5,1214.738000,70.317812,87.297098,5,2.000000,0.000000,0.000000,5,2.000000,0.000000,0.000000,5,2.000000,0.000000,0.000000,5,3.000000,0.000000,0.000000,5
memo,1000,262144000,1000,262144000,0.01,128,262144,sharded,300.0,ed25519,gossip,direct,shard,nonce_hash_set,5,957.893420,1.866055,2.316642,5,272.479405,0.494202,0.613534,5,12598807.200000,977470.314387,1213495.126285,5,1214.738000,70.317812,87.297098,5,2.000000,0.000000,0.000000,5,2.000000,0.000000,0.000000,5,2.000000,0.000000,0.000000,5,3.000000,0.000000,0.000000,5
memo,1000,262144000,1000,262144000,0.01,128,262144,sharded,37.5,ed25519,gossip,direct,shard,nonce_hash_set,5,7641.693583,14.721703,18.276478,5,34.155546,0.061264,0.076057,5,12598807.200000,977470.314387,1213495.126285,5,1214.738000,70.317812,87.297098,5,2.000000,0.000000,0.000000,5,2.000000,0.000000,0.000000,5,2.000000,0.000000,0.000000,5,3.000000,0.000000,0.000000,5
memo,1000,262144000,1000,262144000,0.01,128,262144,sharded,4.6875,ed25519,gossip,direct,shard,nonce_hash_set,5,59771.926159,106.171199,131.807822,5,4.366701,0.007229,0.008974,5,12598807.200000,977470.314387,1213495.126285,5,1214.738000,70.317812,87.297098,5,2.000000,0.000000,0.000000,5,2.000000,0.000000,0.000000,5,2.000000,0.000000,0.000000,5,3.000000,0.000000,0.000000,5
memo,1000,262144000,1000,262144000,0.01,128,262144,sharded,600.0,ed25519,gossip,direct,shard,nonce_hash_set,5,479.042580,0.933975,1.159497,5,544.849751,0.989012,1.227824,5,12598807.200000,977470.314387,1213495.126285,5,1214.738000,70.317812,87.297098,5,2.000000,0.000000,0.000000,5,2.000000,0.000000,0.000000,5,2.000000,0.000000,0.000000,5,3.000000,0.000000,0.000000,5
memo,1000,262144000,1000,262144000,0.01,128,262144,sharded,75.0,ed25519,gossip,direct,shard,nonce_hash_set,5,3826.975489,7.417964,9.209143,5,68.201697,0.123077,0.152796,5,12598807.200000,977470.314387,1213495.126285,5,1214.738000,70.317812,87.297098,5,2.000000,0.000000,0.000000,5,2.000000,0.000000,0.000000,5,2.000000,0.000000,0.000000,5,3.000000,0.000000,0.000000,5
memo,1000,262144000,1000,262144000,0.01,128,262144,sharded,9.375,ed25519,gossip,direct,shard,nonce_hash_set,5,30273.583326,56.280285,69.870000,5,8.621581,0.014923,0.018526,5,12598807.200000,977470.314387,1213495.126285,5,1214.738000,70.317812,87.297098,5,2.000000,0.000000,0.000000,5,2.000000,0.000000,0.000000,5,2.000000,0.000000,0.000000,5,3.000000,0.000000,0.000000,5
memo,1000,32768000,1000,32768000,0.01,128,32768,sharded,0.146484375,ed25519,gossip,direct,shard,nonce_hash_set,5,205023.095474,368.523979,457.509600,5,0.159136,0.000284,0.000352,5,12598807.200000,977470.314387,1213495.126285,5,1214.738000,70.317812,87.297098,5,2.000000,0.000000,0.000000,5,2.000000,0.000000,0.000000,5,2.000000,0.000000,0.000000,5,3.000000,0.000000,0.000000,5
memo,1000,32768000,1000,32768000,0.01,128,32768,sharded,0.29296875,ed25519,gossip,direct,shard,nonce_hash_set,5,111831.597639,180.466638,224.043004,5,0.291748,0.000444,0.000551,5,12598807.200000,977470.314387,1213495.126285,5,1214.738000,70.317812,87.297098,5,2.000000,0.000000,0.000000,5,2.000000,0.000000,0.000000,5,2.000000,0.000000,0.000000,5,3.000000,0.000000,0.000000,5
memo,1000,32768000,1000,32768000,0.01,128,32768,sharded,0.5859375,ed25519,gossip,direct,shard,nonce_hash_set,5,58520.619831,101.819591,126.405453,5,0.557524,0.000903,0.001121,5,12598807.200000,977470.314387,1213495.126285,5,1214.738000,70.317812,87.297098,5,2.000000,0.000000,0.000000,5,2.000000,0.000000,0.000000,5,2.000000,0.000000,0.000000,5,3.000000,0.000000,0.000000,5
memo,1000,32768000,1000,32768000,0.01,128,32768,sharded,1200.0,ed25519,gossip,direct,shard,nonce_hash_set,5,29.946263,0.058429,0.072538,5,1089.506702,1.979170,2.457070,5,12598807.200000,977470.314387,1213495.126285,5,1214.738000,70.317812,87.297098,5,2.000000,0.000000,0.000000,5,2.000000,0.000000,0.000000,5,2.000000,0.000000,0.000000,5,3.000000,0.000000,0.000000,5
memo,1000,32768000,1000,32768000,0.01,128,32768,sharded,150.0,ed25519,gossip,direct,shard,nonce_hash_set,5,239.531139,0.467159,0.579961,5,136.210490,0.247329,0.307051,5,12598807.200000,977470.314387,1213495.126285,5,1214.738000,70.317812,87.297098,5,2.000000,0.000000,0.000000,5,2.000000,0.000000,0.000000,5,2.000000,0.000000,0.000000,5,3.000000,0.000000,0.000000,5
memo,1000,32768000,1000,32768000,0.01,128,32768,sharded,18.75,ed25519,gossip,direct,shard,nonce_hash_set,5,1913.758982,3.719671,4.617842,5,17.048465,0.030849,0.038299,5,12598807.200000,977470.314387,1213495.126285,5,1214.738000,70.317812,87.297098,5,2.000000,0.000000,0.000000,5,2.000000,0.000000,0.000000,5,2.000000,0.000000,0.000000,5,3.000000,0.000000,0.000000,5
memo,1000,32768000,1000,32768000,0.01,128,32768,sharded,1.171875,ed25519,gossip,direct,shard,nonce_hash_set,5,29949.646144,55.107551,68.414093,5,1.089383,0.001865,0.002315,5,12598807.200000,977470.314387,1213495.126285,5,1214.738000,70.317812,87.297098,5,2.000000,0.000000,0.000000,5,2.000000,0.000000,0.000000,5,2.000000,0.000000,0.000000,5,3.000000,0.000000,0.000000,5
memo,1000,32768000,1000,32768000,0.01,128,32768,sharded,2.34375,ed25519,gossip,direct,shard,nonce_hash_set,5,15152.167661,28.685194,35.611663,5,2.153266,0.003795,0.004711,5,12598807.200000,977470.314387,1213495.126285,5,1214.738000,70.317812,87.297098,5,2.000000,0.000000,0.000000,5,2.000000,0.000000,0.000000,5,2.000000,0.000000,0.000000,5,3.000000,0.000000,0.000000,5
memo,1000,32768000,1000,32768000,0.01,128,32768,sharded,300.0,ed25519,gossip,direct,shard,nonce_hash_set,5,119.776701,0.233658,0.290078,5,272.395663,0.494735,0.614196,5,12598807.200000,977470.314387,1213495.126285,5,1214.738000,70.317812,87.297098,5,2.000000,0.000000,0.000000,5,2.000000,0.000000,0.000000,5,2.000000,0.000000,0.000000,5,3.000000,0.000000,0.000000,5
memo,1000,32768000,1000,32768000,0.01,128,32768,sharded,37.5,ed25519,gossip,direct,shard,nonce_hash_set,5,957.590587,1.864861,2.315160,5,34.071611,0.061775,0.076692,5,12598807.200000,977470.314387,1213495.126285,5,1214.738000,70.317812,87.297098,5,2.000000,0.000000,0.000000,5,2.000000,0.000000,0.000000,5,2.000000,0.000000,0.000000,5,3.000000,0.000000,0.000000,5
memo,1000,32768000,1000,32768000,0.01,128,32768,sharded,4.6875,ed25519,gossip,direct,shard,nonce_hash_set,5,7621.040216,14.644240,18.180310,5,4.281128,0.007658,0.009507,5,12598807.200000,977470.314387,1213495.126285,5,1214.738000,70.317812,87.297098,5,2.000000,0.000000,0.000000,5,2.000000,0.000000,0.000000,5,2.000000,0.000000,0.000000,5,3.000000,0.000000,0.000000,5
memo,1000,32768000,1000,32768000,0.01,128,32768,sharded,600.0,ed25519,gossip,direct,shard,nonce_hash_set,5,59.891134,0.116849,0.145064,5,544.766009,0.989547,1.228487,5,12598807.200000,977470.314387,1213495.126285,5,1214.738000,70.317812,87.297098,5,2.000000,0.000000,0.000000,5,2.000000,0.000000,0.000000,5,2.000000,0.000000,0.000000,5,3.000000,0.000000,0.000000,5
memo,1000,32768000,1000,32768000,0.01,128,32768,sharded,75.0,ed25519,gossip,direct,shard,nonce_hash_set,5,478.973250,0.933687,1.159140,5,68.117904,0.123627,0.153478,5,12598807.200000,977470.314387,1213495.126285,5,1214.738000,70.317812,87.297098,5,2.000000,0.000000,0.000000,5,2.000000,0.000000,0.000000,5,2.000000,0.000000,0.000000,5,3.000000,0.000000,0.000000,5
memo,1000,32768000,1000,32768000,0.01,128,32768,sharded,9.375,ed25519,gossip,direct,shard,nonce_hash_set,5,3821.839715,7.398462,9.184931,5,8.536897,0.015385,0.019100,5,12598807.200000,977470.314387,1213495.126285,5,1214.738000,70.317812,87.297098,5,2.000000,0.000000,0.000000,5,2.000000,0.000000,0.000000,5,2.000000,0.000000,0.000000,5,3.000000,0.000000,0.000000,5
memo,1000,4096000,1000,4096000,0.01,128,4096,sharded,0.146484375,ed25519,gossip,direct,shard,nonce_hash_set,5,27281.926491,45.936380,57.028405,5,0.149520,0.000233,0.000289,5,12598807.200000,977470.314387,1213495.126285,5,1214.738000,70.317812,87.297098,5,2.000000,0.000000,0.000000,5,2.000000,0.000000,0.000000,5,2.000000,0.000000,0.000000,5,3.000000,0.000000,0.000000,5
memo,1000,4096000,1000,4096000,0.01,128,4096,sharded,0.29296875,ed25519,gossip,direct,shard,nonce_hash_set,5,14439.372040,26.114545,32.420292,5,0.282506,0.000474,0.000589,5,12598807.200000,977470.314387,1213495.126285,5,1214.738000,70.317812,87.297098,5,2.000000,0.000000,0.000000,5,2.000000,0.000000,0.000000,5,2.000000,0.000000,0.000000,5,3.000000,0.000000,0.000000,5
memo,1000,4096000,1000,4096000,0.01,128,4096,sharded,0.5859375,ed25519,gossip,direct,shard,nonce_hash_set,5,7437.176776,13.962547,17.334012,5,0.548488,0.000957,0.001188,5,12598807.200000,977470.314387,1213495.126285,5,1214.738000,70.317812,87.297098,5,2.000000,0.000000,0.000000,5,2.000000,0.000000,0.000000,5,2.000000,0.000000,0.000000,5,3.000000,0.000000,0.000000,5
memo,1000,4096000,1000,4096000,0.01,128,4096,sharded,1200.0,ed25519,gossip,direct,shard,nonce_hash_set,5,3.744116,0.007305,0.009070,5,1089.497896,1.979236,2.457153,5,12598807.200000,977470.314387,1213495.126285,5,1214.738000,70.317812,87.297098,5,2.000000,0.000000,0.000000,5,2.000000,0.000000,0.000000,5,2.000000,0.000000,0.000000,5,3.000000,0.000000,0.000000,5
memo,1000,4096000,1000,4096000,0.01,128,4096,sharded,150.0,ed25519,gossip,direct,shard,nonce_hash_set,5,29.949752,0.058430,0.072539,5,136.201685,0.247396,0.307134,5,12598807.200000,977470.314387,1213495.126285,5,1214.738000,70.317812,87.297098,5,2.000000,0.000000,0.000000,5,2.000000,0.000000,0.000000,5,2.000000,0.000000,0.000000,5,3.000000,0.000000,0.000000,5
memo,1000,4096000,1000,4096000,0.01,128,4096,sharded,18.75,ed25519,gossip,direct,shard,nonce_hash_set,5,239.394860,0.466541,0.579194,5,17.039659,0.030916,0.038381,5,12598807.200000,977470.314387,1213495.126285,5,1214.738000,70.317812,87.297098,5,2.000000,0.000000,0.000000,5,2.000000,0.000000,0.000000,5,2.000000,0.000000,0.000000,5,3.000000,0.000000,0.000000,5
memo,1000,4096000,1000,4096000,0.01,128,4096,sharded,1.171875,ed25519,gossip,direct,shard,nonce_hash_set,5,3775.436241,7.223356,8.967543,5,1.080460,0.001923,0.002387,5,12598807.200000,977470.314387,1213495.126285,5,1214.738000,70.317812,87.297098,5,2.000000,0.000000,0.000000,5,2.000000,0.000000,0.000000,5,2.000000,0.000000,0.000000,5,3.000000,0.000000,0.000000,5
memo,1000,4096000,1000,4096000,0.01,128,4096,sharded,2.34375,ed25519,gossip,direct,shard,nonce_hash_set,5,1902.255126,3.675551,4.563067,5,2.144406,0.003856,0.004787,5,12598807.200000,977470.314387,1213495.126285,5,1214.738000,70.317812,87.297098,5,2.000000,0.000000,0.000000,5,2.000000,0.000000,0.000000,5,2.000000,0.000000,0.000000,5,3.000000,0.000000,0.000000,5
memo,1000,4096000,1000,4096000,0.01,128,4096,sharded,300.0,ed25519,gossip,direct,shard,nonce_hash_set,5,14.975784,0.029219,0.036274,5,272.386858,0.494802,0.614279,5,12598807.200000,977470.314387,1213495.126285,5,1214.738000,70.317812,87.297098,5,2.000000,0.000000,0.000000,5,2.000000,0.000000,0.000000,5,2.000000,0.000000,0.000000,5,3.000000,0.000000,0.000000,5
memo,1000,4096000,1000,4096000,0.01,128,4096,sharded,37.5,ed25519,gossip,direct,shard,nonce_hash_set,5,119.755454,0.233527,0.289915,5,34.062805,0.061842,0.076774,5,12598807.200000,977470.314387,1213495.126285,5,1214.738000,70.317812,87.297098,5,2.000000,0.000000,0.000000,5,2.000000,0.000000,0.000000,5,2.000000,0.000000,0.000000,5,3.000000,0.000000,0.000000,5
memo,1000,4096000,1000,4096000,0.01,128,4096,sharded,4.6875,ed25519,gossip,direct,shard,nonce_hash_set,5,954.803689,1.853927,2.301585,5,4.272299,0.007722,0.009586,5,12598807.200000,977470.314387,1213495.126285,5,1214.738000,70.317812,87.297098,5,2.000000,0.000000,0.000000,5,2.000000,0.000000,0.000000,5,2.000000,0.000000,0.000000,5,3.000000,0.000000,0.000000,5
memo,1000,4096000,1000,4096000,0.01,128,4096,sharded,600.0,ed25519,gossip,direct,shard,nonce_hash_set,5,7.488119,0.014610,0.018138,5,544.757204,0.989613,1.228570,5,12598807.200000,977470.314387,1213495.126285,5,1214.738000,70.317812,87.297098,5,2.000000,0.000000,0.000000,5,2.000000,0.000000,0.000000,5,2.000000,0.000000,0.000000,5,3.000000,0.000000,0.000000,5
memo,1000,4096000,1000,4096000,0.01,128,4096,sharded,75.0,ed25519,gossip,direct,shard,nonce_hash_set,5,59.892244,0.116828,0.145037,5,68.109099,0.123693,0.153561,5,12598807.200000,977470.314387,1213495.126285,5,1214.738000,70.317812,87.297098,5,2.000000,0.000000,0.000000,5,2.000000,0.000000,0.000000,5,2.000000,0.000000,0.000000,5,3.000000,0.000000,0.000000,5
memo,1000,4096000,1000,4096000,0.01,128,4096,sharded,9.375,ed25519,gossip,direct,shard,nonce_hash_set,5,478.326199,0.931036,1.155848,5,8.528085,0.015453,0.019185,5,12598807.200000,977470.314387,1213495.126285,5,1214.738000,70.317812,87.297098,5,2.000000,0.000000,0.000000,5,2.000000,0.000000,0.000000,5,2.000000,0.000000,0.000000,5,3.000000,0.000000,0.000000,5
memo,1000,524288000,1000,524288000,0.01,128,524288,sharded,0.146484375,ed25519,gossip,direct,shard,nonce_hash_set,5,1087322.780674,1894.088271,2351.444184,5,0.480089,0.000870,0.001080,5,12598807.200000,977470.314387,1213495.126285,5,1214.738000,70.317812,87.297098,5,2.000000,0.000000,0.000000,5,2.000000,0.000000,0.000000,5,2.000000,0.000000,0.000000,5,3.000000,0.000000,0.000000,5
memo,1000,524288000,1000,524288000,0.01,128,524288,sharded,0.29296875,ed25519,gossip,direct,shard,nonce_hash_set,5,865371.625343,2419.321507,3003.502832,5,0.603224,0.001730,0.002148,5,12598807.200000,977470.314387,1213495.126285,5,1214.738000,70.317812,87.297098,5,2.000000,0.000000,0.000000,5,2.000000,0.000000,0.000000,5,2.000000,0.000000,0.000000,5,3.000000,0.000000,0.000000,5
memo,1000,524288000,1000,524288000,0.01,128,524288,sharded,0.5859375,ed25519,gossip,direct,shard,nonce_hash_set,5,614163.819755,2419.274636,3003.444643,5,0.849963,0.003417,0.004242,5,12598807.200000,977470.314387,1213495.126285,5,1214.738000,70.317812,87.297098,5,2.000000,0.000000,0.000000,5,2.000000,0.000000,0.000000,5,2.000000,0.000000,0.000000,5,3.000000,0.000000,0.000000,5
memo,1000,524288000,1000,524288000,0.01,128,524288,sharded,1200.0,ed25519,gossip,direct,shard,nonce_hash_set,5,479.019141,0.933882,1.159381,5,1089.750734,1.978009,2.455629,5,12598807.200000,977470.314387,1213495.126285,5,1214.738000,70.317812,87.297098,5,2.000000,0.000000,0.000000,5,2.000000,0.000000,0.000000,5,2.000000,0.000000,0.000000,5,3.000000,0.000000,0.000000,5
memo,1000,524288000,1000,524288000,0.01,128,524288,sharded,150.0,ed25519,gossip,direct,shard,nonce_hash_set,5,3825.531309,7.412153,9.201928,5,136.454626,0.246140,0.305574,5,12598807.200000,977470.314387,1213495.126285,5,1214.738000,70.317812,87.297098,5,2.000000,0.000000,0.000000,5,2.000000,0.000000,0.000000,5,2.000000,0.000000,0.000000,5,3.000000,0.000000,0.000000,5
memo,1000,524288000,1000,524288000,0.01,128,524288,sharded,18.75,ed25519,gossip,direct,shard,nonce_hash_set,5,30183.843909,55.934239,69.440396,5,17.294395,0.029832,0.037036,5,12598807.200000,977470.314387,1213495.126285,5,1214.738000,70.317812,87.297098,5,2.000000,0.000000,0.000000,5,2.000000,0.000000,0.000000,5,2.000000,0.000000,0.000000,5,3.000000,0.000000,0.000000,5
memo,1000,524288000,1000,524288000,0.01,128,524288,sharded,1.171875,ed25519,gossip,direct,shard,nonce_hash_set,5,383993.669953,1283.522513,1593.448201,5,1.359436,0.004614,0.005729,5,12598807.200000,977470.314387,1213495.126285,5,1214.738000,70.317812,87.297098,5,2.000000,0.000000,0.000000,5,2.000000,0.000000,0.000000,5,2.000000,0.000000,0.000000,5,3.000000,0.000000,0.000000,5
memo,1000,524288000,1000,524288000,0.01,128,524288,sharded,2.34375,ed25519,gossip,direct,shard,nonce_hash_set,5,216567.135049,415.957540,516.396703,5,2.410391,0.004595,0.005704,5,12598807.200000,977470.314387,1213495.126285,5,1214.738000,70.317812,87.297098,5,2.000000,0.000000,0.000000,5,2.000000,0.000000,0.000000,5,2.000000,0.000000,0.000000,5,3.000000,0.000000,0.000000,5
memo,1000,524288000,1000,524288000,0.01,128,524288,sharded,300.0,ed25519,gossip,direct,shard,nonce_hash_set,5,1914.656693,3.723062,4.622051,5,272.639714,0.493576,0.612757,5,12598807.200000,977470.314387,1213495.126285,5,1214.738000,70.317812,87.297098,5,2.000000,0.000000,0.000000,5,2.000000,0.000000,0.000000,5,2.000000,0.000000,0.000000,5,3.000000,0.000000,0.000000,5
memo,1000,524288000,1000,524288000,0.01,128,524288,sharded,37.5,ed25519,gossip,direct,shard,nonce_hash_set,5,15211.662391,28.899488,35.877701,5,34.316525,0.060700,0.075357,5,12598807.200000,977470.314387,1213495.126285,5,1214.738000,70.317812,87.297098,5,2.000000,0.000000,0.000000,5,2.000000,0.000000,0.000000,5,2.000000,0.000000,0.000000,5,3.000000,0.000000,0.000000,5
memo,1000,524288000,1000,524288000,0.01,128,524288,sharded,4.6875,ed25519,gossip,direct,shard,nonce_hash_set,5,115178.243243,191.558598,237.813284,5,4.532202,0.007112,0.008829,5,12598807.200000,977470.314387,1213495.126285,5,1214.738000,70.317812,87.297098,5,2.000000,0.000000,0.000000,5,2.000000,0.000000,0.000000,5,2.000000,0.000000,0.000000,5,3.000000,0.000000,0.000000,5
memo,1000,524288000,1000,524288000,0.01,128,524288,sharded,600.0,ed25519,gossip,direct,shard,nonce_hash_set,5,957.801541,1.865686,2.316184,5,545.010042,0.988388,1.227050,5,12598807.200000,977470.314387,1213495.126285,5,1214.738000,70.317812,87.297098,5,2.000000,0.000000,0.000000,5,2.000000,0.000000,0.000000,5,2.000000,0.000000,0.000000,5,3.000000,0.000000,0.000000,5
memo,1000,524288000,1000,524288000,0.01,128,524288,sharded,75.0,ed25519,gossip,direct,shard,nonce_hash_set,5,7635.952084,14.698717,18.247942,5,68.362323,0.122512,0.152095,5,12598807.200000,977470.314387,1213495.126285,5,1214.738000,70.317812,87.297098,5,2.000000,0.000000,0.000000,5,2.000000,0.000000,0.000000,5,2.000000,0.000000,0.000000,5,3.000000,0.000000,0.000000,5
memo,1000,524288000,1000,524288000,0.01,128,524288,sharded,9.375,ed25519,gossip,direct,shard,nonce_hash_set,5,59423.219177,104.892266,130.220070,5,8.784633,0.014445,0.017933,5,12598807.200000,977470.314387,1213495.126285,5,1214.738000,70.317812,87.297098,5,2.000000,0.000000,0.000000,5,2.000000,0.000000,0.000000,5,2.000000,0.000000,0.000000,5,3.000000,0.000000,0.000000,5
memo,1000,65536000,1000,65536000,0.01,128,65536,sharded,0.146484375,ed25519,gossip,direct,shard,nonce_hash_set,5,379794.563773,1241.599109,1541.401765,5,0.171810,0.000571,0.000708,5,12598807.200000,977470.314387,1213495.126285,5,1214.738000,70.317812,87.297098,5,2.000000,0.000000,0.000000,5,2.000000,0.000000,0.000000,5,2.000000,0.000000,0.000000,5,3.000000,0.000000,0.000000,5
memo,1000,65536000,1000,65536000,0.01,128,65536,sharded,0.29296875,ed25519,gossip,direct,shard,nonce_hash_set,5,215227.014648,408.376566,506.985189,5,0.303179,0.000571,0.000709,5,12598807.200000,977470.314387,1213495.126285,5,1214.738000,70.317812,87.297098,5,2.000000,0.000000,0.000000,5,2.000000,0.000000,0.000000,5,2.000000,0.000000,0.000000,5,3.000000,0.000000,0.000000,5
memo,1000,65536000,1000,65536000,0.01,128,65536,sharded,0.5859375,ed25519,gossip,direct,shard,nonce_hash_set,5,114798.885146,190.328216,236.285808,5,0.568405,0.000889,0.001104,5,12598807.200000,977470.314387,1213495.126285,5,1214.738000,70.317812,87.297098,5,2.000000,0.000000,0.000000,5,2.000000,0.000000,0.000000,5,2.000000,0.000000,0.000000,5,3.000000,0.000000,0.000000,5
memo,1000,65536000,1000,65536000,0.01,128,65536,sharded,1200.0,ed25519,gossip,direct,shard,nonce_hash_set,5,59.891045,0.116850,0.145065,5,1089.516932,1.979094,2.456975,5,12598807.200000,977470.314387,1213495.126285,5,1214.738000,70.317812,87.297098,5,2.000000,0.000000,0.000000,5,2.000000,0.000000,0.000000,5,2.000000,0.000000,0.000000,5,3.000000,0.000000,0.000000,5
memo,1000,65536000,1000,65536000,0.01,128,65536,sharded,150.0,ed25519,gossip,direct,shard,nonce_hash_set,5,479.018956,0.933876,1.159375,5,136.220721,0.247254,0.306957,5,12598807.200000,977470.314387,1213495.126285,5,1214.738000,70.317812,87.297098,5,2.000000,0.000000,0.000000,5,2.000000,0.000000,0.000000,5,2.000000,0.000000,0.000000,5,3.000000,0.000000,0.000000,5
memo,1000,65536000,1000,65536000,0.01,128,65536,sharded,18.75,ed25519,gossip,direct,shard,nonce_hash_set,5,3825.161162,7.411172,9.200710,5,17.058707,0.030770,0.038200,5,12598807.200000,977470.314387,1213495.126285,5,1214.738000,70.317812,87.297098,5,2.000000,0.000000,0.000000,5,2.000000,0.000000,0.000000,5,2.000000,0.000000,0.000000,5,3.000000,0.000000,0.000000,5
memo,1000,65536000,1000,65536000,0.01,128,65536,sharded,1.171875,ed25519,gossip,direct,shard,nonce_hash_set,5,59322.477625,104.613154,129.873563,5,1.099959,0.001807,0.002243,5,12598807.200000,977470.314387,1213495.126285,5,1214.738000,70.317812,87.297098,5,2.000000,0.000000,0.000000,5,2.000000,0.000000,0.000000,5,2.000000,0.000000,0.000000,5,3.000000,0.000000,0.000000,5
memo,1000,65536000,1000,65536000,0.01,128,65536,sharded,2.34375,ed25519,gossip,direct,shard,nonce_hash_set,5,30158.030327,55.866173,69.355895,5,2.163679,0.003731,0.004632,5,12598807.200000,977470.314387,1213495.126285,5,1214.738000,70.317812,87.297098,5,2.000000,0.000000,0.000000,5,2.000000,0.000000,0.000000,5,2.000000,0.000000,0.000000,5,3.000000,0.000000,0.000000,5
memo,1000,65536000,1000,65536000,0.01,128,65536,sharded,300.0,ed25519,gossip,direct,shard,nonce_hash_set,5,239.540734,0.467202,0.580016,5,272.405894,0.494659,0.614102,5,12598807.200000,977470.314387,1213495.126285,5,1214.738000,70.317812,87.297098,5,2.000000,0.000000,0.000000,5,2.000000,0.000000,0.000000,5,2.000000,0.000000,0.000000,5,3.000000,0.000000,0.000000,5
memo,1000,65536000,1000,65536000,0.01,128,65536,sharded,37.5,ed25519,gossip,direct,shard,nonce_hash_set,5,1914.576793,3.722840,4.621775,5,34.081843,0.061699,0.076598,5,12598807.200000,977470.314387,1213495.126285,5,1214.738000,70.317812,87.297098,5,2.000000,0.000000,0.000000,5,2.000000,0.000000,0.000000,5,2.000000,0.000000,0.000000,5,3.000000,0.000000,0.000000,5
memo,1000,65536000,1000,65536000,0.01,128,65536,sharded,4.6875,ed25519,gossip,direct,shard,nonce_hash_set,5,15205.204728,28.882805,35.856990,5,4.291445,0.007590,0.009422,5,12598807.200000,977470.314387,1213495.126285,5,1214.738000,70.317812,87.297098,5,2.000000,0.000000,0.000000,5,2.000000,0.000000,0.000000,5,2.000000,0.000000,0.000000,5,3.000000,0.000000,0.000000,5
memo,1000,65536000,1000,65536000,0.01,128,65536,sharded,600.0,ed25519,gossip,direct,shard,nonce_hash_set,5,119.778182,0.233667,0.290090,5,544.776240,0.989471,1.228393,5,12598807.200000,977470.314387,1213495.126285,5,1214.738000,70.317812,87.297098,5,2.000000,0.000000,0.000000,5,2.000000,0.000000,0.000000,5,2.000000,0.000000,0.000000,5,3.000000,0.000000,0.000000,5
memo,1000,65536000,1000,65536000,0.01,128,65536,sharded,75.0,ed25519,gossip,direct,shard,nonce_hash_set,5,957.787964,1.865642,2.316130,5,68.128135,0.123551,0.153384,5,12598807.200000,977470.314387,1213495.126285,5,1214.738000,70.317812,87.297098,5,2.000000,0.000000,0.000000,5,2.000000,0.000000,0.000000,5,2.000000,0.000000,0.000000,5,3.000000,0.000000,0.000000,5
memo,1000,65536000,1000,65536000,0.01,128,65536,sharded,9.375,ed25519,gossip,direct,shard,nonce_hash_set,5,7634.375513,14.694631,18.242869,5,8.547170,0.015316,0.019015,5,12598807.200000,977470.314387,1213495.126285,5,1214.738000,70.317812,87.297098,5,2.000000,0.000000,0.000000,5,2.000000,0.000000,0.000000,5,2.000000,0.000000,0.000000,5,3.000000,0.000000,0.000000,5
memo,1000,8192000,1000,8192000,0.01,128,8192,sharded,0.146484375,ed25519,gossip,direct,shard,nonce_hash_set,5,54104.764957,87.232031,108.295508,5,0.150771,0.000225,0.000279,5,12598807.200000,977470.314387,1213495.126285,5,1214.738000,70.317812,87.297098,5,2.000000,0.000000,0.000000,5,2.000000,0.000000,0.000000,5,2.000000,0.000000,0.000000,5,3.000000,0.000000,0.000000,5
memo,1000,8192000,1000,8192000,0.01,128,8192,sharded,0.29296875,ed25519,gossip,direct,shard,nonce_hash_set,5,28750.052486,50.873453,63.157609,5,0.283735,0.000466,0.000578,5,12598807.200000,977470.314387,1213495.126285,5,1214.738000,70.317812,87.297098,5,2.000000,0.000000,0.000000,5,2.000000,0.000000,0.000000,5,2.000000,0.000000,0.000000,5,3.000000,0.000000,0.000000,5
memo,1000,8192000,1000,8192000,0.01,128,8192,sharded,0.5859375,ed25519,gossip,direct,shard,nonce_hash_set,5,14839.584915,27.542308,34.192809,5,0.549706,0.000949,0.001178,5,12598807.200000,977470.314387,1213495.126285,5,1214.738000,70.317812,87.297098,5,2.000000,0.000000,0.000000,5,2.000000,0.000000,0.000000,5,2.000000,0.000000,0.000000,5,3.000000,0.000000,0.000000,5
memo,1000,8192000,1000,8192000,0.01,128,8192,sharded,1200.0,ed25519,gossip,direct,shard,nonce_hash_set,5,7.487306,0.014609,0.018137,5,1089.499103,1.979227,2.457141,5,12598807.200000,977470.314387,1213495.126285,5,1214.738000,70.317812,87.297098,5,2.000000,0.000000,0.000000,5,2.000000,0.000000,0.000000,5,2.000000,0.000000,0.000000,5,3.000000,0.000000,0.000000,5
memo,1000,8192000,1000,8192000,0.01,128,8192,sharded,150.0,ed25519,gossip,direct,shard,nonce_hash_set,5,59.891632,0.116840,0.145052,5,136.202892,0.247387,0.307122,5,12598807.200000,977470.314387,1213495.126285,5,1214.738000,70.317812,87.297098,5,2.000000,0.000000,0.000000,5,2.000000,0.000000,0.000000,5,2.000000,0.000000,0.000000,5,3.000000,0.000000,0.000000,5
memo,1000,8192000,1000,8192000,0.01,128,8192,sharded,18.75,ed25519,gossip,direct,shard,nonce_hash_set,5,478.697127,0.932555,1.157735,5,17.040866,0.030907,0.038369,5,12598807.200000,977470.314387,1213495.126285,5,1214.738000,70.317812,87.297098,5,2.000000,0.000000,0.000000,5,2.000000,0.000000,0.000000,5,2.000000,0.000000,0.000000,5,3.000000,0.000000,0.000000,5
memo,1000,8192000,1000,8192000,0.01,128,8192,sharded,1.171875,ed25519,gossip,direct,shard,nonce_hash_set,5,7541.486130,14.347234,17.811588,5,1.081672,0.001914,0.002377,5,12598807.200000,977470.314387,1213495.126285,5,1214.738000,70.317812,87.297098,5,2.000000,0.000000,0.000000,5,2.000000,0.000000,0.000000,5,2.000000,0.000000,0.000000,5,3.000000,0.000000,0.000000,5
memo,1000,8192000,1000,8192000,0.01,128,8192,sharded,2.34375,ed25519,gossip,direct,shard,nonce_hash_set,5,3801.901534,7.322971,9.091212,5,2.145614,0.003846,0.004775,5,12598807.200000,977470.314387,1213495.126285,5,1214.738000,70.317812,87.297098,5,2.000000,0.000000,0.000000,5,2.000000,0.000000,0.000000,5,2.000000,0.000000,0.000000,5,3.000000,0.000000,0.000000,5
memo,1000,8192000,1000,8192000,0.01,128,8192,sharded,300.0,ed25519,gossip,direct,shard,nonce_hash_set,5,29.947764,0.058430,0.072538,5,272.388065,0.494792,0.614267,5,12598807.200000,977470.314387,1213495.126285,5,1214.738000,70.317812,87.297098,5,2.000000,0.000000,0.000000,5,2.000000,0.000000,0.000000,5,2.000000,0.000000,0.000000,5,3.000000,0.000000,0.000000,5
memo,1000,8192000,1000,8192000,0.01,128,8192,sharded,37.5,ed25519,gossip,direct,shard,nonce_hash_set,5,239.473066,0.466895,0.579634,5,34.064012,0.061832,0.076763,5,12598807.200000,977470.314387,1213495.126285,5,1214.738000,70.317812,87.297098,5,2.000000,0.000000,0.000000,5,2.000000,0.000000,0.000000,5,2.000000,0.000000,0.000000,5,3.000000,0.000000,0.000000,5
memo,1000,8192000,1000,8192000,0.01,128,8192,sharded,4.6875,ed25519,gossip,direct,shard,nonce_hash_set,5,1908.833949,3.700752,4.594354,5,4.273506,0.007712,0.009575,5,12598807.200000,977470.314387,1213495.126285,5,1214.738000,70.317812,87.297098,5,2.000000,0.000000,0.000000,5,2.000000,0.000000,0.000000,5,2.000000,0.000000,0.000000,5,3.000000,0.000000,0.000000,5
memo,1000,8192000,1000,8192000,0.01,128,8192,sharded,600.0,ed25519,gossip,direct,shard,nonce_hash_set,5,14.974369,0.029217,0.036272,5,544.758411,0.989604,1.228559,5,12598807.200000,977470.314387,1213495.126285,5,1214.738000,70.317812,87.297098,5,2.000000,0.000000,0.000000,5,2.000000,0.000000,0.000000,5,2.000000,0.000000,0.000000,5,3.000000,0.000000,0.000000,5
memo,1000,8192000,1000,8192000,0.01,128,8192,sharded,75.0,ed25519,gossip,direct,shard,nonce_hash_set,5,119.767683,0.233602,0.290009,5,68.110305,0.123684,0.153549,5,12598807.200000,977470.314387,1213495.126285,5,1214.738000,70.317812,87.297098,5,2.000000,0.000000,0.000000,5,2.000000,0.000000,0.000000,5,2.000000,0.000000,0.000000,5,3.000000,0.000000,0.000000,5
memo,1000,8192000,1000,8192000,0.01,128,8192,sharded,9.375,ed25519,gossip,direct,shard,nonce_hash_set,5,956.399787,1.860186,2.309355,5,8.529292,0.015444,0.019173,5,12598807.200000,977470.314387,1213495.126285,5,1214.738000,70.317812,87.297098,5,2.000000,0.000000,0.000000,5,2.000000,0.000000,0.000000,5,2.000000,0.000000,0.000000,5,3.000000,0.000000,0.000000,5
memo,1000,1024000,1000,1024000,0.01,16,1024,sharded,0.146484375,ed25519,gossip,direct,shard,nonce_hash_set,5,7483.553656,58.504506,72.631293,5,0.132209,0.000954,0.001185,5,12105426.000000,380999.053206,472996.967151,5,1210.251000,43.486062,53.986422,5,2.000000,0.000000,0.000000,5,2.000000,0.000000,0.000000,5,2.000000,0.000000,0.000000,5,3.000000,0.000000,0.000000,5
memo,1000,1024000,1000,1024000,0.01,16,1024,sharded,0.29296875,ed25519,gossip,direct,shard,nonce_hash_set,5,3829.374781,31.018212,38.508023,5,0.258371,0.001936,0.002404,5,12105426.000000,380999.053206,472996.967151,5,1210.251000,43.486062,53.986422,5,2.000000,0.000000,0.000000,5,2.000000,0.000000,0.000000,5,2.000000,0.000000,0.000000,5,3.000000,0.000000,0.000000,5
memo,1000,1024000,1000,1024000,0.01,16,1024,sharded,0.5859375,ed25519,gossip,direct,shard,nonce_hash_set,5,1937.270590,15.964801,19.819740,5,0.510719,0.003899,0.004840,5,12105426.000000,380999.053206,472996.967151,5,1210.251000,43.486062,53.986422,5,2.000000,0.000000,0.000000,5,2.000000,0.000000,0.000000,5,2.000000,0.000000,0.000000,5,3.000000,0.000000,0.000000,5
memo,1000,1024000,1000,1024000,0.01,16,1024,sharded,1200.0,ed25519,gossip,direct,shard,nonce_hash_set,5,0.957188,0.008025,0.009962,5,1033.656112,8.035785,9.976145,5,12105426.000000,380999.053206,472996.967151,5,1210.251000,43.486062,53.986422,5,2.000000,0.000000,0.000000,5,2.000000,0.000000,0.000000,5,2.000000,0.000000,0.000000,5,3.000000,0.000000,0.000000,5
memo,1000,1024000,1000,1024000,0.01,16,1024,sharded,150.0,ed25519,gossip,direct,shard,nonce_hash_set,5,7.657195,0.064190,0.079690,5,129.212263,1.004452,1.246992,5,12105426.000000,380999.053206,472996.967151,5,1210.251000,43.486062,53.986422,5,2.000000,0.000000,0.000000,5,2.000000,0.000000,0.000000,5,2.000000,0.000000,0.000000,5,3.000000,0.000000,0.000000,5
memo,1000,1024000,1000,1024000,0.01,16,1024,sharded,18.75,ed25519,gossip,direct,shard,nonce_hash_set,5,61.237651,0.513114,0.637013,5,16.156783,0.125535,0.155847,5,12105426.000000,380999.053206,472996.967151,5,1210.251000,43.486062,53.986422,5,2.000000,0.000000,0.000000,5,2.000000,0.000000,0.000000,5,2.000000,0.000000,0.000000,5,3.000000,0.000000,0.000000,5
memo,1000,1024000,1000,1024000,0.01,16,1024,sharded,1.171875,ed25519,gossip,direct,shard,nonce_hash_set,5,974.369828,8.098301,10.053757,5,1.015428,0.007822,0.009710,5,12105426.000000,380999.053206,472996.967151,5,1210.251000,43.486062,53.986422,5,2.000000,0.000000,0.000000,5,2.000000,0.000000,0.000000,5,2.000000,0.000000,0.000000,5,3.000000,0.000000,0.000000,5
memo,1000,1024000,1000,1024000,0.01,16,1024,sharded,2.34375,ed25519,gossip,direct,shard,nonce_hash_set,5,488.630193,4.078796,5.063682,5,2.024850,0.015669,0.019453,5,12105426.000000,380999.053206,472996.967151,5,1210.251000,43.486062,53.986422,5,2.000000,0.000000,0.000000,5,2.000000,0.000000,0.000000,5,2.000000,0.000000,0.000000,5,3.000000,0.000000,0.000000,5
memo,1000,1024000,1000,1024000,0.01,16,1024,sharded,300.0,ed25519,gossip,direct,shard,nonce_hash_set,5,3.828686,0.032097,0.039847,5,258.418527,2.008928,2.494014,5,12105426.000000,380999.053206,472996.967151,5,1210.251000,43.486062,53.986422,5,2.000000,0.000000,0.000000,5,2.000000,0.000000,0.000000,5,2.000000,0.000000,0.000000,5,3.000000,0.000000,0.000000,5
memo,1000,1024000,1000,1024000,0.01,16,1024,sharded,37.5,ed25519,gossip,direct,shard,nonce_hash_set,5,30.624513,0.256673,0.318650,5,32.307566,0.251095,0.311725,5,12105426.000000,380999.053206,472996.967151,5,1210.251000,43.486062,53.986422,5,2.000000,0.000000,0.000000,5,2.000000,0.000000,0.000000,5,2.000000,0.000000,0.000000,5,3.000000,0.000000,0.000000,5
memo,1000,1024000,1000,1024000,0.01,16,1024,sharded,4.6875,ed25519,gossip,direct,shard,nonce_hash_set,5,244.677857,2.046851,2.541093,5,4.043698,0.031364,0.038938,5,12105426.000000,380999.053206,472996.967151,5,1210.251000,43.486062,53.986422,5,2.000000,0.000000,0.000000,5,2.000000,0.000000,0.000000,5,2.000000,0.000000,0.000000,5,3.000000,0.000000,0.000000,5
memo,1000,1024000,1000,1024000,0.01,16,1024,sharded,600.0,ed25519,gossip,direct,shard,nonce_hash_set,5,1.914365,0.016049,0.019924,5,516.831056,4.017881,4.988058,5,12105426.000000,380999.053206,472996.967151,5,1210.251000,43.486062,53.986422,5,2.000000,0.000000,0.000000,5,2.000000,0.000000,0.000000,5,2.000000,0.000000,0.000000,5,3.000000,0.000000,0.000000,5
memo,1000,1024000,1000,1024000,0.01,16,1024,sharded,75.0,ed25519,gossip,direct,shard,nonce_hash_set,5,15.313679,0.128365,0.159361,5,64.609131,0.502214,0.623481,5,12105426.000000,380999.053206,472996.967151,5,1210.251000,43.486062,53.986422,5,2.000000,0.000000,0.000000,5,2.000000,0.000000,0.000000,5,2.000000,0.000000,0.000000,5,3.000000,0.000000,0.000000,5
memo,1000,1024000,1000,1024000,0.01,16,1024,sharded,9.375,ed25519,gossip,direct,shard,nonce_hash_set,5,122.429814,1.025293,1.272865,5,8.081393,0.062755,0.077908,5,12105426.000000,380999.053206,472996.967151,5,1210.251000,43.486062,53.986422,5,2.000000,0.000000,0.000000,5,2.000000,0.000000,0.000000,5,2.000000,0.000000,0.000000,5,3.000000,0.000000,0.000000,5
memo,1000,131072000,1000,131072000,0.01,16,131072,sharded,0.146484375,ed25519,gossip,direct,shard,nonce_hash_set,5,236061.120395,587.146870,728.922254,5,0.535923,0.001213,0.001506,5,12105426.000000,380999.053206,472996.967151,5,1210.251000,43.486062,53.986422,5,2.000000,0.000000,0.000000,5,2.000000,0.000000,0.000000,5,2.000000,0.000000,0.000000,5,3.000000,0.000000,0.000000,5
memo,1000,131072000,1000,131072000,0.01,16,131072,sharded,0.29296875,ed25519,gossip,direct,shard,nonce_hash_set,5,196056.899222,770.359868,956.374768,5,0.645280,0.002424,0.003009,5,12105426.000000,380999.053206,472996.967151,5,1210.251000,43.486062,53.986422,5,2.000000,0.000000,0.000000,5,2.000000,0.000000,0.000000,5,2.000000,0.000000,0.000000,5,3.000000,0.000000,0.000000,5
memo,1000,131072000,1000,131072000,0.01,16,131072,sharded,0.5859375,ed25519,gossip,direct,shard,nonce_hash_set,5,146423.761979,839.079483,1041.687761,5,0.864021,0.004828,0.005994,5,12105426.000000,380999.053206,472996.967151,5,1210.251000,43.486062,53.986422,5,2.000000,0.000000,0.000000,5,2.000000,0.000000,0.000000,5,2.000000,0.000000,0.000000,5,3.000000,0.000000,0.000000,5
memo,1000,131072000,1000,131072000,0.01,16,131072,sharded,1200.0,ed25519,gossip,direct,shard,nonce_hash_set,5,122.368591,1.025362,1.272951,5,1033.897935,8.032849,9.972500,5,12105426.000000,380999.053206,472996.967151,5,1210.251000,43.486062,53.986422,5,2.000000,0.000000,0.000000,5,2.000000,0.000000,0.000000,5,2.000000,0.000000,0.000000,5,3.000000,0.000000,0.000000,5
memo,1000,131072000,1000,131072000,0.01,16,131072,sharded,150.0,ed25519,gossip,direct,shard,nonce_hash_set,5,977.305376,8.154971,10.124110,5,129.454499,1.001414,1.243221,5,12105426.000000,380999.053206,472996.967151,5,1210.251000,43.486062,53.986422,5,2.000000,0.000000,0.000000,5,2.000000,0.000000,0.000000,5,2.000000,0.000000,0.000000,5,3.000000,0.000000,0.000000,5
memo,1000,131072000,1000,131072000,0.01,16,131072,sharded,18.75,ed25519,gossip,direct,shard,nonce_hash_set,5,7713.228484,62.139731,77.144297,5,16.402486,0.122321,0.151858,5,12105426.000000,380999.053206,472996.967151,5,1210.251000,43.486062,53.986422,5,2.000000,0.000000,0.000000,5,2.000000,0.000000,0.000000,5,2.000000,0.000000,0.000000,5,3.000000,0.000000,0.000000,5
memo,1000,131072000,1000,131072000,0.01,16,131072,sharded,1.171875,ed25519,gossip,direct,shard,nonce_hash_set,5,95921.785288,661.140730,820.783037,5,1.318935,0.008711,0.010814,5,12105426.000000,380999.053206,472996.967151,5,1210.251000,43.486062,53.986422,5,2.000000,0.000000,0.000000,5,2.000000,0.000000,0.000000,5,2.000000,0.000000,0.000000,5,3.000000,0.000000,0.000000,5
memo,1000,131072000,1000,131072000,0.01,16,131072,sharded,2.34375,ed25519,gossip,direct,shard,nonce_hash_set,5,55089.542821,385.996652,479.201311,5,2.296528,0.014997,0.018618,5,12105426.000000,380999.053206,472996.967151,5,1210.251000,43.486062,53.986422,5,2.000000,0.000000,0.000000,5,2.000000,0.000000,0.000000,5,2.000000,0.000000,0.000000,5,3.000000,0.000000,0.000000,5
memo,1000,131072000,1000,131072000,0.01,16,131072,sharded,300.0,ed25519,gossip,direct,shard,nonce_hash_set,5,489.122183,4.091189,5.079068,5,258.660544,2.005914,2.490272,5,12105426.000000,380999.053206,472996.967151,5,1210.251000,43.486062,53.986422,5,2.000000,0.000000,0.000000,5,2.000000,0.000000,0.000000,5,2.000000,0.000000,0.000000,5,3.000000,0.000000,0.000000,5
memo,1000,131072000,1000,131072000,0.01,16,131072,sharded,37.5,ed25519,gossip,direct,shard,nonce_hash_set,5,3886.690028,31.970391,39.690119,5,32.551191,0.248083,0.307986,5,12105426.000000,380999.053206,472996.967151,5,1210.251000,43.486062,53.986422,5,2.000000,0.000000,0.000000,5,2.000000,0.000000,0.000000,5,2.000000,0.000000,0.000000,5,3.000000,0.000000,0.000000,5
memo,1000,131072000,1000,131072000,0.01,16,131072,sharded,4.6875,ed25519,gossip,direct,shard,nonce_hash_set,5,29417.881570,211.173336,262.164293,5,4.300610,0.028447,0.035316,5,12105426.000000,380999.053206,472996.967151,5,1210.251000,43.486062,53.986422,5,2.000000,0.000000,0.000000,5,2.000000,0.000000,0.000000,5,2.000000,0.000000,0.000000,5,3.000000,0.000000,0.000000,5
memo,1000,131072000,1000,131072000,0.01,16,131072,sharded,600.0,ed25519,gossip,direct,shard,nonce_hash_set,5,244.678466,2.049016,2.543781,5,517.072990,4.014897,4.984354,5,12105426.000000,380999.053206,472996.967151,5,1210.251000,43.486062,53.986422,5,2.000000,0.000000,0.000000,5,2.000000,0.000000,0.000000,5,2.000000,0.000000,0.000000,5,3.000000,0.000000,0.000000,5
memo,1000,131072000,1000,131072000,0.01,16,131072,sharded,75.0,ed25519,gossip,direct,shard,nonce_hash_set,5,1950.856663,16.202803,20.115212,5,64.851774,0.499245,0.619795,5,12105426.000000,380999.053206,472996.967151,5,1210.251000,43.486062,53.986422,5,2.000000,0.000000,0.000000,5,2.000000,0.000000,0.000000,5,2.000000,0.000000,0.000000,5,3.000000,0.000000,0.000000,5
memo,1000,131072000,1000,131072000,0.01,16,131072,sharded,9.375,ed25519,gossip,direct,shard,nonce_hash_set,5,15186.196178,116.974711,145.220002,5,8.330960,0.059251,0.073559,5,12105426.000000,380999.053206,472996.967151,5,1210.251000,43.486062,53.986422,5,2.000000,0.000000,0.000000,5,2.000000,0.000000,0.000000,5,2.000000,0.000000,0.000000,5,3.000000,0.000000,0.000000,5
memo,1000,16384000,1000,16384000,0.01,16,16384,sharded,0.146484375,ed25519,gossip,direct,shard,nonce_hash_set,5,94070.491678,638.279423,792.401527,5,0.168121,0.001093,0.001356,5,12105426.000000,380999.053206,472996.967151,5,1210.251000,43.486062,53.986422,5,2.000000,0.000000,0.000000,5,2.000000,0.000000,0.000000,5,2.000000,0.000000,0.000000,5,3.000000,0.000000,0.000000,5
memo,1000,16384000,1000,16384000,0.01,16,16384,sharded,0.29296875,ed25519,gossip,direct,shard,nonce_hash_set,5,54475.208448,378.123144,469.426627,5,0.290319,0.001877,0.002330,5,12105426.000000,380999.053206,472996.967151,5,1210.251000,43.486062,53.986422,5,2.000000,0.000000,0.000000,5,2.000000,0.000000,0.000000,5,2.000000,0.000000,0.000000,5,3.000000,0.000000,0.000000,5
memo,1000,16384000,1000,16384000,0.01,16,16384,sharded,0.5859375,ed25519,gossip,direct,shard,nonce_hash_set,5,29242.546072,208.772164,259.183322,5,0.540829,0.003556,0.004415,5,12105426.000000,380999.053206,472996.967151,5,1210.251000,43.486062,53.986422,5,2.000000,0.000000,0.000000,5,2.000000,0.000000,0.000000,5,2.000000,0.000000,0.000000,5,3.000000,0.000000,0.000000,5
memo,1000,16384000,1000,16384000,0.01,16,16384,sharded,1200.0,ed25519,gossip,direct,shard,nonce_hash_set,5,15.300082,0.128269,0.159241,5,1033.684315,8.035456,9.975736,5,12105426.000000,380999.053206,472996.967151,5,1210.251000,43.486062,53.986422,5,2.000000,0.000000,0.000000,5,2.000000,0.000000,0.000000,5,2.000000,0.000000,0.000000,5,3.000000,0.000000,0.000000,5
memo,1000,16384000,1000,16384000,0.01,16,16384,sharded,150.0,ed25519,gossip,direct,shard,nonce_hash_set,5,122.372282,1.025364,1.272953,5,129.240495,1.004105,1.246561,5,12105426.000000,380999.053206,472996.967151,5,1210.251000,43.486062,53.986422,5,2.000000,0.000000,0.000000,5,2.000000,0.000000,0.000000,5,2.000000,0.000000,0.000000,5,3.000000,0.000000,0.000000,5
memo,1000,16384000,1000,16384000,0.01,16,16384,sharded,18.75,ed25519,gossip,direct,shard,nonce_hash_set,5,977.163010,8.152167,10.120630,5,16.185065,0.125175,0.155401,5,12105426.000000,380999.053206,472996.967151,5,1210.251000,43.486062,53.986422,5,2.000000,0.000000,0.000000,5,2.000000,0.000000,0.000000,5,2.000000,0.000000,0.000000,5,3.000000,0.000000,0.000000,5
memo,1000,16384000,1000,16384000,0.01,16,16384,sharded,1.171875,ed25519,gossip,direct,shard,nonce_hash_set,5,15139.741449,116.273535,144.349517,5,1.044623,0.007406,0.009194,5,12105426.000000,380999.053206,472996.967151,5,1210.251000,43.486062,53.986422,5,2.000000,0.000000,0.000000,5,2.000000,0.000000,0.000000,5,2.000000,0.000000,0.000000,5,3.000000,0.000000,0.000000,5
memo,1000,16384000,1000,16384000,0.01,16,16384,sharded,2.34375,ed25519,gossip,direct,shard,nonce_hash_set,5,7701.435878,61.950356,76.909195,5,2.053564,0.015289,0.018981,5,12105426.000000,380999.053206,472996.967151,5,1210.251000,43.486062,53.986422,5,2.000000,0.000000,0.000000,5,2.000000,0.000000,0.000000,5,2.000000,0.000000,0.000000,5,3.000000,0.000000,0.000000,5
memo,1000,16384000,1000,16384000,0.01,16,16384,sharded,300.0,ed25519,gossip,direct,shard,nonce_hash_set,5,61.194250,0.512907,0.636757,5,258.446745,2.008590,2.493595,5,12105426.000000,380999.053206,472996.967151,5,1210.251000,43.486062,53.986422,5,2.000000,0.000000,0.000000,5,2.000000,0.000000,0.000000,5,2.000000,0.000000,0.000000,5,3.000000,0.000000,0.000000,5
memo,1000,16384000,1000,16384000,0.01,16,16384,sharded,37.5,ed25519,gossip,direct,shard,nonce_hash_set,5,489.100037,4.090589,5.078323,5,32.335821,0.250738,0.311282,5,12105426.000000,380999.053206,472996.967151,5,1210.251000,43.486062,53.986422,5,2.000000,0.000000,0.000000,5,2.000000,0.000000,0.000000,5,2.000000,0.000000,0.000000,5,3.000000,0.000000,0.000000,5
memo,1000,16384000,1000,16384000,0.01,16,16384,sharded,4.6875,ed25519,gossip,direct,shard,nonce_hash_set,5,3883.799980,31.921953,39.629985,5,4.072152,0.031009,0.038497,5,12105426.000000,380999.053206,472996.967151,5,1210.251000,43.486062,53.986422,5,2.000000,0.000000,0.000000,5,2.000000,0.000000,0.000000,5,2.000000,0.000000,0.000000,5,3.000000,0.000000,0.000000,5
memo,1000,16384000,1000,16384000,0.01,16,16384,sharded,600.0,ed25519,gossip,direct,shard,nonce_hash_set,5,30.599152,0.256509,0.318447,5,516.859265,4.017548,4.987645,5,12105426.000000,380999.053206,472996.967151,5,1210.251000,43.486062,53.986422,5,2.000000,0.000000,0.000000,5,2.000000,0.000000,0.000000,5,2.000000,0.000000,0.000000,5,3.000000,0.000000,0.000000,5
memo,1000,16384000,1000,16384000,0.01,16,16384,sharded,75.0,ed25519,gossip,direct,shard,nonce_hash_set,5,244.679689,2.048918,2.543660,5,64.637376,0.501861,0.623042,5,12105426.000000,380999.053206,472996.967151,5,1210.251000,43.486062,53.986422,5,2.000000,0.000000,0.000000,5,2.000000,0.000000,0.000000,5,2.000000,0.000000,0.000000,5,3.000000,0.000000,0.000000,5
memo,1000,16384000,1000,16384000,0.01,16,16384,sharded,9.375,ed25519,gossip,direct,shard,nonce_hash_set,5,1950.182009,16.190873,20.100401,5,8.109725,0.062404,0.077473,5,12105426.000000,380999.053206,472996.967151,5,1210.251000,43.486062,53.986422,5,2.000000,0.000000,0.000000,5,2.000000,0.000000,0.000000,5,2.000000,0.000000,0.000000,5,3.000000,0.000000,0.000000,5
memo,1000,2048000,1000,2048000,0.01,16,2048,sharded,0.146484375,ed25519,gossip,direct,shard,nonce_hash_set,5,14741.064554,110.329915,136.970722,5,0.134168,0.000925,0.001148,5,12105426.000000,380999.053206,472996.967151,5,1210.251000,43.486062,53.986422,5,2.000000,0.000000,0.000000,5,2.000000,0.000000,0.000000,5,2.000000,0.000000,0.000000,5,3.000000,0.000000,0.000000,5
memo,1000,2048000,1000,2048000,0.01,16,2048,sharded,0.29296875,ed25519,gossip,direct,shard,nonce_hash_set,5,7598.557664,60.307671,74.869860,5,0.260286,0.001910,0.002371,5,12105426.000000,380999.053206,472996.967151,5,1210.251000,43.486062,53.986422,5,2.000000,0.000000,0.000000,5,2.000000,0.000000,0.000000,5,2.000000,0.000000,0.000000,5,3.000000,0.000000,0.000000,5
memo,1000,2048000,1000,2048000,0.01,16,2048,sharded,0.5859375,ed25519,gossip,direct,shard,nonce_hash_set,5,3858.303522,31.496350,39.101614,5,0.512609,0.003875,0.004810,5,12105426.000000,380999.053206,472996.967151,5,1210.251000,43.486062,53.986422,5,2.000000,0.000000,0.000000,5,2.000000,0.000000,0.000000,5,2.000000,0.000000,0.000000,5,3.000000,0.000000,0.000000,5
memo,1000,2048000,1000,2048000,0.01,16,2048,sharded,1200.0,ed25519,gossip,direct,shard,nonce_hash_set,5,1.913406,0.016041,0.019915,5,1033.657978,8.035763,9.976118,5,12105426.000000,380999.053206,472996.967151,5,1210.251000,43.486062,53.986422,5,2.000000,0.000000,0.000000,5,2.000000,0.000000,0.000000,5,2.000000,0.000000,0.000000,5,3.000000,0.000000,0.000000,5
memo,1000,2048000,1000,2048000,0.01,16,2048,sharded,150.0,ed25519,gossip,direct,shard,nonce_hash_set,5,15.306429,0.128314,0.159297,5,129.214129,1.004430,1.246965,5,12105426.000000,380999.053206,472996.967151,5,1210.251000,43.486062,53.986422,5,2.000000,0.000000,0.000000,5,2.000000,0.000000,0.000000,5,2.000000,0.000000,0.000000,5,3.000000,0.000000,0.000000,5
memo,1000,2048000,1000,2048000,0.01,16,2048,sharded,18.75,ed25519,gossip,direct,shard,nonce_hash_set,5,122.399244,1.025332,1.272914,5,16.158652,0.125511,0.155818,5,12105426.000000,380999.053206,472996.967151,5,1210.251000,43.486062,53.986422,5,2.000000,0.000000,0.000000,5,2.000000,0.000000,0.000000,5,2.000000,0.000000,0.000000,5,3.000000,0.000000,0.000000,5
memo,1000,2048000,1000,2048000,0.01,16,2048,sharded,1.171875,ed25519,gossip,direct,shard,nonce_hash_set,5,1944.159301,16.085084,19.969068,5,1.017306,0.007799,0.009682,5,12105426.000000,380999.053206,472996.967151,5,1210.251000,43.486062,53.986422,5,2.000000,0.000000,0.000000,5,2.000000,0.000000,0.000000,5,2.000000,0.000000,0.000000,5,3.000000,0.000000,0.000000,5
memo,1000,2048000,1000,2048000,0.01,16,2048,sharded,2.34375,ed25519,gossip,direct,shard,nonce_hash_set,5,975.863693,8.127044,10.089440,5,2.026723,0.015645,0.019423,5,12105426.000000,380999.053206,472996.967151,5,1210.251000,43.486062,53.986422,5,2.000000,0.000000,0.000000,5,2.000000,0.000000,0.000000,5,2.000000,0.000000,0.000000,5,3.000000,0.000000,0.000000,5
memo,1000,2048000,1000,2048000,0.01,16,2048,sharded,300.0,ed25519,gossip,direct,shard,nonce_hash_set,5,7.653448,0.064162,0.079655,5,258.420393,2.008906,2.493987,5,12105426.000000,380999.053206,472996.967151,5,1210.251000,43.486062,53.986422,5,2.000000,0.000000,0.000000,5,2.000000,0.000000,0.000000,5,2.000000,0.000000,0.000000,5,3.000000,0.000000,0.000000,5
memo,1000,2048000,1000,2048000,0.01,16,2048,sharded,37.5,ed25519,gossip,direct,shard,nonce_hash_set,5,61.214533,0.513004,0.636877,5,32.309433,0.251072,0.311697,5,12105426.000000,380999.053206,472996.967151,5,1210.251000,43.486062,53.986422,5,2.000000,0.000000,0.000000,5,2.000000,0.000000,0.000000,5,2.000000,0.000000,0.000000,5,3.000000,0.000000,0.000000,5
memo,1000,2048000,1000,2048000,0.01,16,2048,sharded,4.6875,ed25519,gossip,direct,shard,nonce_hash_set,5,488.882266,4.085100,5.071508,5,4.045568,0.031340,0.038908,5,12105426.000000,380999.053206,472996.967151,5,1210.251000,43.486062,53.986422,5,2.000000,0.000000,0.000000,5,2.000000,0.000000,0.000000,5,2.000000,0.000000,0.000000,5,3.000000,0.000000,0.000000,5
memo,1000,2048000,1000,2048000,0.01,16,2048,sharded,600.0,ed25519,gossip,direct,shard,nonce_hash_set,5,3.826782,0.032082,0.039829,5,516.832921,4.017859,4.988031,5,12105426.000000,380999.053206,472996.967151,5,1210.251000,43.486062,53.986422,5,2.000000,0.000000,0.000000,5,2.000000,0.000000,0.000000,5,2.000000,0.000000,0.000000,5,3.000000,0.000000,0.000000,5
memo,1000,2048000,1000,2048000,0.01,16,2048,sharded,75.0,ed25519,gossip,direct,shard,nonce_hash_set,5,30.610995,0.256586,0.318542,5,64.610998,0.502192,0.623453,5,12105426.000000,380999.053206,472996.967151,5,1210.251000,43.486062,53.986422,5,2.000000,0.000000,0.000000,5,2.000000,0.000000,0.000000,5,2.000000,0.000000,0.000000,5,3.000000,0.000000,0.000000,5
memo,1000,2048000,1000,2048000,0.01,16,2048,sharded,9.375,ed25519,gossip,direct,shard,nonce_hash_set,5,244.679263,2.047958,2.542468,5,8.083262,0.062731,0.077878,5,12105426.000000,380999.053206,472996.967151,5,1210.251000,43.486062,53.986422,5,2.000000,0.000000,0.000000,5,2.000000,0.000000,0.000000,5,2.000000,0.000000,0.000000,5,3.000000,0.000000,0.000000,5
memo,1000,262144000,1000,262144000,0.01,16,262144,sharded,0.146484375,ed25519,gossip,direct,shard,nonce_hash_set,5,261507.393192,406.654496,504.847300,5,0.967542,0.001211,0.001503,5,12105426.000000,380999.053206,472996.967151,5,1210.251000,43.486062,53.986422,5,2.000000,0.000000,0.000000,5,2.000000,0.000000,0.000000,5,2.000000,0.000000,0.000000,5,3.000000,0.000000,0.000000,5
memo,1000,262144000,1000,262144000,0.01,16,262144,sharded,0.29296875,ed25519,gossip,direct,shard,nonce_hash_set,5,234952.602891,580.376125,720.516612,5,1.076899,0.002421,0.003006,5,12105426.000000,380999.053206,472996.967151,5,1210.251000,43.486062,53.986422,5,2.000000,0.000000,0.000000,5,2.000000,0.000000,0.000000,5,2.000000,0.000000,0.000000,5,3.000000,0.000000,0.000000,5
memo,1000,262144000,1000,262144000,0.01,16,262144,sharded,0.5859375,ed25519,gossip,direct,shard,nonce_hash_set,5,195291.511183,763.553748,947.925209,5,1.295612,0.004843,0.006012,5,12105426.000000,380999.053206,472996.967151,5,1210.251000,43.486062,53.986422,5,2.000000,0.000000,0.000000,5,2.000000,0.000000,0.000000,5,2.000000,0.000000,0.000000,5,3.000000,0.000000,0.000000,5
memo,1000,262144000,1000,262144000,0.01,16,262144,sharded,1200.0,ed25519,gossip,direct,shard,nonce_hash_set,5,244.676316,2.048987,2.543746,5,1034.150977,8.029785,9.968697,5,12105426.000000,380999.053206,472996.967151,5,1210.251000,43.486062,53.986422,5,2.000000,0.000000,0.000000,5,2.000000,0.000000,0.000000,5,2.000000,0.000000,0.000000,5,3.000000,0.000000,0.000000,5
memo,1000,262144000,1000,262144000,0.01,16,262144,sharded,150.0,ed25519,gossip,direct,shard,nonce_hash_set,5,1950.773780,16.201411,20.113484,5,129.708546,0.998481,1.239579,5,12105426.000000,380999.053206,472996.967151,5,1210.251000,43.486062,53.986422,5,2.000000,0.000000,0.000000,5,2.000000,0.000000,0.000000,5,2.000000,0.000000,0.000000,5,3.000000,0.000000,0.000000,5
memo,1000,262144000,1000,262144000,0.01,16,262144,sharded,18.75,ed25519,gossip,direct,shard,nonce_hash_set,5,15181.578127,116.898400,145.125266,5,16.666921,0.118494,0.147106,5,12105426.000000,380999.053206,472996.967151,5,1210.251000,43.486062,53.986422,5,2.000000,0.000000,0.000000,5,2.000000,0.000000,0.000000,5,2.000000,0.000000,0.000000,5,3.000000,0.000000,0.000000,5
memo,1000,262144000,1000,262144000,0.01,16,262144,sharded,1.171875,ed25519,gossip,direct,shard,nonce_hash_set,5,145996.287967,833.770339,1035.096645,5,1.733095,0.009652,0.011983,5,12105426.000000,380999.053206,472996.967151,5,1210.251000,43.486062,53.986422,5,2.000000,0.000000,0.000000,5,2.000000,0.000000,0.000000,5,2.000000,0.000000,0.000000,5,3.000000,0.000000,0.000000,5
memo,1000,262144000,1000,262144000,0.01,16,262144,sharded,2.34375,ed25519,gossip,direct,shard,nonce_hash_set,5,95738.610015,658.367573,817.340261,5,2.642907,0.017414,0.021619,5,12105426.000000,380999.053206,472996.967151,5,1210.251000,43.486062,53.986422,5,2.000000,0.000000,0.000000,5,2.000000,0.000000,0.000000,5,2.000000,0.000000,0.000000,5,3.000000,0.000000,0.000000,5
memo,1000,262144000,1000,262144000,0.01,16,262144,sharded,300.0,ed25519,gossip,direct,shard,nonce_hash_set,5,977.282649,8.154605,10.123656,5,258.913995,2.002820,2.486431,5,12105426.000000,380999.053206,472996.967151,5,1210.251000,43.486062,53.986422,5,2.000000,0.000000,0.000000,5,2.000000,0.000000,0.000000,5,2.000000,0.000000,0.000000,5,3.000000,0.000000,0.000000,5
memo,1000,262144000,1000,262144000,0.01,16,262144,sharded,37.5,ed25519,gossip,direct,shard,nonce_hash_set,5,7712.022603,62.119142,77.118737,5,32.809972,0.244634,0.303704,5,12105426.000000,380999.053206,472996.967151,5,1210.251000,43.486062,53.986422,5,2.000000,0.000000,0.000000,5,2.000000,0.000000,0.000000,5,2.000000,0.000000,0.000000,5,3.000000,0.000000,0.000000,5
memo,1000,262144000,1000,262144000,0.01,16,262144,sharded,4.6875,ed25519,gossip,direct,shard,nonce_hash_set,5,55029.219714,385.072503,478.054012,5,4.598072,0.029985,0.037225,5,12105426.000000,380999.053206,472996.967151,5,1210.251000,43.486062,53.986422,5,2.000000,0.000000,0.000000,5,2.000000,0.000000,0.000000,5,2.000000,0.000000,0.000000,5,3.000000,0.000000,0.000000,5
memo,1000,262144000,1000,262144000,0.01,16,262144,sharded,600.0,ed25519,gossip,direct,shard,nonce_hash_set,5,489.115525,4.091090,5.078945,5,517.326084,4.011820,4.980534,5,12105426.000000,380999.053206,472996.967151,5,1210.251000,43.486062,53.986422,5,2.000000,0.000000,0.000000,5,2.000000,0.000000,0.000000,5,2.000000,0.000000,0.000000,5,3.000000,0.000000,0.000000,5
memo,1000,262144000,1000,262144000,0.01,16,262144,sharded,75.0,ed25519,gossip,direct,shard,nonce_hash_set,5,3886.376257,31.965020,39.683451,5,65.107380,0.496157,0.615961,5,12105426.000000,380999.053206,472996.967151,5,1210.251000,43.486062,53.986422,5,2.000000,0.000000,0.000000,5,2.000000,0.000000,0.000000,5,2.000000,0.000000,0.000000,5,3.000000,0.000000,0.000000,5
memo,1000,262144000,1000,262144000,0.01,16,262144,sharded,9.375,ed25519,gossip,direct,shard,nonce_hash_set,5,29400.652500,210.905174,261.831379,5,8.606227,0.056885,0.070620,5,12105426.000000,380999.053206,472996.967151,5,1210.251000,43.486062,53.986422,5,2.000000,0.000000,0.000000,5,2.000000,0.000000,0.000000,5,2.000000,0.000000,0.000000,5,3.000000,0.000000,0.000000,5
memo,1000,32768000,1000,32768000,0.01,16,32768,sharded,0.146484375,ed25519,gossip,direct,shard,nonce_hash_set,5,144720.036426,821.637233,1020.033820,5,0.218553,0.001210,0.001502,5,12105426.000000,380999.053206,472996.967151,5,1210.251000,43.486062,53.986422,5,2.000000,0.000000,0.000000,5,2.000000,0.000000,0.000000,5,2.000000,0.000000,0.000000,5,3.000000,0.000000,0.000000,5
memo,1000,32768000,1000,32768000,0.01,16,32768,sharded,0.29296875,ed25519,gossip,direct,shard,nonce_hash_set,5,95188.130587,652.132355,809.599456,5,0.332283,0.002181,0.002708,5,12105426.000000,380999.053206,472996.967151,5,1210.251000,43.486062,53.986422,5,2.000000,0.000000,0.000000,5,2.000000,0.000000,0.000000,5,2.000000,0.000000,0.000000,5,3.000000,0.000000,0.000000,5
memo,1000,32768000,1000,32768000,0.01,16,32768,sharded,0.5859375,ed25519,gossip,direct,shard,nonce_hash_set,5,54847.185927,382.908193,475.367097,5,0.576682,0.003751,0.004657,5,12105426.000000,380999.053206,472996.967151,5,1210.251000,43.486062,53.986422,5,2.000000,0.000000,0.000000,5,2.000000,0.000000,0.000000,5,2.000000,0.000000,0.000000,5,3.000000,0.000000,0.000000,5
memo,1000,32768000,1000,32768000,0.01,16,32768,sharded,1200.0,ed25519,gossip,direct,shard,nonce_hash_set,5,30.598301,0.256504,0.318441,5,1033.714575,8.035097,9.975292,5,12105426.000000,380999.053206,472996.967151,5,1210.251000,43.486062,53.986422,5,2.000000,0.000000,0.000000,5,2.000000,0.000000,0.000000,5,2.000000,0.000000,0.000000,5,3.000000,0.000000,0.000000,5
memo,1000,32768000,1000,32768000,0.01,16,32768,sharded,150.0,ed25519,gossip,direct,shard,nonce_hash_set,5,244.679437,2.048982,2.543739,5,129.270799,1.003723,1.246087,5,12105426.000000,380999.053206,472996.967151,5,1210.251000,43.486062,53.986422,5,2.000000,0.000000,0.000000,5,2.000000,0.000000,0.000000,5,2.000000,0.000000,0.000000,5,3.000000,0.000000,0.000000,5
memo,1000,32768000,1000,32768000,0.01,16,32768,sharded,18.75,ed25519,gossip,direct,shard,nonce_hash_set,5,1950.595890,16.198182,20.109476,5,16.215495,0.124810,0.154948,5,12105426.000000,380999.053206,472996.967151,5,1210.251000,43.486062,53.986422,5,2.000000,0.000000,0.000000,5,2.000000,0.000000,0.000000,5,2.000000,0.000000,0.000000,5,3.000000,0.000000,0.000000,5
memo,1000,32768000,1000,32768000,0.01,16,32768,sharded,1.171875,ed25519,gossip,direct,shard,nonce_hash_set,5,29348.933649,210.234763,260.999088,5,1.077704,0.007112,0.008830,5,12105426.000000,380999.053206,472996.967151,5,1210.251000,43.486062,53.986422,5,2.000000,0.000000,0.000000,5,2.000000,0.000000,0.000000,5,2.000000,0.000000,0.000000,5,3.000000,0.000000,0.000000,5
memo,1000,32768000,1000,32768000,0.01,16,32768,sharded,2.34375,ed25519,gossip,direct,shard,nonce_hash_set,5,15167.973299,116.701286,144.880556,5,2.085291,0.014813,0.018389,5,12105426.000000,380999.053206,472996.967151,5,1210.251000,43.486062,53.986422,5,2.000000,0.000000,0.000000,5,2.000000,0.000000,0.000000,5,2.000000,0.000000,0.000000,5,3.000000,0.000000,0.000000,5
memo,1000,32768000,1000,32768000,0.01,16,32768,sharded,300.0,ed25519,gossip,direct,shard,nonce_hash_set,5,122.370285,1.025365,1.272954,5,258.477036,2.008211,2.493124,5,12105426.000000,380999.053206,472996.967151,5,1210.251000,43.486062,53.986422,5,2.000000,0.000000,0.000000,5,2.000000,0.000000,0.000000,5,2.000000,0.000000,0.000000,5,3.000000,0.000000,0.000000,5
memo,1000,32768000,1000,32768000,0.01,16,32768,sharded,37.5,ed25519,gossip,direct,shard,nonce_hash_set,5,977.251490,8.153894,10.122773,5,32.366176,0.250353,0.310804,5,12105426.000000,380999.053206,472996.967151,5,1210.251000,43.486062,53.986422,5,2.000000,0.000000,0.000000,5,2.000000,0.000000,0.000000,5,2.000000,0.000000,0.000000,5,3.000000,0.000000,0.000000,5
memo,1000,32768000,1000,32768000,0.01,16,32768,sharded,4.6875,ed25519,gossip,direct,shard,nonce_hash_set,5,7708.614222,62.066002,77.052765,5,4.103173,0.030580,0.037964,5,12105426.000000,380999.053206,472996.967151,5,1210.251000,43.486062,53.986422,5,2.000000,0.000000,0.000000,5,2.000000,0.000000,0.000000,5,2.000000,0.000000,0.000000,5,3.000000,0.000000,0.000000,5
memo,1000,32768000,1000,32768000,0.01,16,32768,sharded,600.0,ed25519,gossip,direct,shard,nonce_hash_set,5,61.192784,0.512900,0.636748,5,516.889536,4.017183,4.987192,5,12105426.000000,380999.053206,472996.967151,5,1210.251000,43.486062,53.986422,5,2.000000,0.000000,0.000000,5,2.000000,0.000000,0.000000,5,2.000000,0.000000,0.000000,5,3.000000,0.000000,0.000000,5
memo,1000,32768000,1000,32768000,0.01,16,32768,sharded,75.0,ed25519,gossip,direct,shard,nonce_hash_set,5,489.114479,4.090963,5.078788,5,64.667688,0.501478,0.622567,5,12105426.000000,380999.053206,472996.967151,5,1210.251000,43.486062,53.986422,5,2.000000,0.000000,0.000000,5,2.000000,0.000000,0.000000,5,2.000000,0.000000,0.000000,5,3.000000,0.000000,0.000000,5
memo,1000,32768000,1000,32768000,0.01,16,32768,sharded,9.375,ed25519,gossip,direct,shard,nonce_hash_set,5,3885.563710,31.951564,39.666746,5,8.140349,0.062020,0.076996,5,12105426.000000,380999.053206,472996.967151,5,1210.251000,43.486062,53.986422,5,2.000000,0.000000,0.000000,5,2.000000,0.000000,0.000000,5,2.000000,0.000000,0.000000,5,3.000000,0.000000,0.000000,5
memo,1000,4096000,1000,4096000,0.01,16,4096,sharded,0.146484375,ed25519,gossip,direct,shard,nonce_hash_set,5,28599.399285,200.043329,248.346780,5,0.138274,0.000889,0.001104,5,12105426.000000,380999.053206,472996.967151,5,1210.251000,43.486062,53.986422,5,2.000000,0.000000,0.000000,5,2.000000,0.000000,0.000000,5,2.000000,0.000000,0.000000,5,3.000000,0.000000,0.000000,5
memo,1000,4096000,1000,4096000,0.01,16,4096,sharded,0.29296875,ed25519,gossip,direct,shard,nonce_hash_set,5,14966.908097,113.666784,141.113327,5,0.264221,0.001850,0.002297,5,12105426.000000,380999.053206,472996.967151,5,1210.251000,43.486062,53.986422,5,2.000000,0.000000,0.000000,5,2.000000,0.000000,0.000000,5,2.000000,0.000000,0.000000,5,3.000000,0.000000,0.000000,5
memo,1000,4096000,1000,4096000,0.01,16,4096,sharded,0.5859375,ed25519,gossip,direct,shard,nonce_hash_set,5,7657.179086,61.238119,76.024977,5,0.516456,0.003821,0.004743,5,12105426.000000,380999.053206,472996.967151,5,1210.251000,43.486062,53.986422,5,2.000000,0.000000,0.000000,5,2.000000,0.000000,0.000000,5,2.000000,0.000000,0.000000,5,3.000000,0.000000,0.000000,5
memo,1000,4096000,1000,4096000,0.01,16,4096,sharded,1200.0,ed25519,gossip,direct,shard,nonce_hash_set,5,3.825830,0.032075,0.039820,5,1033.661727,8.035719,9.976064,5,12105426.000000,380999.053206,472996.967151,5,1210.251000,43.486062,53.986422,5,2.000000,0.000000,0.000000,5,2.000000,0.000000,0.000000,5,2.000000,0.000000,0.000000,5,3.000000,0.000000,0.000000,5
memo,1000,4096000,1000,4096000,0.01,16,4096,sharded,150.0,ed25519,gossip,direct,shard,nonce_hash_set,5,30.604230,0.256542,0.318488,5,129.217880,1.004385,1.246909,5,12105426.000000,380999.053206,472996.967151,5,1210.251000,43.486062,53.986422,5,2.000000,0.000000,0.000000,5,2.000000,0.000000,0.000000,5,2.000000,0.000000,0.000000,5,3.000000,0.000000,0.000000,5
memo,1000,4096000,1000,4096000,0.01,16,4096,sharded,18.75,ed25519,gossip,direct,shard,nonce_hash_set,5,244.679699,2.048508,2.543150,5,16.162408,0.125464,0.155759,5,12105426.000000,380999.053206,472996.967151,5,1210.251000,43.486062,53.986422,5,2.000000,0.000000,0.000000,5,2.000000,0.000000,0.000000,5,2.000000,0.000000,0.000000,5,3.000000,0.000000,0.000000,5
memo,1000,4096000,1000,4096000,0.01,16,4096,sharded,1.171875,ed25519,gossip,direct,shard,nonce_hash_set,5,3872.876722,31.738666,39.402441,5,1.021103,0.007751,0.009622,5,12105426.000000,380999.053206,472996.967151,5,1210.251000,43.486062,53.986422,5,2.000000,0.000000,0.000000,5,2.000000,0.000000,0.000000,5,2.000000,0.000000,0.000000,5,3.000000,0.000000,0.000000,5
memo,1000,4096000,1000,4096000,0.01,16,4096,sharded,2.34375,ed25519,gossip,direct,shard,nonce_hash_set,5,1947.607793,16.145475,20.044042,5,2.030496,0.015600,0.019366,5,12105426.000000,380999.053206,472996.967151,5,1210.251000,43.486062,53.986422,5,2.000000,0.000000,0.000000,5,2.000000,0.000000,0.000000,5,2.000000,0.000000,0.000000,5,3.000000,0.000000,0.000000,5
memo,1000,4096000,1000,4096000,0.01,16,4096,sharded,300.0,ed25519,gossip,direct,shard,nonce_hash_set,5,15.302803,0.128288,0.159265,5,258.424143,2.008862,2.493932,5,12105426.000000,380999.053206,472996.967151,5,1210.251000,43.486062,53.986422,5,2.000000,0.000000,0.000000,5,2.000000,0.000000,0.000000,5,2.000000,0.000000,0.000000,5,3.000000,0.000000,0.000000,5
memo,1000,4096000,1000,4096000,0.01,16,4096,sharded,37.5,ed25519,gossip,direct,shard,nonce_hash_set,5,122.383887,1.025350,1.272937,5,32.313188,0.251025,0.311638,5,12105426.000000,380999.053206,472996.967151,5,1210.251000,43.486062,53.986422,5,2.000000,0.000000,0.000000,5,2.000000,0.000000,0.000000,5,2.000000,0.000000,0.000000,5,3.000000,0.000000,0.000000,5
memo,1000,4096000,1000,4096000,0.01,16,4096,sharded,4.6875,ed25519,gossip,direct,shard,nonce_hash_set,5,976.608663,8.141402,10.107266,5,4.049331,0.031292,0.038848,5,12105426.000000,380999.053206,472996.967151,5,1210.251000,43.486062,53.986422,5,2.000000,0.000000,0.000000,5,2.000000,0.000000,0.000000,5,2.000000,0.000000,0.000000,5,3.000000,0.000000,0.000000,5
memo,1000,4096000,1000,4096000,0.01,16,4096,sharded,600.0,ed25519,gossip,direct,shard,nonce_hash_set,5,7.651574,0.064148,0.079638,5,516.836671,4.017815,4.987976,5,12105426.000000,380999.053206,472996.967151,5,1210.251000,43.486062,53.986422,5,2.000000,0.000000,0.000000,5,2.000000,0.000000,0.000000,5,2.000000,0.000000,0.000000,5,3.000000,0.000000,0.000000,5
memo,1000,4096000,1000,4096000,0.01,16,4096,sharded,75.0,ed25519,gossip,direct,shard,nonce_hash_set,5,61.202956,0.512949,0.636808,5,64.614751,0.502146,0.623397,5,12105426.000000,380999.053206,472996.967151,5,1210.251000,43.486062,53.986422,5,2.000000,0.000000,0.000000,5,2.000000,0.000000,0.000000,5,2.000000,0.000000,0.000000,5,3.000000,0.000000,0.000000,5
memo,1000,4096000,1000,4096000,0.01,16,4096,sharded,9.375,ed25519,gossip,direct,shard,nonce_hash_set,5,489.007430,4.088239,5.075406,5,8.087020,0.062683,0.077819,5,12105426.000000,380999.053206,472996.967151,5,1210.251000,43.486062,53.986422,5,2.000000,0.000000,0.000000,5,2.000000,0.000000,0.000000,5,2.000000,0.000000,0.000000,5,3.000000,0.000000,0.000000,5
memo,1000,524288000,1000,524288000,0.01,16,524288,sharded,0.146484375,ed25519,gossip,direct,shard,nonce_hash_set,5,268476.998443,277.158153,344.082130,5,1.884844,0.001207,0.001498,5,12105426.000000,380999.053206,472996.967151,5,1210.251000,43.486062,53.986422,5,2.000000,0.000000,0.000000,5,2.000000,0.000000,0.000000,5,2.000000,0.000000,0.000000,5,3.000000,0.000000,0.000000,5
memo,1000,524288000,1000,524288000,0.01,16,524288,sharded,0.29296875,ed25519,gossip,direct,shard,nonce_hash_set,5,253754.676641,379.528403,471.171206,5,1.994201,0.002412,0.002994,5,12105426.000000,380999.053206,472996.967151,5,1210.251000,43.486062,53.986422,5,2.000000,0.000000,0.000000,5,2.000000,0.000000,0.000000,5,2.000000,0.000000,0.000000,5,3.000000,0.000000,0.000000,5
memo,1000,524288000,1000,524288000,0.01,16,524288,sharded,0.5859375,ed25519,gossip,direct,shard,nonce_hash_set,5,228675.485163,547.702265,679.953160,5,2.212914,0.004831,0.005997,5,12105426.000000,380999.053206,472996.967151,5,1210.251000,43.486062,53.986422,5,2.000000,0.000000,0.000000,5,2.000000,0.000000,0.000000,5,2.000000,0.000000,0.000000,5,3.000000,0.000000,0.000000,5
memo,1000,524288000,1000,524288000,0.01,16,524288,sharded,1200.0,ed25519,gossip,direct,shard,nonce_hash_set,5,489.086647,4.090601,5.078338,5,1034.711208,8.023569,9.960980,5,12105426.000000,380999.053206,472996.967151,5,1210.251000,43.486062,53.986422,5,2.000000,0.000000,0.000000,5,2.000000,0.000000,0.000000,5,2.000000,0.000000,0.000000,5,3.000000,0.000000,0.000000,5
memo,1000,524288000,1000,524288000,0.01,16,524288,sharded,150.0,ed25519,gossip,direct,shard,nonce_hash_set,5,3884.607049,31.935076,39.646277,5,130.273801,0.992244,1.231836,5,12105426.000000,380999.053206,472996.967151,5,1210.251000,43.486062,53.986422,5,2.000000,0.000000,0.000000,5,2.000000,0.000000,0.000000,5,2.000000,0.000000,0.000000,5,3.000000,0.000000,0.000000,5
memo,1000,524288000,1000,524288000,0.01,16,524288,sharded,18.75,ed25519,gossip,direct,shard,nonce_hash_set,5,29300.064361,209.413737,259.979813,5,17.271505,0.113706,0.141162,5,12105426.000000,380999.053206,472996.967151,5,1210.251000,43.486062,53.986422,5,2.000000,0.000000,0.000000,5,2.000000,0.000000,0.000000,5,2.000000,0.000000,0.000000,5,3.000000,0.000000,0.000000,5
memo,1000,524288000,1000,524288000,0.01,16,524288,sharded,1.171875,ed25519,gossip,direct,shard,nonce_hash_set,5,190934.998881,728.731750,904.694920,5,2.650340,0.009673,0.012008,5,12105426.000000,380999.053206,472996.967151,5,1210.251000,43.486062,53.986422,5,2.000000,0.000000,0.000000,5,2.000000,0.000000,0.000000,5,2.000000,0.000000,0.000000,5,3.000000,0.000000,0.000000,5
memo,1000,524288000,1000,524288000,0.01,16,524288,sharded,2.34375,ed25519,gossip,direct,shard,nonce_hash_set,5,143547.647939,805.505286,1000.006572,5,3.525307,0.019290,0.023948,5,12105426.000000,380999.053206,472996.967151,5,1210.251000,43.486062,53.986422,5,2.000000,0.000000,0.000000,5,2.000000,0.000000,0.000000,5,2.000000,0.000000,0.000000,5,3.000000,0.000000,0.000000,5
memo,1000,524288000,1000,524288000,0.01,16,524288,sharded,300.0,ed25519,gossip,direct,shard,nonce_hash_set,5,1950.326004,16.193779,20.104009,5,259.476132,1.996892,2.479071,5,12105426.000000,380999.053206,472996.967151,5,1210.251000,43.486062,53.986422,5,2.000000,0.000000,0.000000,5,2.000000,0.000000,0.000000,5,2.000000,0.000000,0.000000,5,3.000000,0.000000,0.000000,5
memo,1000,524288000,1000,524288000,0.01,16,524288,sharded,37.5,ed25519,gossip,direct,shard,nonce_hash_set,5,15154.701047,116.471072,144.594752,5,33.392889,0.236920,0.294128,5,12105426.000000,380999.053206,472996.967151,5,1210.251000,43.486062,53.986422,5,2.000000,0.000000,0.000000,5,2.000000,0.000000,0.000000,5,2.000000,0.000000,0.000000,5,3.000000,0.000000,0.000000,5
memo,1000,524288000,1000,524288000,0.01,16,524288,sharded,4.6875,ed25519,gossip,direct,shard,nonce_hash_set,5,94679.851033,643.523079,798.911341,5,5.344907,0.034795,0.043197,5,12105426.000000,380999.053206,472996.967151,5,1210.251000,43.486062,53.986422,5,2.000000,0.000000,0.000000,5,2.000000,0.000000,0.000000,5,2.000000,0.000000,0.000000,5,3.000000,0.000000,0.000000,5
memo,1000,524288000,1000,524288000,0.01,16,524288,sharded,600.0,ed25519,gossip,direct,shard,nonce_hash_set,5,977.169293,8.152673,10.121257,5,517.887029,4.005570,4.972774,5,12105426.000000,380999.053206,472996.967151,5,1210.251000,43.486062,53.986422,5,2.000000,0.000000,0.000000,5,2.000000,0.000000,0.000000,5,2.000000,0.000000,0.000000,5,3.000000,0.000000,0.000000,5
memo,1000,524288000,1000,524288000,0.01,16,524288,sharded,75.0,ed25519,gossip,direct,shard,nonce_hash_set,5,7705.073862,62.003755,76.975488,5,65.678986,0.489198,0.607323,5,12105426.000000,380999.053206,472996.967151,5,1210.251000,43.486062,53.986422,5,2.000000,0.000000,0.000000,5,2.000000,0.000000,0.000000,5,2.000000,0.000000,0.000000,5,3.000000,0.000000,0.000000,5
memo,1000,524288000,1000,524288000,0.01,16,524288,sharded,9.375,ed25519,gossip,direct,shard,nonce_hash_set,5,54677.890779,380.010955,471.770278,5,9.255210,0.059917,0.074385,5,12105426.000000,380999.053206,472996.967151,5,1210.251000,43.486062,53.986422,5,2.000000,0.000000,0.000000,5,2.000000,0.000000,0.000000,5,2.000000,0.000000,0.000000,5,3.000000,0.000000,0.000000,5
memo,1000,65536000,1000,65536000,0.01,16,65536,sharded,0.146484375,ed25519,gossip,direct,shard,nonce_hash_set,5,195300.498386,765.675715,950.559556,5,0.323892,0.001214,0.001507,5,12105426.000000,380999.053206,472996.967151,5,1210.251000,43.486062,53.986422,5,2.000000,0.000000,0.000000,5,2.000000,0.000000,0.000000,5,2.000000,0.000000,0.000000,5,3.000000,0.000000,0.000000,5
memo,1000,65536000,1000,65536000,0.01,16,65536,sharded,0.29296875,ed25519,gossip,direct,shard,nonce_hash_set,5,146001.729425,834.935014,1036.542549,5,0.433263,0.002416,0.003000,5,12105426.000000,380999.053206,472996.967151,5,1210.251000,43.486062,53.986422,5,2.000000,0.000000,0.000000,5,2.000000,0.000000,0.000000,5,2.000000,0.000000,0.000000,5,3.000000,0.000000,0.000000,5
memo,1000,65536000,1000,65536000,0.01,16,65536,sharded,0.5859375,ed25519,gossip,direct,shard,nonce_hash_set,5,95740.504754,659.021873,818.152551,5,0.660722,0.004358,0.005410,5,12105426.000000,380999.053206,472996.967151,5,1210.251000,43.486062,53.986422,5,2.000000,0.000000,0.000000,5,2.000000,0.000000,0.000000,5,2.000000,0.000000,0.000000,5,3.000000,0.000000,0.000000,5
memo,1000,65536000,1000,65536000,0.01,16,65536,sharded,1200.0,ed25519,gossip,direct,shard,nonce_hash_set,5,61.192044,0.512897,0.636743,5,1033.775225,8.034368,9.974386,5,12105426.000000,380999.053206,472996.967151,5,1210.251000,43.486062,53.986422,5,2.000000,0.000000,0.000000,5,2.000000,0.000000,0.000000,5,2.000000,0.000000,0.000000,5,3.000000,0.000000,0.000000,5
memo,1000,65536000,1000,65536000,0.01,16,65536,sharded,150.0,ed25519,gossip,direct,shard,nonce_hash_set,5,489.121292,4.091143,5.079011,5,129.331530,1.002957,1.245136,5,12105426.000000,380999.053206,472996.967151,5,1210.251000,43.486062,53.986422,5,2.000000,0.000000,0.000000,5,2.000000,0.000000,0.000000,5,2.000000,0.000000,0.000000,5,3.000000,0.000000,0.000000,5
memo,1000,65536000,1000,65536000,0.01,16,65536,sharded,18.75,ed25519,gossip,direct,shard,nonce_hash_set,5,3886.420392,31.965926,39.684577,5,16.276853,0.124041,0.153993,5,12105426.000000,380999.053206,472996.967151,5,1210.251000,43.486062,53.986422,5,2.000000,0.000000,0.000000,5,2.000000,0.000000,0.000000,5,2.000000,0.000000,0.000000,5,3.000000,0.000000,0.000000,5
memo,1000,65536000,1000,65536000,0.01,16,65536,sharded,1.171875,ed25519,gossip,direct,shard,nonce_hash_set,5,55029.788458,385.268368,478.297172,5,1.149520,0.007500,0.009311,5,12105426.000000,380999.053206,472996.967151,5,1210.251000,43.486062,53.986422,5,2.000000,0.000000,0.000000,5,2.000000,0.000000,0.000000,5,2.000000,0.000000,0.000000,5,3.000000,0.000000,0.000000,5
memo,1000,65536000,1000,65536000,0.01,16,65536,sharded,2.34375,ed25519,gossip,direct,shard,nonce_hash_set,5,29400.927118,210.950162,261.887231,5,2.151562,0.014224,0.017659,5,12105426.000000,380999.053206,472996.967151,5,1210.251000,43.486062,53.986422,5,2.000000,0.000000,0.000000,5,2.000000,0.000000,0.000000,5,2.000000,0.000000,0.000000,5,3.000000,0.000000,0.000000,5
memo,1000,65536000,1000,65536000,0.01,16,65536,sharded,300.0,ed25519,gossip,direct,shard,nonce_hash_set,5,244.679209,2.049012,2.543776,5,258.537753,2.007449,2.492177,5,12105426.000000,380999.053206,472996.967151,5,1210.251000,43.486062,53.986422,5,2.000000,0.000000,0.000000,5,2.000000,0.000000,0.000000,5,2.000000,0.000000,0.000000,5,3.000000,0.000000,0.000000,5
memo,1000,65536000,1000,65536000,0.01,16,65536,sharded,37.5,ed25519,gossip,direct,shard,nonce_hash_set,5,1950.796405,16.201724,20.113872,5,32.427145,0.249622,0.309898,5,12105426.000000,380999.053206,472996.967151,5,1210.251000,43.486062,53.986422,5,2.000000,0.000000,0.000000,5,2.000000,0.000000,0.000000,5,2.000000,0.000000,0.000000,5,3.000000,0.000000,0.000000,5
memo,1000,65536000,1000,65536000,0.01,16,65536,sharded,4.6875,ed25519,gossip,direct,shard,nonce_hash_set,5,15181.733297,116.909436,145.138966,5,4.166737,0.029626,0.036780,5,12105426.000000,380999.053206,472996.967151,5,1210.251000,43.486062,53.986422,5,2.000000,0.000000,0.000000,5,2.000000,0.000000,0.000000,5,2.000000,0.000000,0.000000,5,3.000000,0.000000,0.000000,5
memo,1000,65536000,1000,65536000,0.01,16,65536,sharded,600.0,ed25519,gossip,direct,shard,nonce_hash_set,5,122.369261,1.025365,1.272955,5,516.950225,4.016424,4.986250,5,12105426.000000,380999.053206,472996.967151,5,1210.251000,43.486062,53.986422,5,2.000000,0.000000,0.000000,5,2.000000,0.000000,0.000000,5,2.000000,0.000000,0.000000,5,3.000000,0.000000,0.000000,5
memo,1000,65536000,1000,65536000,0.01,16,65536,sharded,75.0,ed25519,gossip,direct,shard,nonce_hash_set,5,977.294108,8.154728,10.123809,5,64.728507,0.500707,0.621611,5,12105426.000000,380999.053206,472996.967151,5,1210.251000,43.486062,53.986422,5,2.000000,0.000000,0.000000,5,2.000000,0.000000,0.000000,5,2.000000,0.000000,0.000000,5,3.000000,0.000000,0.000000,5
memo,1000,65536000,1000,65536000,0.01,16,65536,sharded,9.375,ed25519,gossip,direct,shard,nonce_hash_set,5,7712.106742,62.122147,77.122467,5,8.202501,0.061161,0.075929,5,12105426.000000,380999.053206,472996.967151,5,1210.251000,43.486062,53.986422,5,2.000000,0.000000,0.000000,5,2.000000,0.000000,0.000000,5,2.000000,0.000000,0.000000,5,3.000000,0.000000,0.000000,5
memo,1000,8192000,1000,8192000,0.01,16,8192,sharded,0.146484375,ed25519,gossip,direct,shard,nonce_hash_set,5,53737.572273,368.738396,457.775790,5,0.147161,0.000940,0.001167,5,12105426.000000,380999.053206,472996.967151,5,1210.251000,43.486062,53.986422,5,2.000000,0.000000,0.000000,5,2.000000,0.000000,0.000000,5,2.000000,0.000000,0.000000,5,3.000000,0.000000,0.000000,5
memo,1000,8192000,1000,8192000,0.01,16,8192,sharded,0.29296875,ed25519,gossip,direct,shard,nonce_hash_set,5,29029.521837,205.866099,255.575545,5,0.272416,0.001778,0.002208,5,12105426.000000,380999.053206,472996.967151,5,1210.251000,43.486062,53.986422,5,2.000000,0.000000,0.000000,5,2.000000,0.000000,0.000000,5,2.000000,0.000000,0.000000,5,3.000000,0.000000,0.000000,5
memo,1000,8192000,1000,8192000,0.01,16,8192,sharded,0.5859375,ed25519,gossip,direct,shard,nonce_hash_set,5,15082.901137,115.417203,143.286411,5,0.524313,0.003702,0.004596,5,12105426.000000,380999.053206,472996.967151,5,1210.251000,43.486062,53.986422,5,2.000000,0.000000,0.000000,5,2.000000,0.000000,0.000000,5,2.000000,0.000000,0.000000,5,3.000000,0.000000,0.000000,5
memo,1000,8192000,1000,8192000,0.01,16,8192,sharded,1200.0,ed25519,gossip,direct,shard,nonce_hash_set,5,7.650637,0.064141,0.079629,5,1033.669214,8.035632,9.975955,5,12105426.000000,380999.053206,472996.967151,5,1210.251000,43.486062,53.986422,5,2.000000,0.000000,0.000000,5,2.000000,0.000000,0.000000,5,2.000000,0.000000,0.000000,5,3.000000,0.000000,0.000000,5
memo,1000,8192000,1000,8192000,0.01,16,8192,sharded,150.0,ed25519,gossip,direct,shard,nonce_hash_set,5,61.197172,0.512922,0.636774,5,129.225373,1.004294,1.246796,5,12105426.000000,380999.053206,472996.967151,5,1210.251000,43.486062,53.986422,5,2.000000,0.000000,0.000000,5,2.000000,0.000000,0.000000,5,2.000000,0.000000,0.000000,5,3.000000,0.000000,0.000000,5
memo,1000,8192000,1000,8192000,0.01,16,8192,sharded,18.75,ed25519,gossip,direct,shard,nonce_hash_set,5,489.070423,4.089831,5.077382,5,16.169912,0.125368,0.155640,5,12105426.000000,380999.053206,472996.967151,5,1210.251000,43.486062,53.986422,5,2.000000,0.000000,0.000000,5,2.000000,0.000000,0.000000,5,2.000000,0.000000,0.000000,5,3.000000,0.000000,0.000000,5
memo,1000,8192000,1000,8192000,0.01,16,8192,sharded,1.171875,ed25519,gossip,direct,shard,nonce_hash_set,5,7686.939208,61.717825,76.620516,5,1.028783,0.007644,0.009489,5,12105426.000000,380999.053206,472996.967151,5,1210.251000,43.486062,53.986422,5,2.000000,0.000000,0.000000,5,2.000000,0.000000,0.000000,5,2.000000,0.000000,0.000000,5,3.000000,0.000000,0.000000,5
memo,1000,8192000,1000,8192000,0.01,16,8192,sharded,2.34375,ed25519,gossip,direct,shard,nonce_hash_set,5,3880.231380,31.862257,39.555875,5,2.038077,0.015504,0.019247,5,12105426.000000,380999.053206,472996.967151,5,1210.251000,43.486062,53.986422,5,2.000000,0.000000,0.000000,5,2.000000,0.000000,0.000000,5,2.000000,0.000000,0.000000,5,3.000000,0.000000,0.000000,5
memo,1000,8192000,1000,8192000,0.01,16,8192,sharded,300.0,ed25519,gossip,direct,shard,nonce_hash_set,5,30.600849,0.256520,0.318461,5,258.431633,2.008773,2.493821,5,12105426.000000,380999.053206,472996.967151,5,1210.251000,43.486062,53.986422,5,2.000000,0.000000,0.000000,5,2.000000,0.000000,0.000000,5,2.000000,0.000000,0.000000,5,3.000000,0.000000,0.000000,5
memo,1000,8192000,1000,8192000,0.01,16,8192,sharded,37.5,ed25519,gossip,direct,shard,nonce_hash_set,5,244.680009,2.048787,2.543498,5,32.320689,0.250929,0.311520,5,12105426.000000,380999.053206,472996.967151,5,1210.251000,43.486062,53.986422,5,2.000000,0.000000,0.000000,5,2.000000,0.000000,0.000000,5,2.000000,0.000000,0.000000,5,3.000000,0.000000,0.000000,5
memo,1000,8192000,1000,8192000,0.01,16,8192,sharded,4.6875,ed25519,gossip,direct,shard,nonce_hash_set,5,1949.343166,16.176113,20.082078,5,4.056863,0.031201,0.038735,5,12105426.000000,380999.053206,472996.967151,5,1210.251000,43.486062,53.986422,5,2.000000,0.000000,0.000000,5,2.000000,0.000000,0.000000,5,2.000000,0.000000,0.000000,5,3.000000,0.000000,0.000000,5
memo,1000,8192000,1000,8192000,0.01,16,8192,sharded,600.0,ed25519,gossip,direct,shard,nonce_hash_set,5,15.300991,0.128275,0.159249,5,516.844159,4.017727,4.987867,5,12105426.000000,380999.053206,472996.967151,5,1210.251000,43.486062,53.986422,5,2.000000,0.000000,0.000000,5,2.000000,0.000000,0.000000,5,2.000000,0.000000,0.000000,5,3.000000,0.000000,0.000000,5
memo,1000,8192000,1000,8192000,0.01,16,8192,sharded,75.0,ed25519,gossip,direct,shard,nonce_hash_set,5,122.376229,1.025361,1.272950,5,64.622248,0.502051,0.623279,5,12105426.000000,380999.053206,472996.967151,5,1210.251000,43.486062,53.986422,5,2.000000,0.000000,0.000000,5,2.000000,0.000000,0.000000,5,2.000000,0.000000,0.000000,5,3.000000,0.000000,0.000000,5
memo,1000,8192000,1000,8192000,0.01,16,8192,sharded,9.375,ed25519,gossip,direct,shard,nonce_hash_set,5,976.983176,8.148677,10.116297,5,8.094534,0.062587,0.077699,5,12105426.000000,380999.053206,472996.967151,5,1210.251000,43.486062,53.986422,5,2.000000,0.000000,0.000000,5,2.000000,0.000000,0.000000,5,2.000000,0.000000,0.000000,5,3.000000,0.000000,0.000000,5
memo,1000,1024000,1000,1024000,0.01,1,1024,conventional,0.146484375,ed25519,gossip,direct,shard,nonce_hash_set,5,5134.422326,98.289518,122.022990,5,0.199691,0.003810,0.004730,5,12184340.000000,676192.619007,839469.429934,5,1200.374000,62.666810,77.798648,5,2.000000,0.000000,0.000000,5,2.000000,0.000000,0.000000,5,2.000000,0.000000,0.000000,5,3.000000,0.000000,0.000000,5
memo,1000,1024000,1000,1024000,0.01,1,1024,conventional,0.29296875,ed25519,gossip,direct,shard,nonce_hash_set,5,2963.449277,65.579836,81.415068,5,0.346016,0.007627,0.009469,5,12184340.000000,676192.619007,839469.429934,5,1200.374000,62.666810,77.798648,5,2.000000,0.000000,0.000000,5,2.000000,0.000000,0.000000,5,2.000000,0.000000,0.000000,5,3.000000,0.000000,0.000000,5
memo,1000,1024000,1000,1024000,0.01,1,1024,conventional,0.5859375,ed25519,gossip,direct,shard,nonce_hash_set,5,1605.647807,38.533780,47.838337,5,0.638665,0.015262,0.018947,5,12184340.000000,676192.619007,839469.429934,5,1200.374000,62.666810,77.798648,5,2.000000,0.000000,0.000000,5,2.000000,0.000000,0.000000,5,2.000000,0.000000,0.000000,5,3.000000,0.000000,0.000000,5
memo,1000,1024000,1000,1024000,0.01,1,1024,conventional,1200.0,ed25519,gossip,direct,shard,nonce_hash_set,5,0.855530,0.022423,0.027838,5,1198.743103,31.271427,38.822380,5,12184340.000000,676192.619007,839469.429934,5,1200.374000,62.666810,77.798648,5,2.000000,0.000000,0.000000,5,2.000000,0.000000,0.000000,5,2.000000,0.000000,0.000000,5,3.000000,0.000000,0.000000,5
memo,1000,1024000,1000,1024000,0.01,1,1024,conventional,150.0,ed25519,gossip,direct,shard,nonce_hash_set,5,6.842107,0.179274,0.222562,5,149.889584,3.908922,4.852790,5,12184340.000000,676192.619007,839469.429934,5,1200.374000,62.666810,77.798648,5,2.000000,0.000000,0.000000,5,2.000000,0.000000,0.000000,5,2.000000,0.000000,0.000000,5,3.000000,0.000000,0.000000,5
memo,1000,1024000,1000,1024000,0.01,1,1024,conventional,18.75,ed25519,gossip,direct,shard,nonce_hash_set,5,54.600624,1.427029,1.771606,5,18.782894,0.488609,0.606591,5,12184340.000000,676192.619007,839469.429934,5,1200.374000,62.666810,77.798648,5,2.000000,0.000000,0.000000,5,2.000000,0.000000,0.000000,5,2.000000,0.000000,0.000000,5,3.000000,0.000000,0.000000,5
memo,1000,1024000,1000,1024000,0.01,1,1024,conventional,1.171875,ed25519,gossip,direct,shard,nonce_hash_set,5,837.862972,20.993891,26.063180,5,1.223962,0.030531,0.037903,5,12184340.000000,676192.619007,839469.429934,5,1200.374000,62.666810,77.798648,5,2.000000,0.000000,0.000000,5,2.000000,0.000000,0.000000,5,2.000000,0.000000,0.000000,5,3.000000,0.000000,0.000000,5
memo,1000,1024000,1000,1024000,0.01,1,1024,conventional,2.34375,ed25519,gossip,direct,shard,nonce_hash_set,5,428.277836,10.972824,13.622377,5,2.394558,0.061070,0.075816,5,12184340.000000,676192.619007,839469.429934,5,1200.374000,62.666810,77.798648,5,2.000000,0.000000,0.000000,5,2.000000,0.000000,0.000000,5,2.000000,0.000000,0.000000,5,3.000000,0.000000,0.000000,5
memo,1000,1024000,1000,1024000,0.01,1,1024,conventional,300.0,ed25519,gossip,direct,shard,nonce_hash_set,5,3.421663,0.089669,0.111321,5,299.725801,7.817851,9.705588,5,12184340.000000,676192.619007,839469.429934,5,1200.374000,62.666810,77.798648,5,2.000000,0.000000,0.000000,5,2.000000,0.000000,0.000000,5,2.000000,0.000000,0.000000,5,3.000000,0.000000,0.000000,5
memo,1000,1024000,1000,1024000,0.01,1,1024,conventional,37.5,ed25519,gossip,direct,shard,nonce_hash_set,5,27.339194,0.715558,0.888340,5,37.512421,0.977225,1.213191,5,12184340.000000,676192.619007,839469.429934,5,1200.374000,62.666810,77.798648,5,2.000000,0.000000,0.000000,5,2.000000,0.000000,0.000000,5,2.000000,0.000000,0.000000,5,3.000000,0.000000,0.000000,5
memo,1000,1024000,1000,1024000,0.01,1,1024,conventional,4.6875,ed25519,gossip,direct,shard,nonce_hash_set,5,216.554625,5.611486,6.966464,5,4.735749,0.122147,0.151641,5,12184340.000000,676192.619007,839469.429934,5,1200.374000,62.666810,77.798648,5,2.000000,0.000000,0.000000,5,2.000000,0.000000,0.000000,5,2.000000,0.000000,0.000000,5,3.000000,0.000000,0.000000,5
memo,1000,1024000,1000,1024000,0.01,1,1024,conventional,600.0,ed25519,gossip,direct,shard,nonce_hash_set,5,1.710984,0.044843,0.055671,5,599.398235,15.635710,19.411185,5,12184340.000000,676192.619007,839469.429934,5,1200.374000,62.666810,77.798648,5,2.000000,0.000000,0.000000,5,2.000000,0.000000,0.000000,5,2.000000,0.000000,0.000000,5,3.000000,0.000000,0.000000,5
memo,1000,1024000,1000,1024000,0.01,1,1024,conventional,75.0,ed25519,gossip,direct,shard,nonce_hash_set,5,13.679338,0.358291,0.444806,5,74.971475,1.954457,2.426390,5,12184340.000000,676192.619007,839469.429934,5,1200.374000,62.666810,77.798648,5,2.000000,0.000000,0.000000,5,2.000000,0.000000,0.000000,5,2.000000,0.000000,0.000000,5,3.000000,0.000000,0.000000,5
memo,1000,1024000,1000,1024000,0.01,1,1024,conventional,9.375,ed25519,gossip,direct,shard,nonce_hash_set,5,108.891522,2.837816,3.523048,5,9.418130,0.244301,0.303291,5,12184340.000000,676192.619007,839469.429934,5,1200.374000,62.666810,77.798648,5,2.000000,0.000000,0.000000,5,2.000000,0.000000,0.000000,5,2.000000,0.000000,0.000000,5,3.000000,0.000000,0.000000,5
memo,1000,131072000,1000,131072000,0.01,1,131072,conventional,0.146484375,ed25519,gossip,direct,shard,nonce_hash_set,5,19483.033159,11.034880,13.699417,5,6.727548,0.003810,0.004730,5,12184340.000000,676192.619007,839469.429934,5,1200.374000,62.666810,77.798648,5,2.000000,0.000000,0.000000,5,2.000000,0.000000,0.000000,5,2.000000,0.000000,0.000000,5,3.000000,0.000000,0.000000,5
memo,1000,131072000,1000,131072000,0.01,1,131072,conventional,0.29296875,ed25519,gossip,direct,shard,nonce_hash_set,5,19068.310829,21.162306,26.272261,5,6.873872,0.007627,0.009469,5,12184340.000000,676192.619007,839469.429934,5,1200.374000,62.666810,77.798648,5,2.000000,0.000000,0.000000,5,2.000000,0.000000,0.000000,5,2.000000,0.000000,0.000000,5,3.000000,0.000000,0.000000,5
memo,1000,131072000,1000,131072000,0.01,1,131072,conventional,0.5859375,ed25519,gossip,direct,shard,nonce_hash_set,5,18289.694132,38.963897,48.372312,5,7.166521,0.015262,0.018947,5,12184340.000000,676192.619007,839469.429934,5,1200.374000,62.666810,77.798648,5,2.000000,0.000000,0.000000,5,2.000000,0.000000,0.000000,5,2.000000,0.000000,0.000000,5,3.000000,0.000000,0.000000,5
memo,1000,131072000,1000,131072000,0.01,1,131072,conventional,1200.0,ed25519,gossip,direct,shard,nonce_hash_set,5,108.808685,2.836334,3.521209,5,1205.270960,31.271427,38.822380,5,12184340.000000,676192.619007,839469.429934,5,1200.374000,62.666810,77.798648,5,2.000000,0.000000,0.000000,5,2.000000,0.000000,0.000000,5,2.000000,0.000000,0.000000,5,3.000000,0.000000,0.000000,5
memo,1000,131072000,1000,131072000,0.01,1,131072,conventional,150.0,ed25519,gossip,direct,shard,nonce_hash_set,5,838.389927,21.045934,26.127789,5,156.417440,3.908922,4.852790,5,12184340.000000,676192.619007,839469.429934,5,1200.374000,62.666810,77.798648,5,2.000000,0.000000,0.000000,5,2.000000,0.000000,0.000000,5,2.000000,0.000000,0.000000,5,3.000000,0.000000,0.000000,5
memo,1000,131072000,1000,131072000,0.01,1,131072,conventional,18.75,ed25519,gossip,direct,shard,nonce_hash_set,5,5180.100051,100.340185,124.568822,5,25.310750,0.488609,0.606591,5,12184340.000000,676192.619007,839469.429934,5,1200.374000,62.666810,77.798648,5,2.000000,0.000000,0.000000,5,2.000000,0.000000,0.000000,5,2.000000,0.000000,0.000000,5,3.000000,0.000000,0.000000,5
memo,1000,131072000,1000,131072000,0.01,1,131072,conventional,1.171875,ed25519,gossip,direct,shard,nonce_hash_set,5,16908.887274,66.641198,82.732711,5,7.751819,0.030531,0.037903,5,12184340.000000,676192.619007,839469.429934,5,1200.374000,62.666810,77.798648,5,2.000000,0.000000,0.000000,5,2.000000,0.000000,0.000000,5,2.000000,0.000000,0.000000,5,3.000000,0.000000,0.000000,5
memo,1000,131072000,1000,131072000,0.01,1,131072,conventional,2.34375,ed25519,gossip,direct,shard,nonce_hash_set,5,14690.857970,100.668874,124.976878,5,8.922414,0.061070,0.075816,5,12184340.000000,676192.619007,839469.429934,5,1200.374000,62.666810,77.798648,5,2.000000,0.000000,0.000000,5,2.000000,0.000000,0.000000,5,2.000000,0.000000,0.000000,5,3.000000,0.000000,0.000000,5
memo,1000,131072000,1000,131072000,0.01,1,131072,conventional,300.0,ed25519,gossip,direct,shard,nonce_hash_set,5,428.212595,10.981485,13.633128,5,306.253657,7.817851,9.705588,5,12184340.000000,676192.619007,839469.429934,5,1200.374000,62.666810,77.798648,5,2.000000,0.000000,0.000000,5,2.000000,0.000000,0.000000,5,2.000000,0.000000,0.000000,5,3.000000,0.000000,0.000000,5
memo,1000,131072000,1000,131072000,0.01,1,131072,conventional,37.5,ed25519,gossip,direct,shard,nonce_hash_set,5,2977.384723,66.327922,82.343790,5,44.040277,0.977225,1.213191,5,12184340.000000,676192.619007,839469.429934,5,1200.374000,62.666810,77.798648,5,2.000000,0.000000,0.000000,5,2.000000,0.000000,0.000000,5,2.000000,0.000000,0.000000,5,3.000000,0.000000,0.000000,5
memo,1000,131072000,1000,131072000,0.01,1,131072,conventional,4.6875,ed25519,gossip,direct,shard,nonce_hash_set,5,11637.957428,126.441910,156.973198,5,11.263605,0.122147,0.151641,5,12184340.000000,676192.619007,839469.429934,5,1200.374000,62.666810,77.798648,5,2.000000,0.000000,0.000000,5,2.000000,0.000000,0.000000,5,2.000000,0.000000,0.000000,5,3.000000,0.000000,0.000000,5
memo,1000,131072000,1000,131072000,0.01,1,131072,conventional,600.0,ed25519,gossip,direct,shard,nonce_hash_set,5,216.434281,5.611034,6.965902,5,605.926091,15.635710,19.411185,5,12184340.000000,676192.619007,839469.429934,5,1200.374000,62.666810,77.798648,5,2.000000,0.000000,0.000000,5,2.000000,0.000000,0.000000,5,2.000000,0.000000,0.000000,5,3.000000,0.000000,0.000000,5
memo,1000,131072000,1000,131072000,0.01,1,131072,conventional,75.0,ed25519,gossip,direct,shard,nonce_hash_set,5,1609.014245,38.752331,48.109661,5,81.499332,1.954457,2.426390,5,12184340.000000,676192.619007,839469.429934,5,1200.374000,62.666810,77.798648,5,2.000000,0.000000,0.000000,5,2.000000,0.000000,0.000000,5,2.000000,0.000000,0.000000,5,3.000000,0.000000,0.000000,5
memo,1000,131072000,1000,131072000,0.01,1,131072,conventional,9.375,ed25519,gossip,direct,shard,nonce_hash_set,5,8221.358989,126.292475,156.787680,5,15.945987,0.244301,0.303291,5,12184340.000000,676192.619007,839469.429934,5,1200.374000,62.666810,77.798648,5,2.000000,0.000000,0.000000,5,2.000000,0.000000,0.000000,5,2.000000,0.000000,0.000000,5,3.000000,0.000000,0.000000,5
memo,1000,16384000,1000,16384000,0.01,1,16384,conventional,0.146484375,ed25519,gossip,direct,shard,nonce_hash_set,5,16891.797339,66.391301,82.422473,5,0.970009,0.003810,0.004730,5,12184340.000000,676192.619007,839469.429934,5,1200.374000,62.666810,77.798648,5,2.000000,0.000000,0.000000,5,2.000000,0.000000,0.000000,5,2.000000,0.000000,0.000000,5,3.000000,0.000000,0.000000,5
memo,1000,16384000,1000,16384000,0.01,1,16384,conventional,0.29296875,ed25519,gossip,direct,shard,nonce_hash_set,5,14678.057811,100.403318,124.647199,5,1.116334,0.007627,0.009469,5,12184340.000000,676192.619007,839469.429934,5,1200.374000,62.666810,77.798648,5,2.000000,0.000000,0.000000,5,2.000000,0.000000,0.000000,5,2.000000,0.000000,0.000000,5,3.000000,0.000000,0.000000,5
memo,1000,16384000,1000,16384000,0.01,1,16384,conventional,0.5859375,ed25519,gossip,direct,shard,nonce_hash_set,5,11630.051182,126.209767,156.685001,5,1.408983,0.015262,0.018947,5,12184340.000000,676192.619007,839469.429934,5,1200.374000,62.666810,77.798648,5,2.000000,0.000000,0.000000,5,2.000000,0.000000,0.000000,5,2.000000,0.000000,0.000000,5,3.000000,0.000000,0.000000,5
memo,1000,16384000,1000,16384000,0.01,1,16384,conventional,1200.0,ed25519,gossip,direct,shard,nonce_hash_set,5,13.667171,0.357983,0.444423,5,1199.513422,31.271427,38.822380,5,12184340.000000,676192.619007,839469.429934,5,1200.374000,62.666810,77.798648,5,2.000000,0.000000,0.000000,5,2.000000,0.000000,0.000000,5,2.000000,0.000000,0.000000,5,3.000000,0.000000,0.000000,5
memo,1000,16384000,1000,16384000,0.01,1,16384,conventional,150.0,ed25519,gossip,direct,shard,nonce_hash_set,5,108.813750,2.836442,3.521343,5,150.659902,3.908922,4.852790,5,12184340.000000,676192.619007,839469.429934,5,1200.374000,62.666810,77.798648,5,2.000000,0.000000,0.000000,5,2.000000,0.000000,0.000000,5,2.000000,0.000000,0.000000,5,3.000000,0.000000,0.000000,5
memo,1000,16384000,1000,16384000,0.01,1,16384,conventional,18.75,ed25519,gossip,direct,shard,nonce_hash_set,5,838.390390,21.044546,26.126066,5,19.553212,0.488609,0.606591,5,12184340.000000,676192.619007,839469.429934,5,1200.374000,62.666810,77.798648,5,2.000000,0.000000,0.000000,5,2.000000,0.000000,0.000000,5,2.000000,0.000000,0.000000,5,3.000000,0.000000,0.000000,5
memo,1000,16384000,1000,16384000,0.01,1,16384,conventional,1.171875,ed25519,gossip,direct,shard,nonce_hash_set,5,8217.540859,126.141437,156.600171,5,1.994280,0.030531,0.037903,5,12184340.000000,676192.619007,839469.429934,5,1200.374000,62.666810,77.798648,5,2.000000,0.000000,0.000000,5,2.000000,0.000000,0.000000,5,2.000000,0.000000,0.000000,5,3.000000,0.000000,0.000000,5
memo,1000,16384000,1000,16384000,0.01,1,16384,conventional,2.34375,ed25519,gossip,direct,shard,nonce_hash_set,5,5178.686015,100.269236,124.480742,5,3.164876,0.061070,0.075816,5,12184340.000000,676192.619007,839469.429934,5,1200.374000,62.666810,77.798648,5,2.000000,0.000000,0.000000,5,2.000000,0.000000,0.000000,5,2.000000,0.000000,0.000000,5,3.000000,0.000000,0.000000,5
memo,1000,16384000,1000,16384000,0.01,1,16384,conventional,300.0,ed25519,gossip,direct,shard,nonce_hash_set,5,54.556171,1.426032,1.770368,5,300.496119,7.817851,9.705588,5,12184340.000000,676192.619007,839469.429934,5,1200.374000,62.666810,77.798648,5,2.000000,0.000000,0.000000,5,2.000000,0.000000,0.000000,5,2.000000,0.000000,0.000000,5,3.000000,0.000000,0.000000,5
memo,1000,16384000,1000,16384000,0.01,1,16384,conventional,37.5,ed25519,gossip,direct,shard,nonce_hash_set,5,428.223904,10.981403,13.633027,5,38.282739,0.977225,1.213191,5,12184340.000000,676192.619007,839469.429934,5,1200.374000,62.666810,77.798648,5,2.000000,0.000000,0.000000,5,2.000000,0.000000,0.000000,5,2.000000,0.000000,0.000000,5,3.000000,0.000000,0.000000,5
memo,1000,16384000,1000,16384000,0.01,1,16384,conventional,4.6875,ed25519,gossip,direct,shard,nonce_hash_set,5,2976.985042,66.302977,82.312822,5,5.506067,0.122147,0.151641,5,12184340.000000,676192.619007,839469.429934,5,1200.374000,62.666810,77.798648,5,2.000000,0.000000,0.000000,5,2.000000,0.000000,0.000000,5,2.000000,0.000000,0.000000,5,3.000000,0.000000,0.000000,5
memo,1000,16384000,1000,16384000,0.01,1,16384,conventional,600.0,ed25519,gossip,direct,shard,nonce_hash_set,5,27.315564,0.714981,0.887623,5,600.168553,15.635710,19.411185,5,12184340.000000,676192.619007,839469.429934,5,1200.374000,62.666810,77.798648,5,2.000000,0.000000,0.000000,5,2.000000,0.000000,0.000000,5,2.000000,0.000000,0.000000,5,3.000000,0.000000,0.000000,5
memo,1000,16384000,1000,16384000,0.01,1,16384,conventional,75.0,ed25519,gossip,direct,shard,nonce_hash_set,5,216.442886,5.611161,6.966060,5,75.741794,1.954457,2.426390,5,12184340.000000,676192.619007,839469.429934,5,1200.374000,62.666810,77.798648,5,2.000000,0.000000,0.000000,5,2.000000,0.000000,0.000000,5,2.000000,0.000000,0.000000,5,3.000000,0.000000,0.000000,5
memo,1000,16384000,1000,16384000,0.01,1,16384,conventional,9.375,ed25519,gossip,direct,shard,nonce_hash_set,5,1608.936984,38.745485,48.101162,5,10.188449,0.244301,0.303291,5,12184340.000000,676192.619007,839469.429934,5,1200.374000,62.666810,77.798648,5,2.000000,0.000000,0.000000,5,2.000000,0.000000,0.000000,5,2.000000,0.000000,0.000000,5,3.000000,0.000000,0.000000,5
memo,1000,2048000,1000,2048000,0.01,1,2048,conventional,0.146484375,ed25519,gossip,direct,shard,nonce_hash_set,5,8164.669373,124.256697,154.260333,5,0.251006,0.003810,0.004730,5,12184340.000000,676192.619007,839469.429934,5,1200.374000,62.666810,77.798648,5,2.000000,0.000000,0.000000,5,2.000000,0.000000,0.000000,5,2.000000,0.000000,0.000000,5,3.000000,0.000000,0.000000,5
memo,1000,2048000,1000,2048000,0.01,1,2048,conventional,0.29296875,ed25519,gossip,direct,shard,nonce_hash_set,5,5158.446252,99.358267,123.349806,5,0.397330,0.007627,0.009469,5,12184340.000000,676192.619007,839469.429934,5,1200.374000,62.666810,77.798648,5,2.000000,0.000000,0.000000,5,2.000000,0.000000,0.000000,5,2.000000,0.000000,0.000000,5,3.000000,0.000000,0.000000,5
memo,1000,2048000,1000,2048000,0.01,1,2048,conventional,0.5859375,ed25519,gossip,direct,shard,nonce_hash_set,5,2970.822848,65.971719,81.901577,5,0.689979,0.015262,0.018947,5,12184340.000000,676192.619007,839469.429934,5,1200.374000,62.666810,77.798648,5,2.000000,0.000000,0.000000,5,2.000000,0.000000,0.000000,5,2.000000,0.000000,0.000000,5,3.000000,0.000000,0.000000,5
memo,1000,2048000,1000,2048000,0.01,1,2048,conventional,1200.0,ed25519,gossip,direct,shard,nonce_hash_set,5,1.710152,0.044821,0.055644,5,1198.794418,31.271427,38.822380,5,12184340.000000,676192.619007,839469.429934,5,1200.374000,62.666810,77.798648,5,2.000000,0.000000,0.000000,5,2.000000,0.000000,0.000000,5,2.000000,0.000000,0.000000,5,3.000000,0.000000,0.000000,5
memo,1000,2048000,1000,2048000,0.01,1,2048,conventional,150.0,ed25519,gossip,direct,shard,nonce_hash_set,5,13.672852,0.358127,0.444602,5,149.940898,3.908922,4.852790,5,12184340.000000,676192.619007,839469.429934,5,1200.374000,62.666810,77.798648,5,2.000000,0.000000,0.000000,5,2.000000,0.000000,0.000000,5,2.000000,0.000000,0.000000,5,3.000000,0.000000,0.000000,5
memo,1000,2048000,1000,2048000,0.01,1,2048,conventional,18.75,ed25519,gossip,direct,shard,nonce_hash_set,5,108.850280,2.837095,3.522154,5,18.834208,0.488609,0.606591,5,12184340.000000,676192.619007,839469.429934,5,1200.374000,62.666810,77.798648,5,2.000000,0.000000,0.000000,5,2.000000,0.000000,0.000000,5,2.000000,0.000000,0.000000,5,3.000000,0.000000,0.000000,5
memo,1000,2048000,1000,2048000,0.01,1,2048,conventional,1.171875,ed25519,gossip,direct,shard,nonce_hash_set,5,1607.450246,38.648902,47.981257,5,1.275277,0.030531,0.037903,5,12184340.000000,676192.619007,839469.429934,5,1200.374000,62.666810,77.798648,5,2.000000,0.000000,0.000000,5,2.000000,0.000000,0.000000,5,2.000000,0.000000,0.000000,5,3.000000,0.000000,0.000000,5
memo,1000,2048000,1000,2048000,0.01,1,2048,conventional,2.34375,ed25519,gossip,direct,shard,nonce_hash_set,5,838.157827,21.021573,26.097546,5,2.445872,0.061070,0.075816,5,12184340.000000,676192.619007,839469.429934,5,1200.374000,62.666810,77.798648,5,2.000000,0.000000,0.000000,5,2.000000,0.000000,0.000000,5,2.000000,0.000000,0.000000,5,3.000000,0.000000,0.000000,5
memo,1000,2048000,1000,2048000,0.01,1,2048,conventional,300.0,ed25519,gossip,direct,shard,nonce_hash_set,5,6.838816,0.179189,0.222457,5,299.777115,7.817851,9.705588,5,12184340.000000,676192.619007,839469.429934,5,1200.374000,62.666810,77.798648,5,2.000000,0.000000,0.000000,5,2.000000,0.000000,0.000000,5,2.000000,0.000000,0.000000,5,3.000000,0.000000,0.000000,5
memo,1000,2048000,1000,2048000,0.01,1,2048,conventional,37.5,ed25519,gossip,direct,shard,nonce_hash_set,5,54.576976,1.426500,1.770950,5,37.563736,0.977225,1.213191,5,12184340.000000,676192.619007,839469.429934,5,1200.374000,62.666810,77.798648,5,2.000000,0.000000,0.000000,5,2.000000,0.000000,0.000000,5,2.000000,0.000000,0.000000,5,3.000000,0.000000,0.000000,5
memo,1000,2048000,1000,2048000,0.01,1,2048,conventional,4.6875,ed25519,gossip,direct,shard,nonce_hash_set,5,428.252677,10.977583,13.628284,5,4.787063,0.122147,0.151641,5,12184340.000000,676192.619007,839469.429934,5,1200.374000,62.666810,77.798648,5,2.000000,0.000000,0.000000,5,2.000000,0.000000,0.000000,5,2.000000,0.000000,0.000000,5,3.000000,0.000000,0.000000,5
memo,1000,2048000,1000,2048000,0.01,1,2048,conventional,600.0,ed25519,gossip,direct,shard,nonce_hash_set,5,3.420006,0.089626,0.111268,5,599.449550,15.635710,19.411185,5,12184340.000000,676192.619007,839469.429934,5,1200.374000,62.666810,77.798648,5,2.000000,0.000000,0.000000,5,2.000000,0.000000,0.000000,5,2.000000,0.000000,0.000000,5,3.000000,0.000000,0.000000,5
memo,1000,2048000,1000,2048000,0.01,1,2048,conventional,75.0,ed25519,gossip,direct,shard,nonce_hash_set,5,27.326606,0.715251,0.887959,5,75.022790,1.954457,2.426390,5,12184340.000000,676192.619007,839469.429934,5,1200.374000,62.666810,77.798648,5,2.000000,0.000000,0.000000,5,2.000000,0.000000,0.000000,5,2.000000,0.000000,0.000000,5,3.000000,0.000000,0.000000,5
memo,1000,2048000,1000,2048000,0.01,1,2048,conventional,9.375,ed25519,gossip,direct,shard,nonce_hash_set,5,216.495960,5.611361,6.966308,5,9.469445,0.244301,0.303291,5,12184340.000000,676192.619007,839469.429934,5,1200.374000,62.666810,77.798648,5,2.000000,0.000000,0.000000,5,2.000000,0.000000,0.000000,5,2.000000,0.000000,0.000000,5,3.000000,0.000000,0.000000,5
memo,1000,262144000,1000,262144000,0.01,1,262144,conventional,0.146484375,ed25519,gossip,direct,shard,nonce_hash_set,5,19671.789096,5.624629,6.982780,5,13.325937,0.003810,0.004730,5,12184340.000000,676192.619007,839469.429934,5,1200.374000,62.666810,77.798648,5,2.000000,0.000000,0.000000,5,2.000000,0.000000,0.000000,5,2.000000,0.000000,0.000000,5,3.000000,0.000000,0.000000,5
memo,1000,262144000,1000,262144000,0.01,1,262144,conventional,0.29296875,ed25519,gossip,direct,shard,nonce_hash_set,5,19458.134296,11.017262,13.677545,5,13.472261,0.007627,0.009469,5,12184340.000000,676192.619007,839469.429934,5,1200.374000,62.666810,77.798648,5,2.000000,0.000000,0.000000,5,2.000000,0.000000,0.000000,5,2.000000,0.000000,0.000000,5,3.000000,0.000000,0.000000,5
memo,1000,262144000,1000,262144000,0.01,1,262144,conventional,0.5859375,ed25519,gossip,direct,shard,nonce_hash_set,5,19044.458493,21.119582,26.219221,5,13.764910,0.015262,0.018947,5,12184340.000000,676192.619007,839469.429934,5,1200.374000,62.666810,77.798648,5,2.000000,0.000000,0.000000,5,2.000000,0.000000,0.000000,5,2.000000,0.000000,0.000000,5,3.000000,0.000000,0.000000,5
memo,1000,262144000,1000,262144000,0.01,1,262144,conventional,1200.0,ed25519,gossip,direct,shard,nonce_hash_set,5,216.430386,5.610854,6.965679,5,1211.869349,31.271427,38.822380,5,12184340.000000,676192.619007,839469.429934,5,1200.374000,62.666810,77.798648,5,2.000000,0.000000,0.000000,5,2.000000,0.000000,0.000000,5,2.000000,0.000000,0.000000,5,3.000000,0.000000,0.000000,5
memo,1000,262144000,1000,262144000,0.01,1,262144,conventional,150.0,ed25519,gossip,direct,shard,nonce_hash_set,5,1608.838521,38.744074,48.099410,5,163.015829,3.908922,4.852790,5,12184340.000000,676192.619007,839469.429934,5,1200.374000,62.666810,77.798648,5,2.000000,0.000000,0.000000,5,2.000000,0.000000,0.000000,5,2.000000,0.000000,0.000000,5,3.000000,0.000000,0.000000,5
memo,1000,262144000,1000,262144000,0.01,1,262144,conventional,18.75,ed25519,gossip,direct,shard,nonce_hash_set,5,8216.903244,126.157854,156.620553,5,31.909139,0.488609,0.606591,5,12184340.000000,676192.619007,839469.429934,5,1200.374000,62.666810,77.798648,5,2.000000,0.000000,0.000000,5,2.000000,0.000000,0.000000,5,2.000000,0.000000,0.000000,5,3.000000,0.000000,0.000000,5
memo,1000,262144000,1000,262144000,0.01,1,262144,conventional,1.171875,ed25519,gossip,direct,shard,nonce_hash_set,5,18267.745947,38.879893,48.268024,5,14.350208,0.030531,0.037903,5,12184340.000000,676192.619007,839469.429934,5,1200.374000,62.666810,77.798648,5,2.000000,0.000000,0.000000,5,2.000000,0.000000,0.000000,5,2.000000,0.000000,0.000000,5,3.000000,0.000000,0.000000,5
memo,1000,262144000,1000,262144000,0.01,1,262144,conventional,2.34375,ed25519,gossip,direct,shard,nonce_hash_set,5,16890.121310,66.501559,82.559354,5,15.520803,0.061070,0.075816,5,12184340.000000,676192.619007,839469.429934,5,1200.374000,62.666810,77.798648,5,2.000000,0.000000,0.000000,5,2.000000,0.000000,0.000000,5,2.000000,0.000000,0.000000,5,3.000000,0.000000,0.000000,5
memo,1000,262144000,1000,262144000,0.01,1,262144,conventional,300.0,ed25519,gossip,direct,shard,nonce_hash_set,5,838.340682,21.043557,26.124839,5,312.852046,7.817851,9.705588,5,12184340.000000,676192.619007,839469.429934,5,1200.374000,62.666810,77.798648,5,2.000000,0.000000,0.000000,5,2.000000,0.000000,0.000000,5,2.000000,0.000000,0.000000,5,3.000000,0.000000,0.000000,5
memo,1000,262144000,1000,262144000,0.01,1,262144,conventional,37.5,ed25519,gossip,direct,shard,nonce_hash_set,5,5178.323276,100.272410,124.484681,5,50.638667,0.977225,1.213191,5,12184340.000000,676192.619007,839469.429934,5,1200.374000,62.666810,77.798648,5,2.000000,0.000000,0.000000,5,2.000000,0.000000,0.000000,5,2.000000,0.000000,0.000000,5,3.000000,0.000000,0.000000,5
memo,1000,262144000,1000,262144000,0.01,1,262144,conventional,4.6875,ed25519,gossip,direct,shard,nonce_hash_set,5,14676.682639,100.481030,124.743677,5,17.861994,0.122147,0.151641,5,12184340.000000,676192.619007,839469.429934,5,1200.374000,62.666810,77.798648,5,2.000000,0.000000,0.000000,5,2.000000,0.000000,0.000000,5,2.000000,0.000000,0.000000,5,3.000000,0.000000,0.000000,5
memo,1000,262144000,1000,262144000,0.01,1,262144,conventional,600.0,ed25519,gossip,direct,shard,nonce_hash_set,5,428.198949,10.980831,13.632316,5,612.524481,15.635710,19.411185,5,12184340.000000,676192.619007,839469.429934,5,1200.374000,62.666810,77.798648,5,2.000000,0.000000,0.000000,5,2.000000,0.000000,0.000000,5,2.000000,0.000000,0.000000,5,3.000000,0.000000,0.000000,5
memo,1000,262144000,1000,262144000,0.01,1,262144,conventional,75.0,ed25519,gossip,direct,shard,nonce_hash_set,5,2976.792771,66.302014,82.311625,5,88.097721,1.954457,2.426390,5,12184340.000000,676192.619007,839469.429934,5,1200.374000,62.666810,77.798648,5,2.000000,0.000000,0.000000,5,2.000000,0.000000,0.000000,5,2.000000,0.000000,0.000000,5,3.000000,0.000000,0.000000,5
memo,1000,262144000,1000,262144000,0.01,1,262144,conventional,9.375,ed25519,gossip,direct,shard,nonce_hash_set,5,11629.050002,126.252570,156.738139,5,22.544376,0.244301,0.303291,5,12184340.000000,676192.619007,839469.429934,5,1200.374000,62.666810,77.798648,5,2.000000,0.000000,0.000000,5,2.000000,0.000000,0.000000,5,2.000000,0.000000,0.000000,5,3.000000,0.000000,0.000000,5
memo,1000,32768000,1000,32768000,0.01,1,32768,conventional,0.146484375,ed25519,gossip,direct,shard,nonce_hash_set,5,18286.073253,38.891642,48.282610,5,1.792026,0.003810,0.004730,5,12184340.000000,676192.619007,839469.429934,5,1200.374000,62.666810,77.798648,5,2.000000,0.000000,0.000000,5,2.000000,0.000000,0.000000,5,2.000000,0.000000,0.000000,5,3.000000,0.000000,0.000000,5
memo,1000,32768000,1000,32768000,0.01,1,32768,conventional,0.29296875,ed25519,gossip,direct,shard,nonce_hash_set,5,16905.821474,66.567508,82.641227,5,1.938350,0.007627,0.009469,5,12184340.000000,676192.619007,839469.429934,5,1200.374000,62.666810,77.798648,5,2.000000,0.000000,0.000000,5,2.000000,0.000000,0.000000,5,2.000000,0.000000,0.000000,5,3.000000,0.000000,0.000000,5
memo,1000,32768000,1000,32768000,0.01,1,32768,conventional,0.5859375,ed25519,gossip,direct,shard,nonce_hash_set,5,14688.587534,100.599046,124.890189,5,2.230999,0.015262,0.018947,5,12184340.000000,676192.619007,839469.429934,5,1200.374000,62.666810,77.798648,5,2.000000,0.000000,0.000000,5,2.000000,0.000000,0.000000,5,2.000000,0.000000,0.000000,5,3.000000,0.000000,0.000000,5
memo,1000,32768000,1000,32768000,0.01,1,32768,conventional,1200.0,ed25519,gossip,direct,shard,nonce_hash_set,5,27.314768,0.714961,0.887599,5,1200.335438,31.271427,38.822380,5,12184340.000000,676192.619007,839469.429934,5,1200.374000,62.666810,77.798648,5,2.000000,0.000000,0.000000,5,2.000000,0.000000,0.000000,5,2.000000,0.000000,0.000000,5,3.000000,0.000000,0.000000,5
memo,1000,32768000,1000,32768000,0.01,1,32768,conventional,150.0,ed25519,gossip,direct,shard,nonce_hash_set,5,216.438668,5.611125,6.966015,5,151.481919,3.908922,4.852790,5,12184340.000000,676192.619007,839469.429934,5,1200.374000,62.666810,77.798648,5,2.000000,0.000000,0.000000,5,2.000000,0.000000,0.000000,5,2.000000,0.000000,0.000000,5,3.000000,0.000000,0.000000,5
memo,1000,32768000,1000,32768000,0.01,1,32768,conventional,18.75,ed25519,gossip,direct,shard,nonce_hash_set,5,1609.019772,38.751262,48.108333,5,20.375229,0.488609,0.606591,5,12184340.000000,676192.619007,839469.429934,5,1200.374000,62.666810,77.798648,5,2.000000,0.000000,0.000000,5,2.000000,0.000000,0.000000,5,2.000000,0.000000,0.000000,5,3.000000,0.000000,0.000000,5
memo,1000,32768000,1000,32768000,0.01,1,32768,conventional,1.171875,ed25519,gossip,direct,shard,nonce_hash_set,5,11636.587634,126.386261,156.904112,5,2.816297,0.030531,0.037903,5,12184340.000000,676192.619007,839469.429934,5,1200.374000,62.666810,77.798648,5,2.000000,0.000000,0.000000,5,2.000000,0.000000,0.000000,5,2.000000,0.000000,0.000000,5,3.000000,0.000000,0.000000,5
memo,1000,32768000,1000,32768000,0.01,1,32768,conventional,2.34375,ed25519,gossip,direct,shard,nonce_hash_set,5,8220.730458,126.258720,156.745775,5,3.986892,0.061070,0.075816,5,12184340.000000,676192.619007,839469.429934,5,1200.374000,62.666810,77.798648,5,2.000000,0.000000,0.000000,5,2.000000,0.000000,0.000000,5,2.000000,0.000000,0.000000,5,3.000000,0.000000,0.000000,5
memo,1000,32768000,1000,32768000,0.01,1,32768,conventional,300.0,ed25519,gossip,direct,shard,nonce_hash_set,5,108.811033,2.836389,3.521278,5,301.318136,7.817851,9.705588,5,12184340.000000,676192.619007,839469.429934,5,1200.374000,62.666810,77.798648,5,2.000000,0.000000,0.000000,5,2.000000,0.000000,0.000000,5,2.000000,0.000000,0.000000,5,3.000000,0.000000,0.000000,5
memo,1000,32768000,1000,32768000,0.01,1,32768,conventional,37.5,ed25519,gossip,direct,shard,nonce_hash_set,5,838.400617,21.045867,26.127706,5,39.104756,0.977225,1.213191,5,12184340.000000,676192.619007,839469.429934,5,1200.374000,62.666810,77.798648,5,2.000000,0.000000,0.000000,5,2.000000,0.000000,0.000000,5,2.000000,0.000000,0.000000,5,3.000000,0.000000,0.000000,5
memo,1000,32768000,1000,32768000,0.01,1,32768,conventional,4.6875,ed25519,gossip,direct,shard,nonce_hash_set,5,5179.894307,100.325302,124.550345,5,6.328083,0.122147,0.151641,5,12184340.000000,676192.619007,839469.429934,5,1200.374000,62.666810,77.798648,5,2.000000,0.000000,0.000000,5,2.000000,0.000000,0.000000,5,2.000000,0.000000,0.000000,5,3.000000,0.000000,0.000000,5
memo,1000,32768000,1000,32768000,0.01,1,32768,conventional,600.0,ed25519,gossip,direct,shard,nonce_hash_set,5,54.554658,1.425997,1.770325,5,600.990570,15.635710,19.411185,5,12184340.000000,676192.619007,839469.429934,5,1200.374000,62.666810,77.798648,5,2.000000,0.000000,0.000000,5,2.000000,0.000000,0.000000,5,2.000000,0.000000,0.000000,5,3.000000,0.000000,0.000000,5
memo,1000,32768000,1000,32768000,0.01,1,32768,conventional,75.0,ed25519,gossip,direct,shard,nonce_hash_set,5,428.220179,10.981590,13.633260,5,76.563810,1.954457,2.426390,5,12184340.000000,676192.619007,839469.429934,5,1200.374000,62.666810,77.798648,5,2.000000,0.000000,0.000000,5,2.000000,0.000000,0.000000,5,2.000000,0.000000,0.000000,5,3.000000,0.000000,0.000000,5
memo,1000,32768000,1000,32768000,0.01,1,32768,conventional,9.375,ed25519,gossip,direct,shard,nonce_hash_set,5,2977.345710,66.323134,82.337845,5,11.010465,0.244301,0.303291,5,12184340.000000,676192.619007,839469.429934,5,1200.374000,62.666810,77.798648,5,2.000000,0.000000,0.000000,5,2.000000,0.000000,0.000000,5,2.000000,0.000000,0.000000,5,3.000000,0.000000,0.000000,5
memo,1000,4096000,1000,4096000,0.01,1,4096,conventional,0.146484375,ed25519,gossip,direct,shard,nonce_hash_set,5,11585.238229,125.033669,155.224916,5,0.353673,0.003810,0.004730,5,12184340.000000,676192.619007,839469.429934,5,1200.374000,62.666810,77.798648,5,2.000000,0.000000,0.000000,5,2.000000,0.000000,0.000000,5,2.000000,0.000000,0.000000,5,3.000000,0.000000,0.000000,5
memo,1000,4096000,1000,4096000,0.01,1,4096,conventional,0.29296875,ed25519,gossip,direct,shard,nonce_hash_set,5,8195.578702,125.352767,155.621065,5,0.499997,0.007627,0.009469,5,12184340.000000,676192.619007,839469.429934,5,1200.374000,62.666810,77.798648,5,2.000000,0.000000,0.000000,5,2.000000,0.000000,0.000000,5,2.000000,0.000000,0.000000,5,3.000000,0.000000,0.000000,5
memo,1000,4096000,1000,4096000,0.01,1,4096,conventional,0.5859375,ed25519,gossip,direct,shard,nonce_hash_set,5,5170.303245,99.889437,124.009234,5,0.792646,0.015262,0.018947,5,12184340.000000,676192.619007,839469.429934,5,1200.374000,62.666810,77.798648,5,2.000000,0.000000,0.000000,5,2.000000,0.000000,0.000000,5,2.000000,0.000000,0.000000,5,3.000000,0.000000,0.000000,5
memo,1000,4096000,1000,4096000,0.01,1,4096,conventional,1200.0,ed25519,gossip,direct,shard,nonce_hash_set,5,3.419177,0.089604,0.111241,5,1198.897085,31.271427,38.822380,5,12184340.000000,676192.619007,839469.429934,5,1200.374000,62.666810,77.798648,5,2.000000,0.000000,0.000000,5,2.000000,0.000000,0.000000,5,2.000000,0.000000,0.000000,5,3.000000,0.000000,0.000000,5
memo,1000,4096000,1000,4096000,0.01,1,4096,conventional,150.0,ed25519,gossip,direct,shard,nonce_hash_set,5,27.320305,0.715097,0.887768,5,150.043565,3.908922,4.852790,5,12184340.000000,676192.619007,839469.429934,5,1200.374000,62.666810,77.798648,5,2.000000,0.000000,0.000000,5,2.000000,0.000000,0.000000,5,2.000000,0.000000,0.000000,5,3.000000,0.000000,0.000000,5
memo,1000,4096000,1000,4096000,0.01,1,4096,conventional,18.75,ed25519,gossip,direct,shard,nonce_hash_set,5,216.466183,5.611275,6.966202,5,18.936875,0.488609,0.606591,5,12184340.000000,676192.619007,839469.429934,5,1200.374000,62.666810,77.798648,5,2.000000,0.000000,0.000000,5,2.000000,0.000000,0.000000,5,2.000000,0.000000,0.000000,5,3.000000,0.000000,0.000000,5
memo,1000,4096000,1000,4096000,0.01,1,4096,conventional,1.171875,ed25519,gossip,direct,shard,nonce_hash_set,5,2974.443918,66.165320,82.141925,5,1.377944,0.030531,0.037903,5,12184340.000000,676192.619007,839469.429934,5,1200.374000,62.666810,77.798648,5,2.000000,0.000000,0.000000,5,2.000000,0.000000,0.000000,5,2.000000,0.000000,0.000000,5,3.000000,0.000000,0.000000,5
memo,1000,4096000,1000,4096000,0.01,1,4096,conventional,2.34375,ed25519,gossip,direct,shard,nonce_hash_set,5,1608.329608,38.705507,48.051530,5,2.548539,0.061070,0.075816,5,12184340.000000,676192.619007,839469.429934,5,1200.374000,62.666810,77.798648,5,2.000000,0.000000,0.000000,5,2.000000,0.000000,0.000000,5,2.000000,0.000000,0.000000,5,3.000000,0.000000,0.000000,5
memo,1000,4096000,1000,4096000,0.01,1,4096,conventional,300.0,ed25519,gossip,direct,shard,nonce_hash_set,5,13.669608,0.358045,0.444500,5,299.879782,7.817851,9.705588,5,12184340.000000,676192.619007,839469.429934,5,1200.374000,62.666810,77.798648,5,2.000000,0.000000,0.000000,5,2.000000,0.000000,0.000000,5,2.000000,0.000000,0.000000,5,3.000000,0.000000,0.000000,5
memo,1000,4096000,1000,4096000,0.01,1,4096,conventional,37.5,ed25519,gossip,direct,shard,nonce_hash_set,5,108.829545,2.836729,3.521700,5,37.666402,0.977225,1.213191,5,12184340.000000,676192.619007,839469.429934,5,1200.374000,62.666810,77.798648,5,2.000000,0.000000,0.000000,5,2.000000,0.000000,0.000000,5,2.000000,0.000000,0.000000,5,3.000000,0.000000,0.000000,5
memo,1000,4096000,1000,4096000,0.01,1,4096,conventional,4.6875,ed25519,gossip,direct,shard,nonce_hash_set,5,838.298909,21.035109,26.114350,5,4.889730,0.122147,0.151641,5,12184340.000000,676192.619007,839469.429934,5,1200.374000,62.666810,77.798648,5,2.000000,0.000000,0.000000,5,2.000000,0.000000,0.000000,5,2.000000,0.000000,0.000000,5,3.000000,0.000000,0.000000,5
memo,1000,4096000,1000,4096000,0.01,1,4096,conventional,600.0,ed25519,gossip,direct,shard,nonce_hash_set,5,6.837170,0.179147,0.222404,5,599.552216,15.635710,19.411185,5,12184340.000000,676192.619007,839469.429934,5,1200.374000,62.666810,77.798648,5,2.000000,0.000000,0.000000,5,2.000000,0.000000,0.000000,5,2.000000,0.000000,0.000000,5,3.000000,0.000000,0.000000,5
memo,1000,4096000,1000,4096000,0.01,1,4096,conventional,75.0,ed25519,gossip,direct,shard,nonce_hash_set,5,54.565122,1.426234,1.770620,5,75.125457,1.954457,2.426390,5,12184340.000000,676192.619007,839469.429934,5,1200.374000,62.666810,77.798648,5,2.000000,0.000000,0.000000,5,2.000000,0.000000,0.000000,5,2.000000,0.000000,0.000000,5,3.000000,0.000000,0.000000,5
memo,1000,4096000,1000,4096000,0.01,1,4096,conventional,9.375,ed25519,gossip,direct,shard,nonce_hash_set,5,428.238386,10.979876,13.631131,5,9.572112,0.244301,0.303291,5,12184340.000000,676192.619007,839469.429934,5,1200.374000,62.666810,77.798648,5,2.000000,0.000000,0.000000,5,2.000000,0.000000,0.000000,5,2.000000,0.000000,0.000000,5,3.000000,0.000000,0.000000,5
memo,1000,524288000,1000,524288000,0.01,1,524288,conventional,0.146484375,ed25519,gossip,direct,shard,nonce_hash_set,5,19682.258202,2.815248,3.495032,5,26.637645,0.003810,0.004730,5,12184340.000000,676192.619007,839469.429934,5,1200.374000,62.666810,77.798648,5,2.000000,0.000000,0.000000,5,2.000000,0.000000,0.000000,5,2.000000,0.000000,0.000000,5,3.000000,0.000000,0.000000,5
memo,1000,524288000,1000,524288000,0.01,1,524288,conventional,0.29296875,ed25519,gossip,direct,shard,nonce_hash_set,5,19574.732325,5.574599,6.920669,5,26.783970,0.007627,0.009469,5,12184340.000000,676192.619007,839469.429934,5,1200.374000,62.666810,77.798648,5,2.000000,0.000000,0.000000,5,2.000000,0.000000,0.000000,5,2.000000,0.000000,0.000000,5,3.000000,0.000000,0.000000,5
memo,1000,524288000,1000,524288000,0.01,1,524288,conventional,0.5859375,ed25519,gossip,direct,shard,nonce_hash_set,5,19363.168836,10.915223,13.550867,5,27.076618,0.015262,0.018947,5,12184340.000000,676192.619007,839469.429934,5,1200.374000,62.666810,77.798648,5,2.000000,0.000000,0.000000,5,2.000000,0.000000,0.000000,5,2.000000,0.000000,0.000000,5,3.000000,0.000000,0.000000,5
memo,1000,524288000,1000,524288000,0.01,1,524288,conventional,1200.0,ed25519,gossip,direct,shard,nonce_hash_set,5,428.151916,10.978438,13.629345,5,1225.181057,31.271427,38.822380,5,12184340.000000,676192.619007,839469.429934,5,1200.374000,62.666810,77.798648,5,2.000000,0.000000,0.000000,5,2.000000,0.000000,0.000000,5,2.000000,0.000000,0.000000,5,3.000000,0.000000,0.000000,5
memo,1000,524288000,1000,524288000,0.01,1,524288,conventional,150.0,ed25519,gossip,direct,shard,nonce_hash_set,5,2974.555268,66.202462,82.188036,5,176.327538,3.908922,4.852790,5,12184340.000000,676192.619007,839469.429934,5,1200.374000,62.666810,77.798648,5,2.000000,0.000000,0.000000,5,2.000000,0.000000,0.000000,5,2.000000,0.000000,0.000000,5,3.000000,0.000000,0.000000,5
memo,1000,524288000,1000,524288000,0.01,1,524288,conventional,18.75,ed25519,gossip,direct,shard,nonce_hash_set,5,11595.051564,125.516933,155.824872,5,45.220848,0.488609,0.606591,5,12184340.000000,676192.619007,839469.429934,5,1200.374000,62.666810,77.798648,5,2.000000,0.000000,0.000000,5,2.000000,0.000000,0.000000,5,2.000000,0.000000,0.000000,5,3.000000,0.000000,0.000000,5
memo,1000,524288000,1000,524288000,0.01,1,524288,conventional,1.171875,ed25519,gossip,direct,shard,nonce_hash_set,5,18953.477735,20.923309,25.975555,5,27.661916,0.030531,0.037903,5,12184340.000000,676192.619007,839469.429934,5,1200.374000,62.666810,77.798648,5,2.000000,0.000000,0.000000,5,2.000000,0.000000,0.000000,5,2.000000,0.000000,0.000000,5,3.000000,0.000000,0.000000,5
memo,1000,524288000,1000,524288000,0.01,1,524288,conventional,2.34375,ed25519,gossip,direct,shard,nonce_hash_set,5,18184.017074,38.528937,47.832324,5,28.832512,0.061070,0.075816,5,12184340.000000,676192.619007,839469.429934,5,1200.374000,62.666810,77.798648,5,2.000000,0.000000,0.000000,5,2.000000,0.000000,0.000000,5,2.000000,0.000000,0.000000,5,3.000000,0.000000,0.000000,5
memo,1000,524288000,1000,524288000,0.01,1,524288,conventional,300.0,ed25519,gossip,direct,shard,nonce_hash_set,5,1608.183273,38.712575,48.060304,5,326.163755,7.817851,9.705588,5,12184340.000000,676192.619007,839469.429934,5,1200.374000,62.666810,77.798648,5,2.000000,0.000000,0.000000,5,2.000000,0.000000,0.000000,5,2.000000,0.000000,0.000000,5,3.000000,0.000000,0.000000,5
memo,1000,524288000,1000,524288000,0.01,1,524288,conventional,37.5,ed25519,gossip,direct,shard,nonce_hash_set,5,8199.908400,125.637102,155.974057,5,63.950375,0.977225,1.213191,5,12184340.000000,676192.619007,839469.429934,5,1200.374000,62.666810,77.798648,5,2.000000,0.000000,0.000000,5,2.000000,0.000000,0.000000,5,2.000000,0.000000,0.000000,5,3.000000,0.000000,0.000000,5
memo,1000,524288000,1000,524288000,0.01,1,524288,conventional,4.6875,ed25519,gossip,direct,shard,nonce_hash_set,5,16818.516975,65.942807,81.865683,5,31.173702,0.122147,0.151641,5,12184340.000000,676192.619007,839469.429934,5,1200.374000,62.666810,77.798648,5,2.000000,0.000000,0.000000,5,2.000000,0.000000,0.000000,5,2.000000,0.000000,0.000000,5,3.000000,0.000000,0.000000,5
memo,1000,524288000,1000,524288000,0.01,1,524288,conventional,600.0,ed25519,gossip,direct,shard,nonce_hash_set,5,838.161956,21.034619,26.113742,5,625.836189,15.635710,19.411185,5,12184340.000000,676192.619007,839469.429934,5,1200.374000,62.666810,77.798648,5,2.000000,0.000000,0.000000,5,2.000000,0.000000,0.000000,5,2.000000,0.000000,0.000000,5,3.000000,0.000000,0.000000,5
memo,1000,524288000,1000,524288000,0.01,1,524288,conventional,75.0,ed25519,gossip,direct,shard,nonce_hash_set,5,5171.564102,100.010993,124.160142,5,101.409429,1.954457,2.426390,5,12184340.000000,676192.619007,839469.429934,5,1200.374000,62.666810,77.798648,5,2.000000,0.000000,0.000000,5,2.000000,0.000000,0.000000,5,2.000000,0.000000,0.000000,5,3.000000,0.000000,0.000000,5
memo,1000,524288000,1000,524288000,0.01,1,524288,conventional,9.375,ed25519,gossip,direct,shard,nonce_hash_set,5,14622.580944,99.744392,123.829165,5,35.856084,0.244301,0.303291,5,12184340.000000,676192.619007,839469.429934,5,1200.374000,62.666810,77.798648,5,2.000000,0.000000,0.000000,5,2.000000,0.000000,0.000000,5,2.000000,0.000000,0.000000,5,3.000000,0.000000,0.000000,5
memo,1000,65536000,1000,65536000,0.01,1,65536,conventional,0.146484375,ed25519,gossip,direct,shard,nonce_hash_set,5,19072.203419,21.150542,26.257657,5,3.436261,0.003810,0.004730,5,12184340.000000,676192.619007,839469.429934,5,1200.374000,62.666810,77.798648,5,2.000000,0.000000,0.000000,5,2.000000,0.000000,0.000000,5,2.000000,0.000000,0.000000,5,3.000000,0.000000,0.000000,5
memo,1000,65536000,1000,65536000,0.01,1,65536,conventional,0.29296875,ed25519,gossip,direct,shard,nonce_hash_set,5,18293.280969,38.960203,48.367727,5,3.582585,0.007627,0.009469,5,12184340.000000,676192.619007,839469.429934,5,1200.374000,62.666810,77.798648,5,2.000000,0.000000,0.000000,5,2.000000,0.000000,0.000000,5,2.000000,0.000000,0.000000,5,3.000000,0.000000,0.000000,5
memo,1000,65536000,1000,65536000,0.01,1,65536,conventional,0.5859375,ed25519,gossip,direct,shard,nonce_hash_set,5,16911.962644,66.648921,82.742299,5,3.875234,0.015262,0.018947,5,12184340.000000,676192.619007,839469.429934,5,1200.374000,62.666810,77.798648,5,2.000000,0.000000,0.000000,5,2.000000,0.000000,0.000000,5,2.000000,0.000000,0.000000,5,3.000000,0.000000,0.000000,5
memo,1000,65536000,1000,65536000,0.01,1,65536,conventional,1200.0,ed25519,gossip,direct,shard,nonce_hash_set,5,54.553892,1.425979,1.770303,5,1201.979673,31.271427,38.822380,5,12184340.000000,676192.619007,839469.429934,5,1200.374000,62.666810,77.798648,5,2.000000,0.000000,0.000000,5,2.000000,0.000000,0.000000,5,2.000000,0.000000,0.000000,5,3.000000,0.000000,0.000000,5
memo,1000,65536000,1000,65536000,0.01,1,65536,conventional,150.0,ed25519,gossip,direct,shard,nonce_hash_set,5,428.217752,10.981655,13.633340,5,153.126153,3.908922,4.852790,5,12184340.000000,676192.619007,839469.429934,5,1200.374000,62.666810,77.798648,5,2.000000,0.000000,0.000000,5,2.000000,0.000000,0.000000,5,2.000000,0.000000,0.000000,5,3.000000,0.000000,0.000000,5
memo,1000,65536000,1000,65536000,0.01,1,65536,conventional,18.75,ed25519,gossip,direct,shard,nonce_hash_set,5,2977.498800,66.331998,82.348850,5,22.019463,0.488609,0.606591,5,12184340.000000,676192.619007,839469.429934,5,1200.374000,62.666810,77.798648,5,2.000000,0.000000,0.000000,5,2.000000,0.000000,0.000000,5,2.000000,0.000000,0.000000,5,3.000000,0.000000,0.000000,5
memo,1000,65536000,1000,65536000,0.01,1,65536,conventional,1.171875,ed25519,gossip,direct,shard,nonce_hash_set,5,14693.194083,100.688000,125.000622,5,4.460532,0.030531,0.037903,5,12184340.000000,676192.619007,839469.429934,5,1200.374000,62.666810,77.798648,5,2.000000,0.000000,0.000000,5,2.000000,0.000000,0.000000,5,2.000000,0.000000,0.000000,5,3.000000,0.000000,0.000000,5
memo,1000,65536000,1000,65536000,0.01,1,65536,conventional,2.34375,ed25519,gossip,direct,shard,nonce_hash_set,5,11639.441930,126.465571,157.002573,5,5.631127,0.061070,0.075816,5,12184340.000000,676192.619007,839469.429934,5,1200.374000,62.666810,77.798648,5,2.000000,0.000000,0.000000,5,2.000000,0.000000,0.000000,5,2.000000,0.000000,0.000000,5,3.000000,0.000000,0.000000,5
memo,1000,65536000,1000,65536000,0.01,1,65536,conventional,300.0,ed25519,gossip,direct,shard,nonce_hash_set,5,216.436415,5.611099,6.965983,5,302.962370,7.817851,9.705588,5,12184340.000000,676192.619007,839469.429934,5,1200.374000,62.666810,77.798648,5,2.000000,0.000000,0.000000,5,2.000000,0.000000,0.000000,5,2.000000,0.000000,0.000000,5,3.000000,0.000000,0.000000,5
memo,1000,65536000,1000,65536000,0.01,1,65536,conventional,37.5,ed25519,gossip,direct,shard,nonce_hash_set,5,1609.053203,38.753766,48.111442,5,40.748991,0.977225,1.213191,5,12184340.000000,676192.619007,839469.429934,5,1200.374000,62.666810,77.798648,5,2.000000,0.000000,0.000000,5,2.000000,0.000000,0.000000,5,2.000000,0.000000,0.000000,5,3.000000,0.000000,0.000000,5
memo,1000,65536000,1000,65536000,0.01,1,65536,conventional,4.6875,ed25519,gossip,direct,shard,nonce_hash_set,5,8222.118240,126.311021,156.810705,5,7.972318,0.122147,0.151641,5,12184340.000000,676192.619007,839469.429934,5,1200.374000,62.666810,77.798648,5,2.000000,0.000000,0.000000,5,2.000000,0.000000,0.000000,5,2.000000,0.000000,0.000000,5,3.000000,0.000000,0.000000,5
memo,1000,65536000,1000,65536000,0.01,1,65536,conventional,600.0,ed25519,gossip,direct,shard,nonce_hash_set,5,108.809637,2.836361,3.521243,5,602.634805,15.635710,19.411185,5,12184340.000000,676192.619007,839469.429934,5,1200.374000,62.666810,77.798648,5,2.000000,0.000000,0.000000,5,2.000000,0.000000,0.000000,5,2.000000,0.000000,0.000000,5,3.000000,0.000000,0.000000,5
memo,1000,65536000,1000,65536000,0.01,1,65536,conventional,75.0,ed25519,gossip,direct,shard,nonce_hash_set,5,838.403568,21.046418,26.128390,5,78.208045,1.954457,2.426390,5,12184340.000000,676192.619007,839469.429934,5,1200.374000,62.666810,77.798648,5,2.000000,0.000000,0.000000,5,2.000000,0.000000,0.000000,5,2.000000,0.000000,0.000000,5,3.000000,0.000000,0.000000,5
memo,1000,65536000,1000,65536000,0.01,1,65536,conventional,9.375,ed25519,gossip,direct,shard,nonce_hash_set,5,5180.416105,100.350147,124.581190,5,12.654700,0.244301,0.303291,5,12184340.000000,676192.619007,839469.429934,5,1200.374000,62.666810,77.798648,5,2.000000,0.000000,0.000000,5,2.000000,0.000000,0.000000,5,2.000000,0.000000,0.000000,5,3.000000,0.000000,0.000000,5
memo,1000,8192000,1000,8192000,0.01,1,8192,conventional,0.146484375,ed25519,gossip,direct,shard,nonce_hash_set,5,14655.754696,99.995823,124.141309,5,0.559050,0.003810,0.004730,5,12184340.000000,676192.619007,839469.429934,5,1200.374000,62.666810,77.798648,5,2.000000,0.000000,0.000000,5,2.000000,0.000000,0.000000,5,2.000000,0.000000,0.000000,5,3.000000,0.000000,0.000000,5
memo,1000,8192000,1000,8192000,0.01,1,8192,conventional,0.29296875,ed25519,gossip,direct,shard,nonce_hash_set,5,11616.190530,125.840233,156.226238,5,0.705375,0.007627,0.009469,5,12184340.000000,676192.619007,839469.429934,5,1200.374000,62.666810,77.798648,5,2.000000,0.000000,0.000000,5,2.000000,0.000000,0.000000,5,2.000000,0.000000,0.000000,5,3.000000,0.000000,0.000000,5
memo,1000,8192000,1000,8192000,0.01,1,8192,conventional,0.5859375,ed25519,gossip,direct,shard,nonce_hash_set,5,8210.764470,125.894896,156.294100,5,0.998024,0.015262,0.018947,5,12184340.000000,676192.619007,839469.429934,5,1200.374000,62.666810,77.798648,5,2.000000,0.000000,0.000000,5,2.000000,0.000000,0.000000,5,2.000000,0.000000,0.000000,5,3.000000,0.000000,0.000000,5
memo,1000,8192000,1000,8192000,0.01,1,8192,conventional,1200.0,ed25519,gossip,direct,shard,nonce_hash_set,5,6.836347,0.179126,0.222378,5,1199.102462,31.271427,38.822380,5,12184340.000000,676192.619007,839469.429934,5,1200.374000,62.666810,77.798648,5,2.000000,0.000000,0.000000,5,2.000000,0.000000,0.000000,5,2.000000,0.000000,0.000000,5,3.000000,0.000000,0.000000,5
memo,1000,8192000,1000,8192000,0.01,1,8192,conventional,150.0,ed25519,gossip,direct,shard,nonce_hash_set,5,54.559180,1.426101,1.770454,5,150.248943,3.908922,4.852790,5,12184340.000000,676192.619007,839469.429934,5,1200.374000,62.666810,77.798648,5,2.000000,0.000000,0.000000,5,2.000000,0.000000,0.000000,5,2.000000,0.000000,0.000000,5,3.000000,0.000000,0.000000,5
memo,1000,8192000,1000,8192000,0.01,1,8192,conventional,18.75,ed25519,gossip,direct,shard,nonce_hash_set,5,428.230251,10.980972,13.632492,5,19.142253,0.488609,0.606591,5,12184340.000000,676192.619007,839469.429934,5,1200.374000,62.666810,77.798648,5,2.000000,0.000000,0.000000,5,2.000000,0.000000,0.000000,5,2.000000,0.000000,0.000000,5,3.000000,0.000000,0.000000,5
memo,1000,8192000,1000,8192000,0.01,1,8192,conventional,1.171875,ed25519,gossip,direct,shard,nonce_hash_set,5,5176.110300,100.151002,124.333957,5,1.583321,0.030531,0.037903,5,12184340.000000,676192.619007,839469.429934,5,1200.374000,62.666810,77.798648,5,2.000000,0.000000,0.000000,5,2.000000,0.000000,0.000000,5,2.000000,0.000000,0.000000,5,3.000000,0.000000,0.000000,5
memo,1000,8192000,1000,8192000,0.01,1,8192,conventional,2.34375,ed25519,gossip,direct,shard,nonce_hash_set,5,2976.210787,66.260316,82.259859,5,2.753917,0.061070,0.075816,5,12184340.000000,676192.619007,839469.429934,5,1200.374000,62.666810,77.798648,5,2.000000,0.000000,0.000000,5,2.000000,0.000000,0.000000,5,2.000000,0.000000,0.000000,5,3.000000,0.000000,0.000000,5
memo,1000,8192000,1000,8192000,0.01,1,8192,conventional,300.0,ed25519,gossip,direct,shard,nonce_hash_set,5,27.317150,0.715020,0.887672,5,300.085160,7.817851,9.705588,5,12184340.000000,676192.619007,839469.429934,5,1200.374000,62.666810,77.798648,5,2.000000,0.000000,0.000000,5,2.000000,0.000000,0.000000,5,2.000000,0.000000,0.000000,5,3.000000,0.000000,0.000000,5
memo,1000,8192000,1000,8192000,0.01,1,8192,conventional,37.5,ed25519,gossip,direct,shard,nonce_hash_set,5,216.451040,5.611219,6.966132,5,37.871780,0.977225,1.213191,5,12184340.000000,676192.619007,839469.429934,5,1200.374000,62.666810,77.798648,5,2.000000,0.000000,0.000000,5,2.000000,0.000000,0.000000,5,2.000000,0.000000,0.000000,5,3.000000,0.000000,0.000000,5
memo,1000,8192000,1000,8192000,0.01,1,8192,conventional,4.6875,ed25519,gossip,direct,shard,nonce_hash_set,5,1608.755889,38.733186,48.085893,5,5.095108,0.122147,0.151641,5,12184340.000000,676192.619007,839469.429934,5,1200.374000,62.666810,77.798648,5,2.000000,0.000000,0.000000,5,2.000000,0.000000,0.000000,5,2.000000,0.000000,0.000000,5,3.000000,0.000000,0.000000,5
memo,1000,8192000,1000,8192000,0.01,1,8192,conventional,600.0,ed25519,gossip,direct,shard,nonce_hash_set,5,13.667985,0.358004,0.444449,5,599.757594,15.635710,19.411185,5,12184340.000000,676192.619007,839469.429934,5,1200.374000,62.666810,77.798648,5,2.000000,0.000000,0.000000,5,2.000000,0.000000,0.000000,5,2.000000,0.000000,0.000000,5,3.000000,0.000000,0.000000,5
memo,1000,8192000,1000,8192000,0.01,1,8192,conventional,75.0,ed25519,gossip,direct,shard,nonce_hash_set,5,108.819113,2.836543,3.521468,5,75.330834,1.954457,2.426390,5,12184340.000000,676192.619007,839469.429934,5,1200.374000,62.666810,77.798648,5,2.000000,0.000000,0.000000,5,2.000000,0.000000,0.000000,5,2.000000,0.000000,0.000000,5,3.000000,0.000000,0.000000,5
memo,1000,8192000,1000,8192000,0.01,1,8192,conventional,9.375,ed25519,gossip,direct,shard,nonce_hash_set,5,838.365714,21.041692,26.122523,5,9.777489,0.244301,0.303291,5,12184340.000000,676192.619007,839469.429934,5,1200.374000,62.666810,77.798648,5,2.000000,0.000000,0.000000,5,2.000000,0.000000,0.000000,5,2.000000,0.000000,0.000000,5,3.000000,0.000000,0.000000,5
memo,1000,1024000,1000,1024000,0.01,256,1024,sharded,0.146484375,ed25519,gossip,direct,shard,nonce_hash_set,5,6265.277938,13.745417,17.064454,5,0.163239,0.000353,0.000439,5,12531585.600000,541061.122829,671708.414988,5,1225.517000,66.823274,82.958752,5,2.000000,0.000000,0.000000,5,2.000000,0.000000,0.000000,5,2.000000,0.000000,0.000000,5,3.000000,0.000000,0.000000,5
memo,1000,1024000,1000,1024000,0.01,256,1024,sharded,0.29296875,ed25519,gossip,direct,shard,nonce_hash_set,5,3430.281819,8.381925,10.405866,5,0.298149,0.000720,0.000894,5,12531585.600000,541061.122829,671708.414988,5,1225.517000,66.823274,82.958752,5,2.000000,0.000000,0.000000,5,2.000000,0.000000,0.000000,5,2.000000,0.000000,0.000000,5,3.000000,0.000000,0.000000,5
memo,1000,1024000,1000,1024000,0.01,256,1024,sharded,0.5859375,ed25519,gossip,direct,shard,nonce_hash_set,5,1800.684936,4.658956,5.783931,5,0.567971,0.001454,0.001806,5,12531585.600000,541061.122829,671708.414988,5,1225.517000,66.823274,82.958752,5,2.000000,0.000000,0.000000,5,2.000000,0.000000,0.000000,5,2.000000,0.000000,0.000000,5,3.000000,0.000000,0.000000,5
memo,1000,1024000,1000,1024000,0.01,256,1024,sharded,1200.0,ed25519,gossip,direct,shard,nonce_hash_set,5,0.925372,0.002541,0.003155,5,1105.217975,3.006866,3.732919,5,12531585.600000,541061.122829,671708.414988,5,1225.517000,66.823274,82.958752,5,2.000000,0.000000,0.000000,5,2.000000,0.000000,0.000000,5,2.000000,0.000000,0.000000,5,3.000000,0.000000,0.000000,5
memo,1000,1024000,1000,1024000,0.01,256,1024,sharded,150.0,ed25519,gossip,direct,shard,nonce_hash_set,5,7.401645,0.020322,0.025230,5,138.177033,0.375846,0.466600,5,12531585.600000,541061.122829,671708.414988,5,1225.517000,66.823274,82.958752,5,2.000000,0.000000,0.000000,5,2.000000,0.000000,0.000000,5,2.000000,0.000000,0.000000,5,3.000000,0.000000,0.000000,5
memo,1000,1024000,1000,1024000,0.01,256,1024,sharded,18.75,ed25519,gossip,direct,shard,nonce_hash_set,5,59.128304,0.162077,0.201213,5,17.296916,0.046969,0.058310,5,12531585.600000,541061.122829,671708.414988,5,1225.517000,66.823274,82.958752,5,2.000000,0.000000,0.000000,5,2.000000,0.000000,0.000000,5,2.000000,0.000000,0.000000,5,3.000000,0.000000,0.000000,5
memo,1000,1024000,1000,1024000,0.01,256,1024,sharded,1.171875,ed25519,gossip,direct,shard,nonce_hash_set,5,923.369279,2.460590,3.054737,5,1.107614,0.002923,0.003628,5,12531585.600000,541061.122829,671708.414988,5,1225.517000,66.823274,82.958752,5,2.000000,0.000000,0.000000,5,2.000000,0.000000,0.000000,5,2.000000,0.000000,0.000000,5,3.000000,0.000000,0.000000,5
memo,1000,1024000,1000,1024000,0.01,256,1024,sharded,2.34375,ed25519,gossip,direct,shard,nonce_hash_set,5,467.665045,1.265052,1.570518,5,2.186901,0.005859,0.007274,5,12531585.600000,541061.122829,671708.414988,5,1225.517000,66.823274,82.958752,5,2.000000,0.000000,0.000000,5,2.000000,0.000000,0.000000,5,2.000000,0.000000,0.000000,5,3.000000,0.000000,0.000000,5
memo,1000,1024000,1000,1024000,0.01,256,1024,sharded,300.0,ed25519,gossip,direct,shard,nonce_hash_set,5,3.701202,0.010163,0.012618,5,276.325739,0.751706,0.933217,5,12531585.600000,541061.122829,671708.414988,5,1225.517000,66.823274,82.958752,5,2.000000,0.000000,0.000000,5,2.000000,0.000000,0.000000,5,2.000000,0.000000,0.000000,5,3.000000,0.000000,0.000000,5
memo,1000,1024000,1000,1024000,0.01,256,1024,sharded,37.5,ed25519,gossip,direct,shard,nonce_hash_set,5,29.588381,0.081182,0.100785,5,34.565504,0.093951,0.116637,5,12531585.600000,541061.122829,671708.414988,5,1225.517000,66.823274,82.958752,5,2.000000,0.000000,0.000000,5,2.000000,0.000000,0.000000,5,2.000000,0.000000,0.000000,5,3.000000,0.000000,0.000000,5
memo,1000,1024000,1000,1024000,0.01,256,1024,sharded,4.6875,ed25519,gossip,direct,shard,nonce_hash_set,5,235.356859,0.641476,0.796370,5,4.345474,0.011732,0.014565,5,12531585.600000,541061.122829,671708.414988,5,1225.517000,66.823274,82.958752,5,2.000000,0.000000,0.000000,5,2.000000,0.000000,0.000000,5,2.000000,0.000000,0.000000,5,3.000000,0.000000,0.000000,5
memo,1000,1024000,1000,1024000,0.01,256,1024,sharded,600.0,ed25519,gossip,direct,shard,nonce_hash_set,5,1.850696,0.005082,0.006310,5,552.623151,1.503426,1.866451,5,12531585.600000,541061.122829,671708.414988,5,1225.517000,66.823274,82.958752,5,2.000000,0.000000,0.000000,5,2.000000,0.000000,0.000000,5,2.000000,0.000000,0.000000,5,3.000000,0.000000,0.000000,5
memo,1000,1024000,1000,1024000,0.01,256,1024,sharded,75.0,ed25519,gossip,direct,shard,nonce_hash_set,5,14.800255,0.040627,0.050437,5,69.102680,0.187916,0.233291,5,12531585.600000,541061.122829,671708.414988,5,1225.517000,66.823274,82.958752,5,2.000000,0.000000,0.000000,5,2.000000,0.000000,0.000000,5,2.000000,0.000000,0.000000,5,3.000000,0.000000,0.000000,5
memo,1000,1024000,1000,1024000,0.01,256,1024,sharded,9.375,ed25519,gossip,direct,shard,nonce_hash_set,5,118.063252,0.323010,0.401005,5,8.662622,0.023477,0.029146,5,12531585.600000,541061.122829,671708.414988,5,1225.517000,66.823274,82.958752,5,2.000000,0.000000,0.000000,5,2.000000,0.000000,0.000000,5,2.000000,0.000000,0.000000,5,3.000000,0.000000,0.000000,5
memo,1000,131072000,1000,131072000,0.01,256,131072,sharded,0.146484375,ed25519,gossip,direct,shard,nonce_hash_set,5,673962.348536,1035.848562,1285.969674,5,0.194051,0.000295,0.000366,5,12531585.600000,541061.122829,671708.414988,5,1225.517000,66.823274,82.958752,5,2.000000,0.000000,0.000000,5,2.000000,0.000000,0.000000,5,2.000000,0.000000,0.000000,5,3.000000,0.000000,0.000000,5
memo,1000,131072000,1000,131072000,0.01,256,131072,sharded,0.29296875,ed25519,gossip,direct,shard,nonce_hash_set,5,399844.099667,744.962112,924.844345,5,0.327085,0.000602,0.000747,5,12531585.600000,541061.122829,671708.414988,5,1225.517000,66.823274,82.958752,5,2.000000,0.000000,0.000000,5,2.000000,0.000000,0.000000,5,2.000000,0.000000,0.000000,5,3.000000,0.000000,0.000000,5
memo,1000,131072000,1000,131072000,0.01,256,131072,sharded,0.5859375,ed25519,gossip,direct,shard,nonce_hash_set,5,219428.443855,484.100796,600.994166,5,0.596017,0.001299,0.001613,5,12531585.600000,541061.122829,671708.414988,5,1225.517000,66.823274,82.958752,5,2.000000,0.000000,0.000000,5,2.000000,0.000000,0.000000,5,2.000000,0.000000,0.000000,5,3.000000,0.000000,0.000000,5
memo,1000,131072000,1000,131072000,0.01,256,131072,sharded,1200.0,ed25519,gossip,direct,shard,nonce_hash_set,5,118.329748,0.324950,0.403414,5,1105.245110,3.006788,3.732822,5,12531585.600000,541061.122829,671708.414988,5,1225.517000,66.823274,82.958752,5,2.000000,0.000000,0.000000,5,2.000000,0.000000,0.000000,5,2.000000,0.000000,0.000000,5,3.000000,0.000000,0.000000,5
memo,1000,131072000,1000,131072000,0.01,256,131072,sharded,150.0,ed25519,gossip,direct,shard,nonce_hash_set,5,946.305517,2.597209,3.224344,5,138.204176,0.375765,0.466500,5,12531585.600000,541061.122829,671708.414988,5,1225.517000,66.823274,82.958752,5,2.000000,0.000000,0.000000,5,2.000000,0.000000,0.000000,5,2.000000,0.000000,0.000000,5,3.000000,0.000000,0.000000,5
memo,1000,131072000,1000,131072000,0.01,256,131072,sharded,18.75,ed25519,gossip,direct,shard,nonce_hash_set,5,7549.218772,20.627676,25.608537,5,17.324093,0.046893,0.058216,5,12531585.600000,541061.122829,671708.414988,5,1225.517000,66.823274,82.958752,5,2.000000,0.000000,0.000000,5,2.000000,0.000000,0.000000,5,2.000000,0.000000,0.000000,5,3.000000,0.000000,0.000000,5
memo,1000,131072000,1000,131072000,0.01,256,131072,sharded,1.171875,ed25519,gossip,direct,shard,nonce_hash_set,5,115204.437636,287.888601,357.403605,5,1.135227,0.002807,0.003485,5,12531585.600000,541061.122829,671708.414988,5,1225.517000,66.823274,82.958752,5,2.000000,0.000000,0.000000,5,2.000000,0.000000,0.000000,5,2.000000,0.000000,0.000000,5,3.000000,0.000000,0.000000,5
memo,1000,131072000,1000,131072000,0.01,256,131072,sharded,2.34375,ed25519,gossip,direct,shard,nonce_hash_set,5,59063.215366,155.606716,193.180283,5,2.214294,0.005777,0.007172,5,12531585.600000,541061.122829,671708.414988,5,1225.517000,66.823274,82.958752,5,2.000000,0.000000,0.000000,5,2.000000,0.000000,0.000000,5,2.000000,0.000000,0.000000,5,3.000000,0.000000,0.000000,5
memo,1000,131072000,1000,131072000,0.01,256,131072,sharded,300.0,ed25519,gossip,direct,shard,nonce_hash_set,5,473.247743,1.299291,1.613024,5,276.352876,0.751628,0.933120,5,12531585.600000,541061.122829,671708.414988,5,1225.517000,66.823274,82.958752,5,2.000000,0.000000,0.000000,5,2.000000,0.000000,0.000000,5,2.000000,0.000000,0.000000,5,3.000000,0.000000,0.000000,5
memo,1000,131072000,1000,131072000,0.01,256,131072,sharded,37.5,ed25519,gossip,direct,shard,nonce_hash_set,5,3780.668082,10.355937,12.856533,5,34.592661,0.093868,0.116534,5,12531585.600000,541061.122829,671708.414988,5,1225.517000,66.823274,82.958752,5,2.000000,0.000000,0.000000,5,2.000000,0.000000,0.000000,5,2.000000,0.000000,0.000000,5,3.000000,0.000000,0.000000,5
memo,1000,131072000,1000,131072000,0.01,256,131072,sharded,4.6875,ed25519,gossip,direct,shard,nonce_hash_set,5,29908.791741,80.454719,99.881713,5,4.372739,0.011651,0.014464,5,12531585.600000,541061.122829,671708.414988,5,1225.517000,66.823274,82.958752,5,2.000000,0.000000,0.000000,5,2.000000,0.000000,0.000000,5,2.000000,0.000000,0.000000,5,3.000000,0.000000,0.000000,5
memo,1000,131072000,1000,131072000,0.01,256,131072,sharded,600.0,ed25519,gossip,direct,shard,nonce_hash_set,5,236.647620,0.649815,0.806723,5,552.650286,1.503348,1.866354,5,12531585.600000,541061.122829,671708.414988,5,1225.517000,66.823274,82.958752,5,2.000000,0.000000,0.000000,5,2.000000,0.000000,0.000000,5,2.000000,0.000000,0.000000,5,3.000000,0.000000,0.000000,5
memo,1000,131072000,1000,131072000,0.01,256,131072,sharded,75.0,ed25519,gossip,direct,shard,nonce_hash_set,5,1891.851559,5.188913,6.441853,5,69.129828,0.187834,0.233189,5,12531585.600000,541061.122829,671708.414988,5,1225.517000,66.823274,82.958752,5,2.000000,0.000000,0.000000,5,2.000000,0.000000,0.000000,5,2.000000,0.000000,0.000000,5,3.000000,0.000000,0.000000,5
memo,1000,131072000,1000,131072000,0.01,256,131072,sharded,9.375,ed25519,gossip,direct,shard,nonce_hash_set,5,15050.163580,40.908212,50.786111,5,8.689830,0.023398,0.029048,5,12531585.600000,541061.122829,671708.414988,5,1225.517000,66.823274,82.958752,5,2.000000,0.000000,0.000000,5,2.000000,0.000000,0.000000,5,2.000000,0.000000,0.000000,5,3.000000,0.000000,0.000000,5
memo,1000,16384000,1000,16384000,0.01,256,16384,sharded,0.146484375,ed25519,gossip,direct,shard,nonce_hash_set,5,98389.705100,203.820888,253.036486,5,0.166163,0.000340,0.000422,5,12531585.600000,541061.122829,671708.414988,5,1225.517000,66.823274,82.958752,5,2.000000,0.000000,0.000000,5,2.000000,0.000000,0.000000,5,2.000000,0.000000,0.000000,5,3.000000,0.000000,0.000000,5
memo,1000,16384000,1000,16384000,0.01,256,16384,sharded,0.29296875,ed25519,gossip,direct,shard,nonce_hash_set,5,54306.478150,129.672485,160.983844,5,0.301046,0.000711,0.000882,5,12531585.600000,541061.122829,671708.414988,5,1225.517000,66.823274,82.958752,5,2.000000,0.000000,0.000000,5,2.000000,0.000000,0.000000,5,2.000000,0.000000,0.000000,5,3.000000,0.000000,0.000000,5
memo,1000,16384000,1000,16384000,0.01,256,16384,sharded,0.5859375,ed25519,gossip,direct,shard,nonce_hash_set,5,28639.266394,73.244037,90.929905,5,0.570852,0.001445,0.001794,5,12531585.600000,541061.122829,671708.414988,5,1225.517000,66.823274,82.958752,5,2.000000,0.000000,0.000000,5,2.000000,0.000000,0.000000,5,2.000000,0.000000,0.000000,5,3.000000,0.000000,0.000000,5
memo,1000,16384000,1000,16384000,0.01,256,16384,sharded,1200.0,ed25519,gossip,direct,shard,nonce_hash_set,5,14.792335,0.040624,0.050433,5,1105.220840,3.006857,3.732908,5,12531585.600000,541061.122829,671708.414988,5,1225.517000,66.823274,82.958752,5,2.000000,0.000000,0.000000,5,2.000000,0.000000,0.000000,5,2.000000,0.000000,0.000000,5,3.000000,0.000000,0.000000,5
memo,1000,16384000,1000,16384000,0.01,256,16384,sharded,150.0,ed25519,gossip,direct,shard,nonce_hash_set,5,118.315305,0.324844,0.403283,5,138.179898,0.375837,0.466589,5,12531585.600000,541061.122829,671708.414988,5,1225.517000,66.823274,82.958752,5,2.000000,0.000000,0.000000,5,2.000000,0.000000,0.000000,5,2.000000,0.000000,0.000000,5,3.000000,0.000000,0.000000,5
memo,1000,16384000,1000,16384000,0.01,256,16384,sharded,18.75,ed25519,gossip,direct,shard,nonce_hash_set,5,945.029067,2.589498,3.214771,5,17.299782,0.046959,0.058298,5,12531585.600000,541061.122829,671708.414988,5,1225.517000,66.823274,82.958752,5,2.000000,0.000000,0.000000,5,2.000000,0.000000,0.000000,5,2.000000,0.000000,0.000000,5,3.000000,0.000000,0.000000,5
memo,1000,16384000,1000,16384000,0.01,256,16384,sharded,1.171875,ed25519,gossip,direct,shard,nonce_hash_set,5,14722.162673,39.004351,48.422535,5,1.110488,0.002913,0.003617,5,12531585.600000,541061.122829,671708.414988,5,1225.517000,66.823274,82.958752,5,2.000000,0.000000,0.000000,5,2.000000,0.000000,0.000000,5,2.000000,0.000000,0.000000,5,3.000000,0.000000,0.000000,5
memo,1000,16384000,1000,16384000,0.01,256,16384,sharded,2.34375,ed25519,gossip,direct,shard,nonce_hash_set,5,7465.982408,20.138722,25.001517,5,2.189771,0.005850,0.007263,5,12531585.600000,541061.122829,671708.414988,5,1225.517000,66.823274,82.958752,5,2.000000,0.000000,0.000000,5,2.000000,0.000000,0.000000,5,2.000000,0.000000,0.000000,5,3.000000,0.000000,0.000000,5
memo,1000,16384000,1000,16384000,0.01,256,16384,sharded,300.0,ed25519,gossip,direct,shard,nonce_hash_set,5,59.164331,0.162463,0.201693,5,276.328604,0.751697,0.933206,5,12531585.600000,541061.122829,671708.414988,5,1225.517000,66.823274,82.958752,5,2.000000,0.000000,0.000000,5,2.000000,0.000000,0.000000,5,2.000000,0.000000,0.000000,5,3.000000,0.000000,0.000000,5
memo,1000,16384000,1000,16384000,0.01,256,16384,sharded,37.5,ed25519,gossip,direct,shard,nonce_hash_set,5,472.940933,1.297394,1.610670,5,34.568369,0.093942,0.116626,5,12531585.600000,541061.122829,671708.414988,5,1225.517000,66.823274,82.958752,5,2.000000,0.000000,0.000000,5,2.000000,0.000000,0.000000,5,2.000000,0.000000,0.000000,5,3.000000,0.000000,0.000000,5
memo,1000,16384000,1000,16384000,0.01,256,16384,sharded,4.6875,ed25519,gossip,direct,shard,nonce_hash_set,5,3759.776498,10.232244,12.702972,5,4.348342,0.011722,0.014553,5,12531585.600000,541061.122829,671708.414988,5,1225.517000,66.823274,82.958752,5,2.000000,0.000000,0.000000,5,2.000000,0.000000,0.000000,5,2.000000,0.000000,0.000000,5,3.000000,0.000000,0.000000,5
memo,1000,16384000,1000,16384000,0.01,256,16384,sharded,600.0,ed25519,gossip,direct,shard,nonce_hash_set,5,29.583835,0.081242,0.100859,5,552.626016,1.503417,1.866440,5,12531585.600000,541061.122829,671708.414988,5,1225.517000,66.823274,82.958752,5,2.000000,0.000000,0.000000,5,2.000000,0.000000,0.000000,5,2.000000,0.000000,0.000000,5,3.000000,0.000000,0.000000,5
memo,1000,16384000,1000,16384000,0.01,256,16384,sharded,75.0,ed25519,gossip,direct,shard,nonce_hash_set,5,236.577205,0.649358,0.806155,5,69.105545,0.187907,0.233280,5,12531585.600000,541061.122829,671708.414988,5,1225.517000,66.823274,82.958752,5,2.000000,0.000000,0.000000,5,2.000000,0.000000,0.000000,5,2.000000,0.000000,0.000000,5,3.000000,0.000000,0.000000,5
memo,1000,16384000,1000,16384000,0.01,256,16384,sharded,9.375,ed25519,gossip,direct,shard,nonce_hash_set,5,1886.656100,5.157905,6.403359,5,8.665488,0.023468,0.029134,5,12531585.600000,541061.122829,671708.414988,5,1225.517000,66.823274,82.958752,5,2.000000,0.000000,0.000000,5,2.000000,0.000000,0.000000,5,2.000000,0.000000,0.000000,5,3.000000,0.000000,0.000000,5
memo,1000,2048000,1000,2048000,0.01,256,2048,sharded,0.146484375,ed25519,gossip,direct,shard,nonce_hash_set,5,12511.248153,27.368435,33.976952,5,0.163411,0.000353,0.000438,5,12531585.600000,541061.122829,671708.414988,5,1225.517000,66.823274,82.958752,5,2.000000,0.000000,0.000000,5,2.000000,0.000000,0.000000,5,2.000000,0.000000,0.000000,5,3.000000,0.000000,0.000000,5
memo,1000,2048000,1000,2048000,0.01,256,2048,sharded,0.29296875,ed25519,gossip,direct,shard,nonce_hash_set,5,6853.263971,16.723793,20.762003,5,0.298321,0.000720,0.000894,5,12531585.600000,541061.122829,671708.414988,5,1225.517000,66.823274,82.958752,5,2.000000,0.000000,0.000000,5,2.000000,0.000000,0.000000,5,2.000000,0.000000,0.000000,5,3.000000,0.000000,0.000000,5
memo,1000,2048000,1000,2048000,0.01,256,2048,sharded,0.5859375,ed25519,gossip,direct,shard,nonce_hash_set,5,3598.523122,9.303616,11.550113,5,0.568142,0.001454,0.001805,5,12531585.600000,541061.122829,671708.414988,5,1225.517000,66.823274,82.958752,5,2.000000,0.000000,0.000000,5,2.000000,0.000000,0.000000,5,2.000000,0.000000,0.000000,5,3.000000,0.000000,0.000000,5
memo,1000,2048000,1000,2048000,0.01,256,2048,sharded,1200.0,ed25519,gossip,direct,shard,nonce_hash_set,5,1.849838,0.005080,0.006307,5,1105.218146,3.006866,3.732919,5,12531585.600000,541061.122829,671708.414988,5,1225.517000,66.823274,82.958752,5,2.000000,0.000000,0.000000,5,2.000000,0.000000,0.000000,5,2.000000,0.000000,0.000000,5,3.000000,0.000000,0.000000,5
memo,1000,2048000,1000,2048000,0.01,256,2048,sharded,150.0,ed25519,gossip,direct,shard,nonce_hash_set,5,14.796034,0.040625,0.050435,5,138.177205,0.375846,0.466599,5,12531585.600000,541061.122829,671708.414988,5,1225.517000,66.823274,82.958752,5,2.000000,0.000000,0.000000,5,2.000000,0.000000,0.000000,5,2.000000,0.000000,0.000000,5,3.000000,0.000000,0.000000,5
memo,1000,2048000,1000,2048000,0.01,256,2048,sharded,18.75,ed25519,gossip,direct,shard,nonce_hash_set,5,118.197625,0.323987,0.402218,5,17.297087,0.046968,0.058309,5,12531585.600000,541061.122829,671708.414988,5,1225.517000,66.823274,82.958752,5,2.000000,0.000000,0.000000,5,2.000000,0.000000,0.000000,5,2.000000,0.000000,0.000000,5,3.000000,0.000000,0.000000,5
memo,1000,2048000,1000,2048000,0.01,256,2048,sharded,1.171875,ed25519,gossip,direct,shard,nonce_hash_set,5,1845.550271,4.916163,6.103243,5,1.107786,0.002922,0.003628,5,12531585.600000,541061.122829,671708.414988,5,1225.517000,66.823274,82.958752,5,2.000000,0.000000,0.000000,5,2.000000,0.000000,0.000000,5,2.000000,0.000000,0.000000,5,3.000000,0.000000,0.000000,5
memo,1000,2048000,1000,2048000,0.01,256,2048,sharded,2.34375,ed25519,gossip,direct,shard,nonce_hash_set,5,934.799606,2.528204,3.138677,5,2.187072,0.005858,0.007273,5,12531585.600000,541061.122829,671708.414988,5,1225.517000,66.823274,82.958752,5,2.000000,0.000000,0.000000,5,2.000000,0.000000,0.000000,5,2.000000,0.000000,0.000000,5,3.000000,0.000000,0.000000,5
memo,1000,2048000,1000,2048000,0.01,256,2048,sharded,300.0,ed25519,gossip,direct,shard,nonce_hash_set,5,7.398780,0.020317,0.025223,5,276.325910,0.751706,0.933216,5,12531585.600000,541061.122829,671708.414988,5,1225.517000,66.823274,82.958752,5,2.000000,0.000000,0.000000,5,2.000000,0.000000,0.000000,5,2.000000,0.000000,0.000000,5,3.000000,0.000000,0.000000,5
memo,1000,2048000,1000,2048000,0.01,256,2048,sharded,37.5,ed25519,gossip,direct,shard,nonce_hash_set,5,59.147539,0.162283,0.201469,5,34.565675,0.093951,0.116636,5,12531585.600000,541061.122829,671708.414988,5,1225.517000,66.823274,82.958752,5,2.000000,0.000000,0.000000,5,2.000000,0.000000,0.000000,5,2.000000,0.000000,0.000000,5,3.000000,0.000000,0.000000,5
memo,1000,2048000,1000,2048000,0.01,256,2048,sharded,4.6875,ed25519,gossip,direct,shard,nonce_hash_set,5,470.465058,1.282165,1.591763,5,4.345646,0.011731,0.014564,5,12531585.600000,541061.122829,671708.414988,5,1225.517000,66.823274,82.958752,5,2.000000,0.000000,0.000000,5,2.000000,0.000000,0.000000,5,2.000000,0.000000,0.000000,5,3.000000,0.000000,0.000000,5
memo,1000,2048000,1000,2048000,0.01,256,2048,sharded,600.0,ed25519,gossip,direct,shard,nonce_hash_set,5,3.699581,0.010160,0.012613,5,552.623322,1.503426,1.866450,5,12531585.600000,541061.122829,671708.414988,5,1225.517000,66.823274,82.958752,5,2.000000,0.000000,0.000000,5,2.000000,0.000000,0.000000,5,2.000000,0.000000,0.000000,5,3.000000,0.000000,0.000000,5
memo,1000,2048000,1000,2048000,0.01,256,2048,sharded,75.0,ed25519,gossip,direct,shard,nonce_hash_set,5,29.585966,0.081214,0.100824,5,69.102852,0.187916,0.233291,5,12531585.600000,541061.122829,671708.414988,5,1225.517000,66.823274,82.958752,5,2.000000,0.000000,0.000000,5,2.000000,0.000000,0.000000,5,2.000000,0.000000,0.000000,5,3.000000,0.000000,0.000000,5
memo,1000,2048000,1000,2048000,0.01,256,2048,sharded,9.375,ed25519,gossip,direct,shard,nonce_hash_set,5,236.006401,0.645665,0.801570,5,8.662793,0.023477,0.029146,5,12531585.600000,541061.122829,671708.414988,5,1225.517000,66.823274,82.958752,5,2.000000,0.000000,0.000000,5,2.000000,0.000000,0.000000,5,2.000000,0.000000,0.000000,5,3.000000,0.000000,0.000000,5
memo,1000,262144000,1000,262144000,0.01,256,262144,sharded,0.146484375,ed25519,gossip,direct,shard,nonce_hash_set,5,1087106.309799,1305.414356,1620.626156,5,0.240606,0.000285,0.000354,5,12531585.600000,541061.122829,671708.414988,5,1225.517000,66.823274,82.958752,5,2.000000,0.000000,0.000000,5,2.000000,0.000000,0.000000,5,2.000000,0.000000,0.000000,5,3.000000,0.000000,0.000000,5
memo,1000,262144000,1000,262144000,0.01,256,262144,sharded,0.29296875,ed25519,gossip,direct,shard,nonce_hash_set,5,707863.304181,1158.398012,1438.110519,5,0.369513,0.000598,0.000742,5,12531585.600000,541061.122829,671708.414988,5,1225.517000,66.823274,82.958752,5,2.000000,0.000000,0.000000,5,2.000000,0.000000,0.000000,5,2.000000,0.000000,0.000000,5,3.000000,0.000000,0.000000,5
memo,1000,262144000,1000,262144000,0.01,256,262144,sharded,0.5859375,ed25519,gossip,direct,shard,nonce_hash_set,5,411535.800948,796.882610,989.301823,5,0.635583,0.001216,0.001510,5,12531585.600000,541061.122829,671708.414988,5,1225.517000,66.823274,82.958752,5,2.000000,0.000000,0.000000,5,2.000000,0.000000,0.000000,5,2.000000,0.000000,0.000000,5,3.000000,0.000000,0.000000,5
memo,1000,262144000,1000,262144000,0.01,256,262144,sharded,1200.0,ed25519,gossip,direct,shard,nonce_hash_set,5,236.650695,0.649837,0.806750,5,1105.281986,3.006709,3.732724,5,12531585.600000,541061.122829,671708.414988,5,1225.517000,66.823274,82.958752,5,2.000000,0.000000,0.000000,5,2.000000,0.000000,0.000000,5,2.000000,0.000000,0.000000,5,3.000000,0.000000,0.000000,5
memo,1000,262144000,1000,262144000,0.01,256,262144,sharded,150.0,ed25519,gossip,direct,shard,nonce_hash_set,5,1892.098683,5.190450,6.443761,5,138.241070,0.375680,0.466393,5,12531585.600000,541061.122829,671708.414988,5,1225.517000,66.823274,82.958752,5,2.000000,0.000000,0.000000,5,2.000000,0.000000,0.000000,5,2.000000,0.000000,0.000000,5,3.000000,0.000000,0.000000,5
memo,1000,262144000,1000,262144000,0.01,256,262144,sharded,18.75,ed25519,gossip,direct,shard,nonce_hash_set,5,15066.218415,41.005920,50.907413,5,17.361073,0.046808,0.058111,5,12531585.600000,541061.122829,671708.414988,5,1225.517000,66.823274,82.958752,5,2.000000,0.000000,0.000000,5,2.000000,0.000000,0.000000,5,2.000000,0.000000,0.000000,5,3.000000,0.000000,0.000000,5
memo,1000,262144000,1000,262144000,0.01,256,262144,sharded,1.171875,ed25519,gossip,direct,shard,nonce_hash_set,5,222903.233126,501.831203,623.005845,5,1.173447,0.002612,0.003242,5,12531585.600000,541061.122829,671708.414988,5,1225.517000,66.823274,82.958752,5,2.000000,0.000000,0.000000,5,2.000000,0.000000,0.000000,5,2.000000,0.000000,0.000000,5,3.000000,0.000000,0.000000,5
memo,1000,262144000,1000,262144000,0.01,256,262144,sharded,2.34375,ed25519,gossip,direct,shard,nonce_hash_set,5,116154.876353,293.270797,364.085412,5,2.251869,0.005628,0.006986,5,12531585.600000,541061.122829,671708.414988,5,1225.517000,66.823274,82.958752,5,2.000000,0.000000,0.000000,5,2.000000,0.000000,0.000000,5,2.000000,0.000000,0.000000,5,3.000000,0.000000,0.000000,5
memo,1000,262144000,1000,262144000,0.01,256,262144,sharded,300.0,ed25519,gossip,direct,shard,nonce_hash_set,5,946.365535,2.597589,3.224816,5,276.389766,0.751544,0.933015,5,12531585.600000,541061.122829,671708.414988,5,1225.517000,66.823274,82.958752,5,2.000000,0.000000,0.000000,5,2.000000,0.000000,0.000000,5,2.000000,0.000000,0.000000,5,3.000000,0.000000,0.000000,5
memo,1000,262144000,1000,262144000,0.01,256,262144,sharded,37.5,ed25519,gossip,direct,shard,nonce_hash_set,5,7553.241720,20.652315,25.639124,5,34.629600,0.093799,0.116448,5,12531585.600000,541061.122829,671708.414988,5,1225.517000,66.823274,82.958752,5,2.000000,0.000000,0.000000,5,2.000000,0.000000,0.000000,5,2.000000,0.000000,0.000000,5,3.000000,0.000000,0.000000,5
memo,1000,262144000,1000,262144000,0.01,256,262144,sharded,4.6875,ed25519,gossip,direct,shard,nonce_hash_set,5,59311.918551,157.078976,195.008042,5,4.410001,0.011567,0.014360,5,12531585.600000,541061.122829,671708.414988,5,1225.517000,66.823274,82.958752,5,2.000000,0.000000,0.000000,5,2.000000,0.000000,0.000000,5,2.000000,0.000000,0.000000,5,3.000000,0.000000,0.000000,5
memo,1000,262144000,1000,262144000,0.01,256,262144,sharded,600.0,ed25519,gossip,direct,shard,nonce_hash_set,5,473.261849,1.299384,1.613139,5,552.687165,1.503269,1.866255,5,12531585.600000,541061.122829,671708.414988,5,1225.517000,66.823274,82.958752,5,2.000000,0.000000,0.000000,5,2.000000,0.000000,0.000000,5,2.000000,0.000000,0.000000,5,3.000000,0.000000,0.000000,5
memo,1000,262144000,1000,262144000,0.01,256,262144,sharded,75.0,ed25519,gossip,direct,shard,nonce_hash_set,5,3781.669562,10.362108,12.864194,5,69.166737,0.187750,0.233084,5,12531585.600000,541061.122829,671708.414988,5,1225.517000,66.823274,82.958752,5,2.000000,0.000000,0.000000,5,2.000000,0.000000,0.000000,5,2.000000,0.000000,0.000000,5,3.000000,0.000000,0.000000,5
memo,1000,262144000,1000,262144000,0.01,256,262144,sharded,9.375,ed25519,gossip,direct,shard,nonce_hash_set,5,29972.376713,80.837922,100.357446,5,8.726892,0.023315,0.028944,5,12531585.600000,541061.122829,671708.414988,5,1225.517000,66.823274,82.958752,5,2.000000,0.000000,0.000000,5,2.000000,0.000000,0.000000,5,2.000000,0.000000,0.000000,5,3.000000,0.000000,0.000000,5
memo,1000,32768000,1000,32768000,0.01,256,32768,sharded,0.146484375,ed25519,gossip,direct,shard,nonce_hash_set,5,192830.993864,363.542088,451.324757,5,0.169560,0.000315,0.000391,5,12531585.600000,541061.122829,671708.414988,5,1225.517000,66.823274,82.958752,5,2.000000,0.000000,0.000000,5,2.000000,0.000000,0.000000,5,2.000000,0.000000,0.000000,5,3.000000,0.000000,0.000000,5
memo,1000,32768000,1000,32768000,0.01,256,32768,sharded,0.29296875,ed25519,gossip,direct,shard,nonce_hash_set,5,107426.311501,247.142855,306.819189,5,0.304362,0.000692,0.000859,5,12531585.600000,541061.122829,671708.414988,5,1225.517000,66.823274,82.958752,5,2.000000,0.000000,0.000000,5,2.000000,0.000000,0.000000,5,2.000000,0.000000,0.000000,5,3.000000,0.000000,0.000000,5
memo,1000,32768000,1000,32768000,0.01,256,32768,sharded,0.5859375,ed25519,gossip,direct,shard,nonce_hash_set,5,56949.871839,143.779519,178.497232,5,0.574129,0.001434,0.001781,5,12531585.600000,541061.122829,671708.414988,5,1225.517000,66.823274,82.958752,5,2.000000,0.000000,0.000000,5,2.000000,0.000000,0.000000,5,2.000000,0.000000,0.000000,5,3.000000,0.000000,0.000000,5
memo,1000,32768000,1000,32768000,0.01,256,32768,sharded,1200.0,ed25519,gossip,direct,shard,nonce_hash_set,5,29.583679,0.081244,0.100862,5,1105.224068,3.006847,3.732896,5,12531585.600000,541061.122829,671708.414988,5,1225.517000,66.823274,82.958752,5,2.000000,0.000000,0.000000,5,2.000000,0.000000,0.000000,5,2.000000,0.000000,0.000000,5,3.000000,0.000000,0.000000,5
memo,1000,32768000,1000,32768000,0.01,256,32768,sharded,150.0,ed25519,gossip,direct,shard,nonce_hash_set,5,236.617845,0.649621,0.806482,5,138.183127,0.375827,0.466576,5,12531585.600000,541061.122829,671708.414988,5,1225.517000,66.823274,82.958752,5,2.000000,0.000000,0.000000,5,2.000000,0.000000,0.000000,5,2.000000,0.000000,0.000000,5,3.000000,0.000000,0.000000,5
memo,1000,32768000,1000,32768000,0.01,256,32768,sharded,18.75,ed25519,gossip,direct,shard,nonce_hash_set,5,1889.647449,5.175731,6.425489,5,17.303012,0.046949,0.058285,5,12531585.600000,541061.122829,671708.414988,5,1225.517000,66.823274,82.958752,5,2.000000,0.000000,0.000000,5,2.000000,0.000000,0.000000,5,2.000000,0.000000,0.000000,5,3.000000,0.000000,0.000000,5
memo,1000,32768000,1000,32768000,0.01,256,32768,sharded,1.171875,ed25519,gossip,direct,shard,nonce_hash_set,5,29357.460172,77.278544,95.938604,5,1.113740,0.002903,0.003604,5,12531585.600000,541061.122829,671708.414988,5,1225.517000,66.823274,82.958752,5,2.000000,0.000000,0.000000,5,2.000000,0.000000,0.000000,5,2.000000,0.000000,0.000000,5,3.000000,0.000000,0.000000,5
memo,1000,32768000,1000,32768000,0.01,256,32768,sharded,2.34375,ed25519,gossip,direct,shard,nonce_hash_set,5,14909.438092,40.084933,49.764038,5,2.193013,0.005840,0.007250,5,12531585.600000,541061.122829,671708.414988,5,1225.517000,66.823274,82.958752,5,2.000000,0.000000,0.000000,5,2.000000,0.000000,0.000000,5,2.000000,0.000000,0.000000,5,3.000000,0.000000,0.000000,5
memo,1000,32768000,1000,32768000,0.01,256,32768,sharded,300.0,ed25519,gossip,direct,shard,nonce_hash_set,5,118.323660,0.324905,0.403358,5,276.331833,0.751687,0.933193,5,12531585.600000,541061.122829,671708.414988,5,1225.517000,66.823274,82.958752,5,2.000000,0.000000,0.000000,5,2.000000,0.000000,0.000000,5,2.000000,0.000000,0.000000,5,3.000000,0.000000,0.000000,5
memo,1000,32768000,1000,32768000,0.01,256,32768,sharded,37.5,ed25519,gossip,direct,shard,nonce_hash_set,5,945.764562,2.593936,3.220280,5,34.571599,0.093931,0.116613,5,12531585.600000,541061.122829,671708.414988,5,1225.517000,66.823274,82.958752,5,2.000000,0.000000,0.000000,5,2.000000,0.000000,0.000000,5,2.000000,0.000000,0.000000,5,3.000000,0.000000,0.000000,5
memo,1000,32768000,1000,32768000,0.01,256,32768,sharded,4.6875,ed25519,gossip,direct,shard,nonce_hash_set,5,7513.731118,20.418275,25.348573,5,4.351578,0.011713,0.014542,5,12531585.600000,541061.122829,671708.414988,5,1225.517000,66.823274,82.958752,5,2.000000,0.000000,0.000000,5,2.000000,0.000000,0.000000,5,2.000000,0.000000,0.000000,5,3.000000,0.000000,0.000000,5
memo,1000,32768000,1000,32768000,0.01,256,32768,sharded,600.0,ed25519,gossip,direct,shard,nonce_hash_set,5,59.165515,0.162476,0.201709,5,552.629244,1.503407,1.866427,5,12531585.600000,541061.122829,671708.414988,5,1225.517000,66.823274,82.958752,5,2.000000,0.000000,0.000000,5,2.000000,0.000000,0.000000,5,2.000000,0.000000,0.000000,5,3.000000,0.000000,0.000000,5
memo,1000,32768000,1000,32768000,0.01,256,32768,sharded,75.0,ed25519,gossip,direct,shard,nonce_hash_set,5,473.117835,1.298487,1.612026,5,69.108774,0.187897,0.233268,5,12531585.600000,541061.122829,671708.414988,5,1225.517000,66.823274,82.958752,5,2.000000,0.000000,0.000000,5,2.000000,0.000000,0.000000,5,2.000000,0.000000,0.000000,5,3.000000,0.000000,0.000000,5
memo,1000,32768000,1000,32768000,0.01,256,32768,sharded,9.375,ed25519,gossip,direct,shard,nonce_hash_set,5,3771.789826,10.303223,12.791090,5,8.668720,0.023457,0.029121,5,12531585.600000,541061.122829,671708.414988,5,1225.517000,66.823274,82.958752,5,2.000000,0.000000,0.000000,5,2.000000,0.000000,0.000000,5,2.000000,0.000000,0.000000,5,3.000000,0.000000,0.000000,5
memo,1000,4096000,1000,4096000,0.01,256,4096,sharded,0.146484375,ed25519,gossip,direct,shard,nonce_hash_set,5,24960.798118,54.283289,67.390801,5,0.163774,0.000352,0.000436,5,12531585.600000,541061.122829,671708.414988,5,1225.517000,66.823274,82.958752,5,2.000000,0.000000,0.000000,5,2.000000,0.000000,0.000000,5,2.000000,0.000000,0.000000,5,3.000000,0.000000,0.000000,5
memo,1000,4096000,1000,4096000,0.01,256,4096,sharded,0.29296875,ed25519,gossip,direct,shard,nonce_hash_set,5,13686.541569,33.297191,41.337295,5,0.298683,0.000719,0.000892,5,12531585.600000,541061.122829,671708.414988,5,1225.517000,66.823274,82.958752,5,2.000000,0.000000,0.000000,5,2.000000,0.000000,0.000000,5,2.000000,0.000000,0.000000,5,3.000000,0.000000,0.000000,5
memo,1000,4096000,1000,4096000,0.01,256,4096,sharded,0.5859375,ed25519,gossip,direct,shard,nonce_hash_set,5,7190.705629,18.565131,23.047959,5,0.568504,0.001453,0.001803,5,12531585.600000,541061.122829,671708.414988,5,1225.517000,66.823274,82.958752,5,2.000000,0.000000,0.000000,5,2.000000,0.000000,0.000000,5,2.000000,0.000000,0.000000,5,3.000000,0.000000,0.000000,5
memo,1000,4096000,1000,4096000,0.01,256,4096,sharded,1200.0,ed25519,gossip,direct,shard,nonce_hash_set,5,3.698770,0.010158,0.012611,5,1105.218507,3.006865,3.732917,5,12531585.600000,541061.122829,671708.414988,5,1225.517000,66.823274,82.958752,5,2.000000,0.000000,0.000000,5,2.000000,0.000000,0.000000,5,2.000000,0.000000,0.000000,5,3.000000,0.000000,0.000000,5
memo,1000,4096000,1000,4096000,0.01,256,4096,sharded,150.0,ed25519,gossip,direct,shard,nonce_hash_set,5,29.584754,0.081230,0.100844,5,138.177565,0.375844,0.466598,5,12531585.600000,541061.122829,671708.414988,5,1225.517000,66.823274,82.958752,5,2.000000,0.000000,0.000000,5,2.000000,0.000000,0.000000,5,2.000000,0.000000,0.000000,5,3.000000,0.000000,0.000000,5
memo,1000,4096000,1000,4096000,0.01,256,4096,sharded,18.75,ed25519,gossip,direct,shard,nonce_hash_set,5,236.332504,0.647773,0.804188,5,17.297448,0.046967,0.058308,5,12531585.600000,541061.122829,671708.414988,5,1225.517000,66.823274,82.958752,5,2.000000,0.000000,0.000000,5,2.000000,0.000000,0.000000,5,2.000000,0.000000,0.000000,5,3.000000,0.000000,0.000000,5
memo,1000,4096000,1000,4096000,0.01,256,4096,sharded,1.171875,ed25519,gossip,direct,shard,nonce_hash_set,5,3688.994201,9.819151,12.190131,5,1.108147,0.002921,0.003626,5,12531585.600000,541061.122829,671708.414988,5,1225.517000,66.823274,82.958752,5,2.000000,0.000000,0.000000,5,2.000000,0.000000,0.000000,5,2.000000,0.000000,0.000000,5,3.000000,0.000000,0.000000,5
memo,1000,4096000,1000,4096000,0.01,256,4096,sharded,2.34375,ed25519,gossip,direct,shard,nonce_hash_set,5,1868.833320,5.052369,6.272338,5,2.187433,0.005857,0.007271,5,12531585.600000,541061.122829,671708.414988,5,1225.517000,66.823274,82.958752,5,2.000000,0.000000,0.000000,5,2.000000,0.000000,0.000000,5,2.000000,0.000000,0.000000,5,3.000000,0.000000,0.000000,5
memo,1000,4096000,1000,4096000,0.01,256,4096,sharded,300.0,ed25519,gossip,direct,shard,nonce_hash_set,5,14.793922,0.040624,0.050434,5,276.326271,0.751704,0.933215,5,12531585.600000,541061.122829,671708.414988,5,1225.517000,66.823274,82.958752,5,2.000000,0.000000,0.000000,5,2.000000,0.000000,0.000000,5,2.000000,0.000000,0.000000,5,3.000000,0.000000,0.000000,5
memo,1000,4096000,1000,4096000,0.01,256,4096,sharded,37.5,ed25519,gossip,direct,shard,nonce_hash_set,5,118.264911,0.324477,0.402826,5,34.566036,0.093949,0.116635,5,12531585.600000,541061.122829,671708.414988,5,1225.517000,66.823274,82.958752,5,2.000000,0.000000,0.000000,5,2.000000,0.000000,0.000000,5,2.000000,0.000000,0.000000,5,3.000000,0.000000,0.000000,5
memo,1000,4096000,1000,4096000,0.01,256,4096,sharded,4.6875,ed25519,gossip,direct,shard,nonce_hash_set,5,940.621826,2.562998,3.181872,5,4.346007,0.011730,0.014562,5,12531585.600000,541061.122829,671708.414988,5,1225.517000,66.823274,82.958752,5,2.000000,0.000000,0.000000,5,2.000000,0.000000,0.000000,5,2.000000,0.000000,0.000000,5,3.000000,0.000000,0.000000,5
memo,1000,4096000,1000,4096000,0.01,256,4096,sharded,600.0,ed25519,gossip,direct,shard,nonce_hash_set,5,7.397347,0.020314,0.025220,5,552.623683,1.503424,1.866449,5,12531585.600000,541061.122829,671708.414988,5,1225.517000,66.823274,82.958752,5,2.000000,0.000000,0.000000,5,2.000000,0.000000,0.000000,5,2.000000,0.000000,0.000000,5,3.000000,0.000000,0.000000,5
memo,1000,4096000,1000,4096000,0.01,256,4096,sharded,75.0,ed25519,gossip,direct,shard,nonce_hash_set,5,59.157152,0.162386,0.201597,5,69.103212,0.187914,0.233289,5,12531585.600000,541061.122829,671708.414988,5,1225.517000,66.823274,82.958752,5,2.000000,0.000000,0.000000,5,2.000000,0.000000,0.000000,5,2.000000,0.000000,0.000000,5,3.000000,0.000000,0.000000,5
memo,1000,4096000,1000,4096000,0.01,256,4096,sharded,9.375,ed25519,gossip,direct,shard,nonce_hash_set,5,471.877702,1.290842,1.602536,5,8.663154,0.023476,0.029144,5,12531585.600000,541061.122829,671708.414988,5,1225.517000,66.823274,82.958752,5,2.000000,0.000000,0.000000,5,2.000000,0.000000,0.000000,5,2.000000,0.000000,0.000000,5,3.000000,0.000000,0.000000,5
memo,1000,524288000,1000,524288000,0.01,256,524288,sharded,0.146484375,ed25519,gossip,direct,shard,nonce_hash_set,5,1328602.089611,1031.465519,1280.528280,5,0.393743,0.000299,0.000371,5,12531585.600000,541061.122829,671708.414988,5,1225.517000,66.823274,82.958752,5,2.000000,0.000000,0.000000,5,2.000000,0.000000,0.000000,5,2.000000,0.000000,0.000000,5,3.000000,0.000000,0.000000,5
memo,1000,524288000,1000,524288000,0.01,256,524288,sharded,0.29296875,ed25519,gossip,direct,shard,nonce_hash_set,5,1006283.960113,1127.588026,1399.861002,5,0.519861,0.000573,0.000712,5,12531585.600000,541061.122829,671708.414988,5,1225.517000,66.823274,82.958752,5,2.000000,0.000000,0.000000,5,2.000000,0.000000,0.000000,5,2.000000,0.000000,0.000000,5,3.000000,0.000000,0.000000,5
memo,1000,524288000,1000,524288000,0.01,256,524288,sharded,0.5859375,ed25519,gossip,direct,shard,nonce_hash_set,5,672680.823264,1052.721935,1306.917375,5,0.777677,0.001203,0.001493,5,12531585.600000,541061.122829,671708.414988,5,1225.517000,66.823274,82.958752,5,2.000000,0.000000,0.000000,5,2.000000,0.000000,0.000000,5,2.000000,0.000000,0.000000,5,3.000000,0.000000,0.000000,5
memo,1000,524288000,1000,524288000,0.01,256,524288,sharded,1200.0,ed25519,gossip,direct,shard,nonce_hash_set,5,473.244395,1.299295,1.613029,5,1105.412985,3.006547,3.732522,5,12531585.600000,541061.122829,671708.414988,5,1225.517000,66.823274,82.958752,5,2.000000,0.000000,0.000000,5,2.000000,0.000000,0.000000,5,2.000000,0.000000,0.000000,5,3.000000,0.000000,0.000000,5
memo,1000,524288000,1000,524288000,0.01,256,524288,sharded,150.0,ed25519,gossip,direct,shard,nonce_hash_set,5,3780.605893,10.356597,12.857352,5,138.372129,0.375508,0.466180,5,12531585.600000,541061.122829,671708.414988,5,1225.517000,66.823274,82.958752,5,2.000000,0.000000,0.000000,5,2.000000,0.000000,0.000000,5,2.000000,0.000000,0.000000,5,3.000000,0.000000,0.000000,5
memo,1000,524288000,1000,524288000,0.01,256,524288,sharded,18.75,ed25519,gossip,direct,shard,nonce_hash_set,5,29906.085642,80.499473,99.937273,5,17.492439,0.046639,0.057900,5,12531585.600000,541061.122829,671708.414988,5,1225.517000,66.823274,82.958752,5,2.000000,0.000000,0.000000,5,2.000000,0.000000,0.000000,5,2.000000,0.000000,0.000000,5,3.000000,0.000000,0.000000,5
memo,1000,524288000,1000,524288000,0.01,256,524288,sharded,1.171875,ed25519,gossip,direct,shard,nonce_hash_set,5,399390.487153,753.911595,935.954813,5,1.309818,0.002442,0.003032,5,12531585.600000,541061.122829,671708.414988,5,1225.517000,66.823274,82.958752,5,2.000000,0.000000,0.000000,5,2.000000,0.000000,0.000000,5,2.000000,0.000000,0.000000,5,3.000000,0.000000,0.000000,5
memo,1000,524288000,1000,524288000,0.01,256,524288,sharded,2.34375,ed25519,gossip,direct,shard,nonce_hash_set,5,219290.994165,486.716683,604.241698,5,2.385549,0.005233,0.006497,5,12531585.600000,541061.122829,671708.414988,5,1225.517000,66.823274,82.958752,5,2.000000,0.000000,0.000000,5,2.000000,0.000000,0.000000,5,2.000000,0.000000,0.000000,5,3.000000,0.000000,0.000000,5
memo,1000,524288000,1000,524288000,0.01,256,524288,sharded,300.0,ed25519,gossip,direct,shard,nonce_hash_set,5,1891.830566,5.189063,6.442040,5,276.520796,0.751369,0.932798,5,12531585.600000,541061.122829,671708.414988,5,1225.517000,66.823274,82.958752,5,2.000000,0.000000,0.000000,5,2.000000,0.000000,0.000000,5,2.000000,0.000000,0.000000,5,3.000000,0.000000,0.000000,5
memo,1000,524288000,1000,524288000,0.01,256,524288,sharded,37.5,ed25519,gossip,direct,shard,nonce_hash_set,5,15049.435403,40.919408,50.800010,5,34.760802,0.093626,0.116233,5,12531585.600000,541061.122829,671708.414988,5,1225.517000,66.823274,82.958752,5,2.000000,0.000000,0.000000,5,2.000000,0.000000,0.000000,5,2.000000,0.000000,0.000000,5,3.000000,0.000000,0.000000,5
memo,1000,524288000,1000,524288000,0.01,256,524288,sharded,4.6875,ed25519,gossip,direct,shard,nonce_hash_set,5,115166.199716,288.577847,358.259280,5,4.542392,0.011265,0.013985,5,12531585.600000,541061.122829,671708.414988,5,1225.517000,66.823274,82.958752,5,2.000000,0.000000,0.000000,5,2.000000,0.000000,0.000000,5,2.000000,0.000000,0.000000,5,3.000000,0.000000,0.000000,5
memo,1000,524288000,1000,524288000,0.01,256,524288,sharded,600.0,ed25519,gossip,direct,shard,nonce_hash_set,5,946.297552,2.597239,3.224382,5,552.818187,1.503096,1.866041,5,12531585.600000,541061.122829,671708.414988,5,1225.517000,66.823274,82.958752,5,2.000000,0.000000,0.000000,5,2.000000,0.000000,0.000000,5,2.000000,0.000000,0.000000,5,3.000000,0.000000,0.000000,5
memo,1000,524288000,1000,524288000,0.01,256,524288,sharded,75.0,ed25519,gossip,direct,shard,nonce_hash_set,5,7549.013970,20.630426,25.611951,5,69.297854,0.187606,0.232907,5,12531585.600000,541061.122829,671708.414988,5,1225.517000,66.823274,82.958752,5,2.000000,0.000000,0.000000,5,2.000000,0.000000,0.000000,5,2.000000,0.000000,0.000000,5,3.000000,0.000000,0.000000,5
memo,1000,524288000,1000,524288000,0.01,256,524288,sharded,9.375,ed25519,gossip,direct,shard,nonce_hash_set,5,59052.995313,155.783397,193.399626,5,8.858657,0.023143,0.028731,5,12531585.600000,541061.122829,671708.414988,5,1225.517000,66.823274,82.958752,5,2.000000,0.000000,0.000000,5,2.000000,0.000000,0.000000,5,2.000000,0.000000,0.000000,5,3.000000,0.000000,0.000000,5
memo,1000,65536000,1000,65536000,0.01,256,65536,sharded,0.146484375,ed25519,gossip,direct,shard,nonce_hash_set,5,369876.972169,624.936981,775.837352,5,0.176794,0.000295,0.000366,5,12531585.600000,541061.122829,671708.414988,5,1225.517000,66.823274,82.958752,5,2.000000,0.000000,0.000000,5,2.000000,0.000000,0.000000,5,2.000000,0.000000,0.000000,5,3.000000,0.000000,0.000000,5
memo,1000,65536000,1000,65536000,0.01,256,65536,sharded,0.29296875,ed25519,gossip,direct,shard,nonce_hash_set,5,210089.659918,439.557218,545.694876,5,0.311258,0.000643,0.000798,5,12531585.600000,541061.122829,671708.414988,5,1225.517000,66.823274,82.958752,5,2.000000,0.000000,0.000000,5,2.000000,0.000000,0.000000,5,2.000000,0.000000,0.000000,5,3.000000,0.000000,0.000000,5
memo,1000,65536000,1000,65536000,0.01,256,65536,sharded,0.5859375,ed25519,gossip,direct,shard,nonce_hash_set,5,112577.718370,273.717855,339.811120,5,0.580862,0.001397,0.001734,5,12531585.600000,541061.122829,671708.414988,5,1225.517000,66.823274,82.958752,5,2.000000,0.000000,0.000000,5,2.000000,0.000000,0.000000,5,2.000000,0.000000,0.000000,5,3.000000,0.000000,0.000000,5
memo,1000,65536000,1000,65536000,0.01,256,65536,sharded,1200.0,ed25519,gossip,direct,shard,nonce_hash_set,5,59.166102,0.162483,0.201716,5,1105.230626,3.006828,3.732871,5,12531585.600000,541061.122829,671708.414988,5,1225.517000,66.823274,82.958752,5,2.000000,0.000000,0.000000,5,2.000000,0.000000,0.000000,5,2.000000,0.000000,0.000000,5,3.000000,0.000000,0.000000,5
memo,1000,65536000,1000,65536000,0.01,256,65536,sharded,150.0,ed25519,gossip,direct,shard,nonce_hash_set,5,473.205995,1.299031,1.612702,5,138.189685,0.375807,0.466552,5,12531585.600000,541061.122829,671708.414988,5,1225.517000,66.823274,82.958752,5,2.000000,0.000000,0.000000,5,2.000000,0.000000,0.000000,5,2.000000,0.000000,0.000000,5,3.000000,0.000000,0.000000,5
memo,1000,65536000,1000,65536000,0.01,256,65536,sharded,18.75,ed25519,gossip,direct,shard,nonce_hash_set,5,3777.803555,10.338856,12.835327,5,17.309578,0.046928,0.058259,5,12531585.600000,541061.122829,671708.414988,5,1225.517000,66.823274,82.958752,5,2.000000,0.000000,0.000000,5,2.000000,0.000000,0.000000,5,2.000000,0.000000,0.000000,5,3.000000,0.000000,0.000000,5
memo,1000,65536000,1000,65536000,0.01,256,65536,sharded,1.171875,ed25519,gossip,direct,shard,nonce_hash_set,5,58365.281247,151.634926,188.249445,5,1.120395,0.002882,0.003578,5,12531585.600000,541061.122829,671708.414988,5,1225.517000,66.823274,82.958752,5,2.000000,0.000000,0.000000,5,2.000000,0.000000,0.000000,5,2.000000,0.000000,0.000000,5,3.000000,0.000000,0.000000,5
memo,1000,65536000,1000,65536000,0.01,256,65536,sharded,2.34375,ed25519,gossip,direct,shard,nonce_hash_set,5,29728.888312,79.408083,98.582350,5,2.199617,0.005819,0.007224,5,12531585.600000,541061.122829,671708.414988,5,1225.517000,66.823274,82.958752,5,2.000000,0.000000,0.000000,5,2.000000,0.000000,0.000000,5,2.000000,0.000000,0.000000,5,3.000000,0.000000,0.000000,5
memo,1000,65536000,1000,65536000,0.01,256,65536,sharded,300.0,ed25519,gossip,direct,shard,nonce_hash_set,5,236.638085,0.649753,0.806645,5,276.338390,0.751668,0.933169,5,12531585.600000,541061.122829,671708.414988,5,1225.517000,66.823274,82.958752,5,2.000000,0.000000,0.000000,5,2.000000,0.000000,0.000000,5,2.000000,0.000000,0.000000,5,3.000000,0.000000,0.000000,5
memo,1000,65536000,1000,65536000,0.01,256,65536,sharded,37.5,ed25519,gossip,direct,shard,nonce_hash_set,5,1891.141228,5.184647,6.436558,5,34.578161,0.093910,0.116586,5,12531585.600000,541061.122829,671708.414988,5,1225.517000,66.823274,82.958752,5,2.000000,0.000000,0.000000,5,2.000000,0.000000,0.000000,5,2.000000,0.000000,0.000000,5,3.000000,0.000000,0.000000,5
memo,1000,65536000,1000,65536000,0.01,256,65536,sharded,4.6875,ed25519,gossip,direct,shard,nonce_hash_set,5,15004.530554,40.639411,50.452404,5,4.358162,0.011692,0.014516,5,12531585.600000,541061.122829,671708.414988,5,1225.517000,66.823274,82.958752,5,2.000000,0.000000,0.000000,5,2.000000,0.000000,0.000000,5,2.000000,0.000000,0.000000,5,3.000000,0.000000,0.000000,5
memo,1000,65536000,1000,65536000,0.01,256,65536,sharded,600.0,ed25519,gossip,direct,shard,nonce_hash_set,5,118.327816,0.324936,0.403396,5,552.635802,1.503388,1.866403,5,12531585.600000,541061.122829,671708.414988,5,1225.517000,66.823274,82.958752,5,2.000000,0.000000,0.000000,5,2.000000,0.000000,0.000000,5,2.000000,0.000000,0.000000,5,3.000000,0.000000,0.000000,5
memo,1000,65536000,1000,65536000,0.01,256,65536,sharded,75.0,ed25519,gossip,direct,shard,nonce_hash_set,5,946.131373,2.596151,3.223030,5,69.115335,0.187876,0.233242,5,12531585.600000,541061.122829,671708.414988,5,1225.517000,66.823274,82.958752,5,2.000000,0.000000,0.000000,5,2.000000,0.000000,0.000000,5,2.000000,0.000000,0.000000,5,3.000000,0.000000,0.000000,5
memo,1000,65536000,1000,65536000,0.01,256,65536,sharded,9.375,ed25519,gossip,direct,shard,nonce_hash_set,5,7537.748578,20.559655,25.524091,5,8.675294,0.023440,0.029100,5,12531585.600000,541061.122829,671708.414988,5,1225.517000,66.823274,82.958752,5,2.000000,0.000000,0.000000,5,2.000000,0.000000,0.000000,5,2.000000,0.000000,0.000000,5,3.000000,0.000000,0.000000,5
memo,1000,8192000,1000,8192000,0.01,256,8192,sharded,0.146484375,ed25519,gossip,direct,shard,nonce_hash_set,5,49686.055577,106.769286,132.550326,5,0.164531,0.000349,0.000433,5,12531585.600000,541061.122829,671708.414988,5,1225.517000,66.823274,82.958752,5,2.000000,0.000000,0.000000,5,2.000000,0.000000,0.000000,5,2.000000,0.000000,0.000000,5,3.000000,0.000000,0.000000,5
memo,1000,8192000,1000,8192000,0.01,256,8192,sharded,0.29296875,ed25519,gossip,direct,shard,nonce_hash_set,5,27301.183678,66.016921,81.957692,5,0.299433,0.000716,0.000889,5,12531585.600000,541061.122829,671708.414988,5,1225.517000,66.823274,82.958752,5,2.000000,0.000000,0.000000,5,2.000000,0.000000,0.000000,5,2.000000,0.000000,0.000000,5,3.000000,0.000000,0.000000,5
memo,1000,8192000,1000,8192000,0.01,256,8192,sharded,0.5859375,ed25519,gossip,direct,shard,nonce_hash_set,5,14360.772359,36.961105,45.885916,5,0.569252,0.001450,0.001800,5,12531585.600000,541061.122829,671708.414988,5,1225.517000,66.823274,82.958752,5,2.000000,0.000000,0.000000,5,2.000000,0.000000,0.000000,5,2.000000,0.000000,0.000000,5,3.000000,0.000000,0.000000,5
memo,1000,8192000,1000,8192000,0.01,256,8192,sharded,1200.0,ed25519,gossip,direct,shard,nonce_hash_set,5,7.396631,0.020313,0.025218,5,1105.219251,3.006862,3.732914,5,12531585.600000,541061.122829,671708.414988,5,1225.517000,66.823274,82.958752,5,2.000000,0.000000,0.000000,5,2.000000,0.000000,0.000000,5,2.000000,0.000000,0.000000,5,3.000000,0.000000,0.000000,5
memo,1000,8192000,1000,8192000,0.01,256,8192,sharded,150.0,ed25519,gossip,direct,shard,nonce_hash_set,5,59.161951,0.162438,0.201661,5,138.178310,0.375842,0.466595,5,12531585.600000,541061.122829,671708.414988,5,1225.517000,66.823274,82.958752,5,2.000000,0.000000,0.000000,5,2.000000,0.000000,0.000000,5,2.000000,0.000000,0.000000,5,3.000000,0.000000,0.000000,5
memo,1000,8192000,1000,8192000,0.01,256,8192,sharded,18.75,ed25519,gossip,direct,shard,nonce_hash_set,5,472.586863,1.295210,1.607958,5,17.298192,0.046964,0.058305,5,12531585.600000,541061.122829,671708.414988,5,1225.517000,66.823274,82.958752,5,2.000000,0.000000,0.000000,5,2.000000,0.000000,0.000000,5,2.000000,0.000000,0.000000,5,3.000000,0.000000,0.000000,5
memo,1000,8192000,1000,8192000,0.01,256,8192,sharded,1.171875,ed25519,gossip,direct,shard,nonce_hash_set,5,7372.122616,19.594888,24.326366,5,1.108893,0.002919,0.003623,5,12531585.600000,541061.122829,671708.414988,5,1225.517000,66.823274,82.958752,5,2.000000,0.000000,0.000000,5,2.000000,0.000000,0.000000,5,2.000000,0.000000,0.000000,5,3.000000,0.000000,0.000000,5
memo,1000,8192000,1000,8192000,0.01,256,8192,sharded,2.34375,ed25519,gossip,direct,shard,nonce_hash_set,5,3735.936833,10.092135,12.529032,5,2.188179,0.005854,0.007268,5,12531585.600000,541061.122829,671708.414988,5,1225.517000,66.823274,82.958752,5,2.000000,0.000000,0.000000,5,2.000000,0.000000,0.000000,5,2.000000,0.000000,0.000000,5,3.000000,0.000000,0.000000,5
memo,1000,8192000,1000,8192000,0.01,256,8192,sharded,300.0,ed25519,gossip,direct,shard,nonce_hash_set,5,29.584145,0.081238,0.100854,5,276.327015,0.751702,0.933212,5,12531585.600000,541061.122829,671708.414988,5,1225.517000,66.823274,82.958752,5,2.000000,0.000000,0.000000,5,2.000000,0.000000,0.000000,5,2.000000,0.000000,0.000000,5,3.000000,0.000000,0.000000,5
memo,1000,8192000,1000,8192000,0.01,256,8192,sharded,37.5,ed25519,gossip,direct,shard,nonce_hash_set,5,236.495801,0.648830,0.805500,5,34.566780,0.093947,0.116632,5,12531585.600000,541061.122829,671708.414988,5,1225.517000,66.823274,82.958752,5,2.000000,0.000000,0.000000,5,2.000000,0.000000,0.000000,5,2.000000,0.000000,0.000000,5,3.000000,0.000000,0.000000,5
memo,1000,8192000,1000,8192000,0.01,256,8192,sharded,4.6875,ed25519,gossip,direct,shard,nonce_hash_set,5,1880.691295,5.122456,6.359350,5,4.346751,0.011727,0.014559,5,12531585.600000,541061.122829,671708.414988,5,1225.517000,66.823274,82.958752,5,2.000000,0.000000,0.000000,5,2.000000,0.000000,0.000000,5,2.000000,0.000000,0.000000,5,3.000000,0.000000,0.000000,5
memo,1000,8192000,1000,8192000,0.01,256,8192,sharded,600.0,ed25519,gossip,direct,shard,nonce_hash_set,5,14.792865,0.040624,0.050433,5,552.624427,1.503422,1.866446,5,12531585.600000,541061.122829,671708.414988,5,1225.517000,66.823274,82.958752,5,2.000000,0.000000,0.000000,5,2.000000,0.000000,0.000000,5,2.000000,0.000000,0.000000,5,3.000000,0.000000,0.000000,5
memo,1000,8192000,1000,8192000,0.01,256,8192,sharded,75.0,ed25519,gossip,direct,shard,nonce_hash_set,5,118.298558,0.324722,0.403131,5,69.103957,0.187912,0.233286,5,12531585.600000,541061.122829,671708.414988,5,1225.517000,66.823274,82.958752,5,2.000000,0.000000,0.000000,5,2.000000,0.000000,0.000000,5,2.000000,0.000000,0.000000,5,3.000000,0.000000,0.000000,5
memo,1000,8192000,1000,8192000,0.01,256,8192,sharded,9.375,ed25519,gossip,direct,shard,nonce_hash_set,5,943.558876,2.580641,3.203775,5,8.663898,0.023473,0.029141,5,12531585.600000,541061.122829,671708.414988,5,1225.517000,66.823274,82.958752,5,2.000000,0.000000,0.000000,5,2.000000,0.000000,0.000000,5,2.000000,0.000000,0.000000,5,3.000000,0.000000,0.000000,5
memo,1000,1024000,1000,1024000,0.01,2,1024,sharded,0.146484375,ed25519,gossip,direct,shard,nonce_hash_set,5,6374.294829,55.099348,68.403909,5,0.130330,0.000818,0.001015,5,12562701.200000,700216.239094,869293.912030,5,1229.108000,76.092454,94.466114,5,2.000000,0.000000,0.000000,5,2.000000,0.000000,0.000000,5,2.000000,0.000000,0.000000,5,3.000000,0.000000,0.000000,5
memo,1000,1024000,1000,1024000,0.01,2,1024,sharded,0.29296875,ed25519,gossip,direct,shard,nonce_hash_set,5,3437.302205,33.258799,41.289633,5,0.241692,0.001476,0.001833,5,12562701.200000,700216.239094,869293.912030,5,1229.108000,76.092454,94.466114,5,2.000000,0.000000,0.000000,5,2.000000,0.000000,0.000000,5,2.000000,0.000000,0.000000,5,3.000000,0.000000,0.000000,5
memo,1000,1024000,1000,1024000,0.01,2,1024,sharded,0.5859375,ed25519,gossip,direct,shard,nonce_hash_set,5,1787.967666,18.593608,23.083312,5,0.464648,0.002923,0.003629,5,12562701.200000,700216.239094,869293.912030,5,1229.108000,76.092454,94.466114,5,2.000000,0.000000,0.000000,5,2.000000,0.000000,0.000000,5,2.000000,0.000000,0.000000,5,3.000000,0.000000,0.000000,5
memo,1000,1024000,1000,1024000,0.01,2,1024,sharded,1200.0,ed25519,gossip,direct,shard,nonce_hash_set,5,0.909325,0.010186,0.012645,5,913.625133,6.058918,7.521934,5,12562701.200000,700216.239094,869293.912030,5,1229.108000,76.092454,94.466114,5,2.000000,0.000000,0.000000,5,2.000000,0.000000,0.000000,5,2.000000,0.000000,0.000000,5,3.000000,0.000000,0.000000,5
memo,1000,1024000,1000,1024000,0.01,2,1024,sharded,150.0,ed25519,gossip,direct,shard,nonce_hash_set,5,7.273571,0.081454,0.101123,5,114.219306,0.757317,0.940183,5,12562701.200000,700216.239094,869293.912030,5,1229.108000,76.092454,94.466114,5,2.000000,0.000000,0.000000,5,2.000000,0.000000,0.000000,5,2.000000,0.000000,0.000000,5,3.000000,0.000000,0.000000,5
memo,1000,1024000,1000,1024000,0.01,2,1024,sharded,18.75,ed25519,gossip,direct,shard,nonce_hash_set,5,58.122744,0.649630,0.806493,5,14.293579,0.094620,0.117467,5,12562701.200000,700216.239094,869293.912030,5,1229.108000,76.092454,94.466114,5,2.000000,0.000000,0.000000,5,2.000000,0.000000,0.000000,5,2.000000,0.000000,0.000000,5,3.000000,0.000000,0.000000,5
memo,1000,1024000,1000,1024000,0.01,2,1024,sharded,1.171875,ed25519,gossip,direct,shard,nonce_hash_set,5,912.233792,9.849590,12.227921,5,0.910708,0.005876,0.007295,5,12562701.200000,700216.239094,869293.912030,5,1229.108000,76.092454,94.466114,5,2.000000,0.000000,0.000000,5,2.000000,0.000000,0.000000,5,2.000000,0.000000,0.000000,5,3.000000,0.000000,0.000000,5
memo,1000,1024000,1000,1024000,0.01,2,1024,sharded,2.34375,ed25519,gossip,direct,shard,nonce_hash_set,5,460.806535,5.068696,6.292609,5,1.802883,0.011789,0.014636,5,12562701.200000,700216.239094,869293.912030,5,1229.108000,76.092454,94.466114,5,2.000000,0.000000,0.000000,5,2.000000,0.000000,0.000000,5,2.000000,0.000000,0.000000,5,3.000000,0.000000,0.000000,5
memo,1000,1024000,1000,1024000,0.01,2,1024,sharded,300.0,ed25519,gossip,direct,shard,nonce_hash_set,5,3.637080,0.040736,0.050572,5,228.420138,1.514689,1.880433,5,12562701.200000,700216.239094,869293.912030,5,1229.108000,76.092454,94.466114,5,2.000000,0.000000,0.000000,5,2.000000,0.000000,0.000000,5,2.000000,0.000000,0.000000,5,3.000000,0.000000,0.000000,5
memo,1000,1024000,1000,1024000,0.01,2,1024,sharded,37.5,ed25519,gossip,direct,shard,nonce_hash_set,5,29.080172,0.325386,0.403955,5,28.568681,0.189289,0.234996,5,12562701.200000,700216.239094,869293.912030,5,1229.108000,76.092454,94.466114,5,2.000000,0.000000,0.000000,5,2.000000,0.000000,0.000000,5,2.000000,0.000000,0.000000,5,3.000000,0.000000,0.000000,5
memo,1000,1024000,1000,1024000,0.01,2,1024,sharded,4.6875,ed25519,gossip,direct,shard,nonce_hash_set,5,231.592150,2.571107,3.191939,5,3.587260,0.023622,0.029326,5,12562701.200000,700216.239094,869293.912030,5,1229.108000,76.092454,94.466114,5,2.000000,0.000000,0.000000,5,2.000000,0.000000,0.000000,5,2.000000,0.000000,0.000000,5,3.000000,0.000000,0.000000,5
memo,1000,1024000,1000,1024000,0.01,2,1024,sharded,600.0,ed25519,gossip,direct,shard,nonce_hash_set,5,1.818613,0.020370,0.025289,5,456.821803,3.029432,3.760934,5,12562701.200000,700216.239094,869293.912030,5,1229.108000,76.092454,94.466114,5,2.000000,0.000000,0.000000,5,2.000000,0.000000,0.000000,5,2.000000,0.000000,0.000000,5,3.000000,0.000000,0.000000,5
memo,1000,1024000,1000,1024000,0.01,2,1024,sharded,75.0,ed25519,gossip,direct,shard,nonce_hash_set,5,14.544790,0.162837,0.202156,5,57.118889,0.378632,0.470058,5,12562701.200000,700216.239094,869293.912030,5,1229.108000,76.092454,94.466114,5,2.000000,0.000000,0.000000,5,2.000000,0.000000,0.000000,5,2.000000,0.000000,0.000000,5,3.000000,0.000000,0.000000,5
memo,1000,1024000,1000,1024000,0.01,2,1024,sharded,9.375,ed25519,gossip,direct,shard,nonce_hash_set,5,116.095366,1.294718,1.607347,5,7.156029,0.047287,0.058705,5,12562701.200000,700216.239094,869293.912030,5,1229.108000,76.092454,94.466114,5,2.000000,0.000000,0.000000,5,2.000000,0.000000,0.000000,5,2.000000,0.000000,0.000000,5,3.000000,0.000000,0.000000,5
memo,1000,131072000,1000,131072000,0.01,2,131072,sharded,0.146484375,ed25519,gossip,direct,shard,nonce_hash_set,5,31504.010306,240.585264,298.678170,5,3.371267,0.001847,0.002293,5,12562701.200000,700216.239094,869293.912030,5,1229.108000,76.092454,94.466114,5,2.000000,0.000000,0.000000,5,2.000000,0.000000,0.000000,5,2.000000,0.000000,0.000000,5,3.000000,0.000000,0.000000,5
memo,1000,131072000,1000,131072000,0.01,2,131072,sharded,0.29296875,ed25519,gossip,direct,shard,nonce_hash_set,5,30806.228340,226.293397,280.935318,5,3.447623,0.003631,0.004508,5,12562701.200000,700216.239094,869293.912030,5,1229.108000,76.092454,94.466114,5,2.000000,0.000000,0.000000,5,2.000000,0.000000,0.000000,5,2.000000,0.000000,0.000000,5,3.000000,0.000000,0.000000,5
memo,1000,131072000,1000,131072000,0.01,2,131072,sharded,0.5859375,ed25519,gossip,direct,shard,nonce_hash_set,5,29499.494245,202.596878,251.516921,5,3.600336,0.007200,0.008939,5,12562701.200000,700216.239094,869293.912030,5,1229.108000,76.092454,94.466114,5,2.000000,0.000000,0.000000,5,2.000000,0.000000,0.000000,5,2.000000,0.000000,0.000000,5,3.000000,0.000000,0.000000,5
memo,1000,131072000,1000,131072000,0.01,2,131072,sharded,1200.0,ed25519,gossip,direct,shard,nonce_hash_set,5,115.996600,1.294724,1.607354,5,915.656758,6.052723,7.514244,5,12562701.200000,700216.239094,869293.912030,5,1229.108000,76.092454,94.466114,5,2.000000,0.000000,0.000000,5,2.000000,0.000000,0.000000,5,2.000000,0.000000,0.000000,5,3.000000,0.000000,0.000000,5
memo,1000,131072000,1000,131072000,0.01,2,131072,sharded,150.0,ed25519,gossip,direct,shard,nonce_hash_set,5,913.612944,9.883786,12.270374,5,116.255655,0.752143,0.933759,5,12562701.200000,700216.239094,869293.912030,5,1229.108000,76.092454,94.466114,5,2.000000,0.000000,0.000000,5,2.000000,0.000000,0.000000,5,2.000000,0.000000,0.000000,5,3.000000,0.000000,0.000000,5
memo,1000,131072000,1000,131072000,0.01,2,131072,sharded,18.75,ed25519,gossip,direct,shard,nonce_hash_set,5,6489.198994,56.557384,70.214010,5,16.367332,0.104534,0.129775,5,12562701.200000,700216.239094,869293.912030,5,1229.108000,76.092454,94.466114,5,2.000000,0.000000,0.000000,5,2.000000,0.000000,0.000000,5,2.000000,0.000000,0.000000,5,3.000000,0.000000,0.000000,5
memo,1000,131072000,1000,131072000,0.01,2,131072,sharded,1.171875,ed25519,gossip,direct,shard,nonce_hash_set,5,27192.686357,170.952702,212.231786,5,3.905762,0.014339,0.017802,5,12562701.200000,700216.239094,869293.912030,5,1229.108000,76.092454,94.466114,5,2.000000,0.000000,0.000000,5,2.000000,0.000000,0.000000,5,2.000000,0.000000,0.000000,5,3.000000,0.000000,0.000000,5
memo,1000,131072000,1000,131072000,0.01,2,131072,sharded,2.34375,ed25519,gossip,direct,shard,nonce_hash_set,5,23515.236822,146.372135,181.715874,5,4.516615,0.028617,0.035527,5,12562701.200000,700216.239094,869293.912030,5,1229.108000,76.092454,94.466114,5,2.000000,0.000000,0.000000,5,2.000000,0.000000,0.000000,5,2.000000,0.000000,0.000000,5,3.000000,0.000000,0.000000,5
memo,1000,131072000,1000,131072000,0.01,2,131072,sharded,300.0,ed25519,gossip,direct,shard,nonce_hash_set,5,460.885262,5.076355,6.302117,5,230.454096,1.509004,1.873376,5,12562701.200000,700216.239094,869293.912030,5,1229.108000,76.092454,94.466114,5,2.000000,0.000000,0.000000,5,2.000000,0.000000,0.000000,5,2.000000,0.000000,0.000000,5,3.000000,0.000000,0.000000,5
memo,1000,131072000,1000,131072000,0.01,2,131072,sharded,37.5,ed25519,gossip,direct,shard,nonce_hash_set,5,3468.510724,33.729664,41.874196,5,30.621659,0.188913,0.234528,5,12562701.200000,700216.239094,869293.912030,5,1229.108000,76.092454,94.466114,5,2.000000,0.000000,0.000000,5,2.000000,0.000000,0.000000,5,2.000000,0.000000,0.000000,5,3.000000,0.000000,0.000000,5
memo,1000,131072000,1000,131072000,0.01,2,131072,sharded,4.6875,ed25519,gossip,direct,shard,nonce_hash_set,5,18064.366911,121.989928,151.446219,5,5.879579,0.049686,0.061684,5,12562701.200000,700216.239094,869293.912030,5,1229.108000,76.092454,94.466114,5,2.000000,0.000000,0.000000,5,2.000000,0.000000,0.000000,5,2.000000,0.000000,0.000000,5,3.000000,0.000000,0.000000,5
memo,1000,131072000,1000,131072000,0.01,2,131072,sharded,600.0,ed25519,gossip,direct,shard,nonce_hash_set,5,231.474343,2.572419,3.193568,5,458.854366,3.023652,3.753758,5,12562701.200000,700216.239094,869293.912030,5,1229.108000,76.092454,94.466114,5,2.000000,0.000000,0.000000,5,2.000000,0.000000,0.000000,5,2.000000,0.000000,0.000000,5,3.000000,0.000000,0.000000,5
memo,1000,131072000,1000,131072000,0.01,2,131072,sharded,75.0,ed25519,gossip,direct,shard,nonce_hash_set,5,1795.340387,18.728005,23.250162,5,59.159946,0.374135,0.464476,5,12562701.200000,700216.239094,869293.912030,5,1229.108000,76.092454,94.466114,5,2.000000,0.000000,0.000000,5,2.000000,0.000000,0.000000,5,2.000000,0.000000,0.000000,5,3.000000,0.000000,0.000000,5
memo,1000,131072000,1000,131072000,0.01,2,131072,sharded,9.375,ed25519,gossip,direct,shard,nonce_hash_set,5,11434.027983,83.763732,103.989736,5,9.288988,0.069223,0.085938,5,12562701.200000,700216.239094,869293.912030,5,1229.108000,76.092454,94.466114,5,2.000000,0.000000,0.000000,5,2.000000,0.000000,0.000000,5,2.000000,0.000000,0.000000,5,3.000000,0.000000,0.000000,5
memo,1000,16384000,1000,16384000,0.01,2,16384,sharded,0.146484375,ed25519,gossip,direct,shard,nonce_hash_set,5,27096.669453,170.437889,211.592664,5,0.489983,0.001791,0.002223,5,12562701.200000,700216.239094,869293.912030,5,1229.108000,76.092454,94.466114,5,2.000000,0.000000,0.000000,5,2.000000,0.000000,0.000000,5,2.000000,0.000000,0.000000,5,3.000000,0.000000,0.000000,5
memo,1000,16384000,1000,16384000,0.01,2,16384,sharded,0.29296875,ed25519,gossip,direct,shard,nonce_hash_set,5,23443.606112,145.822806,181.033901,5,0.566339,0.003576,0.004439,5,12562701.200000,700216.239094,869293.912030,5,1229.108000,76.092454,94.466114,5,2.000000,0.000000,0.000000,5,2.000000,0.000000,0.000000,5,2.000000,0.000000,0.000000,5,3.000000,0.000000,0.000000,5
memo,1000,16384000,1000,16384000,0.01,2,16384,sharded,0.5859375,ed25519,gossip,direct,shard,nonce_hash_set,5,18021.683832,121.519820,150.862596,5,0.736736,0.006208,0.007708,5,12562701.200000,700216.239094,869293.912030,5,1229.108000,76.092454,94.466114,5,2.000000,0.000000,0.000000,5,2.000000,0.000000,0.000000,5,2.000000,0.000000,0.000000,5,3.000000,0.000000,0.000000,5
memo,1000,16384000,1000,16384000,0.01,2,16384,sharded,1200.0,ed25519,gossip,direct,shard,nonce_hash_set,5,14.528973,0.162769,0.202072,5,913.864675,6.058110,7.520932,5,12562701.200000,700216.239094,869293.912030,5,1229.108000,76.092454,94.466114,5,2.000000,0.000000,0.000000,5,2.000000,0.000000,0.000000,5,2.000000,0.000000,0.000000,5,3.000000,0.000000,0.000000,5
memo,1000,16384000,1000,16384000,0.01,2,16384,sharded,150.0,ed25519,gossip,direct,shard,nonce_hash_set,5,116.002404,1.294733,1.607365,5,114.458911,0.756591,0.939281,5,12562701.200000,700216.239094,869293.912030,5,1229.108000,76.092454,94.466114,5,2.000000,0.000000,0.000000,5,2.000000,0.000000,0.000000,5,2.000000,0.000000,0.000000,5,3.000000,0.000000,0.000000,5
memo,1000,16384000,1000,16384000,0.01,2,16384,sharded,18.75,ed25519,gossip,direct,shard,nonce_hash_set,5,913.558981,9.882463,12.268731,5,14.533773,0.094018,0.116721,5,12562701.200000,700216.239094,869293.912030,5,1229.108000,76.092454,94.466114,5,2.000000,0.000000,0.000000,5,2.000000,0.000000,0.000000,5,2.000000,0.000000,0.000000,5,3.000000,0.000000,0.000000,5
memo,1000,16384000,1000,16384000,0.01,2,16384,sharded,1.171875,ed25519,gossip,direct,shard,nonce_hash_set,5,11417.021023,83.589266,103.773143,5,1.162930,0.008650,0.010739,5,12562701.200000,700216.239094,869293.912030,5,1229.108000,76.092454,94.466114,5,2.000000,0.000000,0.000000,5,2.000000,0.000000,0.000000,5,2.000000,0.000000,0.000000,5,3.000000,0.000000,0.000000,5
memo,1000,16384000,1000,16384000,0.01,2,16384,sharded,2.34375,ed25519,gossip,direct,shard,nonce_hash_set,5,6483.881782,56.496168,70.138012,5,2.047729,0.013065,0.016220,5,12562701.200000,700216.239094,869293.912030,5,1229.108000,76.092454,94.466114,5,2.000000,0.000000,0.000000,5,2.000000,0.000000,0.000000,5,2.000000,0.000000,0.000000,5,3.000000,0.000000,0.000000,5
memo,1000,16384000,1000,16384000,0.01,2,16384,sharded,300.0,ed25519,gossip,direct,shard,nonce_hash_set,5,58.066689,0.649480,0.806306,5,228.659713,1.513921,1.879480,5,12562701.200000,700216.239094,869293.912030,5,1229.108000,76.092454,94.466114,5,2.000000,0.000000,0.000000,5,2.000000,0.000000,0.000000,5,2.000000,0.000000,0.000000,5,3.000000,0.000000,0.000000,5
memo,1000,16384000,1000,16384000,0.01,2,16384,sharded,37.5,ed25519,gossip,direct,shard,nonce_hash_set,5,460.886576,5.076079,6.301774,5,28.808578,0.188626,0.234173,5,12562701.200000,700216.239094,869293.912030,5,1229.108000,76.092454,94.466114,5,2.000000,0.000000,0.000000,5,2.000000,0.000000,0.000000,5,2.000000,0.000000,0.000000,5,3.000000,0.000000,0.000000,5
memo,1000,16384000,1000,16384000,0.01,2,16384,sharded,4.6875,ed25519,gossip,direct,shard,nonce_hash_set,5,3467.095477,33.710633,41.850569,5,3.829522,0.023614,0.029316,5,12562701.200000,700216.239094,869293.912030,5,1229.108000,76.092454,94.466114,5,2.000000,0.000000,0.000000,5,2.000000,0.000000,0.000000,5,2.000000,0.000000,0.000000,5,3.000000,0.000000,0.000000,5
memo,1000,16384000,1000,16384000,0.01,2,16384,sharded,600.0,ed25519,gossip,direct,shard,nonce_hash_set,5,29.049742,0.325271,0.403812,5,457.061345,3.028627,3.759934,5,12562701.200000,700216.239094,869293.912030,5,1229.108000,76.092454,94.466114,5,2.000000,0.000000,0.000000,5,2.000000,0.000000,0.000000,5,2.000000,0.000000,0.000000,5,3.000000,0.000000,0.000000,5
memo,1000,16384000,1000,16384000,0.01,2,16384,sharded,75.0,ed25519,gossip,direct,shard,nonce_hash_set,5,231.482268,2.572384,3.193524,5,57.358612,0.377957,0.469220,5,12562701.200000,700216.239094,869293.912030,5,1229.108000,76.092454,94.466114,5,2.000000,0.000000,0.000000,5,2.000000,0.000000,0.000000,5,2.000000,0.000000,0.000000,5,3.000000,0.000000,0.000000,5
memo,1000,16384000,1000,16384000,0.01,2,16384,sharded,9.375,ed25519,gossip,direct,shard,nonce_hash_set,5,1795.017969,18.722675,23.243545,5,7.396809,0.046767,0.058060,5,12562701.200000,700216.239094,869293.912030,5,1229.108000,76.092454,94.466114,5,2.000000,0.000000,0.000000,5,2.000000,0.000000,0.000000,5,2.000000,0.000000,0.000000,5,3.000000,0.000000,0.000000,5
memo,1000,2048000,1000,2048000,0.01,2,2048,sharded,0.146484375,ed25519,gossip,direct,shard,nonce_hash_set,5,11254.513954,81.790826,101.540443,5,0.147543,0.001082,0.001343,5,12562701.200000,700216.239094,869293.912030,5,1229.108000,76.092454,94.466114,5,2.000000,0.000000,0.000000,5,2.000000,0.000000,0.000000,5,2.000000,0.000000,0.000000,5,3.000000,0.000000,0.000000,5
memo,1000,2048000,1000,2048000,0.01,2,2048,sharded,0.29296875,ed25519,gossip,direct,shard,nonce_hash_set,5,6432.601482,55.843476,69.327717,5,0.258143,0.001634,0.002029,5,12562701.200000,700216.239094,869293.912030,5,1229.108000,76.092454,94.466114,5,2.000000,0.000000,0.000000,5,2.000000,0.000000,0.000000,5,2.000000,0.000000,0.000000,5,3.000000,0.000000,0.000000,5
memo,1000,2048000,1000,2048000,0.01,2,2048,sharded,0.5859375,ed25519,gossip,direct,shard,nonce_hash_set,5,3453.222060,33.501000,41.590317,5,0.480867,0.002952,0.003665,5,12562701.200000,700216.239094,869293.912030,5,1229.108000,76.092454,94.466114,5,2.000000,0.000000,0.000000,5,2.000000,0.000000,0.000000,5,2.000000,0.000000,0.000000,5,3.000000,0.000000,0.000000,5
memo,1000,2048000,1000,2048000,0.01,2,2048,sharded,1200.0,ed25519,gossip,direct,shard,nonce_hash_set,5,1.817524,0.020365,0.025283,5,913.641089,6.058864,7.521867,5,12562701.200000,700216.239094,869293.912030,5,1229.108000,76.092454,94.466114,5,2.000000,0.000000,0.000000,5,2.000000,0.000000,0.000000,5,2.000000,0.000000,0.000000,5,3.000000,0.000000,0.000000,5
memo,1000,2048000,1000,2048000,0.01,2,2048,sharded,150.0,ed25519,gossip,direct,shard,nonce_hash_set,5,14.536356,0.162801,0.202111,5,114.235261,0.757264,0.940116,5,12562701.200000,700216.239094,869293.912030,5,1229.108000,76.092454,94.466114,5,2.000000,0.000000,0.000000,5,2.000000,0.000000,0.000000,5,2.000000,0.000000,0.000000,5,3.000000,0.000000,0.000000,5
memo,1000,2048000,1000,2048000,0.01,2,2048,sharded,18.75,ed25519,gossip,direct,shard,nonce_hash_set,5,116.045910,1.294729,1.607361,5,14.309540,0.094574,0.117410,5,12562701.200000,700216.239094,869293.912030,5,1229.108000,76.092454,94.466114,5,2.000000,0.000000,0.000000,5,2.000000,0.000000,0.000000,5,2.000000,0.000000,0.000000,5,3.000000,0.000000,0.000000,5
memo,1000,2048000,1000,2048000,0.01,2,2048,sharded,1.171875,ed25519,gossip,direct,shard,nonce_hash_set,5,1791.746514,18.663020,23.169485,5,0.926778,0.005846,0.007258,5,12562701.200000,700216.239094,869293.912030,5,1229.108000,76.092454,94.466114,5,2.000000,0.000000,0.000000,5,2.000000,0.000000,0.000000,5,2.000000,0.000000,0.000000,5,3.000000,0.000000,0.000000,5
memo,1000,2048000,1000,2048000,0.01,2,2048,sharded,2.34375,ed25519,gossip,direct,shard,nonce_hash_set,5,912.946864,9.867308,12.249918,5,1.818898,0.011752,0.014590,5,12562701.200000,700216.239094,869293.912030,5,1229.108000,76.092454,94.466114,5,2.000000,0.000000,0.000000,5,2.000000,0.000000,0.000000,5,2.000000,0.000000,0.000000,5,3.000000,0.000000,0.000000,5
memo,1000,2048000,1000,2048000,0.01,2,2048,sharded,300.0,ed25519,gossip,direct,shard,nonce_hash_set,5,7.269274,0.081435,0.101099,5,228.436093,1.514635,1.880366,5,12562701.200000,700216.239094,869293.912030,5,1229.108000,76.092454,94.466114,5,2.000000,0.000000,0.000000,5,2.000000,0.000000,0.000000,5,2.000000,0.000000,0.000000,5,3.000000,0.000000,0.000000,5
memo,1000,2048000,1000,2048000,0.01,2,2048,sharded,37.5,ed25519,gossip,direct,shard,nonce_hash_set,5,58.092879,0.649551,0.806395,5,28.584641,0.189240,0.234935,5,12562701.200000,700216.239094,869293.912030,5,1229.108000,76.092454,94.466114,5,2.000000,0.000000,0.000000,5,2.000000,0.000000,0.000000,5,2.000000,0.000000,0.000000,5,3.000000,0.000000,0.000000,5
memo,1000,2048000,1000,2048000,0.01,2,2048,sharded,4.6875,ed25519,gossip,direct,shard,nonce_hash_set,5,460.851021,5.072686,6.297562,5,3.603249,0.023578,0.029272,5,12562701.200000,700216.239094,869293.912030,5,1229.108000,76.092454,94.466114,5,2.000000,0.000000,0.000000,5,2.000000,0.000000,0.000000,5,2.000000,0.000000,0.000000,5,3.000000,0.000000,0.000000,5
memo,1000,2048000,1000,2048000,0.01,2,2048,sharded,600.0,ed25519,gossip,direct,shard,nonce_hash_set,5,3.634911,0.040726,0.050560,5,456.837758,3.029378,3.760867,5,12562701.200000,700216.239094,869293.912030,5,1229.108000,76.092454,94.466114,5,2.000000,0.000000,0.000000,5,2.000000,0.000000,0.000000,5,2.000000,0.000000,0.000000,5,3.000000,0.000000,0.000000,5
memo,1000,2048000,1000,2048000,0.01,2,2048,sharded,75.0,ed25519,gossip,direct,shard,nonce_hash_set,5,29.063951,0.325325,0.403879,5,57.134844,0.378578,0.469992,5,12562701.200000,700216.239094,869293.912030,5,1229.108000,76.092454,94.466114,5,2.000000,0.000000,0.000000,5,2.000000,0.000000,0.000000,5,2.000000,0.000000,0.000000,5,3.000000,0.000000,0.000000,5
memo,1000,2048000,1000,2048000,0.01,2,2048,sharded,9.375,ed25519,gossip,direct,shard,nonce_hash_set,5,231.534024,2.571802,3.192802,5,7.172003,0.047245,0.058653,5,12562701.200000,700216.239094,869293.912030,5,1229.108000,76.092454,94.466114,5,2.000000,0.000000,0.000000,5,2.000000,0.000000,0.000000,5,2.000000,0.000000,0.000000,5,3.000000,0.000000,0.000000,5
memo,1000,262144000,1000,262144000,0.01,2,262144,sharded,0.146484375,ed25519,gossip,direct,shard,nonce_hash_set,5,31837.140161,247.725455,307.542468,5,6.671956,0.001985,0.002464,5,12562701.200000,700216.239094,869293.912030,5,1229.108000,76.092454,94.466114,5,2.000000,0.000000,0.000000,5,2.000000,0.000000,0.000000,5,2.000000,0.000000,0.000000,5,3.000000,0.000000,0.000000,5
memo,1000,262144000,1000,262144000,0.01,2,262144,sharded,0.29296875,ed25519,gossip,direct,shard,nonce_hash_set,5,31476.877673,239.925068,297.858560,5,6.748313,0.003763,0.004672,5,12562701.200000,700216.239094,869293.912030,5,1229.108000,76.092454,94.466114,5,2.000000,0.000000,0.000000,5,2.000000,0.000000,0.000000,5,2.000000,0.000000,0.000000,5,3.000000,0.000000,0.000000,5
memo,1000,262144000,1000,262144000,0.01,2,262144,sharded,0.5859375,ed25519,gossip,direct,shard,nonce_hash_set,5,30780.280834,225.678351,280.171761,5,6.901026,0.007330,0.009099,5,12562701.200000,700216.239094,869293.912030,5,1229.108000,76.092454,94.466114,5,2.000000,0.000000,0.000000,5,2.000000,0.000000,0.000000,5,2.000000,0.000000,0.000000,5,3.000000,0.000000,0.000000,5
memo,1000,262144000,1000,262144000,0.01,2,262144,sharded,1200.0,ed25519,gossip,direct,shard,nonce_hash_set,5,231.471956,2.572368,3.193505,5,917.713873,6.047287,7.507495,5,12562701.200000,700216.239094,869293.912030,5,1229.108000,76.092454,94.466114,5,2.000000,0.000000,0.000000,5,2.000000,0.000000,0.000000,5,2.000000,0.000000,0.000000,5,3.000000,0.000000,0.000000,5
memo,1000,262144000,1000,262144000,0.01,2,262144,sharded,150.0,ed25519,gossip,direct,shard,nonce_hash_set,5,1795.253769,18.725350,23.246865,5,118.325043,0.748266,0.928945,5,12562701.200000,700216.239094,869293.912030,5,1229.108000,76.092454,94.466114,5,2.000000,0.000000,0.000000,5,2.000000,0.000000,0.000000,5,2.000000,0.000000,0.000000,5,3.000000,0.000000,0.000000,5
memo,1000,262144000,1000,262144000,0.01,2,262144,sharded,18.75,ed25519,gossip,direct,shard,nonce_hash_set,5,11430.735893,83.693416,103.902442,5,18.583239,0.138525,0.171974,5,12562701.200000,700216.239094,869293.912030,5,1229.108000,76.092454,94.466114,5,2.000000,0.000000,0.000000,5,2.000000,0.000000,0.000000,5,2.000000,0.000000,0.000000,5,3.000000,0.000000,0.000000,5
memo,1000,262144000,1000,262144000,0.01,2,262144,sharded,1.171875,ed25519,gossip,direct,shard,nonce_hash_set,5,29475.694943,202.059922,250.850309,5,7.206452,0.014467,0.017960,5,12562701.200000,700216.239094,869293.912030,5,1229.108000,76.092454,94.466114,5,2.000000,0.000000,0.000000,5,2.000000,0.000000,0.000000,5,2.000000,0.000000,0.000000,5,3.000000,0.000000,0.000000,5
memo,1000,262144000,1000,262144000,0.01,2,262144,sharded,2.34375,ed25519,gossip,direct,shard,nonce_hash_set,5,27172.452829,170.534988,211.713208,5,7.817304,0.028744,0.035685,5,12562701.200000,700216.239094,869293.912030,5,1229.108000,76.092454,94.466114,5,2.000000,0.000000,0.000000,5,2.000000,0.000000,0.000000,5,2.000000,0.000000,0.000000,5,3.000000,0.000000,0.000000,5
memo,1000,262144000,1000,262144000,0.01,2,262144,sharded,300.0,ed25519,gossip,direct,shard,nonce_hash_set,5,913.588422,9.883072,12.269487,5,232.516454,1.504274,1.867503,5,12562701.200000,700216.239094,869293.912030,5,1229.108000,76.092454,94.466114,5,2.000000,0.000000,0.000000,5,2.000000,0.000000,0.000000,5,2.000000,0.000000,0.000000,5,3.000000,0.000000,0.000000,5
memo,1000,262144000,1000,262144000,0.01,2,262144,sharded,37.5,ed25519,gossip,direct,shard,nonce_hash_set,5,6488.140456,56.529470,70.179356,5,32.739850,0.209112,0.259605,5,12562701.200000,700216.239094,869293.912030,5,1229.108000,76.092454,94.466114,5,2.000000,0.000000,0.000000,5,2.000000,0.000000,0.000000,5,2.000000,0.000000,0.000000,5,3.000000,0.000000,0.000000,5
memo,1000,262144000,1000,262144000,0.01,2,262144,sharded,4.6875,ed25519,gossip,direct,shard,nonce_hash_set,5,23500.089801,146.098620,181.376315,5,9.039009,0.057301,0.071137,5,12562701.200000,700216.239094,869293.912030,5,1229.108000,76.092454,94.466114,5,2.000000,0.000000,0.000000,5,2.000000,0.000000,0.000000,5,2.000000,0.000000,0.000000,5,3.000000,0.000000,0.000000,5
memo,1000,262144000,1000,262144000,0.01,2,262144,sharded,600.0,ed25519,gossip,direct,shard,nonce_hash_set,5,460.877948,5.076166,6.301882,5,460.913335,3.017992,3.746731,5,12562701.200000,700216.239094,869293.912030,5,1229.108000,76.092454,94.466114,5,2.000000,0.000000,0.000000,5,2.000000,0.000000,0.000000,5,2.000000,0.000000,0.000000,5,3.000000,0.000000,0.000000,5
memo,1000,262144000,1000,262144000,0.01,2,262144,sharded,75.0,ed25519,gossip,direct,shard,nonce_hash_set,5,3468.202058,33.720460,41.862769,5,61.248479,0.377838,0.469072,5,12562701.200000,700216.239094,869293.912030,5,1229.108000,76.092454,94.466114,5,2.000000,0.000000,0.000000,5,2.000000,0.000000,0.000000,5,2.000000,0.000000,0.000000,5,3.000000,0.000000,0.000000,5
memo,1000,262144000,1000,262144000,0.01,2,262144,sharded,9.375,ed25519,gossip,direct,shard,nonce_hash_set,5,18055.892088,121.845733,151.267206,5,11.764623,0.099452,0.123466,5,12562701.200000,700216.239094,869293.912030,5,1229.108000,76.092454,94.466114,5,2.000000,0.000000,0.000000,5,2.000000,0.000000,0.000000,5,2.000000,0.000000,0.000000,5,3.000000,0.000000,0.000000,5
memo,1000,32768000,1000,32768000,0.01,2,32768,sharded,0.146484375,ed25519,gossip,direct,shard,nonce_hash_set,5,29457.459583,202.444037,251.327175,5,0.901394,0.001797,0.002231,5,12562701.200000,700216.239094,869293.912030,5,1229.108000,76.092454,94.466114,5,2.000000,0.000000,0.000000,5,2.000000,0.000000,0.000000,5,2.000000,0.000000,0.000000,5,3.000000,0.000000,0.000000,5
memo,1000,32768000,1000,32768000,0.01,2,32768,sharded,0.29296875,ed25519,gossip,direct,shard,nonce_hash_set,5,27157.024157,170.828709,212.077853,5,0.977750,0.003582,0.004447,5,12562701.200000,700216.239094,869293.912030,5,1229.108000,76.092454,94.466114,5,2.000000,0.000000,0.000000,5,2.000000,0.000000,0.000000,5,2.000000,0.000000,0.000000,5,3.000000,0.000000,0.000000,5
memo,1000,32768000,1000,32768000,0.01,2,32768,sharded,0.5859375,ed25519,gossip,direct,shard,nonce_hash_set,5,23488.652133,146.202279,181.505004,5,1.130464,0.007151,0.008878,5,12562701.200000,700216.239094,869293.912030,5,1229.108000,76.092454,94.466114,5,2.000000,0.000000,0.000000,5,2.000000,0.000000,0.000000,5,2.000000,0.000000,0.000000,5,3.000000,0.000000,0.000000,5
memo,1000,32768000,1000,32768000,0.01,2,32768,sharded,1200.0,ed25519,gossip,direct,shard,nonce_hash_set,5,29.048720,0.325267,0.403807,5,914.120426,6.057253,7.519867,5,12562701.200000,700216.239094,869293.912030,5,1229.108000,76.092454,94.466114,5,2.000000,0.000000,0.000000,5,2.000000,0.000000,0.000000,5,2.000000,0.000000,0.000000,5,3.000000,0.000000,0.000000,5
memo,1000,32768000,1000,32768000,0.01,2,32768,sharded,150.0,ed25519,gossip,direct,shard,nonce_hash_set,5,231.478117,2.572415,3.193563,5,114.714961,0.755914,0.938441,5,12562701.200000,700216.239094,869293.912030,5,1229.108000,76.092454,94.466114,5,2.000000,0.000000,0.000000,5,2.000000,0.000000,0.000000,5,2.000000,0.000000,0.000000,5,3.000000,0.000000,0.000000,5
memo,1000,32768000,1000,32768000,0.01,2,32768,sharded,18.75,ed25519,gossip,direct,shard,nonce_hash_set,5,1795.224941,18.726358,23.248117,5,14.791355,0.093534,0.116119,5,12562701.200000,700216.239094,869293.912030,5,1229.108000,76.092454,94.466114,5,2.000000,0.000000,0.000000,5,2.000000,0.000000,0.000000,5,2.000000,0.000000,0.000000,5,3.000000,0.000000,0.000000,5
memo,1000,32768000,1000,32768000,0.01,2,32768,sharded,1.171875,ed25519,gossip,direct,shard,nonce_hash_set,5,18048.428687,121.825253,151.241781,5,1.471234,0.012417,0.015416,5,12562701.200000,700216.239094,869293.912030,5,1229.108000,76.092454,94.466114,5,2.000000,0.000000,0.000000,5,2.000000,0.000000,0.000000,5,2.000000,0.000000,0.000000,5,3.000000,0.000000,0.000000,5
memo,1000,32768000,1000,32768000,0.01,2,32768,sharded,2.34375,ed25519,gossip,direct,shard,nonce_hash_set,5,11427.666192,83.706278,103.918410,5,2.323605,0.017301,0.021479,5,12562701.200000,700216.239094,869293.912030,5,1229.108000,76.092454,94.466114,5,2.000000,0.000000,0.000000,5,2.000000,0.000000,0.000000,5,2.000000,0.000000,0.000000,5,3.000000,0.000000,0.000000,5
memo,1000,32768000,1000,32768000,0.01,2,32768,sharded,300.0,ed25519,gossip,direct,shard,nonce_hash_set,5,115.999182,1.294730,1.607362,5,228.915559,1.513182,1.878562,5,12562701.200000,700216.239094,869293.912030,5,1229.108000,76.092454,94.466114,5,2.000000,0.000000,0.000000,5,2.000000,0.000000,0.000000,5,2.000000,0.000000,0.000000,5,3.000000,0.000000,0.000000,5
memo,1000,32768000,1000,32768000,0.01,2,32768,sharded,37.5,ed25519,gossip,direct,shard,nonce_hash_set,5,913.595704,9.883389,12.269881,5,29.065283,0.188037,0.233441,5,12562701.200000,700216.239094,869293.912030,5,1229.108000,76.092454,94.466114,5,2.000000,0.000000,0.000000,5,2.000000,0.000000,0.000000,5,2.000000,0.000000,0.000000,5,3.000000,0.000000,0.000000,5
memo,1000,32768000,1000,32768000,0.01,2,32768,sharded,4.6875,ed25519,gossip,direct,shard,nonce_hash_set,5,6487.217282,56.537948,70.189880,5,4.093199,0.026131,0.032441,5,12562701.200000,700216.239094,869293.912030,5,1229.108000,76.092454,94.466114,5,2.000000,0.000000,0.000000,5,2.000000,0.000000,0.000000,5,2.000000,0.000000,0.000000,5,3.000000,0.000000,0.000000,5
memo,1000,32768000,1000,32768000,0.01,2,32768,sharded,600.0,ed25519,gossip,direct,shard,nonce_hash_set,5,58.064790,0.649474,0.806299,5,457.317163,3.027843,3.758960,5,12562701.200000,700216.239094,869293.912030,5,1229.108000,76.092454,94.466114,5,2.000000,0.000000,0.000000,5,2.000000,0.000000,0.000000,5,2.000000,0.000000,0.000000,5,3.000000,0.000000,0.000000,5
memo,1000,32768000,1000,32768000,0.01,2,32768,sharded,75.0,ed25519,gossip,direct,shard,nonce_hash_set,5,460.887323,5.076281,6.302024,5,57.614894,0.377252,0.468345,5,12562701.200000,700216.239094,869293.912030,5,1229.108000,76.092454,94.466114,5,2.000000,0.000000,0.000000,5,2.000000,0.000000,0.000000,5,2.000000,0.000000,0.000000,5,3.000000,0.000000,0.000000,5
memo,1000,32768000,1000,32768000,0.01,2,32768,sharded,9.375,ed25519,gossip,direct,shard,nonce_hash_set,5,3467.989030,33.723728,41.866825,5,7.656783,0.047228,0.058631,5,12562701.200000,700216.239094,869293.912030,5,1229.108000,76.092454,94.466114,5,2.000000,0.000000,0.000000,5,2.000000,0.000000,0.000000,5,2.000000,0.000000,0.000000,5,3.000000,0.000000,0.000000,5
memo,1000,4096000,1000,4096000,0.01,2,4096,sharded,0.146484375,ed25519,gossip,direct,shard,nonce_hash_set,5,17847.674819,119.563399,148.433768,5,0.186022,0.001552,0.001927,5,12562701.200000,700216.239094,869293.912030,5,1229.108000,76.092454,94.466114,5,2.000000,0.000000,0.000000,5,2.000000,0.000000,0.000000,5,2.000000,0.000000,0.000000,5,3.000000,0.000000,0.000000,5
memo,1000,4096000,1000,4096000,0.01,2,4096,sharded,0.29296875,ed25519,gossip,direct,shard,nonce_hash_set,5,11347.830303,82.823281,102.822200,5,0.292571,0.002163,0.002685,5,12562701.200000,700216.239094,869293.912030,5,1229.108000,76.092454,94.466114,5,2.000000,0.000000,0.000000,5,2.000000,0.000000,0.000000,5,2.000000,0.000000,0.000000,5,3.000000,0.000000,0.000000,5
memo,1000,4096000,1000,4096000,0.01,2,4096,sharded,0.5859375,ed25519,gossip,direct,shard,nonce_hash_set,5,6462.131309,56.220466,69.795737,5,0.513771,0.003267,0.004056,5,12562701.200000,700216.239094,869293.912030,5,1229.108000,76.092454,94.466114,5,2.000000,0.000000,0.000000,5,2.000000,0.000000,0.000000,5,2.000000,0.000000,0.000000,5,3.000000,0.000000,0.000000,5
memo,1000,4096000,1000,4096000,0.01,2,4096,sharded,1200.0,ed25519,gossip,direct,shard,nonce_hash_set,5,3.633826,0.040721,0.050554,5,913.673003,6.058756,7.521733,5,12562701.200000,700216.239094,869293.912030,5,1229.108000,76.092454,94.466114,5,2.000000,0.000000,0.000000,5,2.000000,0.000000,0.000000,5,2.000000,0.000000,0.000000,5,3.000000,0.000000,0.000000,5
memo,1000,4096000,1000,4096000,0.01,2,4096,sharded,150.0,ed25519,gossip,direct,shard,nonce_hash_set,5,29.055838,0.325294,0.403841,5,114.267175,0.757157,0.939983,5,12562701.200000,700216.239094,869293.912030,5,1229.108000,76.092454,94.466114,5,2.000000,0.000000,0.000000,5,2.000000,0.000000,0.000000,5,2.000000,0.000000,0.000000,5,3.000000,0.000000,0.000000,5
memo,1000,4096000,1000,4096000,0.01,2,4096,sharded,18.75,ed25519,gossip,direct,shard,nonce_hash_set,5,231.504876,2.572145,3.193228,5,14.341492,0.094489,0.117305,5,12562701.200000,700216.239094,869293.912030,5,1229.108000,76.092454,94.466114,5,2.000000,0.000000,0.000000,5,2.000000,0.000000,0.000000,5,2.000000,0.000000,0.000000,5,3.000000,0.000000,0.000000,5
memo,1000,4096000,1000,4096000,0.01,2,4096,sharded,1.171875,ed25519,gossip,direct,shard,nonce_hash_set,5,3461.229311,33.622549,41.741216,5,0.959220,0.005904,0.007329,5,12562701.200000,700216.239094,869293.912030,5,1229.108000,76.092454,94.466114,5,2.000000,0.000000,0.000000,5,2.000000,0.000000,0.000000,5,2.000000,0.000000,0.000000,5,3.000000,0.000000,0.000000,5
memo,1000,4096000,1000,4096000,0.01,2,4096,sharded,2.34375,ed25519,gossip,direct,shard,nonce_hash_set,5,1793.639476,18.697676,23.212509,5,1.851041,0.011692,0.014515,5,12562701.200000,700216.239094,869293.912030,5,1229.108000,76.092454,94.466114,5,2.000000,0.000000,0.000000,5,2.000000,0.000000,0.000000,5,2.000000,0.000000,0.000000,5,3.000000,0.000000,0.000000,5
memo,1000,4096000,1000,4096000,0.01,2,4096,sharded,300.0,ed25519,gossip,direct,shard,nonce_hash_set,5,14.532139,0.162783,0.202089,5,228.468008,1.514528,1.880233,5,12562701.200000,700216.239094,869293.912030,5,1229.108000,76.092454,94.466114,5,2.000000,0.000000,0.000000,5,2.000000,0.000000,0.000000,5,2.000000,0.000000,0.000000,5,3.000000,0.000000,0.000000,5
memo,1000,4096000,1000,4096000,0.01,2,4096,sharded,37.5,ed25519,gossip,direct,shard,nonce_hash_set,5,116.021157,1.294734,1.607367,5,28.616567,0.189148,0.234820,5,12562701.200000,700216.239094,869293.912030,5,1229.108000,76.092454,94.466114,5,2.000000,0.000000,0.000000,5,2.000000,0.000000,0.000000,5,2.000000,0.000000,0.000000,5,3.000000,0.000000,0.000000,5
memo,1000,4096000,1000,4096000,0.01,2,4096,sharded,4.6875,ed25519,gossip,direct,shard,nonce_hash_set,5,913.303053,9.876127,12.260865,5,3.635282,0.023505,0.029180,5,12562701.200000,700216.239094,869293.912030,5,1229.108000,76.092454,94.466114,5,2.000000,0.000000,0.000000,5,2.000000,0.000000,0.000000,5,2.000000,0.000000,0.000000,5,3.000000,0.000000,0.000000,5
memo,1000,4096000,1000,4096000,0.01,2,4096,sharded,600.0,ed25519,gossip,direct,shard,nonce_hash_set,5,7.267125,0.081425,0.101087,5,456.869673,3.029270,3.760733,5,12562701.200000,700216.239094,869293.912030,5,1229.108000,76.092454,94.466114,5,2.000000,0.000000,0.000000,5,2.000000,0.000000,0.000000,5,2.000000,0.000000,0.000000,5,3.000000,0.000000,0.000000,5
memo,1000,4096000,1000,4096000,0.01,2,4096,sharded,75.0,ed25519,gossip,direct,shard,nonce_hash_set,5,58.077941,0.649511,0.806345,5,57.166768,0.378480,0.469870,5,12562701.200000,700216.239094,869293.912030,5,1229.108000,76.092454,94.466114,5,2.000000,0.000000,0.000000,5,2.000000,0.000000,0.000000,5,2.000000,0.000000,0.000000,5,3.000000,0.000000,0.000000,5
memo,1000,4096000,1000,4096000,0.01,2,4096,sharded,9.375,ed25519,gossip,direct,shard,nonce_hash_set,5,460.873010,5.074667,6.300021,5,7.203984,0.047157,0.058543,5,12562701.200000,700216.239094,869293.912030,5,1229.108000,76.092454,94.466114,5,2.000000,0.000000,0.000000,5,2.000000,0.000000,0.000000,5,2.000000,0.000000,0.000000,5,3.000000,0.000000,0.000000,5
memo,1000,524288000,1000,524288000,0.01,2,524288,sharded,0.146484375,ed25519,gossip,direct,shard,nonce_hash_set,5,31894.449597,249.063293,309.203346,5,13.319906,0.002827,0.003509,5,12562701.200000,700216.239094,869293.912030,5,1229.108000,76.092454,94.466114,5,2.000000,0.000000,0.000000,5,2.000000,0.000000,0.000000,5,2.000000,0.000000,0.000000,5,3.000000,0.000000,0.000000,5
memo,1000,524288000,1000,524288000,0.01,2,524288,sharded,0.29296875,ed25519,gossip,direct,shard,nonce_hash_set,5,31712.640966,245.036504,304.204229,5,13.396263,0.004537,0.005633,5,12562701.200000,700216.239094,869293.912030,5,1229.108000,76.092454,94.466114,5,2.000000,0.000000,0.000000,5,2.000000,0.000000,0.000000,5,2.000000,0.000000,0.000000,5,3.000000,0.000000,0.000000,5
memo,1000,524288000,1000,524288000,0.01,2,524288,sharded,0.5859375,ed25519,gossip,direct,shard,nonce_hash_set,5,31355.174369,237.335520,294.643728,5,13.548976,0.008056,0.010001,5,12562701.200000,700216.239094,869293.912030,5,1229.108000,76.092454,94.466114,5,2.000000,0.000000,0.000000,5,2.000000,0.000000,0.000000,5,2.000000,0.000000,0.000000,5,3.000000,0.000000,0.000000,5
memo,1000,524288000,1000,524288000,0.01,2,524288,sharded,1200.0,ed25519,gossip,direct,shard,nonce_hash_set,5,460.852498,5.075431,6.300970,5,921.875398,6.035868,7.493319,5,12562701.200000,700216.239094,869293.912030,5,1229.108000,76.092454,94.466114,5,2.000000,0.000000,0.000000,5,2.000000,0.000000,0.000000,5,2.000000,0.000000,0.000000,5,3.000000,0.000000,0.000000,5
memo,1000,524288000,1000,524288000,0.01,2,524288,sharded,150.0,ed25519,gossip,direct,shard,nonce_hash_set,5,3466.811647,33.683380,41.816735,5,122.545790,0.755762,0.938252,5,12562701.200000,700216.239094,869293.912030,5,1229.108000,76.092454,94.466114,5,2.000000,0.000000,0.000000,5,2.000000,0.000000,0.000000,5,2.000000,0.000000,0.000000,5,3.000000,0.000000,0.000000,5
memo,1000,524288000,1000,524288000,0.01,2,524288,sharded,18.75,ed25519,gossip,direct,shard,nonce_hash_set,5,18017.137049,121.229185,150.501783,5,23.579800,0.199464,0.247628,5,12562701.200000,700216.239094,869293.912030,5,1229.108000,76.092454,94.466114,5,2.000000,0.000000,0.000000,5,2.000000,0.000000,0.000000,5,2.000000,0.000000,0.000000,5,3.000000,0.000000,0.000000,5
memo,1000,524288000,1000,524288000,0.01,2,524288,sharded,1.171875,ed25519,gossip,direct,shard,nonce_hash_set,5,30663.893837,223.271875,277.184205,5,13.854402,0.015165,0.018827,5,12562701.200000,700216.239094,869293.912030,5,1229.108000,76.092454,94.466114,5,2.000000,0.000000,0.000000,5,2.000000,0.000000,0.000000,5,2.000000,0.000000,0.000000,5,3.000000,0.000000,0.000000,5
memo,1000,524288000,1000,524288000,0.01,2,524288,sharded,2.34375,ed25519,gossip,direct,shard,nonce_hash_set,5,29368.945901,199.965468,248.250117,5,14.465254,0.029427,0.036532,5,12562701.200000,700216.239094,869293.912030,5,1229.108000,76.092454,94.466114,5,2.000000,0.000000,0.000000,5,2.000000,0.000000,0.000000,5,2.000000,0.000000,0.000000,5,3.000000,0.000000,0.000000,5
memo,1000,524288000,1000,524288000,0.01,2,524288,sharded,300.0,ed25519,gossip,direct,shard,nonce_hash_set,5,1794.879564,18.714705,23.233650,5,236.698859,1.496496,1.857848,5,12562701.200000,700216.239094,869293.912030,5,1229.108000,76.092454,94.466114,5,2.000000,0.000000,0.000000,5,2.000000,0.000000,0.000000,5,2.000000,0.000000,0.000000,5,3.000000,0.000000,0.000000,5
memo,1000,524288000,1000,524288000,0.01,2,524288,sharded,37.5,ed25519,gossip,direct,shard,nonce_hash_set,5,11415.531994,83.403681,103.542746,5,37.215889,0.277590,0.344618,5,12562701.200000,700216.239094,869293.912030,5,1229.108000,76.092454,94.466114,5,2.000000,0.000000,0.000000,5,2.000000,0.000000,0.000000,5,2.000000,0.000000,0.000000,5,3.000000,0.000000,0.000000,5
memo,1000,524288000,1000,524288000,0.01,2,524288,sharded,4.6875,ed25519,gossip,direct,shard,nonce_hash_set,5,27081.705663,168.901802,209.685666,5,15.686959,0.057975,0.071973,5,12562701.200000,700216.239094,869293.912030,5,1229.108000,76.092454,94.466114,5,2.000000,0.000000,0.000000,5,2.000000,0.000000,0.000000,5,2.000000,0.000000,0.000000,5,3.000000,0.000000,0.000000,5
memo,1000,524288000,1000,524288000,0.01,2,524288,sharded,600.0,ed25519,gossip,direct,shard,nonce_hash_set,5,913.490507,9.880232,12.265962,5,465.081649,3.008459,3.734896,5,12562701.200000,700216.239094,869293.912030,5,1229.108000,76.092454,94.466114,5,2.000000,0.000000,0.000000,5,2.000000,0.000000,0.000000,5,2.000000,0.000000,0.000000,5,3.000000,0.000000,0.000000,5
memo,1000,524288000,1000,524288000,0.01,2,524288,sharded,75.0,ed25519,gossip,direct,shard,nonce_hash_set,5,6483.275755,56.415777,70.038210,5,65.528673,0.418525,0.519584,5,12562701.200000,700216.239094,869293.912030,5,1229.108000,76.092454,94.466114,5,2.000000,0.000000,0.000000,5,2.000000,0.000000,0.000000,5,2.000000,0.000000,0.000000,5,3.000000,0.000000,0.000000,5
memo,1000,524288000,1000,524288000,0.01,2,524288,sharded,9.375,ed25519,gossip,direct,shard,nonce_hash_set,5,23432.177177,144.992659,180.003303,5,18.130368,0.115083,0.142872,5,12562701.200000,700216.239094,869293.912030,5,1229.108000,76.092454,94.466114,5,2.000000,0.000000,0.000000,5,2.000000,0.000000,0.000000,5,2.000000,0.000000,0.000000,5,3.000000,0.000000,0.000000,5
memo,1000,65536000,1000,65536000,0.01,2,65536,sharded,0.146484375,ed25519,gossip,direct,shard,nonce_hash_set,5,30796.952371,226.367905,281.027818,5,1.724347,0.001810,0.002247,5,12562701.200000,700216.239094,869293.912030,5,1229.108000,76.092454,94.466114,5,2.000000,0.000000,0.000000,5,2.000000,0.000000,0.000000,5,2.000000,0.000000,0.000000,5,3.000000,0.000000,0.000000,5
memo,1000,65536000,1000,65536000,0.01,2,65536,sharded,0.29296875,ed25519,gossip,direct,shard,nonce_hash_set,5,29491.000027,202.668597,251.605958,5,1.800704,0.003594,0.004462,5,12562701.200000,700216.239094,869293.912030,5,1229.108000,76.092454,94.466114,5,2.000000,0.000000,0.000000,5,2.000000,0.000000,0.000000,5,2.000000,0.000000,0.000000,5,3.000000,0.000000,0.000000,5
memo,1000,65536000,1000,65536000,0.01,2,65536,sharded,0.5859375,ed25519,gossip,direct,shard,nonce_hash_set,5,27185.488246,171.007019,212.299219,5,1.953417,0.007164,0.008894,5,12562701.200000,700216.239094,869293.912030,5,1229.108000,76.092454,94.466114,5,2.000000,0.000000,0.000000,5,2.000000,0.000000,0.000000,5,2.000000,0.000000,0.000000,5,3.000000,0.000000,0.000000,5
memo,1000,65536000,1000,65536000,0.01,2,65536,sharded,1200.0,ed25519,gossip,direct,shard,nonce_hash_set,5,58.063833,0.649471,0.806295,5,914.632175,6.055685,7.517920,5,12562701.200000,700216.239094,869293.912030,5,1229.108000,76.092454,94.466114,5,2.000000,0.000000,0.000000,5,2.000000,0.000000,0.000000,5,2.000000,0.000000,0.000000,5,3.000000,0.000000,0.000000,5
memo,1000,65536000,1000,65536000,0.01,2,65536,sharded,150.0,ed25519,gossip,direct,shard,nonce_hash_set,5,460.887250,5.076370,6.302136,5,115.227636,0.754504,0.936690,5,12562701.200000,700216.239094,869293.912030,5,1229.108000,76.092454,94.466114,5,2.000000,0.000000,0.000000,5,2.000000,0.000000,0.000000,5,2.000000,0.000000,0.000000,5,3.000000,0.000000,0.000000,5
memo,1000,65536000,1000,65536000,0.01,2,65536,sharded,18.75,ed25519,gossip,direct,shard,nonce_hash_set,5,3468.410535,33.729722,41.874267,5,15.311416,0.094455,0.117263,5,12562701.200000,700216.239094,869293.912030,5,1229.108000,76.092454,94.466114,5,2.000000,0.000000,0.000000,5,2.000000,0.000000,0.000000,5,2.000000,0.000000,0.000000,5,3.000000,0.000000,0.000000,5
memo,1000,65536000,1000,65536000,0.01,2,65536,sharded,1.171875,ed25519,gossip,direct,shard,nonce_hash_set,5,23509.883335,146.378629,181.723936,5,2.258843,0.014303,0.017757,5,12562701.200000,700216.239094,869293.912030,5,1229.108000,76.092454,94.466114,5,2.000000,0.000000,0.000000,5,2.000000,0.000000,0.000000,5,2.000000,0.000000,0.000000,5,3.000000,0.000000,0.000000,5
memo,1000,65536000,1000,65536000,0.01,2,65536,sharded,2.34375,ed25519,gossip,direct,shard,nonce_hash_set,5,18061.086790,121.969201,151.420487,5,2.940351,0.024836,0.030834,5,12562701.200000,700216.239094,869293.912030,5,1229.108000,76.092454,94.466114,5,2.000000,0.000000,0.000000,5,2.000000,0.000000,0.000000,5,2.000000,0.000000,0.000000,5,3.000000,0.000000,0.000000,5
memo,1000,65536000,1000,65536000,0.01,2,65536,sharded,300.0,ed25519,gossip,direct,shard,nonce_hash_set,5,231.475929,2.572428,3.193579,5,229.427771,1.511828,1.876881,5,12562701.200000,700216.239094,869293.912030,5,1229.108000,76.092454,94.466114,5,2.000000,0.000000,0.000000,5,2.000000,0.000000,0.000000,5,2.000000,0.000000,0.000000,5,3.000000,0.000000,0.000000,5
memo,1000,65536000,1000,65536000,0.01,2,65536,sharded,37.5,ed25519,gossip,direct,shard,nonce_hash_set,5,1795.321645,18.728037,23.250201,5,29.580561,0.187068,0.232239,5,12562701.200000,700216.239094,869293.912030,5,1229.108000,76.092454,94.466114,5,2.000000,0.000000,0.000000,5,2.000000,0.000000,0.000000,5,2.000000,0.000000,0.000000,5,3.000000,0.000000,0.000000,5
memo,1000,65536000,1000,65536000,0.01,2,65536,sharded,4.6875,ed25519,gossip,direct,shard,nonce_hash_set,5,11432.712533,83.760653,103.985914,5,4.645072,0.034605,0.042961,5,12562701.200000,700216.239094,869293.912030,5,1229.108000,76.092454,94.466114,5,2.000000,0.000000,0.000000,5,2.000000,0.000000,0.000000,5,2.000000,0.000000,0.000000,5,3.000000,0.000000,0.000000,5
memo,1000,65536000,1000,65536000,0.01,2,65536,sharded,600.0,ed25519,gossip,direct,shard,nonce_hash_set,5,115.997543,1.294728,1.607360,5,457.828967,3.026363,3.757124,5,12562701.200000,700216.239094,869293.912030,5,1229.108000,76.092454,94.466114,5,2.000000,0.000000,0.000000,5,2.000000,0.000000,0.000000,5,2.000000,0.000000,0.000000,5,3.000000,0.000000,0.000000,5
memo,1000,65536000,1000,65536000,0.01,2,65536,sharded,75.0,ed25519,gossip,direct,shard,nonce_hash_set,5,913.612308,9.883808,12.270402,5,58.128415,0.376073,0.466881,5,12562701.200000,700216.239094,869293.912030,5,1229.108000,76.092454,94.466114,5,2.000000,0.000000,0.000000,5,2.000000,0.000000,0.000000,5,2.000000,0.000000,0.000000,5,3.000000,0.000000,0.000000,5
memo,1000,65536000,1000,65536000,0.01,2,65536,sharded,9.375,ed25519,gossip,direct,shard,nonce_hash_set,5,6488.796703,56.557250,70.213843,5,8.184250,0.052263,0.064883,5,12562701.200000,700216.239094,869293.912030,5,1229.108000,76.092454,94.466114,5,2.000000,0.000000,0.000000,5,2.000000,0.000000,0.000000,5,2.000000,0.000000,0.000000,5,3.000000,0.000000,0.000000,5
memo,1000,8192000,1000,8192000,0.01,2,8192,sharded,0.146484375,ed25519,gossip,direct,shard,nonce_hash_set,5,23347.021581,145.038696,180.060457,5,0.284362,0.001788,0.002219,5,12562701.200000,700216.239094,869293.912030,5,1229.108000,76.092454,94.466114,5,2.000000,0.000000,0.000000,5,2.000000,0.000000,0.000000,5,2.000000,0.000000,0.000000,5,3.000000,0.000000,0.000000,5
memo,1000,8192000,1000,8192000,0.01,2,8192,sharded,0.29296875,ed25519,gossip,direct,shard,nonce_hash_set,5,17964.744963,120.881070,150.069611,5,0.369564,0.003104,0.003854,5,12562701.200000,700216.239094,869293.912030,5,1229.108000,76.092454,94.466114,5,2.000000,0.000000,0.000000,5,2.000000,0.000000,0.000000,5,2.000000,0.000000,0.000000,5,3.000000,0.000000,0.000000,5
memo,1000,8192000,1000,8192000,0.01,2,8192,sharded,0.5859375,ed25519,gossip,direct,shard,nonce_hash_set,5,11394.426094,83.342114,103.466313,5,0.582662,0.004325,0.005369,5,12562701.200000,700216.239094,869293.912030,5,1229.108000,76.092454,94.466114,5,2.000000,0.000000,0.000000,5,2.000000,0.000000,0.000000,5,2.000000,0.000000,0.000000,5,3.000000,0.000000,0.000000,5
memo,1000,8192000,1000,8192000,0.01,2,8192,sharded,1200.0,ed25519,gossip,direct,shard,nonce_hash_set,5,7.266050,0.081420,0.101081,5,913.736865,6.058541,7.521466,5,12562701.200000,700216.239094,869293.912030,5,1229.108000,76.092454,94.466114,5,2.000000,0.000000,0.000000,5,2.000000,0.000000,0.000000,5,2.000000,0.000000,0.000000,5,3.000000,0.000000,0.000000,5
memo,1000,8192000,1000,8192000,0.01,2,8192,sharded,150.0,ed25519,gossip,direct,shard,nonce_hash_set,5,58.070454,0.649490,0.806320,5,114.331054,0.756961,0.939740,5,12562701.200000,700216.239094,869293.912030,5,1229.108000,76.092454,94.466114,5,2.000000,0.000000,0.000000,5,2.000000,0.000000,0.000000,5,2.000000,0.000000,0.000000,5,3.000000,0.000000,0.000000,5
memo,1000,8192000,1000,8192000,0.01,2,8192,sharded,18.75,ed25519,gossip,direct,shard,nonce_hash_set,5,460.882962,5.075634,6.301221,5,14.405487,0.094313,0.117086,5,12562701.200000,700216.239094,869293.912030,5,1229.108000,76.092454,94.466114,5,2.000000,0.000000,0.000000,5,2.000000,0.000000,0.000000,5,2.000000,0.000000,0.000000,5,3.000000,0.000000,0.000000,5
memo,1000,8192000,1000,8192000,0.01,2,8192,sharded,1.171875,ed25519,gossip,direct,shard,nonce_hash_set,5,6476.794960,56.407825,70.028338,5,1.025062,0.006533,0.008110,5,12562701.200000,700216.239094,869293.912030,5,1229.108000,76.092454,94.466114,5,2.000000,0.000000,0.000000,5,2.000000,0.000000,0.000000,5,2.000000,0.000000,0.000000,5,3.000000,0.000000,0.000000,5
memo,1000,8192000,1000,8192000,0.01,2,8192,sharded,2.34375,ed25519,gossip,direct,shard,nonce_hash_set,5,3465.189113,33.682504,41.815648,5,1.915959,0.011807,0.014658,5,12562701.200000,700216.239094,869293.912030,5,1229.108000,76.092454,94.466114,5,2.000000,0.000000,0.000000,5,2.000000,0.000000,0.000000,5,2.000000,0.000000,0.000000,5,3.000000,0.000000,0.000000,5
memo,1000,8192000,1000,8192000,0.01,2,8192,sharded,300.0,ed25519,gossip,direct,shard,nonce_hash_set,5,29.051778,0.325279,0.403822,5,228.531870,1.514313,1.879967,5,12562701.200000,700216.239094,869293.912030,5,1229.108000,76.092454,94.466114,5,2.000000,0.000000,0.000000,5,2.000000,0.000000,0.000000,5,2.000000,0.000000,0.000000,5,3.000000,0.000000,0.000000,5
memo,1000,8192000,1000,8192000,0.01,2,8192,sharded,37.5,ed25519,gossip,direct,shard,nonce_hash_set,5,231.490034,2.572311,3.193433,5,28.680504,0.188979,0.234610,5,12562701.200000,700216.239094,869293.912030,5,1229.108000,76.092454,94.466114,5,2.000000,0.000000,0.000000,5,2.000000,0.000000,0.000000,5,2.000000,0.000000,0.000000,5,3.000000,0.000000,0.000000,5
memo,1000,8192000,1000,8192000,0.01,2,8192,sharded,4.6875,ed25519,gossip,direct,shard,nonce_hash_set,5,1794.571964,18.714706,23.233651,5,3.699602,0.023384,0.029030,5,12562701.200000,700216.239094,869293.912030,5,1229.108000,76.092454,94.466114,5,2.000000,0.000000,0.000000,5,2.000000,0.000000,0.000000,5,2.000000,0.000000,0.000000,5,3.000000,0.000000,0.000000,5
memo,1000,8192000,1000,8192000,0.01,2,8192,sharded,600.0,ed25519,gossip,direct,shard,nonce_hash_set,5,14.530029,0.162774,0.202078,5,456.933535,3.029055,3.760466,5,12562701.200000,700216.239094,869293.912030,5,1229.108000,76.092454,94.466114,5,2.000000,0.000000,0.000000,5,2.000000,0.000000,0.000000,5,2.000000,0.000000,0.000000,5,3.000000,0.000000,0.000000,5
memo,1000,8192000,1000,8192000,0.01,2,8192,sharded,75.0,ed25519,gossip,direct,shard,nonce_hash_set,5,116.008713,1.294735,1.607368,5,57.230653,0.378296,0.469641,5,12562701.200000,700216.239094,869293.912030,5,1229.108000,76.092454,94.466114,5,2.000000,0.000000,0.000000,5,2.000000,0.000000,0.000000,5,2.000000,0.000000,0.000000,5,3.000000,0.000000,0.000000,5
memo,1000,8192000,1000,8192000,0.01,2,8192,sharded,9.375,ed25519,gossip,direct,shard,nonce_hash_set,5,913.477215,9.880449,12.266231,5,7.268084,0.047009,0.058360,5,12562701.200000,700216.239094,869293.912030,5,1229.108000,76.092454,94.466114,5,2.000000,0.000000,0.000000,5,2.000000,0.000000,0.000000,5,2.000000,0.000000,0.000000,5,3.000000,0.000000,0.000000,5
memo,1000,1024000,1000,1024000,0.01,32,1024,sharded,0.146484375,ed25519,gossip,direct,shard,nonce_hash_set,5,7440.218502,55.656876,69.096060,5,0.135413,0.000938,0.001165,5,12047643.600000,665992.701962,826806.590520,5,1212.944000,69.370849,86.121477,5,2.000000,0.000000,0.000000,5,2.000000,0.000000,0.000000,5,2.000000,0.000000,0.000000,5,3.000000,0.000000,0.000000,5
memo,1000,1024000,1000,1024000,0.01,32,1024,sharded,0.29296875,ed25519,gossip,direct,shard,nonce_hash_set,5,3814.882007,29.478009,36.595915,5,0.264098,0.001894,0.002352,5,12047643.600000,665992.701962,826806.590520,5,1212.944000,69.370849,86.121477,5,2.000000,0.000000,0.000000,5,2.000000,0.000000,0.000000,5,2.000000,0.000000,0.000000,5,3.000000,0.000000,0.000000,5
memo,1000,1024000,1000,1024000,0.01,32,1024,sharded,0.5859375,ed25519,gossip,direct,shard,nonce_hash_set,5,1932.030891,15.176326,18.840876,5,0.521474,0.003806,0.004726,5,12047643.600000,665992.701962,826806.590520,5,1212.944000,69.370849,86.121477,5,2.000000,0.000000,0.000000,5,2.000000,0.000000,0.000000,5,2.000000,0.000000,0.000000,5,3.000000,0.000000,0.000000,5
memo,1000,1024000,1000,1024000,0.01,32,1024,sharded,1200.0,ed25519,gossip,direct,shard,nonce_hash_set,5,0.955682,0.007631,0.009473,5,1054.226324,7.829922,9.720574,5,12047643.600000,665992.701962,826806.590520,5,1212.944000,69.370849,86.121477,5,2.000000,0.000000,0.000000,5,2.000000,0.000000,0.000000,5,2.000000,0.000000,0.000000,5,3.000000,0.000000,0.000000,5
memo,1000,1024000,1000,1024000,0.01,32,1024,sharded,150.0,ed25519,gossip,direct,shard,nonce_hash_set,5,7.645117,0.061038,0.075777,5,131.784167,0.978726,1.215054,5,12047643.600000,665992.701962,826806.590520,5,1212.944000,69.370849,86.121477,5,2.000000,0.000000,0.000000,5,2.000000,0.000000,0.000000,5,2.000000,0.000000,0.000000,5,3.000000,0.000000,0.000000,5
memo,1000,1024000,1000,1024000,0.01,32,1024,sharded,18.75,ed25519,gossip,direct,shard,nonce_hash_set,5,61.139118,0.487915,0.605729,5,16.478898,0.122326,0.151864,5,12047643.600000,665992.701962,826806.590520,5,1212.944000,69.370849,86.121477,5,2.000000,0.000000,0.000000,5,2.000000,0.000000,0.000000,5,2.000000,0.000000,0.000000,5,3.000000,0.000000,0.000000,5
memo,1000,1024000,1000,1024000,0.01,32,1024,sharded,1.171875,ed25519,gossip,direct,shard,nonce_hash_set,5,972.280061,7.700053,9.559346,5,1.036229,0.007630,0.009472,5,12047643.600000,665992.701962,826806.590520,5,1212.944000,69.370849,86.121477,5,2.000000,0.000000,0.000000,5,2.000000,0.000000,0.000000,5,2.000000,0.000000,0.000000,5,3.000000,0.000000,0.000000,5
memo,1000,1024000,1000,1024000,0.01,32,1024,sharded,2.34375,ed25519,gossip,direct,shard,nonce_hash_set,5,487.721154,3.878361,4.814850,5,2.065740,0.015276,0.018965,5,12047643.600000,665992.701962,826806.590520,5,1212.944000,69.370849,86.121477,5,2.000000,0.000000,0.000000,5,2.000000,0.000000,0.000000,5,2.000000,0.000000,0.000000,5,3.000000,0.000000,0.000000,5
memo,1000,1024000,1000,1024000,0.01,32,1024,sharded,300.0,ed25519,gossip,direct,shard,nonce_hash_set,5,3.822656,0.030521,0.037891,5,263.561618,1.957468,2.430128,5,12047643.600000,665992.701962,826806.590520,5,1212.944000,69.370849,86.121477,5,2.000000,0.000000,0.000000,5,2.000000,0.000000,0.000000,5,2.000000,0.000000,0.000000,5,3.000000,0.000000,0.000000,5
memo,1000,1024000,1000,1024000,0.01,32,1024,sharded,37.5,ed25519,gossip,direct,shard,nonce_hash_set,5,30.575791,0.244069,0.303004,5,32.951079,0.244669,0.303748,5,12047643.600000,665992.701962,826806.590520,5,1212.944000,69.370849,86.121477,5,2.000000,0.000000,0.000000,5,2.000000,0.000000,0.000000,5,2.000000,0.000000,0.000000,5,3.000000,0.000000,0.000000,5
memo,1000,1024000,1000,1024000,0.01,32,1024,sharded,4.6875,ed25519,gossip,direct,shard,nonce_hash_set,5,244.257765,1.946300,2.416263,5,4.124762,0.030569,0.037951,5,12047643.600000,665992.701962,826806.590520,5,1212.944000,69.370849,86.121477,5,2.000000,0.000000,0.000000,5,2.000000,0.000000,0.000000,5,2.000000,0.000000,0.000000,5,3.000000,0.000000,0.000000,5
memo,1000,1024000,1000,1024000,0.01,32,1024,sharded,600.0,ed25519,gossip,direct,shard,nonce_hash_set,5,1.911352,0.015261,0.018946,5,527.116520,3.914953,4.860277,5,12047643.600000,665992.701962,826806.590520,5,1212.944000,69.370849,86.121477,5,2.000000,0.000000,0.000000,5,2.000000,0.000000,0.000000,5,2.000000,0.000000,0.000000,5,3.000000,0.000000,0.000000,5
memo,1000,1024000,1000,1024000,0.01,32,1024,sharded,75.0,ed25519,gossip,direct,shard,nonce_hash_set,5,15.289454,0.122063,0.151537,5,65.895442,0.489355,0.607517,5,12047643.600000,665992.701962,826806.590520,5,1212.944000,69.370849,86.121477,5,2.000000,0.000000,0.000000,5,2.000000,0.000000,0.000000,5,2.000000,0.000000,0.000000,5,3.000000,0.000000,0.000000,5
memo,1000,1024000,1000,1024000,0.01,32,1024,sharded,9.375,ed25519,gossip,direct,shard,nonce_hash_set,5,122.228411,0.974935,1.210348,5,8.242807,0.061155,0.075922,5,12047643.600000,665992.701962,826806.590520,5,1212.944000,69.370849,86.121477,5,2.000000,0.000000,0.000000,5,2.000000,0.000000,0.000000,5,2.000000,0.000000,0.000000,5,3.000000,0.000000,0.000000,5
memo,1000,131072000,1000,131072000,0.01,32,131072,sharded,0.146484375,ed25519,gossip,direct,shard,nonce_hash_set,5,380569.056206,721.034244,895.138735,5,0.338514,0.000551,0.000684,5,12047643.600000,665992.701962,826806.590520,5,1212.944000,69.370849,86.121477,5,2.000000,0.000000,0.000000,5,2.000000,0.000000,0.000000,5,2.000000,0.000000,0.000000,5,3.000000,0.000000,0.000000,5
memo,1000,131072000,1000,131072000,0.01,32,131072,sharded,0.29296875,ed25519,gossip,direct,shard,nonce_hash_set,5,283953.706951,754.105834,936.195955,5,0.453694,0.001099,0.001364,5,12047643.600000,665992.701962,826806.590520,5,1212.944000,69.370849,86.121477,5,2.000000,0.000000,0.000000,5,2.000000,0.000000,0.000000,5,2.000000,0.000000,0.000000,5,3.000000,0.000000,0.000000,5
memo,1000,131072000,1000,131072000,0.01,32,131072,sharded,0.5859375,ed25519,gossip,direct,shard,nonce_hash_set,5,187335.402178,723.123407,897.732358,5,0.687692,0.002482,0.003081,5,12047643.600000,665992.701962,826806.590520,5,1212.944000,69.370849,86.121477,5,2.000000,0.000000,0.000000,5,2.000000,0.000000,0.000000,5,2.000000,0.000000,0.000000,5,3.000000,0.000000,0.000000,5
memo,1000,131072000,1000,131072000,0.01,32,131072,sharded,1200.0,ed25519,gossip,direct,shard,nonce_hash_set,5,122.191790,0.975236,1.210721,5,1054.356199,7.826987,9.716930,5,12047643.600000,665992.701962,826806.590520,5,1212.944000,69.370849,86.121477,5,2.000000,0.000000,0.000000,5,2.000000,0.000000,0.000000,5,2.000000,0.000000,0.000000,5,3.000000,0.000000,0.000000,5
memo,1000,131072000,1000,131072000,0.01,32,131072,sharded,150.0,ed25519,gossip,direct,shard,nonce_hash_set,5,976.647541,7.768303,9.644076,5,131.914148,0.975767,1.211380,5,12047643.600000,665992.701962,826806.590520,5,1212.944000,69.370849,86.121477,5,2.000000,0.000000,0.000000,5,2.000000,0.000000,0.000000,5,2.000000,0.000000,0.000000,5,3.000000,0.000000,0.000000,5
memo,1000,131072000,1000,131072000,0.01,32,131072,sharded,18.75,ed25519,gossip,direct,shard,nonce_hash_set,5,7756.519067,59.964611,74.443963,5,16.609678,0.119246,0.148039,5,12047643.600000,665992.701962,826806.590520,5,1212.944000,69.370849,86.121477,5,2.000000,0.000000,0.000000,5,2.000000,0.000000,0.000000,5,2.000000,0.000000,0.000000,5,3.000000,0.000000,0.000000,5
memo,1000,131072000,1000,131072000,0.01,32,131072,sharded,1.171875,ed25519,gossip,direct,shard,nonce_hash_set,5,108783.283771,540.245808,670.696230,5,1.184280,0.005430,0.006741,5,12047643.600000,665992.701962,826806.590520,5,1212.944000,69.370849,86.121477,5,2.000000,0.000000,0.000000,5,2.000000,0.000000,0.000000,5,2.000000,0.000000,0.000000,5,3.000000,0.000000,0.000000,5
memo,1000,131072000,1000,131072000,0.01,32,131072,sharded,2.34375,ed25519,gossip,direct,shard,nonce_hash_set,5,58450.296992,352.616301,437.760776,5,2.204112,0.012209,0.015157,5,12047643.600000,665992.701962,826806.590520,5,1212.944000,69.370849,86.121477,5,2.000000,0.000000,0.000000,5,2.000000,0.000000,0.000000,5,2.000000,0.000000,0.000000,5,3.000000,0.000000,0.000000,5
memo,1000,131072000,1000,131072000,0.01,32,131072,sharded,300.0,ed25519,gossip,direct,shard,nonce_hash_set,5,488.577104,3.893775,4.833985,5,263.691548,1.954531,2.426481,5,12047643.600000,665992.701962,826806.590520,5,1212.944000,69.370849,86.121477,5,2.000000,0.000000,0.000000,5,2.000000,0.000000,0.000000,5,2.000000,0.000000,0.000000,5,3.000000,0.000000,0.000000,5
memo,1000,131072000,1000,131072000,0.01,32,131072,sharded,37.5,ed25519,gossip,direct,shard,nonce_hash_set,5,3894.439046,30.604760,37.994737,5,33.081396,0.241622,0.299965,5,12047643.600000,665992.701962,826806.590520,5,1212.944000,69.370849,86.121477,5,2.000000,0.000000,0.000000,5,2.000000,0.000000,0.000000,5,2.000000,0.000000,0.000000,5,3.000000,0.000000,0.000000,5
memo,1000,131072000,1000,131072000,0.01,32,131072,sharded,4.6875,ed25519,gossip,direct,shard,nonce_hash_set,5,30252.013231,209.784888,260.440583,5,4.258630,0.027265,0.033849,5,12047643.600000,665992.701962,826806.590520,5,1212.944000,69.370849,86.121477,5,2.000000,0.000000,0.000000,5,2.000000,0.000000,0.000000,5,2.000000,0.000000,0.000000,5,3.000000,0.000000,0.000000,5
memo,1000,131072000,1000,131072000,0.01,32,131072,sharded,600.0,ed25519,gossip,direct,shard,nonce_hash_set,5,244.351911,1.949278,2.419960,5,527.246397,3.912021,4.856637,5,12047643.600000,665992.701962,826806.590520,5,1212.944000,69.370849,86.121477,5,2.000000,0.000000,0.000000,5,2.000000,0.000000,0.000000,5,2.000000,0.000000,0.000000,5,3.000000,0.000000,0.000000,5
memo,1000,131072000,1000,131072000,0.01,32,131072,sharded,75.0,ed25519,gossip,direct,shard,nonce_hash_set,5,1951.269051,15.459306,19.192186,5,66.025533,0.486370,0.603811,5,12047643.600000,665992.701962,826806.590520,5,1212.944000,69.370849,86.121477,5,2.000000,0.000000,0.000000,5,2.000000,0.000000,0.000000,5,2.000000,0.000000,0.000000,5,3.000000,0.000000,0.000000,5
memo,1000,131072000,1000,131072000,0.01,32,131072,sharded,9.375,ed25519,gossip,direct,shard,nonce_hash_set,5,15383.769933,115.067088,142.851756,5,8.374599,0.058067,0.072089,5,12047643.600000,665992.701962,826806.590520,5,1212.944000,69.370849,86.121477,5,2.000000,0.000000,0.000000,5,2.000000,0.000000,0.000000,5,2.000000,0.000000,0.000000,5,3.000000,0.000000,0.000000,5
memo,1000,16384000,1000,16384000,0.01,32,16384,sharded,0.146484375,ed25519,gossip,direct,shard,nonce_hash_set,5,105477.576426,513.707533,637.749893,5,0.152683,0.000685,0.000851,5,12047643.600000,665992.701962,826806.590520,5,1212.944000,69.370849,86.121477,5,2.000000,0.000000,0.000000,5,2.000000,0.000000,0.000000,5,2.000000,0.000000,0.000000,5,3.000000,0.000000,0.000000,5
memo,1000,16384000,1000,16384000,0.01,32,16384,sharded,0.29296875,ed25519,gossip,direct,shard,nonce_hash_set,5,57483.871912,342.861514,425.650549,5,0.280161,0.001533,0.001903,5,12047643.600000,665992.701962,826806.590520,5,1212.944000,69.370849,86.121477,5,2.000000,0.000000,0.000000,5,2.000000,0.000000,0.000000,5,2.000000,0.000000,0.000000,5,3.000000,0.000000,0.000000,5
memo,1000,16384000,1000,16384000,0.01,32,16384,sharded,0.5859375,ed25519,gossip,direct,shard,nonce_hash_set,5,29991.844127,206.672704,256.576916,5,0.536975,0.003415,0.004239,5,12047643.600000,665992.701962,826806.590520,5,1212.944000,69.370849,86.121477,5,2.000000,0.000000,0.000000,5,2.000000,0.000000,0.000000,5,2.000000,0.000000,0.000000,5,3.000000,0.000000,0.000000,5
memo,1000,16384000,1000,16384000,0.01,32,16384,sharded,1200.0,ed25519,gossip,direct,shard,nonce_hash_set,5,15.276469,0.121975,0.151428,5,1054.241328,7.829576,9.720144,5,12047643.600000,665992.701962,826806.590520,5,1212.944000,69.370849,86.121477,5,2.000000,0.000000,0.000000,5,2.000000,0.000000,0.000000,5,2.000000,0.000000,0.000000,5,3.000000,0.000000,0.000000,5
memo,1000,16384000,1000,16384000,0.01,32,16384,sharded,150.0,ed25519,gossip,direct,shard,nonce_hash_set,5,122.194121,0.975224,1.210706,5,131.799171,0.978379,1.214624,5,12047643.600000,665992.701962,826806.590520,5,1212.944000,69.370849,86.121477,5,2.000000,0.000000,0.000000,5,2.000000,0.000000,0.000000,5,2.000000,0.000000,0.000000,5,3.000000,0.000000,0.000000,5
memo,1000,16384000,1000,16384000,0.01,32,16384,sharded,18.75,ed25519,gossip,direct,shard,nonce_hash_set,5,976.425445,7.764830,9.639764,5,16.493915,0.121977,0.151430,5,12047643.600000,665992.701962,826806.590520,5,1212.944000,69.370849,86.121477,5,2.000000,0.000000,0.000000,5,2.000000,0.000000,0.000000,5,2.000000,0.000000,0.000000,5,3.000000,0.000000,0.000000,5
memo,1000,16384000,1000,16384000,0.01,32,16384,sharded,1.171875,ed25519,gossip,direct,shard,nonce_hash_set,5,15316.615339,114.184946,141.756607,5,1.051471,0.007265,0.009019,5,12047643.600000,665992.701962,826806.590520,5,1212.944000,69.370849,86.121477,5,2.000000,0.000000,0.000000,5,2.000000,0.000000,0.000000,5,2.000000,0.000000,0.000000,5,3.000000,0.000000,0.000000,5
memo,1000,16384000,1000,16384000,0.01,32,16384,sharded,2.34375,ed25519,gossip,direct,shard,nonce_hash_set,5,7739.618311,59.732360,74.155630,5,2.080856,0.014912,0.018512,5,12047643.600000,665992.701962,826806.590520,5,1212.944000,69.370849,86.121477,5,2.000000,0.000000,0.000000,5,2.000000,0.000000,0.000000,5,2.000000,0.000000,0.000000,5,3.000000,0.000000,0.000000,5
memo,1000,16384000,1000,16384000,0.01,32,16384,sharded,300.0,ed25519,gossip,direct,shard,nonce_hash_set,5,61.102097,0.487777,0.605558,5,263.576622,1.957122,2.429698,5,12047643.600000,665992.701962,826806.590520,5,1212.944000,69.370849,86.121477,5,2.000000,0.000000,0.000000,5,2.000000,0.000000,0.000000,5,2.000000,0.000000,0.000000,5,3.000000,0.000000,0.000000,5
memo,1000,16384000,1000,16384000,0.01,32,16384,sharded,37.5,ed25519,gossip,direct,shard,nonce_hash_set,5,488.534779,3.893001,4.833025,5,32.966090,0.244322,0.303318,5,12047643.600000,665992.701962,826806.590520,5,1212.944000,69.370849,86.121477,5,2.000000,0.000000,0.000000,5,2.000000,0.000000,0.000000,5,2.000000,0.000000,0.000000,5,3.000000,0.000000,0.000000,5
memo,1000,16384000,1000,16384000,0.01,32,16384,sharded,4.6875,ed25519,gossip,direct,shard,nonce_hash_set,5,3890.279060,30.545763,37.921494,5,4.139821,0.030209,0.037503,5,12047643.600000,665992.701962,826806.590520,5,1212.944000,69.370849,86.121477,5,2.000000,0.000000,0.000000,5,2.000000,0.000000,0.000000,5,2.000000,0.000000,0.000000,5,3.000000,0.000000,0.000000,5
memo,1000,16384000,1000,16384000,0.01,32,16384,sharded,600.0,ed25519,gossip,direct,shard,nonce_hash_set,5,30.552308,0.243929,0.302830,5,527.131524,3.914606,4.859847,5,12047643.600000,665992.701962,826806.590520,5,1212.944000,69.370849,86.121477,5,2.000000,0.000000,0.000000,5,2.000000,0.000000,0.000000,5,2.000000,0.000000,0.000000,5,3.000000,0.000000,0.000000,5
memo,1000,16384000,1000,16384000,0.01,32,16384,sharded,75.0,ed25519,gossip,direct,shard,nonce_hash_set,5,244.347960,1.949134,2.419781,5,65.910446,0.489009,0.607087,5,12047643.600000,665992.701962,826806.590520,5,1212.944000,69.370849,86.121477,5,2.000000,0.000000,0.000000,5,2.000000,0.000000,0.000000,5,2.000000,0.000000,0.000000,5,3.000000,0.000000,0.000000,5
memo,1000,16384000,1000,16384000,0.01,32,16384,sharded,9.375,ed25519,gossip,direct,shard,nonce_hash_set,5,1950.277013,15.444733,19.174095,5,8.257838,0.060802,0.075484,5,12047643.600000,665992.701962,826806.590520,5,1212.944000,69.370849,86.121477,5,2.000000,0.000000,0.000000,5,2.000000,0.000000,0.000000,5,2.000000,0.000000,0.000000,5,3.000000,0.000000,0.000000,5
memo,1000,2048000,1000,2048000,0.01,32,2048,sharded,0.146484375,ed25519,gossip,direct,shard,nonce_hash_set,5,14763.396933,106.977325,132.808598,5,0.136418,0.000914,0.001135,5,12047643.600000,665992.701962,826806.590520,5,1212.944000,69.370849,86.121477,5,2.000000,0.000000,0.000000,5,2.000000,0.000000,0.000000,5,2.000000,0.000000,0.000000,5,3.000000,0.000000,0.000000,5
memo,1000,2048000,1000,2048000,0.01,32,2048,sharded,0.29296875,ed25519,gossip,direct,shard,nonce_hash_set,5,7597.395610,57.778385,71.729839,5,0.265091,0.001870,0.002321,5,12047643.600000,665992.701962,826806.590520,5,1212.944000,69.370849,86.121477,5,2.000000,0.000000,0.000000,5,2.000000,0.000000,0.000000,5,2.000000,0.000000,0.000000,5,3.000000,0.000000,0.000000,5
memo,1000,2048000,1000,2048000,0.01,32,2048,sharded,0.5859375,ed25519,gossip,direct,shard,nonce_hash_set,5,3854.840230,30.041462,37.295422,5,0.522462,0.003782,0.004695,5,12047643.600000,665992.701962,826806.590520,5,1212.944000,69.370849,86.121477,5,2.000000,0.000000,0.000000,5,2.000000,0.000000,0.000000,5,2.000000,0.000000,0.000000,5,3.000000,0.000000,0.000000,5
memo,1000,2048000,1000,2048000,0.01,32,2048,sharded,1200.0,ed25519,gossip,direct,shard,nonce_hash_set,5,1.910414,0.015254,0.018937,5,1054.227306,7.829899,9.720546,5,12047643.600000,665992.701962,826806.590520,5,1212.944000,69.370849,86.121477,5,2.000000,0.000000,0.000000,5,2.000000,0.000000,0.000000,5,2.000000,0.000000,0.000000,5,3.000000,0.000000,0.000000,5
memo,1000,2048000,1000,2048000,0.01,32,2048,sharded,150.0,ed25519,gossip,direct,shard,nonce_hash_set,5,15.282531,0.122016,0.151479,5,131.785150,0.978703,1.215025,5,12047643.600000,665992.701962,826806.590520,5,1212.944000,69.370849,86.121477,5,2.000000,0.000000,0.000000,5,2.000000,0.000000,0.000000,5,2.000000,0.000000,0.000000,5,3.000000,0.000000,0.000000,5
memo,1000,2048000,1000,2048000,0.01,32,2048,sharded,18.75,ed25519,gossip,direct,shard,nonce_hash_set,5,122.210261,0.975091,1.210541,5,16.479880,0.122303,0.151835,5,12047643.600000,665992.701962,826806.590520,5,1212.944000,69.370849,86.121477,5,2.000000,0.000000,0.000000,5,2.000000,0.000000,0.000000,5,2.000000,0.000000,0.000000,5,3.000000,0.000000,0.000000,5
memo,1000,2048000,1000,2048000,0.01,32,2048,sharded,1.171875,ed25519,gossip,direct,shard,nonce_hash_set,5,1941.748588,15.318958,19.017950,5,1.037214,0.007606,0.009443,5,12047643.600000,665992.701962,826806.590520,5,1212.944000,69.370849,86.121477,5,2.000000,0.000000,0.000000,5,2.000000,0.000000,0.000000,5,2.000000,0.000000,0.000000,5,3.000000,0.000000,0.000000,5
memo,1000,2048000,1000,2048000,0.01,32,2048,sharded,2.34375,ed25519,gossip,direct,shard,nonce_hash_set,5,974.493986,7.734602,9.602237,5,2.066723,0.015253,0.018936,5,12047643.600000,665992.701962,826806.590520,5,1212.944000,69.370849,86.121477,5,2.000000,0.000000,0.000000,5,2.000000,0.000000,0.000000,5,2.000000,0.000000,0.000000,5,3.000000,0.000000,0.000000,5
memo,1000,2048000,1000,2048000,0.01,32,2048,sharded,300.0,ed25519,gossip,direct,shard,nonce_hash_set,5,7.641489,0.061013,0.075745,5,263.562601,1.957445,2.430100,5,12047643.600000,665992.701962,826806.590520,5,1212.944000,69.370849,86.121477,5,2.000000,0.000000,0.000000,5,2.000000,0.000000,0.000000,5,2.000000,0.000000,0.000000,5,3.000000,0.000000,0.000000,5
memo,1000,2048000,1000,2048000,0.01,32,2048,sharded,37.5,ed25519,gossip,direct,shard,nonce_hash_set,5,61.119409,0.487842,0.605638,5,32.952062,0.244646,0.303719,5,12047643.600000,665992.701962,826806.590520,5,1212.944000,69.370849,86.121477,5,2.000000,0.000000,0.000000,5,2.000000,0.000000,0.000000,5,2.000000,0.000000,0.000000,5,3.000000,0.000000,0.000000,5
memo,1000,2048000,1000,2048000,0.01,32,2048,sharded,4.6875,ed25519,gossip,direct,shard,nonce_hash_set,5,488.156671,3.886186,4.824564,5,4.125745,0.030546,0.037922,5,12047643.600000,665992.701962,826806.590520,5,1212.944000,69.370849,86.121477,5,2.000000,0.000000,0.000000,5,2.000000,0.000000,0.000000,5,2.000000,0.000000,0.000000,5,3.000000,0.000000,0.000000,5
memo,1000,2048000,1000,2048000,0.01,32,2048,sharded,600.0,ed25519,gossip,direct,shard,nonce_hash_set,5,3.820800,0.030507,0.037874,5,527.117503,3.914930,4.860248,5,12047643.600000,665992.701962,826806.590520,5,1212.944000,69.370849,86.121477,5,2.000000,0.000000,0.000000,5,2.000000,0.000000,0.000000,5,2.000000,0.000000,0.000000,5,3.000000,0.000000,0.000000,5
memo,1000,2048000,1000,2048000,0.01,32,2048,sharded,75.0,ed25519,gossip,direct,shard,nonce_hash_set,5,30.563276,0.243995,0.302911,5,65.896424,0.489332,0.607488,5,12047643.600000,665992.701962,826806.590520,5,1212.944000,69.370849,86.121477,5,2.000000,0.000000,0.000000,5,2.000000,0.000000,0.000000,5,2.000000,0.000000,0.000000,5,3.000000,0.000000,0.000000,5
memo,1000,2048000,1000,2048000,0.01,32,2048,sharded,9.375,ed25519,gossip,direct,shard,nonce_hash_set,5,244.306368,1.947818,2.418147,5,8.243790,0.061132,0.075893,5,12047643.600000,665992.701962,826806.590520,5,1212.944000,69.370849,86.121477,5,2.000000,0.000000,0.000000,5,2.000000,0.000000,0.000000,5,2.000000,0.000000,0.000000,5,3.000000,0.000000,0.000000,5
memo,1000,262144000,1000,262144000,0.01,32,262144,sharded,0.146484375,ed25519,gossip,direct,shard,nonce_hash_set,5,455639.855180,583.793933,724.759700,5,0.565478,0.000548,0.000680,5,12047643.600000,665992.701962,826806.590520,5,1212.944000,69.370849,86.121477,5,2.000000,0.000000,0.000000,5,2.000000,0.000000,0.000000,5,2.000000,0.000000,0.000000,5,3.000000,0.000000,0.000000,5
memo,1000,262144000,1000,262144000,0.01,32,262144,sharded,0.29296875,ed25519,gossip,direct,shard,nonce_hash_set,5,378537.295791,707.468629,878.297500,5,0.680659,0.001095,0.001359,5,12047643.600000,665992.701962,826806.590520,5,1212.944000,69.370849,86.121477,5,2.000000,0.000000,0.000000,5,2.000000,0.000000,0.000000,5,2.000000,0.000000,0.000000,5,3.000000,0.000000,0.000000,5
memo,1000,262144000,1000,262144000,0.01,32,262144,sharded,0.5859375,ed25519,gossip,direct,shard,nonce_hash_set,5,282820.789147,745.062379,924.968822,5,0.911020,0.002190,0.002719,5,12047643.600000,665992.701962,826806.590520,5,1212.944000,69.370849,86.121477,5,2.000000,0.000000,0.000000,5,2.000000,0.000000,0.000000,5,2.000000,0.000000,0.000000,5,3.000000,0.000000,0.000000,5
memo,1000,262144000,1000,262144000,0.01,32,262144,sharded,1200.0,ed25519,gossip,direct,shard,nonce_hash_set,5,244.350124,1.949255,2.419931,5,1054.496415,7.824027,9.713255,5,12047643.600000,665992.701962,826806.590520,5,1212.944000,69.370849,86.121477,5,2.000000,0.000000,0.000000,5,2.000000,0.000000,0.000000,5,2.000000,0.000000,0.000000,5,3.000000,0.000000,0.000000,5
memo,1000,262144000,1000,262144000,0.01,32,262144,sharded,150.0,ed25519,gossip,direct,shard,nonce_hash_set,5,1951.207978,15.458198,19.190811,5,132.054686,0.972724,1.207602,5,12047643.600000,665992.701962,826806.590520,5,1212.944000,69.370849,86.121477,5,2.000000,0.000000,0.000000,5,2.000000,0.000000,0.000000,5,2.000000,0.000000,0.000000,5,3.000000,0.000000,0.000000,5
memo,1000,262144000,1000,262144000,0.01,32,262144,sharded,18.75,ed25519,gossip,direct,shard,nonce_hash_set,5,15380.385086,115.004205,142.773688,5,16.752819,0.116119,0.144158,5,12047643.600000,665992.701962,826806.590520,5,1212.944000,69.370849,86.121477,5,2.000000,0.000000,0.000000,5,2.000000,0.000000,0.000000,5,2.000000,0.000000,0.000000,5,3.000000,0.000000,0.000000,5
memo,1000,262144000,1000,262144000,0.01,32,262144,sharded,1.171875,ed25519,gossip,direct,shard,nonce_hash_set,5,186841.666552,717.916032,891.267584,5,1.379012,0.004954,0.006150,5,12047643.600000,665992.701962,826806.590520,5,1212.944000,69.370849,86.121477,5,2.000000,0.000000,0.000000,5,2.000000,0.000000,0.000000,5,2.000000,0.000000,0.000000,5,3.000000,0.000000,0.000000,5
memo,1000,262144000,1000,262144000,0.01,32,262144,sharded,2.34375,ed25519,gossip,direct,shard,nonce_hash_set,5,108616.625187,538.035957,667.952778,5,2.372185,0.010847,0.013466,5,12047643.600000,665992.701962,826806.590520,5,1212.944000,69.370849,86.121477,5,2.000000,0.000000,0.000000,5,2.000000,0.000000,0.000000,5,2.000000,0.000000,0.000000,5,3.000000,0.000000,0.000000,5
memo,1000,262144000,1000,262144000,0.01,32,262144,sharded,300.0,ed25519,gossip,direct,shard,nonce_hash_set,5,976.630347,7.768011,9.643713,5,263.831916,1.951518,2.422741,5,12047643.600000,665992.701962,826806.590520,5,1212.944000,69.370849,86.121477,5,2.000000,0.000000,0.000000,5,2.000000,0.000000,0.000000,5,2.000000,0.000000,0.000000,5,3.000000,0.000000,0.000000,5
memo,1000,262144000,1000,262144000,0.01,32,262144,sharded,37.5,ed25519,gossip,direct,shard,nonce_hash_set,5,7755.643618,59.948096,74.423460,5,33.222976,0.238475,0.296059,5,12047643.600000,665992.701962,826806.590520,5,1212.944000,69.370849,86.121477,5,2.000000,0.000000,0.000000,5,2.000000,0.000000,0.000000,5,2.000000,0.000000,0.000000,5,3.000000,0.000000,0.000000,5
memo,1000,262144000,1000,262144000,0.01,32,262144,sharded,4.6875,ed25519,gossip,direct,shard,nonce_hash_set,5,58402.075163,351.854297,436.814774,5,4.411846,0.024403,0.030296,5,12047643.600000,665992.701962,826806.590520,5,1212.944000,69.370849,86.121477,5,2.000000,0.000000,0.000000,5,2.000000,0.000000,0.000000,5,2.000000,0.000000,0.000000,5,3.000000,0.000000,0.000000,5
memo,1000,262144000,1000,262144000,0.01,32,262144,sharded,600.0,ed25519,gossip,direct,shard,nonce_hash_set,5,488.571853,3.893694,4.833885,5,527.386715,3.909045,4.852943,5,12047643.600000,665992.701962,826806.590520,5,1212.944000,69.370849,86.121477,5,2.000000,0.000000,0.000000,5,2.000000,0.000000,0.000000,5,2.000000,0.000000,0.000000,5,3.000000,0.000000,0.000000,5
memo,1000,262144000,1000,262144000,0.01,32,262144,sharded,75.0,ed25519,gossip,direct,shard,nonce_hash_set,5,3894.210824,30.600486,37.989431,5,66.166412,0.483228,0.599911,5,12047643.600000,665992.701962,826806.590520,5,1212.944000,69.370849,86.121477,5,2.000000,0.000000,0.000000,5,2.000000,0.000000,0.000000,5,2.000000,0.000000,0.000000,5,3.000000,0.000000,0.000000,5
memo,1000,262144000,1000,262144000,0.01,32,262144,sharded,9.375,ed25519,gossip,direct,shard,nonce_hash_set,5,30239.038124,209.556152,260.156616,5,8.520882,0.054515,0.067678,5,12047643.600000,665992.701962,826806.590520,5,1212.944000,69.370849,86.121477,5,2.000000,0.000000,0.000000,5,2.000000,0.000000,0.000000,5,2.000000,0.000000,0.000000,5,3.000000,0.000000,0.000000,5
memo,1000,32768000,1000,32768000,0.01,32,32768,sharded,0.146484375,ed25519,gossip,direct,shard,nonce_hash_set,5,183342.964761,699.170789,867.996023,5,0.175671,0.000625,0.000776,5,12047643.600000,665992.701962,826806.590520,5,1212.944000,69.370849,86.121477,5,2.000000,0.000000,0.000000,5,2.000000,0.000000,0.000000,5,2.000000,0.000000,0.000000,5,3.000000,0.000000,0.000000,5
memo,1000,32768000,1000,32768000,0.01,32,32768,sharded,0.29296875,ed25519,gossip,direct,shard,nonce_hash_set,5,107426.297918,529.450256,657.293931,5,0.299817,0.001363,0.001692,5,12047643.600000,665992.701962,826806.590520,5,1212.944000,69.370849,86.121477,5,2.000000,0.000000,0.000000,5,2.000000,0.000000,0.000000,5,2.000000,0.000000,0.000000,5,3.000000,0.000000,0.000000,5
memo,1000,32768000,1000,32768000,0.01,32,32768,sharded,0.5859375,ed25519,gossip,direct,shard,nonce_hash_set,5,58056.940373,348.685459,432.880773,5,0.554774,0.003058,0.003797,5,12047643.600000,665992.701962,826806.590520,5,1212.944000,69.370849,86.121477,5,2.000000,0.000000,0.000000,5,2.000000,0.000000,0.000000,5,2.000000,0.000000,0.000000,5,3.000000,0.000000,0.000000,5
memo,1000,32768000,1000,32768000,0.01,32,32768,sharded,1200.0,ed25519,gossip,direct,shard,nonce_hash_set,5,30.551520,0.243925,0.302824,5,1054.257501,7.829206,9.719685,5,12047643.600000,665992.701962,826806.590520,5,1212.944000,69.370849,86.121477,5,2.000000,0.000000,0.000000,5,2.000000,0.000000,0.000000,5,2.000000,0.000000,0.000000,5,3.000000,0.000000,0.000000,5
memo,1000,32768000,1000,32768000,0.01,32,32768,sharded,150.0,ed25519,gossip,direct,shard,nonce_hash_set,5,244.350657,1.949223,2.419892,5,131.815345,0.978011,1.214166,5,12047643.600000,665992.701962,826806.590520,5,1212.944000,69.370849,86.121477,5,2.000000,0.000000,0.000000,5,2.000000,0.000000,0.000000,5,2.000000,0.000000,0.000000,5,3.000000,0.000000,0.000000,5
memo,1000,32768000,1000,32768000,0.01,32,32768,sharded,18.75,ed25519,gossip,direct,shard,nonce_hash_set,5,1950.871762,15.453512,19.184993,5,16.510129,0.121598,0.150959,5,12047643.600000,665992.701962,826806.590520,5,1212.944000,69.370849,86.121477,5,2.000000,0.000000,0.000000,5,2.000000,0.000000,0.000000,5,2.000000,0.000000,0.000000,5,3.000000,0.000000,0.000000,5
memo,1000,32768000,1000,32768000,0.01,32,32768,sharded,1.171875,ed25519,gossip,direct,shard,nonce_hash_set,5,30146.644013,208.536541,258.890805,5,1.068403,0.006822,0.008469,5,12047643.600000,665992.701962,826806.590520,5,1212.944000,69.370849,86.121477,5,2.000000,0.000000,0.000000,5,2.000000,0.000000,0.000000,5,2.000000,0.000000,0.000000,5,3.000000,0.000000,0.000000,5
memo,1000,32768000,1000,32768000,0.01,32,32768,sharded,2.34375,ed25519,gossip,direct,shard,nonce_hash_set,5,15356.651716,114.714225,142.413688,5,2.097396,0.014522,0.018029,5,12047643.600000,665992.701962,826806.590520,5,1212.944000,69.370849,86.121477,5,2.000000,0.000000,0.000000,5,2.000000,0.000000,0.000000,5,2.000000,0.000000,0.000000,5,3.000000,0.000000,0.000000,5
memo,1000,32768000,1000,32768000,0.01,32,32768,sharded,300.0,ed25519,gossip,direct,shard,nonce_hash_set,5,122.192899,0.975232,1.210717,5,263.592795,1.956752,2.429239,5,12047643.600000,665992.701962,826806.590520,5,1212.944000,69.370849,86.121477,5,2.000000,0.000000,0.000000,5,2.000000,0.000000,0.000000,5,2.000000,0.000000,0.000000,5,3.000000,0.000000,0.000000,5
memo,1000,32768000,1000,32768000,0.01,32,32768,sharded,37.5,ed25519,gossip,direct,shard,nonce_hash_set,5,976.559359,7.766928,9.642369,5,32.982283,0.243947,0.302852,5,12047643.600000,665992.701962,826806.590520,5,1212.944000,69.370849,86.121477,5,2.000000,0.000000,0.000000,5,2.000000,0.000000,0.000000,5,2.000000,0.000000,0.000000,5,3.000000,0.000000,0.000000,5
memo,1000,32768000,1000,32768000,0.01,32,32768,sharded,4.6875,ed25519,gossip,direct,shard,nonce_hash_set,5,7749.708568,59.871887,74.328849,5,4.156165,0.029817,0.037017,5,12047643.600000,665992.701962,826806.590520,5,1212.944000,69.370849,86.121477,5,2.000000,0.000000,0.000000,5,2.000000,0.000000,0.000000,5,2.000000,0.000000,0.000000,5,3.000000,0.000000,0.000000,5
memo,1000,32768000,1000,32768000,0.01,32,32768,sharded,600.0,ed25519,gossip,direct,shard,nonce_hash_set,5,61.100843,0.487772,0.605551,5,527.147697,3.914237,4.859388,5,12047643.600000,665992.701962,826806.590520,5,1212.944000,69.370849,86.121477,5,2.000000,0.000000,0.000000,5,2.000000,0.000000,0.000000,5,2.000000,0.000000,0.000000,5,3.000000,0.000000,0.000000,5
memo,1000,32768000,1000,32768000,0.01,32,32768,sharded,75.0,ed25519,gossip,direct,shard,nonce_hash_set,5,488.560720,3.893472,4.833609,5,65.926633,0.488638,0.606627,5,12047643.600000,665992.701962,826806.590520,5,1212.944000,69.370849,86.121477,5,2.000000,0.000000,0.000000,5,2.000000,0.000000,0.000000,5,2.000000,0.000000,0.000000,5,3.000000,0.000000,0.000000,5
memo,1000,32768000,1000,32768000,0.01,32,32768,sharded,9.375,ed25519,gossip,direct,shard,nonce_hash_set,5,3892.766563,30.581246,37.965545,5,8.274095,0.060411,0.074998,5,12047643.600000,665992.701962,826806.590520,5,1212.944000,69.370849,86.121477,5,2.000000,0.000000,0.000000,5,2.000000,0.000000,0.000000,5,2.000000,0.000000,0.000000,5,3.000000,0.000000,0.000000,5
memo,1000,4096000,1000,4096000,0.01,32,4096,sharded,0.146484375,ed25519,gossip,direct,shard,nonce_hash_set,5,29076.061787,195.759373,243.028398,5,0.138498,0.000859,0.001066,5,12047643.600000,665992.701962,826806.590520,5,1212.944000,69.370849,86.121477,5,2.000000,0.000000,0.000000,5,2.000000,0.000000,0.000000,5,2.000000,0.000000,0.000000,5,3.000000,0.000000,0.000000,5
memo,1000,4096000,1000,4096000,0.01,32,4096,sharded,0.29296875,ed25519,gossip,direct,shard,nonce_hash_set,5,15075.517564,111.009571,137.814491,5,0.267121,0.001821,0.002261,5,12047643.600000,665992.701962,826806.590520,5,1212.944000,69.370849,86.121477,5,2.000000,0.000000,0.000000,5,2.000000,0.000000,0.000000,5,2.000000,0.000000,0.000000,5,3.000000,0.000000,0.000000,5
memo,1000,4096000,1000,4096000,0.01,32,4096,sharded,0.5859375,ed25519,gossip,direct,shard,nonce_hash_set,5,7678.277788,58.884242,73.102723,5,0.524467,0.003733,0.004634,5,12047643.600000,665992.701962,826806.590520,5,1212.944000,69.370849,86.121477,5,2.000000,0.000000,0.000000,5,2.000000,0.000000,0.000000,5,2.000000,0.000000,0.000000,5,3.000000,0.000000,0.000000,5
memo,1000,4096000,1000,4096000,0.01,32,4096,sharded,1200.0,ed25519,gossip,direct,shard,nonce_hash_set,5,3.819872,0.030501,0.037866,5,1054.229290,7.829853,9.720488,5,12047643.600000,665992.701962,826806.590520,5,1212.944000,69.370849,86.121477,5,2.000000,0.000000,0.000000,5,2.000000,0.000000,0.000000,5,2.000000,0.000000,0.000000,5,3.000000,0.000000,0.000000,5
memo,1000,4096000,1000,4096000,0.01,32,4096,sharded,150.0,ed25519,gossip,direct,shard,nonce_hash_set,5,30.557013,0.243958,0.302865,5,131.787134,0.978657,1.214968,5,12047643.600000,665992.701962,826806.590520,5,1212.944000,69.370849,86.121477,5,2.000000,0.000000,0.000000,5,2.000000,0.000000,0.000000,5,2.000000,0.000000,0.000000,5,3.000000,0.000000,0.000000,5
memo,1000,4096000,1000,4096000,0.01,32,4096,sharded,18.75,ed25519,gossip,direct,shard,nonce_hash_set,5,244.330407,1.948572,2.419084,5,16.481865,0.122257,0.151778,5,12047643.600000,665992.701962,826806.590520,5,1212.944000,69.370849,86.121477,5,2.000000,0.000000,0.000000,5,2.000000,0.000000,0.000000,5,2.000000,0.000000,0.000000,5,3.000000,0.000000,0.000000,5
memo,1000,4096000,1000,4096000,0.01,32,4096,sharded,1.171875,ed25519,gossip,direct,shard,nonce_hash_set,5,3875.077707,30.328554,37.651836,5,1.039208,0.007557,0.009382,5,12047643.600000,665992.701962,826806.590520,5,1212.944000,69.370849,86.121477,5,2.000000,0.000000,0.000000,5,2.000000,0.000000,0.000000,5,2.000000,0.000000,0.000000,5,3.000000,0.000000,0.000000,5
memo,1000,4096000,1000,4096000,0.01,32,4096,sharded,2.34375,ed25519,gossip,direct,shard,nonce_hash_set,5,1946.629578,15.390781,19.107115,5,2.068713,0.015205,0.018877,5,12047643.600000,665992.701962,826806.590520,5,1212.944000,69.370849,86.121477,5,2.000000,0.000000,0.000000,5,2.000000,0.000000,0.000000,5,2.000000,0.000000,0.000000,5,3.000000,0.000000,0.000000,5
memo,1000,4096000,1000,4096000,0.01,32,4096,sharded,300.0,ed25519,gossip,direct,shard,nonce_hash_set,5,15.279068,0.121993,0.151450,5,263.564585,1.957399,2.430042,5,12047643.600000,665992.701962,826806.590520,5,1212.944000,69.370849,86.121477,5,2.000000,0.000000,0.000000,5,2.000000,0.000000,0.000000,5,2.000000,0.000000,0.000000,5,3.000000,0.000000,0.000000,5
memo,1000,4096000,1000,4096000,0.01,32,4096,sharded,37.5,ed25519,gossip,direct,shard,nonce_hash_set,5,122.201109,0.975168,1.210637,5,32.954046,0.244600,0.303662,5,12047643.600000,665992.701962,826806.590520,5,1212.944000,69.370849,86.121477,5,2.000000,0.000000,0.000000,5,2.000000,0.000000,0.000000,5,2.000000,0.000000,0.000000,5,3.000000,0.000000,0.000000,5
memo,1000,4096000,1000,4096000,0.01,32,4096,sharded,4.6875,ed25519,gossip,direct,shard,nonce_hash_set,5,975.600976,7.751891,9.623701,5,4.127732,0.030499,0.037864,5,12047643.600000,665992.701962,826806.590520,5,1212.944000,69.370849,86.121477,5,2.000000,0.000000,0.000000,5,2.000000,0.000000,0.000000,5,2.000000,0.000000,0.000000,5,3.000000,0.000000,0.000000,5
memo,1000,4096000,1000,4096000,0.01,32,4096,sharded,600.0,ed25519,gossip,direct,shard,nonce_hash_set,5,7.639674,0.061000,0.075729,5,527.119487,3.914884,4.860191,5,12047643.600000,665992.701962,826806.590520,5,1212.944000,69.370849,86.121477,5,2.000000,0.000000,0.000000,5,2.000000,0.000000,0.000000,5,2.000000,0.000000,0.000000,5,3.000000,0.000000,0.000000,5
memo,1000,4096000,1000,4096000,0.01,32,4096,sharded,75.0,ed25519,gossip,direct,shard,nonce_hash_set,5,61.109534,0.487805,0.605592,5,65.898409,0.489285,0.607431,5,12047643.600000,665992.701962,826806.590520,5,1212.944000,69.370849,86.121477,5,2.000000,0.000000,0.000000,5,2.000000,0.000000,0.000000,5,2.000000,0.000000,0.000000,5,3.000000,0.000000,0.000000,5
memo,1000,4096000,1000,4096000,0.01,32,4096,sharded,9.375,ed25519,gossip,direct,shard,nonce_hash_set,5,488.373734,3.890089,4.829409,5,8.245776,0.061085,0.075835,5,12047643.600000,665992.701962,826806.590520,5,1212.944000,69.370849,86.121477,5,2.000000,0.000000,0.000000,5,2.000000,0.000000,0.000000,5,2.000000,0.000000,0.000000,5,3.000000,0.000000,0.000000,5
memo,1000,524288000,1000,524288000,0.01,32,524288,sharded,0.146484375,ed25519,gossip,direct,shard,nonce_hash_set,5,479232.841833,404.324493,501.954683,5,1.075276,0.000541,0.000672,5,12047643.600000,665992.701962,826806.590520,5,1212.944000,69.370849,86.121477,5,2.000000,0.000000,0.000000,5,2.000000,0.000000,0.000000,5,2.000000,0.000000,0.000000,5,3.000000,0.000000,0.000000,5
memo,1000,524288000,1000,524288000,0.01,32,524288,sharded,0.29296875,ed25519,gossip,direct,shard,nonce_hash_set,5,432865.674672,515.775374,640.317045,5,1.190456,0.001080,0.001341,5,12047643.600000,665992.701962,826806.590520,5,1212.944000,69.370849,86.121477,5,2.000000,0.000000,0.000000,5,2.000000,0.000000,0.000000,5,2.000000,0.000000,0.000000,5,3.000000,0.000000,0.000000,5
memo,1000,524288000,1000,524288000,0.01,32,524288,sharded,0.5859375,ed25519,gossip,direct,shard,nonce_hash_set,5,362684.370606,642.885774,798.120149,5,1.420818,0.002171,0.002695,5,12047643.600000,665992.701962,826806.590520,5,1212.944000,69.370849,86.121477,5,2.000000,0.000000,0.000000,5,2.000000,0.000000,0.000000,5,2.000000,0.000000,0.000000,5,3.000000,0.000000,0.000000,5
memo,1000,524288000,1000,524288000,0.01,32,524288,sharded,1200.0,ed25519,gossip,direct,shard,nonce_hash_set,5,488.543369,3.893231,4.833309,5,1054.832876,7.818019,9.705796,5,12047643.600000,665992.701962,826806.590520,5,1212.944000,69.370849,86.121477,5,2.000000,0.000000,0.000000,5,2.000000,0.000000,0.000000,5,2.000000,0.000000,0.000000,5,3.000000,0.000000,0.000000,5
memo,1000,524288000,1000,524288000,0.01,32,524288,sharded,150.0,ed25519,gossip,direct,shard,nonce_hash_set,5,3892.454522,30.571816,37.953838,5,132.392270,0.966385,1.199733,5,12047643.600000,665992.701962,826806.590520,5,1212.944000,69.370849,86.121477,5,2.000000,0.000000,0.000000,5,2.000000,0.000000,0.000000,5,2.000000,0.000000,0.000000,5,3.000000,0.000000,0.000000,5
memo,1000,524288000,1000,524288000,0.01,32,524288,sharded,18.75,ed25519,gossip,direct,shard,nonce_hash_set,5,30133.847538,208.033526,258.266329,5,17.101214,0.108961,0.135272,5,12047643.600000,665992.701962,826806.590520,5,1212.944000,69.370849,86.121477,5,2.000000,0.000000,0.000000,5,2.000000,0.000000,0.000000,5,2.000000,0.000000,0.000000,5,3.000000,0.000000,0.000000,5
memo,1000,524288000,1000,524288000,0.01,32,524288,sharded,1.171875,ed25519,gossip,direct,shard,nonce_hash_set,5,273876.500130,695.404459,863.320256,5,1.881540,0.004359,0.005411,5,12047643.600000,665992.701962,826806.590520,5,1212.944000,69.370849,86.121477,5,2.000000,0.000000,0.000000,5,2.000000,0.000000,0.000000,5,2.000000,0.000000,0.000000,5,3.000000,0.000000,0.000000,5
memo,1000,524288000,1000,524288000,0.01,32,524288,sharded,2.34375,ed25519,gossip,direct,shard,nonce_hash_set,5,182896.214862,686.387081,852.125497,5,2.817514,0.009880,0.012265,5,12047643.600000,665992.701962,826806.590520,5,1212.944000,69.370849,86.121477,5,2.000000,0.000000,0.000000,5,2.000000,0.000000,0.000000,5,2.000000,0.000000,0.000000,5,3.000000,0.000000,0.000000,5
memo,1000,524288000,1000,524288000,0.01,32,524288,sharded,300.0,ed25519,gossip,direct,shard,nonce_hash_set,5,1950.765064,15.450928,19.181785,5,264.168819,1.945376,2.415116,5,12047643.600000,665992.701962,826806.590520,5,1212.944000,69.370849,86.121477,5,2.000000,0.000000,0.000000,5,2.000000,0.000000,0.000000,5,2.000000,0.000000,0.000000,5,3.000000,0.000000,0.000000,5
memo,1000,524288000,1000,524288000,0.01,32,524288,sharded,37.5,ed25519,gossip,direct,shard,nonce_hash_set,5,15353.111960,114.579349,142.246244,5,33.565087,0.232168,0.288228,5,12047643.600000,665992.701962,826806.590520,5,1212.944000,69.370849,86.121477,5,2.000000,0.000000,0.000000,5,2.000000,0.000000,0.000000,5,2.000000,0.000000,0.000000,5,3.000000,0.000000,0.000000,5
memo,1000,524288000,1000,524288000,0.01,32,524288,sharded,4.6875,ed25519,gossip,direct,shard,nonce_hash_set,5,107271.745819,524.137738,650.698626,5,4.803840,0.021648,0.026876,5,12047643.600000,665992.701962,826806.590520,5,1212.944000,69.370849,86.121477,5,2.000000,0.000000,0.000000,5,2.000000,0.000000,0.000000,5,2.000000,0.000000,0.000000,5,3.000000,0.000000,0.000000,5
memo,1000,524288000,1000,524288000,0.01,32,524288,sharded,600.0,ed25519,gossip,direct,shard,nonce_hash_set,5,976.518427,7.766175,9.641434,5,527.723278,3.902964,4.845393,5,12047643.600000,665992.701962,826806.590520,5,1212.944000,69.370849,86.121477,5,2.000000,0.000000,0.000000,5,2.000000,0.000000,0.000000,5,2.000000,0.000000,0.000000,5,3.000000,0.000000,0.000000,5
memo,1000,524288000,1000,524288000,0.01,32,524288,sharded,75.0,ed25519,gossip,direct,shard,nonce_hash_set,5,7748.695364,59.836361,74.284745,5,66.505400,0.476880,0.592029,5,12047643.600000,665992.701962,826806.590520,5,1212.944000,69.370849,86.121477,5,2.000000,0.000000,0.000000,5,2.000000,0.000000,0.000000,5,2.000000,0.000000,0.000000,5,3.000000,0.000000,0.000000,5
memo,1000,524288000,1000,524288000,0.01,32,524288,sharded,9.375,ed25519,gossip,direct,shard,nonce_hash_set,5,58011.040109,346.922091,430.691613,5,8.883150,0.048744,0.060514,5,12047643.600000,665992.701962,826806.590520,5,1212.944000,69.370849,86.121477,5,2.000000,0.000000,0.000000,5,2.000000,0.000000,0.000000,5,2.000000,0.000000,0.000000,5,3.000000,0.000000,0.000000,5
memo,1000,65536000,1000,65536000,0.01,32,65536,sharded,0.146484375,ed25519,gossip,direct,shard,nonce_hash_set,5,281427.641207,745.827075,925.918166,5,0.228885,0.000553,0.000686,5,12047643.600000,665992.701962,826806.590520,5,1212.944000,69.370849,86.121477,5,2.000000,0.000000,0.000000,5,2.000000,0.000000,0.000000,5,2.000000,0.000000,0.000000,5,3.000000,0.000000,0.000000,5
memo,1000,65536000,1000,65536000,0.01,32,65536,sharded,0.29296875,ed25519,gossip,direct,shard,nonce_hash_set,5,186232.971288,716.969984,890.093099,5,0.345884,0.001244,0.001545,5,12047643.600000,665992.701962,826806.590520,5,1212.944000,69.370849,86.121477,5,2.000000,0.000000,0.000000,5,2.000000,0.000000,0.000000,5,2.000000,0.000000,0.000000,5,3.000000,0.000000,0.000000,5
memo,1000,65536000,1000,65536000,0.01,32,65536,sharded,0.5859375,ed25519,gossip,direct,shard,nonce_hash_set,5,108410.916676,537.467190,667.246674,5,0.594179,0.002719,0.003376,5,12047643.600000,665992.701962,826806.590520,5,1212.944000,69.370849,86.121477,5,2.000000,0.000000,0.000000,5,2.000000,0.000000,0.000000,5,2.000000,0.000000,0.000000,5,3.000000,0.000000,0.000000,5
memo,1000,65536000,1000,65536000,0.01,32,65536,sharded,1200.0,ed25519,gossip,direct,shard,nonce_hash_set,5,61.100210,0.487769,0.605548,5,1054.289942,7.828467,9.718768,5,12047643.600000,665992.701962,826806.590520,5,1212.944000,69.370849,86.121477,5,2.000000,0.000000,0.000000,5,2.000000,0.000000,0.000000,5,2.000000,0.000000,0.000000,5,3.000000,0.000000,0.000000,5
memo,1000,65536000,1000,65536000,0.01,32,65536,sharded,150.0,ed25519,gossip,direct,shard,nonce_hash_set,5,488.573341,3.893702,4.833895,5,131.847813,0.977269,1.213246,5,12047643.600000,665992.701962,826806.590520,5,1212.944000,69.370849,86.121477,5,2.000000,0.000000,0.000000,5,2.000000,0.000000,0.000000,5,2.000000,0.000000,0.000000,5,3.000000,0.000000,0.000000,5
memo,1000,65536000,1000,65536000,0.01,32,65536,sharded,18.75,ed25519,gossip,direct,shard,nonce_hash_set,5,3893.989271,30.598691,37.987202,5,16.542737,0.120815,0.149988,5,12047643.600000,665992.701962,826806.590520,5,1212.944000,69.370849,86.121477,5,2.000000,0.000000,0.000000,5,2.000000,0.000000,0.000000,5,2.000000,0.000000,0.000000,5,3.000000,0.000000,0.000000,5
memo,1000,65536000,1000,65536000,0.01,32,65536,sharded,1.171875,ed25519,gossip,direct,shard,nonce_hash_set,5,58342.821801,351.604901,436.505157,5,1.104095,0.006109,0.007584,5,12047643.600000,665992.701962,826806.590520,5,1212.944000,69.370849,86.121477,5,2.000000,0.000000,0.000000,5,2.000000,0.000000,0.000000,5,2.000000,0.000000,0.000000,5,3.000000,0.000000,0.000000,5
memo,1000,65536000,1000,65536000,0.01,32,65536,sharded,2.34375,ed25519,gossip,direct,shard,nonce_hash_set,5,30223.309069,209.462203,260.039982,5,2.131354,0.013637,0.016930,5,12047643.600000,665992.701962,826806.590520,5,1212.944000,69.370849,86.121477,5,2.000000,0.000000,0.000000,5,2.000000,0.000000,0.000000,5,2.000000,0.000000,0.000000,5,3.000000,0.000000,0.000000,5
memo,1000,65536000,1000,65536000,0.01,32,65536,sharded,300.0,ed25519,gossip,direct,shard,nonce_hash_set,5,244.351918,1.949267,2.419947,5,263.625238,1.956015,2.428324,5,12047643.600000,665992.701962,826806.590520,5,1212.944000,69.370849,86.121477,5,2.000000,0.000000,0.000000,5,2.000000,0.000000,0.000000,5,2.000000,0.000000,0.000000,5,3.000000,0.000000,0.000000,5
memo,1000,65536000,1000,65536000,0.01,32,65536,sharded,37.5,ed25519,gossip,direct,shard,nonce_hash_set,5,1951.163688,15.457822,19.190345,5,33.014805,0.243189,0.301911,5,12047643.600000,665992.701962,826806.590520,5,1212.944000,69.370849,86.121477,5,2.000000,0.000000,0.000000,5,2.000000,0.000000,0.000000,5,2.000000,0.000000,0.000000,5,3.000000,0.000000,0.000000,5
memo,1000,65536000,1000,65536000,0.01,32,65536,sharded,4.6875,ed25519,gossip,direct,shard,nonce_hash_set,5,15376.402209,114.975612,142.738192,5,4.189338,0.029038,0.036050,5,12047643.600000,665992.701962,826806.590520,5,1212.944000,69.370849,86.121477,5,2.000000,0.000000,0.000000,5,2.000000,0.000000,0.000000,5,2.000000,0.000000,0.000000,5,3.000000,0.000000,0.000000,5
memo,1000,65536000,1000,65536000,0.01,32,65536,sharded,600.0,ed25519,gossip,direct,shard,nonce_hash_set,5,122.192265,0.975236,1.210722,5,527.180138,3.913498,4.858470,5,12047643.600000,665992.701962,826806.590520,5,1212.944000,69.370849,86.121477,5,2.000000,0.000000,0.000000,5,2.000000,0.000000,0.000000,5,2.000000,0.000000,0.000000,5,3.000000,0.000000,0.000000,5
memo,1000,65536000,1000,65536000,0.01,32,65536,sharded,75.0,ed25519,gossip,direct,shard,nonce_hash_set,5,976.624931,7.767957,9.643647,5,65.959113,0.487888,0.605695,5,12047643.600000,665992.701962,826806.590520,5,1212.944000,69.370849,86.121477,5,2.000000,0.000000,0.000000,5,2.000000,0.000000,0.000000,5,2.000000,0.000000,0.000000,5,3.000000,0.000000,0.000000,5
memo,1000,65536000,1000,65536000,0.01,32,65536,sharded,9.375,ed25519,gossip,direct,shard,nonce_hash_set,5,7754.675418,59.940592,74.414143,5,8.306878,0.059627,0.074025,5,12047643.600000,665992.701962,826806.590520,5,1212.944000,69.370849,86.121477,5,2.000000,0.000000,0.000000,5,2.000000,0.000000,0.000000,5,2.000000,0.000000,0.000000,5,3.000000,0.000000,0.000000,5
memo,1000,8192000,1000,8192000,0.01,32,8192,sharded,0.146484375,ed25519,gossip,direct,shard,nonce_hash_set,5,56354.323950,331.381882,411.398989,5,0.142897,0.000770,0.000956,5,12047643.600000,665992.701962,826806.590520,5,1212.944000,69.370849,86.121477,5,2.000000,0.000000,0.000000,5,2.000000,0.000000,0.000000,5,2.000000,0.000000,0.000000,5,3.000000,0.000000,0.000000,5
memo,1000,8192000,1000,8192000,0.01,32,8192,sharded,0.29296875,ed25519,gossip,direct,shard,nonce_hash_set,5,29682.465573,202.919060,251.916899,5,0.271303,0.001710,0.002123,5,12047643.600000,665992.701962,826806.590520,5,1212.944000,69.370849,86.121477,5,2.000000,0.000000,0.000000,5,2.000000,0.000000,0.000000,5,2.000000,0.000000,0.000000,5,3.000000,0.000000,0.000000,5
memo,1000,8192000,1000,8192000,0.01,32,8192,sharded,0.5859375,ed25519,gossip,direct,shard,nonce_hash_set,5,15235.995414,113.110419,140.422620,5,0.528550,0.003635,0.004513,5,12047643.600000,665992.701962,826806.590520,5,1212.944000,69.370849,86.121477,5,2.000000,0.000000,0.000000,5,2.000000,0.000000,0.000000,5,2.000000,0.000000,0.000000,5,3.000000,0.000000,0.000000,5
memo,1000,8192000,1000,8192000,0.01,32,8192,sharded,1200.0,ed25519,gossip,direct,shard,nonce_hash_set,5,7.638767,0.060993,0.075721,5,1054.233281,7.829760,9.720373,5,12047643.600000,665992.701962,826806.590520,5,1212.944000,69.370849,86.121477,5,2.000000,0.000000,0.000000,5,2.000000,0.000000,0.000000,5,2.000000,0.000000,0.000000,5,3.000000,0.000000,0.000000,5
memo,1000,8192000,1000,8192000,0.01,32,8192,sharded,150.0,ed25519,gossip,direct,shard,nonce_hash_set,5,61.104586,0.487786,0.605569,5,131.791125,0.978564,1.214853,5,12047643.600000,665992.701962,826806.590520,5,1212.944000,69.370849,86.121477,5,2.000000,0.000000,0.000000,5,2.000000,0.000000,0.000000,5,2.000000,0.000000,0.000000,5,3.000000,0.000000,0.000000,5
memo,1000,8192000,1000,8192000,0.01,32,8192,sharded,18.75,ed25519,gossip,direct,shard,nonce_hash_set,5,488.481716,3.892032,4.831821,5,16.485859,0.122164,0.151663,5,12047643.600000,665992.701962,826806.590520,5,1212.944000,69.370849,86.121477,5,2.000000,0.000000,0.000000,5,2.000000,0.000000,0.000000,5,2.000000,0.000000,0.000000,5,3.000000,0.000000,0.000000,5
memo,1000,8192000,1000,8192000,0.01,32,8192,sharded,1.171875,ed25519,gossip,direct,shard,nonce_hash_set,5,7719.218009,59.447687,73.802219,5,1.043242,0.007459,0.009260,5,12047643.600000,665992.701962,826806.590520,5,1212.944000,69.370849,86.121477,5,2.000000,0.000000,0.000000,5,2.000000,0.000000,0.000000,5,2.000000,0.000000,0.000000,5,3.000000,0.000000,0.000000,5
memo,1000,8192000,1000,8192000,0.01,32,8192,sharded,2.34375,ed25519,gossip,direct,shard,nonce_hash_set,5,3885.238221,30.473140,37.831334,5,2.072725,0.015107,0.018755,5,12047643.600000,665992.701962,826806.590520,5,1212.944000,69.370849,86.121477,5,2.000000,0.000000,0.000000,5,2.000000,0.000000,0.000000,5,2.000000,0.000000,0.000000,5,3.000000,0.000000,0.000000,5
memo,1000,8192000,1000,8192000,0.01,32,8192,sharded,300.0,ed25519,gossip,direct,shard,nonce_hash_set,5,30.553878,0.243939,0.302842,5,263.568576,1.957306,2.429927,5,12047643.600000,665992.701962,826806.590520,5,1212.944000,69.370849,86.121477,5,2.000000,0.000000,0.000000,5,2.000000,0.000000,0.000000,5,2.000000,0.000000,0.000000,5,3.000000,0.000000,0.000000,5
memo,1000,8192000,1000,8192000,0.01,32,8192,sharded,37.5,ed25519,gossip,direct,shard,nonce_hash_set,5,244.342267,1.948947,2.419549,5,32.958037,0.244507,0.303547,5,12047643.600000,665992.701962,826806.590520,5,1212.944000,69.370849,86.121477,5,2.000000,0.000000,0.000000,5,2.000000,0.000000,0.000000,5,2.000000,0.000000,0.000000,5,3.000000,0.000000,0.000000,5
memo,1000,8192000,1000,8192000,0.01,32,8192,sharded,4.6875,ed25519,gossip,direct,shard,nonce_hash_set,5,1949.069650,15.426737,19.151753,5,4.131733,0.030404,0.037746,5,12047643.600000,665992.701962,826806.590520,5,1212.944000,69.370849,86.121477,5,2.000000,0.000000,0.000000,5,2.000000,0.000000,0.000000,5,2.000000,0.000000,0.000000,5,3.000000,0.000000,0.000000,5
memo,1000,8192000,1000,8192000,0.01,32,8192,sharded,600.0,ed25519,gossip,direct,shard,nonce_hash_set,5,15.277336,0.121981,0.151435,5,527.123478,3.914791,4.860076,5,12047643.600000,665992.701962,826806.590520,5,1212.944000,69.370849,86.121477,5,2.000000,0.000000,0.000000,5,2.000000,0.000000,0.000000,5,2.000000,0.000000,0.000000,5,3.000000,0.000000,0.000000,5
memo,1000,8192000,1000,8192000,0.01,32,8192,sharded,75.0,ed25519,gossip,direct,shard,nonce_hash_set,5,122.196490,0.975205,1.210683,5,65.902400,0.489193,0.607316,5,12047643.600000,665992.701962,826806.590520,5,1212.944000,69.370849,86.121477,5,2.000000,0.000000,0.000000,5,2.000000,0.000000,0.000000,5,2.000000,0.000000,0.000000,5,3.000000,0.000000,0.000000,5
memo,1000,8192000,1000,8192000,0.01,32,8192,sharded,9.375,ed25519,gossip,direct,shard,nonce_hash_set,5,976.152974,7.760519,9.634413,5,8.249771,0.060991,0.075719,5,12047643.600000,665992.701962,826806.590520,5,1212.944000,69.370849,86.121477,5,2.000000,0.000000,0.000000,5,2.000000,0.000000,0.000000,5,2.000000,0.000000,0.000000,5,3.000000,0.000000,0.000000,5
memo,1000,1024000,1000,1024000,0.01,4,1024,sharded,0.146484375,ed25519,gossip,direct,shard,nonce_hash_set,5,7140.072678,86.114276,106.907854,5,0.125412,0.001276,0.001584,5,12045667.200000,725654.571135,900874.709419,5,1215.641000,61.842116,76.774819,5,2.000000,0.000000,0.000000,5,2.000000,0.000000,0.000000,5,2.000000,0.000000,0.000000,5,3.000000,0.000000,0.000000,5
memo,1000,1024000,1000,1024000,0.01,4,1024,sharded,0.29296875,ed25519,gossip,direct,shard,nonce_hash_set,5,3731.436886,48.045152,59.646372,5,0.239977,0.002614,0.003246,5,12045667.200000,725654.571135,900874.709419,5,1215.641000,61.842116,76.774819,5,2.000000,0.000000,0.000000,5,2.000000,0.000000,0.000000,5,2.000000,0.000000,0.000000,5,3.000000,0.000000,0.000000,5
memo,1000,1024000,1000,1024000,0.01,4,1024,sharded,0.5859375,ed25519,gossip,direct,shard,nonce_hash_set,5,1908.027900,25.467684,31.617237,5,0.469316,0.005314,0.006597,5,12045667.200000,725654.571135,900874.709419,5,1215.641000,61.842116,76.774819,5,2.000000,0.000000,0.000000,5,2.000000,0.000000,0.000000,5,2.000000,0.000000,0.000000,5,3.000000,0.000000,0.000000,5
memo,1000,1024000,1000,1024000,0.01,4,1024,sharded,1200.0,ed25519,gossip,direct,shard,nonce_hash_set,5,0.953028,0.013240,0.016437,5,939.612422,11.114358,13.798086,5,12045667.200000,725654.571135,900874.709419,5,1215.641000,61.842116,76.774819,5,2.000000,0.000000,0.000000,5,2.000000,0.000000,0.000000,5,2.000000,0.000000,0.000000,5,3.000000,0.000000,0.000000,5
memo,1000,1024000,1000,1024000,0.01,4,1024,sharded,150.0,ed25519,gossip,direct,shard,nonce_hash_set,5,7.623631,0.105898,0.131468,5,117.460727,1.389189,1.724630,5,12045667.200000,725654.571135,900874.709419,5,1215.641000,61.842116,76.774819,5,2.000000,0.000000,0.000000,5,2.000000,0.000000,0.000000,5,2.000000,0.000000,0.000000,5,3.000000,0.000000,0.000000,5
memo,1000,1024000,1000,1024000,0.01,4,1024,sharded,18.75,ed25519,gossip,direct,shard,nonce_hash_set,5,60.950947,0.845690,1.049894,5,14.691765,0.173543,0.215448,5,12045667.200000,725654.571135,900874.709419,5,1215.641000,61.842116,76.774819,5,2.000000,0.000000,0.000000,5,2.000000,0.000000,0.000000,5,2.000000,0.000000,0.000000,5,3.000000,0.000000,0.000000,5
memo,1000,1024000,1000,1024000,0.01,4,1024,sharded,1.171875,ed25519,gossip,direct,shard,nonce_hash_set,5,964.864552,13.134709,16.306281,5,0.928081,0.010739,0.013332,5,12045667.200000,725654.571135,900874.709419,5,1215.641000,61.842116,76.774819,5,2.000000,0.000000,0.000000,5,2.000000,0.000000,0.000000,5,2.000000,0.000000,0.000000,5,3.000000,0.000000,0.000000,5
memo,1000,1024000,1000,1024000,0.01,4,1024,sharded,2.34375,ed25519,gossip,direct,shard,nonce_hash_set,5,485.181019,6.671934,8.282972,5,1.845651,0.021591,0.026805,5,12045667.200000,725654.571135,900874.709419,5,1215.641000,61.842116,76.774819,5,2.000000,0.000000,0.000000,5,2.000000,0.000000,0.000000,5,2.000000,0.000000,0.000000,5,3.000000,0.000000,0.000000,5
memo,1000,1024000,1000,1024000,0.01,4,1024,sharded,300.0,ed25519,gossip,direct,shard,nonce_hash_set,5,3.811986,0.052955,0.065742,5,234.910969,2.778499,3.449409,5,12045667.200000,725654.571135,900874.709419,5,1215.641000,61.842116,76.774819,5,2.000000,0.000000,0.000000,5,2.000000,0.000000,0.000000,5,2.000000,0.000000,0.000000,5,3.000000,0.000000,0.000000,5
memo,1000,1024000,1000,1024000,0.01,4,1024,sharded,37.5,ed25519,gossip,direct,shard,nonce_hash_set,5,30.486357,0.423271,0.525476,5,29.373045,0.347207,0.431045,5,12045667.200000,725654.571135,900874.709419,5,1215.641000,61.842116,76.774819,5,2.000000,0.000000,0.000000,5,2.000000,0.000000,0.000000,5,2.000000,0.000000,0.000000,5,3.000000,0.000000,0.000000,5
memo,1000,1024000,1000,1024000,0.01,4,1024,sharded,4.6875,ed25519,gossip,direct,shard,nonce_hash_set,5,243.282584,3.362491,4.174414,5,3.680806,0.043297,0.053751,5,12045667.200000,725654.571135,900874.709419,5,1215.641000,61.842116,76.774819,5,2.000000,0.000000,0.000000,5,2.000000,0.000000,0.000000,5,2.000000,0.000000,0.000000,5,3.000000,0.000000,0.000000,5
memo,1000,1024000,1000,1024000,0.01,4,1024,sharded,600.0,ed25519,gossip,direct,shard,nonce_hash_set,5,1.906035,0.026479,0.032873,5,469.811453,5.557119,6.898968,5,12045667.200000,725654.571135,900874.709419,5,1215.641000,61.842116,76.774819,5,2.000000,0.000000,0.000000,5,2.000000,0.000000,0.000000,5,2.000000,0.000000,0.000000,5,3.000000,0.000000,0.000000,5
memo,1000,1024000,1000,1024000,0.01,4,1024,sharded,75.0,ed25519,gossip,direct,shard,nonce_hash_set,5,15.245901,0.211742,0.262870,5,58.735606,0.694534,0.862240,5,12045667.200000,725654.571135,900874.709419,5,1215.641000,61.842116,76.774819,5,2.000000,0.000000,0.000000,5,2.000000,0.000000,0.000000,5,2.000000,0.000000,0.000000,5,3.000000,0.000000,0.000000,5
memo,1000,1024000,1000,1024000,0.01,4,1024,sharded,9.375,ed25519,gossip,direct,shard,nonce_hash_set,5,121.814916,1.687978,2.095565,5,7.351125,0.086711,0.107649,5,12045667.200000,725654.571135,900874.709419,5,1215.641000,61.842116,76.774819,5,2.000000,0.000000,0.000000,5,2.000000,0.000000,0.000000,5,2.000000,0.000000,0.000000,5,3.000000,0.000000,0.000000,5
memo,1000,131072000,1000,131072000,0.01,4,131072,sharded,0.146484375,ed25519,gossip,direct,shard,nonce_hash_set,5,65707.049976,188.683686,234.244181,5,1.742268,0.001526,0.001895,5,12045667.200000,725654.571135,900874.709419,5,1215.641000,61.842116,76.774819,5,2.000000,0.000000,0.000000,5,2.000000,0.000000,0.000000,5,2.000000,0.000000,0.000000,5,3.000000,0.000000,0.000000,5
memo,1000,131072000,1000,131072000,0.01,4,131072,sharded,0.29296875,ed25519,gossip,direct,shard,nonce_hash_set,5,62570.710747,185.780217,230.639626,5,1.829600,0.003037,0.003770,5,12045667.200000,725654.571135,900874.709419,5,1215.641000,61.842116,76.774819,5,2.000000,0.000000,0.000000,5,2.000000,0.000000,0.000000,5,2.000000,0.000000,0.000000,5,3.000000,0.000000,0.000000,5
memo,1000,131072000,1000,131072000,0.01,4,131072,sharded,0.5859375,ed25519,gossip,direct,shard,nonce_hash_set,5,57118.115116,203.755868,252.955766,5,2.004265,0.006059,0.007522,5,12045667.200000,725654.571135,900874.709419,5,1215.641000,61.842116,76.774819,5,2.000000,0.000000,0.000000,5,2.000000,0.000000,0.000000,5,2.000000,0.000000,0.000000,5,3.000000,0.000000,0.000000,5
memo,1000,131072000,1000,131072000,0.01,4,131072,sharded,1200.0,ed25519,gossip,direct,shard,nonce_hash_set,5,121.727908,1.687620,2.095121,5,940.573216,11.098886,13.778878,5,12045667.200000,725654.571135,900874.709419,5,1215.641000,61.842116,76.774819,5,2.000000,0.000000,0.000000,5,2.000000,0.000000,0.000000,5,2.000000,0.000000,0.000000,5,3.000000,0.000000,0.000000,5
memo,1000,131072000,1000,131072000,0.01,4,131072,sharded,150.0,ed25519,gossip,direct,shard,nonce_hash_set,5,966.813701,13.197977,16.384826,5,118.423574,1.374380,1.706245,5,12045667.200000,725654.571135,900874.709419,5,1215.641000,61.842116,76.774819,5,2.000000,0.000000,0.000000,5,2.000000,0.000000,0.000000,5,2.000000,0.000000,0.000000,5,3.000000,0.000000,0.000000,5
memo,1000,131072000,1000,131072000,0.01,4,131072,sharded,18.75,ed25519,gossip,direct,shard,nonce_hash_set,5,7300.886243,89.759653,111.433463,5,15.681756,0.163096,0.202478,5,12045667.200000,725654.571135,900874.709419,5,1215.641000,61.842116,76.774819,5,2.000000,0.000000,0.000000,5,2.000000,0.000000,0.000000,5,2.000000,0.000000,0.000000,5,3.000000,0.000000,0.000000,5
memo,1000,131072000,1000,131072000,0.01,4,131072,sharded,1.171875,ed25519,gossip,direct,shard,nonce_hash_set,5,48641.009113,248.557571,308.575510,5,2.353596,0.012102,0.015024,5,12045667.200000,725654.571135,900874.709419,5,1215.641000,61.842116,76.774819,5,2.000000,0.000000,0.000000,5,2.000000,0.000000,0.000000,5,2.000000,0.000000,0.000000,5,3.000000,0.000000,0.000000,5
memo,1000,131072000,1000,131072000,0.01,4,131072,sharded,2.34375,ed25519,gossip,direct,shard,nonce_hash_set,5,37281.291766,273.424545,339.446986,5,3.070813,0.022964,0.028509,5,12045667.200000,725654.571135,900874.709419,5,1215.641000,61.842116,76.774819,5,2.000000,0.000000,0.000000,5,2.000000,0.000000,0.000000,5,2.000000,0.000000,0.000000,5,3.000000,0.000000,0.000000,5
memo,1000,131072000,1000,131072000,0.01,4,131072,sharded,300.0,ed25519,gossip,direct,shard,nonce_hash_set,5,485.405391,6.684959,8.299142,5,235.872543,2.763557,3.430859,5,12045667.200000,725654.571135,900874.709419,5,1215.641000,61.842116,76.774819,5,2.000000,0.000000,0.000000,5,2.000000,0.000000,0.000000,5,2.000000,0.000000,0.000000,5,3.000000,0.000000,0.000000,5
memo,1000,131072000,1000,131072000,0.01,4,131072,sharded,37.5,ed25519,gossip,direct,shard,nonce_hash_set,5,3772.859413,49.076267,60.926465,5,30.346253,0.334447,0.415204,5,12045667.200000,725654.571135,900874.709419,5,1215.641000,61.842116,76.774819,5,2.000000,0.000000,0.000000,5,2.000000,0.000000,0.000000,5,2.000000,0.000000,0.000000,5,3.000000,0.000000,0.000000,5
memo,1000,131072000,1000,131072000,0.01,4,131072,sharded,4.6875,ed25519,gossip,direct,shard,nonce_hash_set,5,24030.701423,227.580430,282.533125,5,4.764167,0.040601,0.050405,5,12045667.200000,725654.571135,900874.709419,5,1215.641000,61.842116,76.774819,5,2.000000,0.000000,0.000000,5,2.000000,0.000000,0.000000,5,2.000000,0.000000,0.000000,5,3.000000,0.000000,0.000000,5
memo,1000,131072000,1000,131072000,0.01,4,131072,sharded,600.0,ed25519,gossip,direct,shard,nonce_hash_set,5,243.204437,3.364208,4.176547,5,470.772416,5.541822,6.879977,5,12045667.200000,725654.571135,900874.709419,5,1215.641000,61.842116,76.774819,5,2.000000,0.000000,0.000000,5,2.000000,0.000000,0.000000,5,2.000000,0.000000,0.000000,5,3.000000,0.000000,0.000000,5
memo,1000,131072000,1000,131072000,0.01,4,131072,sharded,75.0,ed25519,gossip,direct,shard,nonce_hash_set,5,1917.753632,25.734268,31.948192,5,59.701632,0.680027,0.844230,5,12045667.200000,725654.571135,900874.709419,5,1215.641000,61.842116,76.774819,5,2.000000,0.000000,0.000000,5,2.000000,0.000000,0.000000,5,2.000000,0.000000,0.000000,5,3.000000,0.000000,0.000000,5
memo,1000,131072000,1000,131072000,0.01,4,131072,sharded,9.375,ed25519,gossip,direct,shard,nonce_hash_set,5,13673.318565,151.196621,187.705304,5,8.373132,0.078814,0.097845,5,12045667.200000,725654.571135,900874.709419,5,1215.641000,61.842116,76.774819,5,2.000000,0.000000,0.000000,5,2.000000,0.000000,0.000000,5,2.000000,0.000000,0.000000,5,3.000000,0.000000,0.000000,5
memo,1000,16384000,1000,16384000,0.01,4,16384,sharded,0.146484375,ed25519,gossip,direct,shard,nonce_hash_set,5,48286.233409,245.856007,305.221613,5,0.296379,0.001517,0.001883,5,12045667.200000,725654.571135,900874.709419,5,1215.641000,61.842116,76.774819,5,2.000000,0.000000,0.000000,5,2.000000,0.000000,0.000000,5,2.000000,0.000000,0.000000,5,3.000000,0.000000,0.000000,5
memo,1000,16384000,1000,16384000,0.01,4,16384,sharded,0.29296875,ed25519,gossip,direct,shard,nonce_hash_set,5,37072.546743,270.827003,336.222229,5,0.386036,0.002874,0.003568,5,12045667.200000,725654.571135,900874.709419,5,1215.641000,61.842116,76.774819,5,2.000000,0.000000,0.000000,5,2.000000,0.000000,0.000000,5,2.000000,0.000000,0.000000,5,3.000000,0.000000,0.000000,5
memo,1000,16384000,1000,16384000,0.01,4,16384,sharded,0.5859375,ed25519,gossip,direct,shard,nonce_hash_set,5,23943.814858,226.166817,280.778174,5,0.597718,0.005078,0.006305,5,12045667.200000,725654.571135,900874.709419,5,1215.641000,61.842116,76.774819,5,2.000000,0.000000,0.000000,5,2.000000,0.000000,0.000000,5,2.000000,0.000000,0.000000,5,3.000000,0.000000,0.000000,5
memo,1000,16384000,1000,16384000,0.01,4,16384,sharded,1200.0,ed25519,gossip,direct,shard,nonce_hash_set,5,15.230653,0.211573,0.262660,5,939.725555,11.112532,13.795819,5,12045667.200000,725654.571135,900874.709419,5,1215.641000,61.842116,76.774819,5,2.000000,0.000000,0.000000,5,2.000000,0.000000,0.000000,5,2.000000,0.000000,0.000000,5,3.000000,0.000000,0.000000,5
memo,1000,16384000,1000,16384000,0.01,4,16384,sharded,150.0,ed25519,gossip,direct,shard,nonce_hash_set,5,121.733065,1.687651,2.095159,5,117.573860,1.387363,1.722363,5,12045667.200000,725654.571135,900874.709419,5,1215.641000,61.842116,76.774819,5,2.000000,0.000000,0.000000,5,2.000000,0.000000,0.000000,5,2.000000,0.000000,0.000000,5,3.000000,0.000000,0.000000,5
memo,1000,16384000,1000,16384000,0.01,4,16384,sharded,18.75,ed25519,gossip,direct,shard,nonce_hash_set,5,966.728623,13.195172,16.381344,5,14.805154,0.171800,0.213284,5,12045667.200000,725654.571135,900874.709419,5,1215.641000,61.842116,76.774819,5,2.000000,0.000000,0.000000,5,2.000000,0.000000,0.000000,5,2.000000,0.000000,0.000000,5,3.000000,0.000000,0.000000,5
memo,1000,16384000,1000,16384000,0.01,4,16384,sharded,1.171875,ed25519,gossip,direct,shard,nonce_hash_set,5,13645.432248,150.652982,187.030396,5,1.048844,0.009854,0.012234,5,12045667.200000,725654.571135,900874.709419,5,1215.641000,61.842116,76.774819,5,2.000000,0.000000,0.000000,5,2.000000,0.000000,0.000000,5,2.000000,0.000000,0.000000,5,3.000000,0.000000,0.000000,5
memo,1000,16384000,1000,16384000,0.01,4,16384,sharded,2.34375,ed25519,gossip,direct,shard,nonce_hash_set,5,7293.127153,89.587742,111.220041,5,1.962425,0.020390,0.025313,5,12045667.200000,725654.571135,900874.709419,5,1215.641000,61.842116,76.774819,5,2.000000,0.000000,0.000000,5,2.000000,0.000000,0.000000,5,2.000000,0.000000,0.000000,5,3.000000,0.000000,0.000000,5
memo,1000,16384000,1000,16384000,0.01,4,16384,sharded,300.0,ed25519,gossip,direct,shard,nonce_hash_set,5,60.898566,0.845233,1.049328,5,235.024102,2.776673,3.447142,5,12045667.200000,725654.571135,900874.709419,5,1215.641000,61.842116,76.774819,5,2.000000,0.000000,0.000000,5,2.000000,0.000000,0.000000,5,2.000000,0.000000,0.000000,5,3.000000,0.000000,0.000000,5
memo,1000,16384000,1000,16384000,0.01,4,16384,sharded,37.5,ed25519,gossip,direct,shard,nonce_hash_set,5,485.398720,6.684417,8.298469,5,29.486275,0.345447,0.428861,5,12045667.200000,725654.571135,900874.709419,5,1215.641000,61.842116,76.774819,5,2.000000,0.000000,0.000000,5,2.000000,0.000000,0.000000,5,2.000000,0.000000,0.000000,5,3.000000,0.000000,0.000000,5
memo,1000,16384000,1000,16384000,0.01,4,16384,sharded,4.6875,ed25519,gossip,direct,shard,nonce_hash_set,5,3770.896139,49.028420,60.867064,5,3.795488,0.041808,0.051904,5,12045667.200000,725654.571135,900874.709419,5,1215.641000,61.842116,76.774819,5,2.000000,0.000000,0.000000,5,2.000000,0.000000,0.000000,5,2.000000,0.000000,0.000000,5,3.000000,0.000000,0.000000,5
memo,1000,16384000,1000,16384000,0.01,4,16384,sharded,600.0,ed25519,gossip,direct,shard,nonce_hash_set,5,30.457298,0.422969,0.525101,5,469.924586,5.555292,6.896701,5,12045667.200000,725654.571135,900874.709419,5,1215.641000,61.842116,76.774819,5,2.000000,0.000000,0.000000,5,2.000000,0.000000,0.000000,5,2.000000,0.000000,0.000000,5,3.000000,0.000000,0.000000,5
memo,1000,16384000,1000,16384000,0.01,4,16384,sharded,75.0,ed25519,gossip,direct,shard,nonce_hash_set,5,243.210181,3.364158,4.176485,5,58.848760,0.692730,0.860000,5,12045667.200000,725654.571135,900874.709419,5,1215.641000,61.842116,76.774819,5,2.000000,0.000000,0.000000,5,2.000000,0.000000,0.000000,5,2.000000,0.000000,0.000000,5,3.000000,0.000000,0.000000,5
memo,1000,16384000,1000,16384000,0.01,4,16384,sharded,9.375,ed25519,gossip,direct,shard,nonce_hash_set,5,1917.303711,25.722132,31.933125,5,7.464911,0.085006,0.105532,5,12045667.200000,725654.571135,900874.709419,5,1215.641000,61.842116,76.774819,5,2.000000,0.000000,0.000000,5,2.000000,0.000000,0.000000,5,2.000000,0.000000,0.000000,5,3.000000,0.000000,0.000000,5
memo,1000,2048000,1000,2048000,0.01,4,2048,sharded,0.146484375,ed25519,gossip,direct,shard,nonce_hash_set,5,13392.029480,145.637126,180.803387,5,0.133651,0.001234,0.001532,5,12045667.200000,725654.571135,900874.709419,5,1215.641000,61.842116,76.774819,5,2.000000,0.000000,0.000000,5,2.000000,0.000000,0.000000,5,2.000000,0.000000,0.000000,5,3.000000,0.000000,0.000000,5
memo,1000,2048000,1000,2048000,0.01,4,2048,sharded,0.29296875,ed25519,gossip,direct,shard,nonce_hash_set,5,7221.740827,87.968534,109.209851,5,0.247849,0.002550,0.003166,5,12045667.200000,725654.571135,900874.709419,5,1215.641000,61.842116,76.774819,5,2.000000,0.000000,0.000000,5,2.000000,0.000000,0.000000,5,2.000000,0.000000,0.000000,5,3.000000,0.000000,0.000000,5
memo,1000,2048000,1000,2048000,0.01,4,2048,sharded,0.5859375,ed25519,gossip,direct,shard,nonce_hash_set,5,3752.603665,48.573724,60.302575,5,0.476981,0.005227,0.006490,5,12045667.200000,725654.571135,900874.709419,5,1215.641000,61.842116,76.774819,5,2.000000,0.000000,0.000000,5,2.000000,0.000000,0.000000,5,2.000000,0.000000,0.000000,5,3.000000,0.000000,0.000000,5
memo,1000,2048000,1000,2048000,0.01,4,2048,sharded,1200.0,ed25519,gossip,direct,shard,nonce_hash_set,5,1.904977,0.026467,0.032858,5,939.619935,11.114237,13.797936,5,12045667.200000,725654.571135,900874.709419,5,1215.641000,61.842116,76.774819,5,2.000000,0.000000,0.000000,5,2.000000,0.000000,0.000000,5,2.000000,0.000000,0.000000,5,3.000000,0.000000,0.000000,5
memo,1000,2048000,1000,2048000,0.01,4,2048,sharded,150.0,ed25519,gossip,direct,shard,nonce_hash_set,5,15.237773,0.211652,0.262758,5,117.468240,1.389068,1.724479,5,12045667.200000,725654.571135,900874.709419,5,1215.641000,61.842116,76.774819,5,2.000000,0.000000,0.000000,5,2.000000,0.000000,0.000000,5,2.000000,0.000000,0.000000,5,3.000000,0.000000,0.000000,5
memo,1000,2048000,1000,2048000,0.01,4,2048,sharded,18.75,ed25519,gossip,direct,shard,nonce_hash_set,5,121.771515,1.687813,2.095361,5,14.699278,0.173422,0.215297,5,12045667.200000,725654.571135,900874.709419,5,1215.641000,61.842116,76.774819,5,2.000000,0.000000,0.000000,5,2.000000,0.000000,0.000000,5,2.000000,0.000000,0.000000,5,3.000000,0.000000,0.000000,5
memo,1000,2048000,1000,2048000,0.01,4,2048,sharded,1.171875,ed25519,gossip,direct,shard,nonce_hash_set,5,1913.022139,25.605131,31.787873,5,0.935659,0.010627,0.013193,5,12045667.200000,725654.571135,900874.709419,5,1215.641000,61.842116,76.774819,5,2.000000,0.000000,0.000000,5,2.000000,0.000000,0.000000,5,2.000000,0.000000,0.000000,5,3.000000,0.000000,0.000000,5
memo,1000,2048000,1000,2048000,0.01,4,2048,sharded,2.34375,ed25519,gossip,direct,shard,nonce_hash_set,5,965.872774,13.167491,16.346978,5,1.853190,0.021476,0.026662,5,12045667.200000,725654.571135,900874.709419,5,1215.641000,61.842116,76.774819,5,2.000000,0.000000,0.000000,5,2.000000,0.000000,0.000000,5,2.000000,0.000000,0.000000,5,3.000000,0.000000,0.000000,5
memo,1000,2048000,1000,2048000,0.01,4,2048,sharded,300.0,ed25519,gossip,direct,shard,nonce_hash_set,5,7.619470,0.105850,0.131409,5,234.918482,2.778378,3.449258,5,12045667.200000,725654.571135,900874.709419,5,1215.641000,61.842116,76.774819,5,2.000000,0.000000,0.000000,5,2.000000,0.000000,0.000000,5,2.000000,0.000000,0.000000,5,3.000000,0.000000,0.000000,5
memo,1000,2048000,1000,2048000,0.01,4,2048,sharded,37.5,ed25519,gossip,direct,shard,nonce_hash_set,5,60.923074,0.845449,1.049595,5,29.380558,0.347085,0.430894,5,12045667.200000,725654.571135,900874.709419,5,1215.641000,61.842116,76.774819,5,2.000000,0.000000,0.000000,5,2.000000,0.000000,0.000000,5,2.000000,0.000000,0.000000,5,3.000000,0.000000,0.000000,5
memo,1000,2048000,1000,2048000,0.01,4,2048,sharded,4.6875,ed25519,gossip,direct,shard,nonce_hash_set,5,485.300937,6.678737,8.291417,5,3.688330,0.043182,0.053609,5,12045667.200000,725654.571135,900874.709419,5,1215.641000,61.842116,76.774819,5,2.000000,0.000000,0.000000,5,2.000000,0.000000,0.000000,5,2.000000,0.000000,0.000000,5,3.000000,0.000000,0.000000,5
memo,1000,2048000,1000,2048000,0.01,4,2048,sharded,600.0,ed25519,gossip,direct,shard,nonce_hash_set,5,3.809881,0.052931,0.065712,5,469.818966,5.556997,6.898817,5,12045667.200000,725654.571135,900874.709419,5,1215.641000,61.842116,76.774819,5,2.000000,0.000000,0.000000,5,2.000000,0.000000,0.000000,5,2.000000,0.000000,0.000000,5,3.000000,0.000000,0.000000,5
memo,1000,2048000,1000,2048000,0.01,4,2048,sharded,75.0,ed25519,gossip,direct,shard,nonce_hash_set,5,30.470875,0.423111,0.525277,5,58.743119,0.694413,0.862089,5,12045667.200000,725654.571135,900874.709419,5,1215.641000,61.842116,76.774819,5,2.000000,0.000000,0.000000,5,2.000000,0.000000,0.000000,5,2.000000,0.000000,0.000000,5,3.000000,0.000000,0.000000,5
memo,1000,2048000,1000,2048000,0.01,4,2048,sharded,9.375,ed25519,gossip,direct,shard,nonce_hash_set,5,243.244960,3.363418,4.175566,5,7.358640,0.086593,0.107502,5,12045667.200000,725654.571135,900874.709419,5,1215.641000,61.842116,76.774819,5,2.000000,0.000000,0.000000,5,2.000000,0.000000,0.000000,5,2.000000,0.000000,0.000000,5,3.000000,0.000000,0.000000,5
memo,1000,262144000,1000,262144000,0.01,4,262144,sharded,0.146484375,ed25519,gossip,direct,shard,nonce_hash_set,5,67297.542611,194.752313,241.778169,5,3.402168,0.001549,0.001923,5,12045667.200000,725654.571135,900874.709419,5,1215.641000,61.842116,76.774819,5,2.000000,0.000000,0.000000,5,2.000000,0.000000,0.000000,5,2.000000,0.000000,0.000000,5,3.000000,0.000000,0.000000,5
memo,1000,262144000,1000,262144000,0.01,4,262144,sharded,0.29296875,ed25519,gossip,direct,shard,nonce_hash_set,5,65613.280378,187.580269,232.874328,5,3.489500,0.003057,0.003795,5,12045667.200000,725654.571135,900874.709419,5,1215.641000,61.842116,76.774819,5,2.000000,0.000000,0.000000,5,2.000000,0.000000,0.000000,5,2.000000,0.000000,0.000000,5,3.000000,0.000000,0.000000,5
memo,1000,262144000,1000,262144000,0.01,4,262144,sharded,0.5859375,ed25519,gossip,direct,shard,nonce_hash_set,5,62485.660283,184.771086,229.386826,5,3.664165,0.006078,0.007545,5,12045667.200000,725654.571135,900874.709419,5,1215.641000,61.842116,76.774819,5,2.000000,0.000000,0.000000,5,2.000000,0.000000,0.000000,5,2.000000,0.000000,0.000000,5,3.000000,0.000000,0.000000,5
memo,1000,262144000,1000,262144000,0.01,4,262144,sharded,1200.0,ed25519,gossip,direct,shard,nonce_hash_set,5,243.202121,3.364153,4.176479,5,941.549681,11.083610,13.759913,5,12045667.200000,725654.571135,900874.709419,5,1215.641000,61.842116,76.774819,5,2.000000,0.000000,0.000000,5,2.000000,0.000000,0.000000,5,2.000000,0.000000,0.000000,5,3.000000,0.000000,0.000000,5
memo,1000,262144000,1000,262144000,0.01,4,262144,sharded,150.0,ed25519,gossip,direct,shard,nonce_hash_set,5,1917.667322,25.731599,31.944877,5,119.408114,1.360021,1.688419,5,12045667.200000,725654.571135,900874.709419,5,1215.641000,61.842116,76.774819,5,2.000000,0.000000,0.000000,5,2.000000,0.000000,0.000000,5,2.000000,0.000000,0.000000,5,3.000000,0.000000,0.000000,5
memo,1000,262144000,1000,262144000,0.01,4,262144,sharded,18.75,ed25519,gossip,direct,shard,nonce_hash_set,5,13669.283552,151.086561,187.568669,5,16.751133,0.157603,0.195659,5,12045667.200000,725654.571135,900874.709419,5,1215.641000,61.842116,76.774819,5,2.000000,0.000000,0.000000,5,2.000000,0.000000,0.000000,5,2.000000,0.000000,0.000000,5,3.000000,0.000000,0.000000,5
memo,1000,262144000,1000,262144000,0.01,4,262144,sharded,1.171875,ed25519,gossip,direct,shard,nonce_hash_set,5,57047.211527,202.889866,251.880656,5,4.013495,0.012121,0.015047,5,12045667.200000,725654.571135,900874.709419,5,1215.641000,61.842116,76.774819,5,2.000000,0.000000,0.000000,5,2.000000,0.000000,0.000000,5,2.000000,0.000000,0.000000,5,3.000000,0.000000,0.000000,5
memo,1000,262144000,1000,262144000,0.01,4,262144,sharded,2.34375,ed25519,gossip,direct,shard,nonce_hash_set,5,48589.548326,247.841141,307.686087,5,4.712156,0.024207,0.030053,5,12045667.200000,725654.571135,900874.709419,5,1215.641000,61.842116,76.774819,5,2.000000,0.000000,0.000000,5,2.000000,0.000000,0.000000,5,2.000000,0.000000,0.000000,5,3.000000,0.000000,0.000000,5
memo,1000,262144000,1000,262144000,0.01,4,262144,sharded,300.0,ed25519,gossip,direct,shard,nonce_hash_set,5,966.789676,13.197264,16.383940,5,236.851998,2.748727,3.412448,5,12045667.200000,725654.571135,900874.709419,5,1215.641000,61.842116,76.774819,5,2.000000,0.000000,0.000000,5,2.000000,0.000000,0.000000,5,2.000000,0.000000,0.000000,5,3.000000,0.000000,0.000000,5
memo,1000,262144000,1000,262144000,0.01,4,262144,sharded,37.5,ed25519,gossip,direct,shard,nonce_hash_set,5,7299.722982,89.724740,111.390119,5,31.368371,0.326162,0.404919,5,12045667.200000,725654.571135,900874.709419,5,1215.641000,61.842116,76.774819,5,2.000000,0.000000,0.000000,5,2.000000,0.000000,0.000000,5,2.000000,0.000000,0.000000,5,3.000000,0.000000,0.000000,5
memo,1000,262144000,1000,262144000,0.01,4,262144,sharded,4.6875,ed25519,gossip,direct,shard,nonce_hash_set,5,37251.143902,272.890383,338.783844,5,6.146569,0.045929,0.057019,5,12045667.200000,725654.571135,900874.709419,5,1215.641000,61.842116,76.774819,5,2.000000,0.000000,0.000000,5,2.000000,0.000000,0.000000,5,2.000000,0.000000,0.000000,5,3.000000,0.000000,0.000000,5
memo,1000,262144000,1000,262144000,0.01,4,262144,sharded,600.0,ed25519,gossip,direct,shard,nonce_hash_set,5,485.398280,6.684766,8.298902,5,471.749934,5.527081,6.861677,5,12045667.200000,725654.571135,900874.709419,5,1215.641000,61.842116,76.774819,5,2.000000,0.000000,0.000000,5,2.000000,0.000000,0.000000,5,2.000000,0.000000,0.000000,5,3.000000,0.000000,0.000000,5
memo,1000,262144000,1000,262144000,0.01,4,262144,sharded,75.0,ed25519,gossip,direct,shard,nonce_hash_set,5,3772.541157,49.066408,60.914225,5,60.697359,0.668861,0.830368,5,12045667.200000,725654.571135,900874.709419,5,1215.641000,61.842116,76.774819,5,2.000000,0.000000,0.000000,5,2.000000,0.000000,0.000000,5,2.000000,0.000000,0.000000,5,3.000000,0.000000,0.000000,5
memo,1000,262144000,1000,262144000,0.01,4,262144,sharded,9.375,ed25519,gossip,direct,shard,nonce_hash_set,5,24018.264111,227.286423,282.168126,5,9.533226,0.081188,0.100791,5,12045667.200000,725654.571135,900874.709419,5,1215.641000,61.842116,76.774819,5,2.000000,0.000000,0.000000,5,2.000000,0.000000,0.000000,5,2.000000,0.000000,0.000000,5,3.000000,0.000000,0.000000,5
memo,1000,32768000,1000,32768000,0.01,4,32768,sharded,0.146484375,ed25519,gossip,direct,shard,nonce_hash_set,5,56934.943105,203.179899,252.240722,5,0.502692,0.001518,0.001884,5,12045667.200000,725654.571135,900874.709419,5,1215.641000,61.842116,76.774819,5,2.000000,0.000000,0.000000,5,2.000000,0.000000,0.000000,5,2.000000,0.000000,0.000000,5,3.000000,0.000000,0.000000,5
memo,1000,32768000,1000,32768000,0.01,4,32768,sharded,0.29296875,ed25519,gossip,direct,shard,nonce_hash_set,5,48508.296852,247.632224,307.426724,5,0.590024,0.003029,0.003760,5,12045667.200000,725654.571135,900874.709419,5,1215.641000,61.842116,76.774819,5,2.000000,0.000000,0.000000,5,2.000000,0.000000,0.000000,5,2.000000,0.000000,0.000000,5,3.000000,0.000000,0.000000,5
memo,1000,32768000,1000,32768000,0.01,4,32768,sharded,0.5859375,ed25519,gossip,direct,shard,nonce_hash_set,5,37203.102741,272.494135,338.291916,5,0.769337,0.005744,0.007131,5,12045667.200000,725654.571135,900874.709419,5,1215.641000,61.842116,76.774819,5,2.000000,0.000000,0.000000,5,2.000000,0.000000,0.000000,5,2.000000,0.000000,0.000000,5,3.000000,0.000000,0.000000,5
memo,1000,32768000,1000,32768000,0.01,4,32768,sharded,1200.0,ed25519,gossip,direct,shard,nonce_hash_set,5,30.456322,0.422959,0.525089,5,939.846427,11.110583,13.793400,5,12045667.200000,725654.571135,900874.709419,5,1215.641000,61.842116,76.774819,5,2.000000,0.000000,0.000000,5,2.000000,0.000000,0.000000,5,2.000000,0.000000,0.000000,5,3.000000,0.000000,0.000000,5
memo,1000,32768000,1000,32768000,0.01,4,32768,sharded,150.0,ed25519,gossip,direct,shard,nonce_hash_set,5,243.207358,3.364202,4.176539,5,117.694774,1.385459,1.719999,5,12045667.200000,725654.571135,900874.709419,5,1215.641000,61.842116,76.774819,5,2.000000,0.000000,0.000000,5,2.000000,0.000000,0.000000,5,2.000000,0.000000,0.000000,5,3.000000,0.000000,0.000000,5
memo,1000,32768000,1000,32768000,0.01,4,32768,sharded,18.75,ed25519,gossip,direct,shard,nonce_hash_set,5,1917.589349,25.729977,31.942865,5,14.927077,0.170010,0.211062,5,12045667.200000,725654.571135,900874.709419,5,1215.641000,61.842116,76.774819,5,2.000000,0.000000,0.000000,5,2.000000,0.000000,0.000000,5,2.000000,0.000000,0.000000,5,3.000000,0.000000,0.000000,5
memo,1000,32768000,1000,32768000,0.01,4,32768,sharded,1.171875,ed25519,gossip,direct,shard,nonce_hash_set,5,23998.008760,227.077131,281.908297,5,1.192695,0.010154,0.012605,5,12045667.200000,725654.571135,900874.709419,5,1215.641000,61.842116,76.774819,5,2.000000,0.000000,0.000000,5,2.000000,0.000000,0.000000,5,2.000000,0.000000,0.000000,5,3.000000,0.000000,0.000000,5
memo,1000,32768000,1000,32768000,0.01,4,32768,sharded,2.34375,ed25519,gossip,direct,shard,nonce_hash_set,5,13662.824762,151.000551,187.461890,5,2.094945,0.019706,0.024465,5,12045667.200000,725654.571135,900874.709419,5,1215.641000,61.842116,76.774819,5,2.000000,0.000000,0.000000,5,2.000000,0.000000,0.000000,5,2.000000,0.000000,0.000000,5,3.000000,0.000000,0.000000,5
memo,1000,32768000,1000,32768000,0.01,4,32768,sharded,300.0,ed25519,gossip,direct,shard,nonce_hash_set,5,121.730233,1.687637,2.095142,5,235.144974,2.774725,3.444724,5,12045667.200000,725654.571135,900874.709419,5,1215.641000,61.842116,76.774819,5,2.000000,0.000000,0.000000,5,2.000000,0.000000,0.000000,5,2.000000,0.000000,0.000000,5,3.000000,0.000000,0.000000,5
memo,1000,32768000,1000,32768000,0.01,4,32768,sharded,37.5,ed25519,gossip,direct,shard,nonce_hash_set,5,966.784491,13.197011,16.383627,5,29.607564,0.343599,0.426566,5,12045667.200000,725654.571135,900874.709419,5,1215.641000,61.842116,76.774819,5,2.000000,0.000000,0.000000,5,2.000000,0.000000,0.000000,5,2.000000,0.000000,0.000000,5,3.000000,0.000000,0.000000,5
memo,1000,32768000,1000,32768000,0.01,4,32768,sharded,4.6875,ed25519,gossip,direct,shard,nonce_hash_set,5,7297.975559,89.698083,111.357025,5,3.922105,0.040777,0.050624,5,12045667.200000,725654.571135,900874.709419,5,1215.641000,61.842116,76.774819,5,2.000000,0.000000,0.000000,5,2.000000,0.000000,0.000000,5,2.000000,0.000000,0.000000,5,3.000000,0.000000,0.000000,5
memo,1000,32768000,1000,32768000,0.01,4,32768,sharded,600.0,ed25519,gossip,direct,shard,nonce_hash_set,5,60.896794,0.845218,1.049308,5,470.045459,5.553344,6.894282,5,12045667.200000,725654.571135,900874.709419,5,1215.641000,61.842116,76.774819,5,2.000000,0.000000,0.000000,5,2.000000,0.000000,0.000000,5,2.000000,0.000000,0.000000,5,3.000000,0.000000,0.000000,5
memo,1000,32768000,1000,32768000,0.01,4,32768,sharded,75.0,ed25519,gossip,direct,shard,nonce_hash_set,5,485.404360,6.684786,8.298928,5,58.969806,0.690893,0.857719,5,12045667.200000,725654.571135,900874.709419,5,1215.641000,61.842116,76.774819,5,2.000000,0.000000,0.000000,5,2.000000,0.000000,0.000000,5,2.000000,0.000000,0.000000,5,3.000000,0.000000,0.000000,5
memo,1000,32768000,1000,32768000,0.01,4,32768,sharded,9.375,ed25519,gossip,direct,shard,nonce_hash_set,5,3772.128521,49.059147,60.905211,5,7.588232,0.083615,0.103805,5,12045667.200000,725654.571135,900874.709419,5,1215.641000,61.842116,76.774819,5,2.000000,0.000000,0.000000,5,2.000000,0.000000,0.000000,5,2.000000,0.000000,0.000000,5,3.000000,0.000000,0.000000,5
memo,1000,4096000,1000,4096000,0.01,4,4096,sharded,0.146484375,ed25519,gossip,direct,shard,nonce_hash_set,5,23607.213556,220.540692,273.793537,5,0.151592,0.001272,0.001579,5,12045667.200000,725654.571135,900874.709419,5,1215.641000,61.842116,76.774819,5,2.000000,0.000000,0.000000,5,2.000000,0.000000,0.000000,5,2.000000,0.000000,0.000000,5,3.000000,0.000000,0.000000,5
memo,1000,4096000,1000,4096000,0.01,4,4096,sharded,0.29296875,ed25519,gossip,direct,shard,nonce_hash_set,5,13536.681092,148.491517,184.347013,5,0.264373,0.002465,0.003061,5,12045667.200000,725654.571135,900874.709419,5,1215.641000,61.842116,76.774819,5,2.000000,0.000000,0.000000,5,2.000000,0.000000,0.000000,5,2.000000,0.000000,0.000000,5,3.000000,0.000000,0.000000,5
memo,1000,4096000,1000,4096000,0.01,4,4096,sharded,0.5859375,ed25519,gossip,direct,shard,nonce_hash_set,5,7262.653512,88.895073,110.360116,5,0.492768,0.005099,0.006330,5,12045667.200000,725654.571135,900874.709419,5,1215.641000,61.842116,76.774819,5,2.000000,0.000000,0.000000,5,2.000000,0.000000,0.000000,5,2.000000,0.000000,0.000000,5,3.000000,0.000000,0.000000,5
memo,1000,4096000,1000,4096000,0.01,4,4096,sharded,1200.0,ed25519,gossip,direct,shard,nonce_hash_set,5,3.808829,0.052919,0.065697,5,939.635003,11.113993,13.797633,5,12045667.200000,725654.571135,900874.709419,5,1215.641000,61.842116,76.774819,5,2.000000,0.000000,0.000000,5,2.000000,0.000000,0.000000,5,2.000000,0.000000,0.000000,5,3.000000,0.000000,0.000000,5
memo,1000,4096000,1000,4096000,0.01,4,4096,sharded,150.0,ed25519,gossip,direct,shard,nonce_hash_set,5,30.463122,0.423030,0.525177,5,117.483308,1.388824,1.724177,5,12045667.200000,725654.571135,900874.709419,5,1215.641000,61.842116,76.774819,5,2.000000,0.000000,0.000000,5,2.000000,0.000000,0.000000,5,2.000000,0.000000,0.000000,5,3.000000,0.000000,0.000000,5
memo,1000,4096000,1000,4096000,0.01,4,4096,sharded,18.75,ed25519,gossip,direct,shard,nonce_hash_set,5,243.225427,3.363850,4.176102,5,14.714351,0.173184,0.215002,5,12045667.200000,725654.571135,900874.709419,5,1215.641000,61.842116,76.774819,5,2.000000,0.000000,0.000000,5,2.000000,0.000000,0.000000,5,2.000000,0.000000,0.000000,5,3.000000,0.000000,0.000000,5
memo,1000,4096000,1000,4096000,0.01,4,4096,sharded,1.171875,ed25519,gossip,direct,shard,nonce_hash_set,5,3763.113419,48.834751,60.626631,5,0.951033,0.010453,0.012977,5,12045667.200000,725654.571135,900874.709419,5,1215.641000,61.842116,76.774819,5,2.000000,0.000000,0.000000,5,2.000000,0.000000,0.000000,5,2.000000,0.000000,0.000000,5,3.000000,0.000000,0.000000,5
memo,1000,4096000,1000,4096000,0.01,4,4096,sharded,2.34375,ed25519,gossip,direct,shard,nonce_hash_set,5,1915.486859,25.672429,31.871420,5,1.868389,0.021253,0.026384,5,12045667.200000,725654.571135,900874.709419,5,1215.641000,61.842116,76.774819,5,2.000000,0.000000,0.000000,5,2.000000,0.000000,0.000000,5,2.000000,0.000000,0.000000,5,3.000000,0.000000,0.000000,5
memo,1000,4096000,1000,4096000,0.01,4,4096,sharded,300.0,ed25519,gossip,direct,shard,nonce_hash_set,5,15.233706,0.211607,0.262702,5,234.933550,2.778134,3.448956,5,12045667.200000,725654.571135,900874.709419,5,1215.641000,61.842116,76.774819,5,2.000000,0.000000,0.000000,5,2.000000,0.000000,0.000000,5,2.000000,0.000000,0.000000,5,3.000000,0.000000,0.000000,5
memo,1000,4096000,1000,4096000,0.01,4,4096,sharded,37.5,ed25519,gossip,direct,shard,nonce_hash_set,5,121.749630,1.687723,2.095249,5,29.395626,0.346842,0.430592,5,12045667.200000,725654.571135,900874.709419,5,1215.641000,61.842116,76.774819,5,2.000000,0.000000,0.000000,5,2.000000,0.000000,0.000000,5,2.000000,0.000000,0.000000,5,3.000000,0.000000,0.000000,5
memo,1000,4096000,1000,4096000,0.01,4,4096,sharded,4.6875,ed25519,gossip,direct,shard,nonce_hash_set,5,966.366879,13.183439,16.366777,5,3.703450,0.042951,0.053322,5,12045667.200000,725654.571135,900874.709419,5,1215.641000,61.842116,76.774819,5,2.000000,0.000000,0.000000,5,2.000000,0.000000,0.000000,5,2.000000,0.000000,0.000000,5,3.000000,0.000000,0.000000,5
memo,1000,4096000,1000,4096000,0.01,4,4096,sharded,600.0,ed25519,gossip,direct,shard,nonce_hash_set,5,7.617389,0.105826,0.131380,5,469.834034,5.556754,6.898515,5,12045667.200000,725654.571135,900874.709419,5,1215.641000,61.842116,76.774819,5,2.000000,0.000000,0.000000,5,2.000000,0.000000,0.000000,5,2.000000,0.000000,0.000000,5,3.000000,0.000000,0.000000,5
memo,1000,4096000,1000,4096000,0.01,4,4096,sharded,75.0,ed25519,gossip,direct,shard,nonce_hash_set,5,60.909091,0.845326,1.049443,5,58.758187,0.694169,0.861787,5,12045667.200000,725654.571135,900874.709419,5,1215.641000,61.842116,76.774819,5,2.000000,0.000000,0.000000,5,2.000000,0.000000,0.000000,5,2.000000,0.000000,0.000000,5,3.000000,0.000000,0.000000,5
memo,1000,4096000,1000,4096000,0.01,4,4096,sharded,9.375,ed25519,gossip,direct,shard,nonce_hash_set,5,485.358143,6.682017,8.295490,5,7.373730,0.086363,0.107217,5,12045667.200000,725654.571135,900874.709419,5,1215.641000,61.842116,76.774819,5,2.000000,0.000000,0.000000,5,2.000000,0.000000,0.000000,5,2.000000,0.000000,0.000000,5,3.000000,0.000000,0.000000,5
memo,1000,524288000,1000,524288000,0.01,4,524288,sharded,0.146484375,ed25519,gossip,direct,shard,nonce_hash_set,5,67654.408358,195.362895,242.536185,5,6.768428,0.001722,0.002138,5,12045667.200000,725654.571135,900874.709419,5,1215.641000,61.842116,76.774819,5,2.000000,0.000000,0.000000,5,2.000000,0.000000,0.000000,5,2.000000,0.000000,0.000000,5,3.000000,0.000000,0.000000,5
memo,1000,524288000,1000,524288000,0.01,4,524288,sharded,0.29296875,ed25519,gossip,direct,shard,nonce_hash_set,5,66792.585979,190.096150,235.997706,5,6.855761,0.003187,0.003957,5,12045667.200000,725654.571135,900874.709419,5,1215.641000,61.842116,76.774819,5,2.000000,0.000000,0.000000,5,2.000000,0.000000,0.000000,5,2.000000,0.000000,0.000000,5,3.000000,0.000000,0.000000,5
memo,1000,524288000,1000,524288000,0.01,4,524288,sharded,0.5859375,ed25519,gossip,direct,shard,nonce_hash_set,5,65133.189045,183.163032,227.390483,5,7.030426,0.006184,0.007677,5,12045667.200000,725654.571135,900874.709419,5,1215.641000,61.842116,76.774819,5,2.000000,0.000000,0.000000,5,2.000000,0.000000,0.000000,5,2.000000,0.000000,0.000000,5,3.000000,0.000000,0.000000,5
memo,1000,524288000,1000,524288000,0.01,4,524288,sharded,1200.0,ed25519,gossip,direct,shard,nonce_hash_set,5,485.371116,6.683938,8.297875,5,943.550593,11.053925,13.723061,5,12045667.200000,725654.571135,900874.709419,5,1215.641000,61.842116,76.774819,5,2.000000,0.000000,0.000000,5,2.000000,0.000000,0.000000,5,2.000000,0.000000,0.000000,5,3.000000,0.000000,0.000000,5
memo,1000,524288000,1000,524288000,0.01,4,524288,sharded,150.0,ed25519,gossip,direct,shard,nonce_hash_set,5,3770.955930,49.019723,60.856267,5,121.445469,1.337499,1.660458,5,12045667.200000,725654.571135,900874.709419,5,1215.641000,61.842116,76.774819,5,2.000000,0.000000,0.000000,5,2.000000,0.000000,0.000000,5,2.000000,0.000000,0.000000,5,3.000000,0.000000,0.000000,5
memo,1000,524288000,1000,524288000,0.01,4,524288,sharded,18.75,ed25519,gossip,direct,shard,nonce_hash_set,5,23954.149193,225.899729,280.446593,5,19.117434,0.162279,0.201463,5,12045667.200000,725654.571135,900874.709419,5,1215.641000,61.842116,76.774819,5,2.000000,0.000000,0.000000,5,2.000000,0.000000,0.000000,5,2.000000,0.000000,0.000000,5,3.000000,0.000000,0.000000,5
memo,1000,524288000,1000,524288000,0.01,4,524288,sharded,1.171875,ed25519,gossip,direct,shard,nonce_hash_set,5,62050.089048,180.723020,224.361294,5,7.379756,0.012214,0.015163,5,12045667.200000,725654.571135,900874.709419,5,1215.641000,61.842116,76.774819,5,2.000000,0.000000,0.000000,5,2.000000,0.000000,0.000000,5,2.000000,0.000000,0.000000,5,3.000000,0.000000,0.000000,5
memo,1000,524288000,1000,524288000,0.01,4,524288,sharded,2.34375,ed25519,gossip,direct,shard,nonce_hash_set,5,56683.928564,199.279876,247.398980,5,8.078416,0.024294,0.030161,5,12045667.200000,725654.571135,900874.709419,5,1215.641000,61.842116,76.774819,5,2.000000,0.000000,0.000000,5,2.000000,0.000000,0.000000,5,2.000000,0.000000,0.000000,5,3.000000,0.000000,0.000000,5
memo,1000,524288000,1000,524288000,0.01,4,524288,sharded,300.0,ed25519,gossip,direct,shard,nonce_hash_set,5,1917.255689,25.719139,31.929409,5,238.866964,2.719811,3.376550,5,12045667.200000,725654.571135,900874.709419,5,1215.641000,61.842116,76.774819,5,2.000000,0.000000,0.000000,5,2.000000,0.000000,0.000000,5,2.000000,0.000000,0.000000,5,3.000000,0.000000,0.000000,5
memo,1000,524288000,1000,524288000,0.01,4,524288,sharded,37.5,ed25519,gossip,direct,shard,nonce_hash_set,5,13648.535033,150.563732,186.919594,5,33.553111,0.315033,0.391102,5,12045667.200000,725654.571135,900874.709419,5,1215.641000,61.842116,76.774819,5,2.000000,0.000000,0.000000,5,2.000000,0.000000,0.000000,5,2.000000,0.000000,0.000000,5,3.000000,0.000000,0.000000,5
memo,1000,524288000,1000,524288000,0.01,4,524288,sharded,4.6875,ed25519,gossip,direct,shard,nonce_hash_set,5,48325.731564,244.627349,303.696277,5,9.475737,0.048465,0.060168,5,12045667.200000,725654.571135,900874.709419,5,1215.641000,61.842116,76.774819,5,2.000000,0.000000,0.000000,5,2.000000,0.000000,0.000000,5,2.000000,0.000000,0.000000,5,3.000000,0.000000,0.000000,5
memo,1000,524288000,1000,524288000,0.01,4,524288,sharded,600.0,ed25519,gossip,direct,shard,nonce_hash_set,5,966.684010,13.194032,16.379928,5,473.754724,5.497219,6.824604,5,12045667.200000,725654.571135,900874.709419,5,1215.641000,61.842116,76.774819,5,2.000000,0.000000,0.000000,5,2.000000,0.000000,0.000000,5,2.000000,0.000000,0.000000,5,3.000000,0.000000,0.000000,5
memo,1000,524288000,1000,524288000,0.01,4,524288,sharded,75.0,ed25519,gossip,direct,shard,nonce_hash_set,5,7293.800710,89.558886,111.184217,5,62.787530,0.652110,0.809572,5,12045667.200000,725654.571135,900874.709419,5,1215.641000,61.842116,76.774819,5,2.000000,0.000000,0.000000,5,2.000000,0.000000,0.000000,5,2.000000,0.000000,0.000000,5,3.000000,0.000000,0.000000,5
memo,1000,524288000,1000,524288000,0.01,4,524288,sharded,9.375,ed25519,gossip,direct,shard,nonce_hash_set,5,37096.254331,270.372812,335.658367,5,12.344435,0.091892,0.114081,5,12045667.200000,725654.571135,900874.709419,5,1215.641000,61.842116,76.774819,5,2.000000,0.000000,0.000000,5,2.000000,0.000000,0.000000,5,2.000000,0.000000,0.000000,5,3.000000,0.000000,0.000000,5
memo,1000,65536000,1000,65536000,0.01,4,65536,sharded,0.146484375,ed25519,gossip,direct,shard,nonce_hash_set,5,62522.977745,185.911658,230.802806,5,0.915507,0.001520,0.001887,5,12045667.200000,725654.571135,900874.709419,5,1215.641000,61.842116,76.774819,5,2.000000,0.000000,0.000000,5,2.000000,0.000000,0.000000,5,2.000000,0.000000,0.000000,5,3.000000,0.000000,0.000000,5
memo,1000,65536000,1000,65536000,0.01,4,65536,sharded,0.29296875,ed25519,gossip,direct,shard,nonce_hash_set,5,57078.379624,203.787117,252.994562,5,1.002839,0.003031,0.003763,5,12045667.200000,725654.571135,900874.709419,5,1215.641000,61.842116,76.774819,5,2.000000,0.000000,0.000000,5,2.000000,0.000000,0.000000,5,2.000000,0.000000,0.000000,5,3.000000,0.000000,0.000000,5
memo,1000,65536000,1000,65536000,0.01,4,65536,sharded,0.5859375,ed25519,gossip,direct,shard,nonce_hash_set,5,48612.252831,248.444071,308.434604,5,1.177504,0.006053,0.007514,5,12045667.200000,725654.571135,900874.709419,5,1215.641000,61.842116,76.774819,5,2.000000,0.000000,0.000000,5,2.000000,0.000000,0.000000,5,2.000000,0.000000,0.000000,5,3.000000,0.000000,0.000000,5
memo,1000,65536000,1000,65536000,0.01,4,65536,sharded,1200.0,ed25519,gossip,direct,shard,nonce_hash_set,5,60.895898,0.845209,1.049298,5,940.088320,11.106685,13.788560,5,12045667.200000,725654.571135,900874.709419,5,1215.641000,61.842116,76.774819,5,2.000000,0.000000,0.000000,5,2.000000,0.000000,0.000000,5,2.000000,0.000000,0.000000,5,3.000000,0.000000,0.000000,5
memo,1000,65536000,1000,65536000,0.01,4,65536,sharded,150.0,ed25519,gossip,direct,shard,nonce_hash_set,5,485.406572,6.684950,8.299131,5,117.937014,1.381783,1.715435,5,12045667.200000,725654.571135,900874.709419,5,1215.641000,61.842116,76.774819,5,2.000000,0.000000,0.000000,5,2.000000,0.000000,0.000000,5,2.000000,0.000000,0.000000,5,3.000000,0.000000,0.000000,5
memo,1000,65536000,1000,65536000,0.01,4,65536,sharded,18.75,ed25519,gossip,direct,shard,nonce_hash_set,5,3772.707891,49.073334,60.922824,5,15.173868,0.167227,0.207607,5,12045667.200000,725654.571135,900874.709419,5,1215.641000,61.842116,76.774819,5,2.000000,0.000000,0.000000,5,2.000000,0.000000,0.000000,5,2.000000,0.000000,0.000000,5,3.000000,0.000000,0.000000,5
memo,1000,65536000,1000,65536000,0.01,4,65536,sharded,1.171875,ed25519,gossip,direct,shard,nonce_hash_set,5,37264.306967,273.265260,339.249240,5,1.536120,0.011484,0.014257,5,12045667.200000,725654.571135,900874.709419,5,1215.641000,61.842116,76.774819,5,2.000000,0.000000,0.000000,5,2.000000,0.000000,0.000000,5,2.000000,0.000000,0.000000,5,3.000000,0.000000,0.000000,5
memo,1000,65536000,1000,65536000,0.01,4,65536,sharded,2.34375,ed25519,gossip,direct,shard,nonce_hash_set,5,24023.551964,227.495730,282.427973,5,2.382813,0.020304,0.025206,5,12045667.200000,725654.571135,900874.709419,5,1215.641000,61.842116,76.774819,5,2.000000,0.000000,0.000000,5,2.000000,0.000000,0.000000,5,2.000000,0.000000,0.000000,5,3.000000,0.000000,0.000000,5
memo,1000,65536000,1000,65536000,0.01,4,65536,sharded,300.0,ed25519,gossip,direct,shard,nonce_hash_set,5,243.205793,3.364219,4.176559,5,235.386951,2.770915,3.439994,5,12045667.200000,725654.571135,900874.709419,5,1215.641000,61.842116,76.774819,5,2.000000,0.000000,0.000000,5,2.000000,0.000000,0.000000,5,2.000000,0.000000,0.000000,5,3.000000,0.000000,0.000000,5
memo,1000,65536000,1000,65536000,0.01,4,65536,sharded,37.5,ed25519,gossip,direct,shard,nonce_hash_set,5,1917.722666,25.733577,31.947333,5,29.851559,0.340018,0.422120,5,12045667.200000,725654.571135,900874.709419,5,1215.641000,61.842116,76.774819,5,2.000000,0.000000,0.000000,5,2.000000,0.000000,0.000000,5,2.000000,0.000000,0.000000,5,3.000000,0.000000,0.000000,5
memo,1000,65536000,1000,65536000,0.01,4,65536,sharded,4.6875,ed25519,gossip,direct,shard,nonce_hash_set,5,13671.031596,151.162418,187.662843,5,4.187303,0.039410,0.048927,5,12045667.200000,725654.571135,900874.709419,5,1215.641000,61.842116,76.774819,5,2.000000,0.000000,0.000000,5,2.000000,0.000000,0.000000,5,2.000000,0.000000,0.000000,5,3.000000,0.000000,0.000000,5
memo,1000,65536000,1000,65536000,0.01,4,65536,sharded,600.0,ed25519,gossip,direct,shard,nonce_hash_set,5,121.728779,1.687628,2.095132,5,470.287351,5.549447,6.889444,5,12045667.200000,725654.571135,900874.709419,5,1215.641000,61.842116,76.774819,5,2.000000,0.000000,0.000000,5,2.000000,0.000000,0.000000,5,2.000000,0.000000,0.000000,5,3.000000,0.000000,0.000000,5
memo,1000,65536000,1000,65536000,0.01,4,65536,sharded,75.0,ed25519,gossip,direct,shard,nonce_hash_set,5,966.810012,13.197846,16.384663,5,59.212530,0.687194,0.853128,5,12045667.200000,725654.571135,900874.709419,5,1215.641000,61.842116,76.774819,5,2.000000,0.000000,0.000000,5,2.000000,0.000000,0.000000,5,2.000000,0.000000,0.000000,5,3.000000,0.000000,0.000000,5
memo,1000,65536000,1000,65536000,0.01,4,65536,sharded,9.375,ed25519,gossip,direct,shard,nonce_hash_set,5,7300.261083,89.749008,111.420247,5,7.841618,0.081552,0.101244,5,12045667.200000,725654.571135,900874.709419,5,1215.641000,61.842116,76.774819,5,2.000000,0.000000,0.000000,5,2.000000,0.000000,0.000000,5,2.000000,0.000000,0.000000,5,3.000000,0.000000,0.000000,5
memo,1000,8192000,1000,8192000,0.01,4,8192,sharded,0.146484375,ed25519,gossip,direct,shard,nonce_hash_set,5,36806.420277,267.465837,332.049460,5,0.194427,0.001439,0.001787,5,12045667.200000,725654.571135,900874.709419,5,1215.641000,61.842116,76.774819,5,2.000000,0.000000,0.000000,5,2.000000,0.000000,0.000000,5,2.000000,0.000000,0.000000,5,3.000000,0.000000,0.000000,5
memo,1000,8192000,1000,8192000,0.01,4,8192,sharded,0.29296875,ed25519,gossip,direct,shard,nonce_hash_set,5,23833.073809,224.320528,278.486072,5,0.300269,0.002541,0.003154,5,12045667.200000,725654.571135,900874.709419,5,1215.641000,61.842116,76.774819,5,2.000000,0.000000,0.000000,5,2.000000,0.000000,0.000000,5,2.000000,0.000000,0.000000,5,3.000000,0.000000,0.000000,5
memo,1000,8192000,1000,8192000,0.01,4,8192,sharded,0.5859375,ed25519,gossip,direct,shard,nonce_hash_set,5,13609.797094,149.946802,186.153698,5,0.525832,0.004928,0.006119,5,12045667.200000,725654.571135,900874.709419,5,1215.641000,61.842116,76.774819,5,2.000000,0.000000,0.000000,5,2.000000,0.000000,0.000000,5,2.000000,0.000000,0.000000,5,3.000000,0.000000,0.000000,5
memo,1000,8192000,1000,8192000,0.01,4,8192,sharded,1200.0,ed25519,gossip,direct,shard,nonce_hash_set,5,7.616349,0.105814,0.131365,5,939.665156,11.113506,13.797029,5,12045667.200000,725654.571135,900874.709419,5,1215.641000,61.842116,76.774819,5,2.000000,0.000000,0.000000,5,2.000000,0.000000,0.000000,5,2.000000,0.000000,0.000000,5,3.000000,0.000000,0.000000,5
memo,1000,8192000,1000,8192000,0.01,4,8192,sharded,150.0,ed25519,gossip,direct,shard,nonce_hash_set,5,60.902090,0.845265,1.049367,5,117.513461,1.388337,1.723572,5,12045667.200000,725654.571135,900874.709419,5,1215.641000,61.842116,76.774819,5,2.000000,0.000000,0.000000,5,2.000000,0.000000,0.000000,5,2.000000,0.000000,0.000000,5,3.000000,0.000000,0.000000,5
memo,1000,8192000,1000,8192000,0.01,4,8192,sharded,18.75,ed25519,gossip,direct,shard,nonce_hash_set,5,485.386212,6.683649,8.297516,5,14.744548,0.172725,0.214431,5,12045667.200000,725654.571135,900874.709419,5,1215.641000,61.842116,76.774819,5,2.000000,0.000000,0.000000,5,2.000000,0.000000,0.000000,5,2.000000,0.000000,0.000000,5,3.000000,0.000000,0.000000,5
memo,1000,8192000,1000,8192000,0.01,4,8192,sharded,1.171875,ed25519,gossip,direct,shard,nonce_hash_set,5,7283.170992,89.362431,110.940325,5,0.982622,0.010196,0.012658,5,12045667.200000,725654.571135,900874.709419,5,1215.641000,61.842116,76.774819,5,2.000000,0.000000,0.000000,5,2.000000,0.000000,0.000000,5,2.000000,0.000000,0.000000,5,3.000000,0.000000,0.000000,5
memo,1000,8192000,1000,8192000,0.01,4,8192,sharded,2.34375,ed25519,gossip,direct,shard,nonce_hash_set,5,3768.359664,48.965560,60.789026,5,1.899154,0.020905,0.025953,5,12045667.200000,725654.571135,900874.709419,5,1215.641000,61.842116,76.774819,5,2.000000,0.000000,0.000000,5,2.000000,0.000000,0.000000,5,2.000000,0.000000,0.000000,5,3.000000,0.000000,0.000000,5
memo,1000,8192000,1000,8192000,0.01,4,8192,sharded,300.0,ed25519,gossip,direct,shard,nonce_hash_set,5,30.459243,0.422990,0.525127,5,234.963703,2.777647,3.448352,5,12045667.200000,725654.571135,900874.709419,5,1215.641000,61.842116,76.774819,5,2.000000,0.000000,0.000000,5,2.000000,0.000000,0.000000,5,2.000000,0.000000,0.000000,5,3.000000,0.000000,0.000000,5
memo,1000,8192000,1000,8192000,0.01,4,8192,sharded,37.5,ed25519,gossip,direct,shard,nonce_hash_set,5,243.215520,3.364064,4.176367,5,29.425790,0.346366,0.430001,5,12045667.200000,725654.571135,900874.709419,5,1215.641000,61.842116,76.774819,5,2.000000,0.000000,0.000000,5,2.000000,0.000000,0.000000,5,2.000000,0.000000,0.000000,5,3.000000,0.000000,0.000000,5
memo,1000,8192000,1000,8192000,0.01,4,8192,sharded,4.6875,ed25519,gossip,direct,shard,nonce_hash_set,5,1916.713560,25.706040,31.913147,5,3.733865,0.042504,0.052767,5,12045667.200000,725654.571135,900874.709419,5,1215.641000,61.842116,76.774819,5,2.000000,0.000000,0.000000,5,2.000000,0.000000,0.000000,5,2.000000,0.000000,0.000000,5,3.000000,0.000000,0.000000,5
memo,1000,8192000,1000,8192000,0.01,4,8192,sharded,600.0,ed25519,gossip,direct,shard,nonce_hash_set,5,15.231672,0.211584,0.262674,5,469.864187,5.556267,6.897911,5,12045667.200000,725654.571135,900874.709419,5,1215.641000,61.842116,76.774819,5,2.000000,0.000000,0.000000,5,2.000000,0.000000,0.000000,5,2.000000,0.000000,0.000000,5,3.000000,0.000000,0.000000,5
memo,1000,8192000,1000,8192000,0.01,4,8192,sharded,75.0,ed25519,gossip,direct,shard,nonce_hash_set,5,121.738651,1.687677,2.095192,5,58.788340,0.693683,0.861183,5,12045667.200000,725654.571135,900874.709419,5,1215.641000,61.842116,76.774819,5,2.000000,0.000000,0.000000,5,2.000000,0.000000,0.000000,5,2.000000,0.000000,0.000000,5,3.000000,0.000000,0.000000,5
memo,1000,8192000,1000,8192000,0.01,4,8192,sharded,9.375,ed25519,gossip,direct,shard,nonce_hash_set,5,966.612043,13.191387,16.376645,5,7.403987,0.085901,0.106643,5,12045667.200000,725654.571135,900874.709419,5,1215.641000,61.842116,76.774819,5,2.000000,0.000000,0.000000,5,2.000000,0.000000,0.000000,5,2.000000,0.000000,0.000000,5,3.000000,0.000000,0.000000,5
memo,1000,1024000,1000,1024000,0.01,512,1024,sharded,0.146484375,ed25519,gossip,direct,shard,nonce_hash_set,5,5390.137242,12.045437,14.953987,5,0.189958,0.000419,0.000521,5,13528514.400000,781300.012619,969956.574154,5,1244.374000,72.983709,90.606716,5,2.000000,0.000000,0.000000,5,2.000000,0.000000,0.000000,5,2.000000,0.000000,0.000000,5,3.000000,0.000000,0.000000,5
memo,1000,1024000,1000,1024000,0.01,512,1024,sharded,0.29296875,ed25519,gossip,direct,shard,nonce_hash_set,5,3140.771980,8.152501,10.121044,5,0.326003,0.000837,0.001039,5,13528514.400000,781300.012619,969956.574154,5,1244.374000,72.983709,90.606716,5,2.000000,0.000000,0.000000,5,2.000000,0.000000,0.000000,5,2.000000,0.000000,0.000000,5,3.000000,0.000000,0.000000,5
memo,1000,1024000,1000,1024000,0.01,512,1024,sharded,0.5859375,ed25519,gossip,direct,shard,nonce_hash_set,5,1711.944458,4.837695,6.005829,5,0.598092,0.001673,0.002078,5,13528514.400000,781300.012619,969956.574154,5,1244.374000,72.983709,90.606716,5,2.000000,0.000000,0.000000,5,2.000000,0.000000,0.000000,5,2.000000,0.000000,0.000000,5,3.000000,0.000000,0.000000,5
memo,1000,1024000,1000,1024000,0.01,512,1024,sharded,1200.0,ed25519,gossip,direct,shard,nonce_hash_set,5,0.918682,0.002850,0.003538,5,1114.533628,3.425785,4.252991,5,13528514.400000,781300.012619,969956.574154,5,1244.374000,72.983709,90.606716,5,2.000000,0.000000,0.000000,5,2.000000,0.000000,0.000000,5,2.000000,0.000000,0.000000,5,3.000000,0.000000,0.000000,5
memo,1000,1024000,1000,1024000,0.01,512,1024,sharded,150.0,ed25519,gossip,direct,shard,nonce_hash_set,5,7.346970,0.022784,0.028285,5,139.363877,0.428224,0.531624,5,13528514.400000,781300.012619,969956.574154,5,1244.374000,72.983709,90.606716,5,2.000000,0.000000,0.000000,5,2.000000,0.000000,0.000000,5,2.000000,0.000000,0.000000,5,3.000000,0.000000,0.000000,5
memo,1000,1024000,1000,1024000,0.01,512,1024,sharded,18.75,ed25519,gossip,direct,shard,nonce_hash_set,5,58.617025,0.181291,0.225067,5,17.467658,0.053528,0.066454,5,13528514.400000,781300.012619,969956.574154,5,1244.374000,72.983709,90.606716,5,2.000000,0.000000,0.000000,5,2.000000,0.000000,0.000000,5,2.000000,0.000000,0.000000,5,3.000000,0.000000,0.000000,5
memo,1000,1024000,1000,1024000,0.01,512,1024,sharded,1.171875,ed25519,gossip,direct,shard,nonce_hash_set,5,896.372854,2.650978,3.291096,5,1.142272,0.003346,0.004154,5,13528514.400000,781300.012619,969956.574154,5,1244.374000,72.983709,90.606716,5,2.000000,0.000000,0.000000,5,2.000000,0.000000,0.000000,5,2.000000,0.000000,0.000000,5,3.000000,0.000000,0.000000,5
memo,1000,1024000,1000,1024000,0.01,512,1024,sharded,2.34375,ed25519,gossip,direct,shard,nonce_hash_set,5,459.018930,1.389954,1.725579,5,2.230631,0.006692,0.008307,5,13528514.400000,781300.012619,969956.574154,5,1244.374000,72.983709,90.606716,5,2.000000,0.000000,0.000000,5,2.000000,0.000000,0.000000,5,2.000000,0.000000,0.000000,5,3.000000,0.000000,0.000000,5
memo,1000,1024000,1000,1024000,0.01,512,1024,sharded,300.0,ed25519,gossip,direct,shard,nonce_hash_set,5,3.674196,0.011396,0.014148,5,278.673842,0.856447,1.063248,5,13528514.400000,781300.012619,969956.574154,5,1244.374000,72.983709,90.606716,5,2.000000,0.000000,0.000000,5,2.000000,0.000000,0.000000,5,2.000000,0.000000,0.000000,5,3.000000,0.000000,0.000000,5
memo,1000,1024000,1000,1024000,0.01,512,1024,sharded,37.5,ed25519,gossip,direct,shard,nonce_hash_set,5,29.353812,0.090925,0.112880,5,34.881404,0.107056,0.132907,5,13528514.400000,781300.012619,969956.574154,5,1244.374000,72.983709,90.606716,5,2.000000,0.000000,0.000000,5,2.000000,0.000000,0.000000,5,2.000000,0.000000,0.000000,5,3.000000,0.000000,0.000000,5
memo,1000,1024000,1000,1024000,0.01,512,1024,sharded,4.6875,ed25519,gossip,direct,shard,nonce_hash_set,5,232.316974,0.711989,0.883910,5,4.407349,0.013383,0.016614,5,13528514.400000,781300.012619,969956.574154,5,1244.374000,72.983709,90.606716,5,2.000000,0.000000,0.000000,5,2.000000,0.000000,0.000000,5,2.000000,0.000000,0.000000,5,3.000000,0.000000,0.000000,5
memo,1000,1024000,1000,1024000,0.01,512,1024,sharded,600.0,ed25519,gossip,direct,shard,nonce_hash_set,5,1.837276,0.005699,0.007075,5,557.293770,1.712893,2.126496,5,13528514.400000,781300.012619,969956.574154,5,1244.374000,72.983709,90.606716,5,2.000000,0.000000,0.000000,5,2.000000,0.000000,0.000000,5,2.000000,0.000000,0.000000,5,3.000000,0.000000,0.000000,5
memo,1000,1024000,1000,1024000,0.01,512,1024,sharded,75.0,ed25519,gossip,direct,shard,nonce_hash_set,5,14.688257,0.045532,0.056527,5,69.708895,0.214112,0.265813,5,13528514.400000,781300.012619,969956.574154,5,1244.374000,72.983709,90.606716,5,2.000000,0.000000,0.000000,5,2.000000,0.000000,0.000000,5,2.000000,0.000000,0.000000,5,3.000000,0.000000,0.000000,5
memo,1000,1024000,1000,1024000,0.01,512,1024,sharded,9.375,ed25519,gossip,direct,shard,nonce_hash_set,5,116.873323,0.360366,0.447382,5,8.760786,0.026764,0.033227,5,13528514.400000,781300.012619,969956.574154,5,1244.374000,72.983709,90.606716,5,2.000000,0.000000,0.000000,5,2.000000,0.000000,0.000000,5,2.000000,0.000000,0.000000,5,3.000000,0.000000,0.000000,5
memo,1000,131072000,1000,131072000,0.01,512,131072,sharded,0.146484375,ed25519,gossip,direct,shard,nonce_hash_set,5,620593.893238,1307.697039,1623.460027,5,0.210978,0.000441,0.000547,5,13528514.400000,781300.012619,969956.574154,5,1244.374000,72.983709,90.606716,5,2.000000,0.000000,0.000000,5,2.000000,0.000000,0.000000,5,2.000000,0.000000,0.000000,5,3.000000,0.000000,0.000000,5
memo,1000,131072000,1000,131072000,0.01,512,131072,sharded,0.29296875,ed25519,gossip,direct,shard,nonce_hash_set,5,377859.346785,914.110886,1134.836617,5,0.346510,0.000830,0.001031,5,13528514.400000,781300.012619,969956.574154,5,1244.374000,72.983709,90.606716,5,2.000000,0.000000,0.000000,5,2.000000,0.000000,0.000000,5,2.000000,0.000000,0.000000,5,3.000000,0.000000,0.000000,5
memo,1000,131072000,1000,131072000,0.01,512,131072,sharded,0.5859375,ed25519,gossip,direct,shard,nonce_hash_set,5,211749.450261,568.498891,705.771442,5,0.618336,0.001644,0.002041,5,13528514.400000,781300.012619,969956.574154,5,1244.374000,72.983709,90.606716,5,2.000000,0.000000,0.000000,5,2.000000,0.000000,0.000000,5,2.000000,0.000000,0.000000,5,3.000000,0.000000,0.000000,5
memo,1000,131072000,1000,131072000,0.01,512,131072,sharded,1200.0,ed25519,gossip,direct,shard,nonce_hash_set,5,117.475263,0.364412,0.452405,5,1114.553640,3.425711,4.252900,5,13528514.400000,781300.012619,969956.574154,5,1244.374000,72.983709,90.606716,5,2.000000,0.000000,0.000000,5,2.000000,0.000000,0.000000,5,2.000000,0.000000,0.000000,5,3.000000,0.000000,0.000000,5
memo,1000,131072000,1000,131072000,0.01,512,131072,sharded,150.0,ed25519,gossip,direct,shard,nonce_hash_set,5,939.365956,2.912165,3.615351,5,139.383889,0.428150,0.531533,5,13528514.400000,781300.012619,969956.574154,5,1244.374000,72.983709,90.606716,5,2.000000,0.000000,0.000000,5,2.000000,0.000000,0.000000,5,2.000000,0.000000,0.000000,5,3.000000,0.000000,0.000000,5
memo,1000,131072000,1000,131072000,0.01,512,131072,sharded,18.75,ed25519,gossip,direct,shard,nonce_hash_set,5,7487.124585,23.101974,28.680291,5,17.487684,0.053464,0.066374,5,13528514.400000,781300.012619,969956.574154,5,1244.374000,72.983709,90.606716,5,2.000000,0.000000,0.000000,5,2.000000,0.000000,0.000000,5,2.000000,0.000000,0.000000,5,3.000000,0.000000,0.000000,5
memo,1000,131072000,1000,131072000,0.01,512,131072,sharded,1.171875,ed25519,gossip,direct,shard,nonce_hash_set,5,112639.860106,322.629094,400.532709,5,1.162398,0.003298,0.004094,5,13528514.400000,781300.012619,969956.574154,5,1244.374000,72.983709,90.606716,5,2.000000,0.000000,0.000000,5,2.000000,0.000000,0.000000,5,2.000000,0.000000,0.000000,5,3.000000,0.000000,0.000000,5
memo,1000,131072000,1000,131072000,0.01,512,131072,sharded,2.34375,ed25519,gossip,direct,shard,nonce_hash_set,5,58173.929469,173.196923,215.017908,5,2.250706,0.006639,0.008242,5,13528514.400000,781300.012619,969956.574154,5,1244.374000,72.983709,90.606716,5,2.000000,0.000000,0.000000,5,2.000000,0.000000,0.000000,5,2.000000,0.000000,0.000000,5,3.000000,0.000000,0.000000,5
memo,1000,131072000,1000,131072000,0.01,512,131072,sharded,300.0,ed25519,gossip,direct,shard,nonce_hash_set,5,469.807567,1.456978,1.808787,5,278.693854,0.856373,1.063157,5,13528514.400000,781300.012619,969956.574154,5,1244.374000,72.983709,90.606716,5,2.000000,0.000000,0.000000,5,2.000000,0.000000,0.000000,5,2.000000,0.000000,0.000000,5,3.000000,0.000000,0.000000,5
memo,1000,131072000,1000,131072000,0.01,512,131072,sharded,37.5,ed25519,gossip,direct,shard,nonce_hash_set,5,3751.493822,11.606430,14.408976,5,34.901424,0.106988,0.132822,5,13528514.400000,781300.012619,969956.574154,5,1244.374000,72.983709,90.606716,5,2.000000,0.000000,0.000000,5,2.000000,0.000000,0.000000,5,2.000000,0.000000,0.000000,5,3.000000,0.000000,0.000000,5
memo,1000,131072000,1000,131072000,0.01,512,131072,sharded,4.6875,ed25519,gossip,direct,shard,nonce_hash_set,5,29573.226287,89.844516,111.538817,5,4.427398,0.013327,0.016544,5,13528514.400000,781300.012619,969956.574154,5,1244.374000,72.983709,90.606716,5,2.000000,0.000000,0.000000,5,2.000000,0.000000,0.000000,5,2.000000,0.000000,0.000000,5,3.000000,0.000000,0.000000,5
memo,1000,131072000,1000,131072000,0.01,512,131072,sharded,600.0,ed25519,gossip,direct,shard,nonce_hash_set,5,234.934943,0.728713,0.904672,5,557.313783,1.712819,2.126404,5,13528514.400000,781300.012619,969956.574154,5,1244.374000,72.983709,90.606716,5,2.000000,0.000000,0.000000,5,2.000000,0.000000,0.000000,5,2.000000,0.000000,0.000000,5,3.000000,0.000000,0.000000,5
memo,1000,131072000,1000,131072000,0.01,512,131072,sharded,75.0,ed25519,gossip,direct,shard,nonce_hash_set,5,1877.735917,5.817253,7.221915,5,69.728910,0.214041,0.265725,5,13528514.400000,781300.012619,969956.574154,5,1244.374000,72.983709,90.606716,5,2.000000,0.000000,0.000000,5,2.000000,0.000000,0.000000,5,2.000000,0.000000,0.000000,5,3.000000,0.000000,0.000000,5
memo,1000,131072000,1000,131072000,0.01,512,131072,sharded,9.375,ed25519,gossip,direct,shard,nonce_hash_set,5,14911.188556,45.768085,56.819472,5,8.780820,0.026704,0.033152,5,13528514.400000,781300.012619,969956.574154,5,1244.374000,72.983709,90.606716,5,2.000000,0.000000,0.000000,5,2.000000,0.000000,0.000000,5,2.000000,0.000000,0.000000,5,3.000000,0.000000,0.000000,5
memo,1000,16384000,1000,16384000,0.01,512,16384,sharded,0.146484375,ed25519,gossip,direct,shard,nonce_hash_set,5,85250.357205,185.866088,230.746232,5,0.191992,0.000414,0.000513,5,13528514.400000,781300.012619,969956.574154,5,1244.374000,72.983709,90.606716,5,2.000000,0.000000,0.000000,5,2.000000,0.000000,0.000000,5,2.000000,0.000000,0.000000,5,3.000000,0.000000,0.000000,5
memo,1000,16384000,1000,16384000,0.01,512,16384,sharded,0.29296875,ed25519,gossip,direct,shard,nonce_hash_set,5,49895.983802,127.743805,158.589456,5,0.328030,0.000831,0.001032,5,13528514.400000,781300.012619,969956.574154,5,1244.374000,72.983709,90.606716,5,2.000000,0.000000,0.000000,5,2.000000,0.000000,0.000000,5,2.000000,0.000000,0.000000,5,3.000000,0.000000,0.000000,5
memo,1000,16384000,1000,16384000,0.01,512,16384,sharded,0.5859375,ed25519,gossip,direct,shard,nonce_hash_set,5,27273.710242,76.507874,94.981844,5,0.600117,0.001667,0.002069,5,13528514.400000,781300.012619,969956.574154,5,1244.374000,72.983709,90.606716,5,2.000000,0.000000,0.000000,5,2.000000,0.000000,0.000000,5,2.000000,0.000000,0.000000,5,3.000000,0.000000,0.000000,5
memo,1000,16384000,1000,16384000,0.01,512,16384,sharded,1200.0,ed25519,gossip,direct,shard,nonce_hash_set,5,14.685430,0.045556,0.056557,5,1114.535648,3.425776,4.252981,5,13528514.400000,781300.012619,969956.574154,5,1244.374000,72.983709,90.606716,5,2.000000,0.000000,0.000000,5,2.000000,0.000000,0.000000,5,2.000000,0.000000,0.000000,5,3.000000,0.000000,0.000000,5
memo,1000,16384000,1000,16384000,0.01,512,16384,sharded,150.0,ed25519,gossip,direct,shard,nonce_hash_set,5,117.442183,0.364189,0.452128,5,139.365897,0.428215,0.531614,5,13528514.400000,781300.012619,969956.574154,5,1244.374000,72.983709,90.606716,5,2.000000,0.000000,0.000000,5,2.000000,0.000000,0.000000,5,2.000000,0.000000,0.000000,5,3.000000,0.000000,0.000000,5
memo,1000,16384000,1000,16384000,0.01,512,16384,sharded,18.75,ed25519,gossip,direct,shard,nonce_hash_set,5,936.905316,2.896881,3.596377,5,17.469678,0.053520,0.066443,5,13528514.400000,781300.012619,969956.574154,5,1244.374000,72.983709,90.606716,5,2.000000,0.000000,0.000000,5,2.000000,0.000000,0.000000,5,2.000000,0.000000,0.000000,5,3.000000,0.000000,0.000000,5
memo,1000,16384000,1000,16384000,0.01,512,16384,sharded,1.171875,ed25519,gossip,direct,shard,nonce_hash_set,5,14303.504903,42.137371,52.312068,5,1.144295,0.003339,0.004145,5,13528514.400000,781300.012619,969956.574154,5,1244.374000,72.983709,90.606716,5,2.000000,0.000000,0.000000,5,2.000000,0.000000,0.000000,5,2.000000,0.000000,0.000000,5,3.000000,0.000000,0.000000,5
memo,1000,16384000,1000,16384000,0.01,512,16384,sharded,2.34375,ed25519,gossip,direct,shard,nonce_hash_set,5,7330.933927,22.153715,27.503061,5,2.232653,0.006684,0.008298,5,13528514.400000,781300.012619,969956.574154,5,1244.374000,72.983709,90.606716,5,2.000000,0.000000,0.000000,5,2.000000,0.000000,0.000000,5,2.000000,0.000000,0.000000,5,3.000000,0.000000,0.000000,5
memo,1000,16384000,1000,16384000,0.01,512,16384,sharded,300.0,ed25519,gossip,direct,shard,nonce_hash_set,5,58.732877,0.182169,0.226157,5,278.675862,0.856438,1.063238,5,13528514.400000,781300.012619,969956.574154,5,1244.374000,72.983709,90.606716,5,2.000000,0.000000,0.000000,5,2.000000,0.000000,0.000000,5,2.000000,0.000000,0.000000,5,3.000000,0.000000,0.000000,5
memo,1000,16384000,1000,16384000,0.01,512,16384,sharded,37.5,ed25519,gossip,direct,shard,nonce_hash_set,5,469.203795,1.453184,1.804077,5,34.883424,0.107048,0.132896,5,13528514.400000,781300.012619,969956.574154,5,1244.374000,72.983709,90.606716,5,2.000000,0.000000,0.000000,5,2.000000,0.000000,0.000000,5,2.000000,0.000000,0.000000,5,3.000000,0.000000,0.000000,5
memo,1000,16384000,1000,16384000,0.01,512,16384,sharded,4.6875,ed25519,gossip,direct,shard,nonce_hash_set,5,3711.966036,11.364245,14.108312,5,4.409370,0.013375,0.016604,5,13528514.400000,781300.012619,969956.574154,5,1244.374000,72.983709,90.606716,5,2.000000,0.000000,0.000000,5,2.000000,0.000000,0.000000,5,2.000000,0.000000,0.000000,5,3.000000,0.000000,0.000000,5
memo,1000,16384000,1000,16384000,0.01,512,16384,sharded,600.0,ed25519,gossip,direct,shard,nonce_hash_set,5,29.369386,0.091103,0.113102,5,557.295790,1.712884,2.126485,5,13528514.400000,781300.012619,969956.574154,5,1244.374000,72.983709,90.606716,5,2.000000,0.000000,0.000000,5,2.000000,0.000000,0.000000,5,2.000000,0.000000,0.000000,5,3.000000,0.000000,0.000000,5
memo,1000,16384000,1000,16384000,0.01,512,16384,sharded,75.0,ed25519,gossip,direct,shard,nonce_hash_set,5,234.790134,0.727783,0.903516,5,69.710915,0.214103,0.265802,5,13528514.400000,781300.012619,969956.574154,5,1244.374000,72.983709,90.606716,5,2.000000,0.000000,0.000000,5,2.000000,0.000000,0.000000,5,2.000000,0.000000,0.000000,5,3.000000,0.000000,0.000000,5
memo,1000,16384000,1000,16384000,0.01,512,16384,sharded,9.375,ed25519,gossip,direct,shard,nonce_hash_set,5,1867.830220,5.756163,7.146075,5,8.762806,0.026756,0.033217,5,13528514.400000,781300.012619,969956.574154,5,1244.374000,72.983709,90.606716,5,2.000000,0.000000,0.000000,5,2.000000,0.000000,0.000000,5,2.000000,0.000000,0.000000,5,3.000000,0.000000,0.000000,5
memo,1000,2048000,1000,2048000,0.01,512,2048,sharded,0.146484375,ed25519,gossip,direct,shard,nonce_hash_set,5,10768.501144,24.023039,29.823761,5,0.190073,0.000419,0.000520,5,13528514.400000,781300.012619,969956.574154,5,1244.374000,72.983709,90.606716,5,2.000000,0.000000,0.000000,5,2.000000,0.000000,0.000000,5,2.000000,0.000000,0.000000,5,3.000000,0.000000,0.000000,5
memo,1000,2048000,1000,2048000,0.01,512,2048,sharded,0.29296875,ed25519,gossip,direct,shard,nonce_hash_set,5,6276.267569,16.276095,20.206201,5,0.326117,0.000837,0.001039,5,13528514.400000,781300.012619,969956.574154,5,1244.374000,72.983709,90.606716,5,2.000000,0.000000,0.000000,5,2.000000,0.000000,0.000000,5,2.000000,0.000000,0.000000,5,3.000000,0.000000,0.000000,5
memo,1000,2048000,1000,2048000,0.01,512,2048,sharded,0.5859375,ed25519,gossip,direct,shard,nonce_hash_set,5,3421.560850,9.664010,11.997530,5,0.598207,0.001673,0.002077,5,13528514.400000,781300.012619,969956.574154,5,1244.374000,72.983709,90.606716,5,2.000000,0.000000,0.000000,5,2.000000,0.000000,0.000000,5,2.000000,0.000000,0.000000,5,3.000000,0.000000,0.000000,5
memo,1000,2048000,1000,2048000,0.01,512,2048,sharded,1200.0,ed25519,gossip,direct,shard,nonce_hash_set,5,1.836467,0.005697,0.007073,5,1114.533743,3.425784,4.252991,5,13528514.400000,781300.012619,969956.574154,5,1244.374000,72.983709,90.606716,5,2.000000,0.000000,0.000000,5,2.000000,0.000000,0.000000,5,2.000000,0.000000,0.000000,5,3.000000,0.000000,0.000000,5
memo,1000,2048000,1000,2048000,0.01,512,2048,sharded,150.0,ed25519,gossip,direct,shard,nonce_hash_set,5,14.686752,0.045545,0.056543,5,139.363992,0.428223,0.531624,5,13528514.400000,781300.012619,969956.574154,5,1244.374000,72.983709,90.606716,5,2.000000,0.000000,0.000000,5,2.000000,0.000000,0.000000,5,2.000000,0.000000,0.000000,5,3.000000,0.000000,0.000000,5
memo,1000,2048000,1000,2048000,0.01,512,2048,sharded,18.75,ed25519,gossip,direct,shard,nonce_hash_set,5,117.176032,0.362398,0.449904,5,17.467773,0.053528,0.066453,5,13528514.400000,781300.012619,969956.574154,5,1244.374000,72.983709,90.606716,5,2.000000,0.000000,0.000000,5,2.000000,0.000000,0.000000,5,2.000000,0.000000,0.000000,5,3.000000,0.000000,0.000000,5
memo,1000,2048000,1000,2048000,0.01,512,2048,sharded,1.171875,ed25519,gossip,direct,shard,nonce_hash_set,5,1791.690452,5.297472,6.576626,5,1.142386,0.003346,0.004153,5,13528514.400000,781300.012619,969956.574154,5,1244.374000,72.983709,90.606716,5,2.000000,0.000000,0.000000,5,2.000000,0.000000,0.000000,5,2.000000,0.000000,0.000000,5,3.000000,0.000000,0.000000,5
memo,1000,2048000,1000,2048000,0.01,512,2048,sharded,2.34375,ed25519,gossip,direct,shard,nonce_hash_set,5,917.542421,2.778035,3.448833,5,2.230746,0.006691,0.008307,5,13528514.400000,781300.012619,969956.574154,5,1244.374000,72.983709,90.606716,5,2.000000,0.000000,0.000000,5,2.000000,0.000000,0.000000,5,2.000000,0.000000,0.000000,5,3.000000,0.000000,0.000000,5
memo,1000,2048000,1000,2048000,0.01,512,2048,sharded,300.0,ed25519,gossip,direct,shard,nonce_hash_set,5,7.344800,0.022781,0.028282,5,278.673956,0.856446,1.063248,5,13528514.400000,781300.012619,969956.574154,5,1244.374000,72.983709,90.606716,5,2.000000,0.000000,0.000000,5,2.000000,0.000000,0.000000,5,2.000000,0.000000,0.000000,5,3.000000,0.000000,0.000000,5
memo,1000,2048000,1000,2048000,0.01,512,2048,sharded,37.5,ed25519,gossip,direct,shard,nonce_hash_set,5,58.678763,0.181759,0.225647,5,34.881518,0.107056,0.132906,5,13528514.400000,781300.012619,969956.574154,5,1244.374000,72.983709,90.606716,5,2.000000,0.000000,0.000000,5,2.000000,0.000000,0.000000,5,2.000000,0.000000,0.000000,5,3.000000,0.000000,0.000000,5
memo,1000,2048000,1000,2048000,0.01,512,2048,sharded,4.6875,ed25519,gossip,direct,shard,nonce_hash_set,5,464.394980,1.423153,1.766794,5,4.407464,0.013382,0.016613,5,13528514.400000,781300.012619,969956.574154,5,1244.374000,72.983709,90.606716,5,2.000000,0.000000,0.000000,5,2.000000,0.000000,0.000000,5,2.000000,0.000000,0.000000,5,3.000000,0.000000,0.000000,5
memo,1000,2048000,1000,2048000,0.01,512,2048,sharded,600.0,ed25519,gossip,direct,shard,nonce_hash_set,5,3.672756,0.011393,0.014144,5,557.293885,1.712892,2.126495,5,13528514.400000,781300.012619,969956.574154,5,1244.374000,72.983709,90.606716,5,2.000000,0.000000,0.000000,5,2.000000,0.000000,0.000000,5,2.000000,0.000000,0.000000,5,3.000000,0.000000,0.000000,5
memo,1000,2048000,1000,2048000,0.01,512,2048,sharded,75.0,ed25519,gossip,direct,shard,nonce_hash_set,5,29.362121,0.091020,0.112998,5,69.709010,0.214111,0.265812,5,13528514.400000,781300.012619,969956.574154,5,1244.374000,72.983709,90.606716,5,2.000000,0.000000,0.000000,5,2.000000,0.000000,0.000000,5,2.000000,0.000000,0.000000,5,3.000000,0.000000,0.000000,5
memo,1000,2048000,1000,2048000,0.01,512,2048,sharded,9.375,ed25519,gossip,direct,shard,nonce_hash_set,5,233.629444,0.720349,0.894288,5,8.760900,0.026764,0.033226,5,13528514.400000,781300.012619,969956.574154,5,1244.374000,72.983709,90.606716,5,2.000000,0.000000,0.000000,5,2.000000,0.000000,0.000000,5,2.000000,0.000000,0.000000,5,3.000000,0.000000,0.000000,5
memo,1000,262144000,1000,262144000,0.01,512,262144,sharded,0.146484375,ed25519,gossip,direct,shard,nonce_hash_set,5,1074398.331765,2039.913691,2532.481330,5,0.243730,0.000458,0.000569,5,13528514.400000,781300.012619,969956.574154,5,1244.374000,72.983709,90.606716,5,2.000000,0.000000,0.000000,5,2.000000,0.000000,0.000000,5,2.000000,0.000000,0.000000,5,3.000000,0.000000,0.000000,5
memo,1000,262144000,1000,262144000,0.01,512,262144,sharded,0.29296875,ed25519,gossip,direct,shard,nonce_hash_set,5,693294.664579,1633.005507,2027.319086,5,0.377708,0.000883,0.001096,5,13528514.400000,781300.012619,969956.574154,5,1244.374000,72.983709,90.606716,5,2.000000,0.000000,0.000000,5,2.000000,0.000000,0.000000,5,2.000000,0.000000,0.000000,5,3.000000,0.000000,0.000000,5
memo,1000,262144000,1000,262144000,0.01,512,262144,sharded,0.5859375,ed25519,gossip,direct,shard,nonce_hash_set,5,403626.572392,1041.922391,1293.510120,5,0.648776,0.001660,0.002060,5,13528514.400000,781300.012619,969956.574154,5,1244.374000,72.983709,90.606716,5,2.000000,0.000000,0.000000,5,2.000000,0.000000,0.000000,5,2.000000,0.000000,0.000000,5,3.000000,0.000000,0.000000,5
memo,1000,262144000,1000,262144000,0.01,512,262144,sharded,1200.0,ed25519,gossip,direct,shard,nonce_hash_set,5,234.943371,0.728768,0.904739,5,1114.583326,3.425636,4.252807,5,13528514.400000,781300.012619,969956.574154,5,1244.374000,72.983709,90.606716,5,2.000000,0.000000,0.000000,5,2.000000,0.000000,0.000000,5,2.000000,0.000000,0.000000,5,3.000000,0.000000,0.000000,5
memo,1000,262144000,1000,262144000,0.01,512,262144,sharded,150.0,ed25519,gossip,direct,shard,nonce_hash_set,5,1878.324605,5.820894,7.226435,5,139.413581,0.428081,0.531448,5,13528514.400000,781300.012619,969956.574154,5,1244.374000,72.983709,90.606716,5,2.000000,0.000000,0.000000,5,2.000000,0.000000,0.000000,5,2.000000,0.000000,0.000000,5,3.000000,0.000000,0.000000,5
memo,1000,262144000,1000,262144000,0.01,512,262144,sharded,18.75,ed25519,gossip,direct,shard,nonce_hash_set,5,14948.789667,45.997473,57.104250,5,17.517400,0.053407,0.066303,5,13528514.400000,781300.012619,969956.574154,5,1244.374000,72.983709,90.606716,5,2.000000,0.000000,0.000000,5,2.000000,0.000000,0.000000,5,2.000000,0.000000,0.000000,5,3.000000,0.000000,0.000000,5
memo,1000,262144000,1000,262144000,0.01,512,262144,sharded,1.171875,ed25519,gossip,direct,shard,nonce_hash_set,5,219605.047170,611.070857,758.623045,5,1.192430,0.003287,0.004080,5,13528514.400000,781300.012619,969956.574154,5,1244.374000,72.983709,90.606716,5,2.000000,0.000000,0.000000,5,2.000000,0.000000,0.000000,5,2.000000,0.000000,0.000000,5,3.000000,0.000000,0.000000,5
memo,1000,262144000,1000,262144000,0.01,512,262144,sharded,2.34375,ed25519,gossip,direct,shard,nonce_hash_set,5,114824.548730,335.157983,416.086886,5,2.280555,0.006595,0.008187,5,13528514.400000,781300.012619,969956.574154,5,1244.374000,72.983709,90.606716,5,2.000000,0.000000,0.000000,5,2.000000,0.000000,0.000000,5,2.000000,0.000000,0.000000,5,3.000000,0.000000,0.000000,5
memo,1000,262144000,1000,262144000,0.01,512,262144,sharded,300.0,ed25519,gossip,direct,shard,nonce_hash_set,5,939.511468,2.913071,3.616476,5,278.723540,0.856299,1.063065,5,13528514.400000,781300.012619,969956.574154,5,1244.374000,72.983709,90.606716,5,2.000000,0.000000,0.000000,5,2.000000,0.000000,0.000000,5,2.000000,0.000000,0.000000,5,3.000000,0.000000,0.000000,5
memo,1000,262144000,1000,262144000,0.01,512,262144,sharded,37.5,ed25519,gossip,direct,shard,nonce_hash_set,5,7496.578366,23.159965,28.752284,5,34.931129,0.106927,0.132746,5,13528514.400000,781300.012619,969956.574154,5,1244.374000,72.983709,90.606716,5,2.000000,0.000000,0.000000,5,2.000000,0.000000,0.000000,5,2.000000,0.000000,0.000000,5,3.000000,0.000000,0.000000,5
memo,1000,262144000,1000,262144000,0.01,512,262144,sharded,4.6875,ed25519,gossip,direct,shard,nonce_hash_set,5,58751.120232,176.622829,219.271050,5,4.457172,0.013276,0.016482,5,13528514.400000,781300.012619,969956.574154,5,1244.374000,72.983709,90.606716,5,2.000000,0.000000,0.000000,5,2.000000,0.000000,0.000000,5,2.000000,0.000000,0.000000,5,3.000000,0.000000,0.000000,5
memo,1000,262144000,1000,262144000,0.01,512,262144,sharded,600.0,ed25519,gossip,direct,shard,nonce_hash_set,5,469.843064,1.457202,1.809065,5,557.343468,1.712744,2.126312,5,13528514.400000,781300.012619,969956.574154,5,1244.374000,72.983709,90.606716,5,2.000000,0.000000,0.000000,5,2.000000,0.000000,0.000000,5,2.000000,0.000000,0.000000,5,3.000000,0.000000,0.000000,5
memo,1000,262144000,1000,262144000,0.01,512,262144,sharded,75.0,ed25519,gossip,direct,shard,nonce_hash_set,5,3753.858640,11.620993,14.427055,5,69.758609,0.213976,0.265643,5,13528514.400000,781300.012619,969956.574154,5,1244.374000,72.983709,90.606716,5,2.000000,0.000000,0.000000,5,2.000000,0.000000,0.000000,5,2.000000,0.000000,0.000000,5,3.000000,0.000000,0.000000,5
memo,1000,262144000,1000,262144000,0.01,512,262144,sharded,9.375,ed25519,gossip,direct,shard,nonce_hash_set,5,29721.608382,90.741348,112.652202,5,8.810556,0.026652,0.033087,5,13528514.400000,781300.012619,969956.574154,5,1244.374000,72.983709,90.606716,5,2.000000,0.000000,0.000000,5,2.000000,0.000000,0.000000,5,2.000000,0.000000,0.000000,5,3.000000,0.000000,0.000000,5
memo,1000,32768000,1000,32768000,0.01,512,32768,sharded,0.146484375,ed25519,gossip,direct,shard,nonce_hash_set,5,168417.156068,361.277097,448.512850,5,0.194361,0.000412,0.000511,5,13528514.400000,781300.012619,969956.574154,5,1244.374000,72.983709,90.606716,5,2.000000,0.000000,0.000000,5,2.000000,0.000000,0.000000,5,2.000000,0.000000,0.000000,5,3.000000,0.000000,0.000000,5
memo,1000,32768000,1000,32768000,0.01,512,32768,sharded,0.29296875,ed25519,gossip,direct,shard,nonce_hash_set,5,99080.205155,250.170631,310.578068,5,0.330377,0.000825,0.001025,5,13528514.400000,781300.012619,969956.574154,5,1244.374000,72.983709,90.606716,5,2.000000,0.000000,0.000000,5,2.000000,0.000000,0.000000,5,2.000000,0.000000,0.000000,5,3.000000,0.000000,0.000000,5
memo,1000,32768000,1000,32768000,0.01,512,32768,sharded,0.5859375,ed25519,gossip,direct,shard,nonce_hash_set,5,54334.174991,151.245334,187.765779,5,0.602454,0.001660,0.002061,5,13528514.400000,781300.012619,969956.574154,5,1244.374000,72.983709,90.606716,5,2.000000,0.000000,0.000000,5,2.000000,0.000000,0.000000,5,2.000000,0.000000,0.000000,5,3.000000,0.000000,0.000000,5
memo,1000,32768000,1000,32768000,0.01,512,32768,sharded,1200.0,ed25519,gossip,direct,shard,nonce_hash_set,5,29.369901,0.091109,0.113109,5,1114.537974,3.425767,4.252969,5,13528514.400000,781300.012619,969956.574154,5,1244.374000,72.983709,90.606716,5,2.000000,0.000000,0.000000,5,2.000000,0.000000,0.000000,5,2.000000,0.000000,0.000000,5,3.000000,0.000000,0.000000,5
memo,1000,32768000,1000,32768000,0.01,512,32768,sharded,150.0,ed25519,gossip,direct,shard,nonce_hash_set,5,234.873270,0.728317,0.904179,5,139.368223,0.428206,0.531602,5,13528514.400000,781300.012619,969956.574154,5,1244.374000,72.983709,90.606716,5,2.000000,0.000000,0.000000,5,2.000000,0.000000,0.000000,5,2.000000,0.000000,0.000000,5,3.000000,0.000000,0.000000,5
memo,1000,32768000,1000,32768000,0.01,512,32768,sharded,18.75,ed25519,gossip,direct,shard,nonce_hash_set,5,1873.503880,5.791115,7.189466,5,17.472005,0.053511,0.066432,5,13528514.400000,781300.012619,969956.574154,5,1244.374000,72.983709,90.606716,5,2.000000,0.000000,0.000000,5,2.000000,0.000000,0.000000,5,2.000000,0.000000,0.000000,5,3.000000,0.000000,0.000000,5
memo,1000,32768000,1000,32768000,0.01,512,32768,sharded,1.171875,ed25519,gossip,direct,shard,nonce_hash_set,5,28547.952900,83.764818,103.991084,5,1.146627,0.003332,0.004137,5,13528514.400000,781300.012619,969956.574154,5,1244.374000,72.983709,90.606716,5,2.000000,0.000000,0.000000,5,2.000000,0.000000,0.000000,5,2.000000,0.000000,0.000000,5,3.000000,0.000000,0.000000,5
memo,1000,32768000,1000,32768000,0.01,512,32768,sharded,2.34375,ed25519,gossip,direct,shard,nonce_hash_set,5,14646.137835,44.165965,54.830498,5,2.234982,0.006677,0.008289,5,13528514.400000,781300.012619,969956.574154,5,1244.374000,72.983709,90.606716,5,2.000000,0.000000,0.000000,5,2.000000,0.000000,0.000000,5,2.000000,0.000000,0.000000,5,3.000000,0.000000,0.000000,5
memo,1000,32768000,1000,32768000,0.01,512,32768,sharded,300.0,ed25519,gossip,direct,shard,nonce_hash_set,5,117.461186,0.364317,0.452287,5,278.678187,0.856429,1.063226,5,13528514.400000,781300.012619,969956.574154,5,1244.374000,72.983709,90.606716,5,2.000000,0.000000,0.000000,5,2.000000,0.000000,0.000000,5,2.000000,0.000000,0.000000,5,3.000000,0.000000,0.000000,5
memo,1000,32768000,1000,32768000,0.01,512,32768,sharded,37.5,ed25519,gossip,direct,shard,nonce_hash_set,5,938.316362,2.905641,3.607251,5,34.885750,0.107038,0.132884,5,13528514.400000,781300.012619,969956.574154,5,1244.374000,72.983709,90.606716,5,2.000000,0.000000,0.000000,5,2.000000,0.000000,0.000000,5,2.000000,0.000000,0.000000,5,3.000000,0.000000,0.000000,5
memo,1000,32768000,1000,32768000,0.01,512,32768,sharded,4.6875,ed25519,gossip,direct,shard,nonce_hash_set,5,7419.787449,22.690728,28.169743,5,4.411698,0.013367,0.016595,5,13528514.400000,781300.012619,969956.574154,5,1244.374000,72.983709,90.606716,5,2.000000,0.000000,0.000000,5,2.000000,0.000000,0.000000,5,2.000000,0.000000,0.000000,5,3.000000,0.000000,0.000000,5
memo,1000,32768000,1000,32768000,0.01,512,32768,sharded,600.0,ed25519,gossip,direct,shard,nonce_hash_set,5,58.736733,0.182199,0.226193,5,557.298116,1.712875,2.126474,5,13528514.400000,781300.012619,969956.574154,5,1244.374000,72.983709,90.606716,5,2.000000,0.000000,0.000000,5,2.000000,0.000000,0.000000,5,2.000000,0.000000,0.000000,5,3.000000,0.000000,0.000000,5
memo,1000,32768000,1000,32768000,0.01,512,32768,sharded,75.0,ed25519,gossip,direct,shard,nonce_hash_set,5,469.550257,1.455360,1.806779,5,69.713241,0.214094,0.265790,5,13528514.400000,781300.012619,969956.574154,5,1244.374000,72.983709,90.606716,5,2.000000,0.000000,0.000000,5,2.000000,0.000000,0.000000,5,2.000000,0.000000,0.000000,5,3.000000,0.000000,0.000000,5
memo,1000,32768000,1000,32768000,0.01,512,32768,sharded,9.375,ed25519,gossip,direct,shard,nonce_hash_set,5,3734.554423,11.502335,14.279745,5,8.765133,0.026748,0.033207,5,13528514.400000,781300.012619,969956.574154,5,1244.374000,72.983709,90.606716,5,2.000000,0.000000,0.000000,5,2.000000,0.000000,0.000000,5,2.000000,0.000000,0.000000,5,3.000000,0.000000,0.000000,5
memo,1000,4096000,1000,4096000,0.01,512,4096,sharded,0.146484375,ed25519,gossip,direct,shard,nonce_hash_set,5,21503.554348,47.810315,59.354830,5,0.190322,0.000418,0.000519,5,13528514.400000,781300.012619,969956.574154,5,1244.374000,72.983709,90.606716,5,2.000000,0.000000,0.000000,5,2.000000,0.000000,0.000000,5,2.000000,0.000000,0.000000,5,3.000000,0.000000,0.000000,5
memo,1000,4096000,1000,4096000,0.01,512,4096,sharded,0.29296875,ed25519,gossip,direct,shard,nonce_hash_set,5,12539.900873,32.458770,40.296425,5,0.326366,0.000836,0.001038,5,13528514.400000,781300.012619,969956.574154,5,1244.374000,72.983709,90.606716,5,2.000000,0.000000,0.000000,5,2.000000,0.000000,0.000000,5,2.000000,0.000000,0.000000,5,3.000000,0.000000,0.000000,5
memo,1000,4096000,1000,4096000,0.01,512,4096,sharded,0.5859375,ed25519,gossip,direct,shard,nonce_hash_set,5,6838.607415,19.296035,23.955350,5,0.598456,0.001672,0.002076,5,13528514.400000,781300.012619,969956.574154,5,1244.374000,72.983709,90.606716,5,2.000000,0.000000,0.000000,5,2.000000,0.000000,0.000000,5,2.000000,0.000000,0.000000,5,3.000000,0.000000,0.000000,5
memo,1000,4096000,1000,4096000,0.01,512,4096,sharded,1200.0,ed25519,gossip,direct,shard,nonce_hash_set,5,3.672036,0.011391,0.014142,5,1114.533991,3.425783,4.252989,5,13528514.400000,781300.012619,969956.574154,5,1244.374000,72.983709,90.606716,5,2.000000,0.000000,0.000000,5,2.000000,0.000000,0.000000,5,2.000000,0.000000,0.000000,5,3.000000,0.000000,0.000000,5
memo,1000,4096000,1000,4096000,0.01,512,4096,sharded,150.0,ed25519,gossip,direct,shard,nonce_hash_set,5,29.366276,0.091068,0.113057,5,139.364240,0.428222,0.531622,5,13528514.400000,781300.012619,969956.574154,5,1244.374000,72.983709,90.606716,5,2.000000,0.000000,0.000000,5,2.000000,0.000000,0.000000,5,2.000000,0.000000,0.000000,5,3.000000,0.000000,0.000000,5
memo,1000,4096000,1000,4096000,0.01,512,4096,sharded,18.75,ed25519,gossip,direct,shard,nonce_hash_set,5,234.291484,0.724584,0.899546,5,17.468021,0.053527,0.066451,5,13528514.400000,781300.012619,969956.574154,5,1244.374000,72.983709,90.606716,5,2.000000,0.000000,0.000000,5,2.000000,0.000000,0.000000,5,2.000000,0.000000,0.000000,5,3.000000,0.000000,0.000000,5
memo,1000,4096000,1000,4096000,0.01,512,4096,sharded,1.171875,ed25519,gossip,direct,shard,nonce_hash_set,5,3581.726256,10.584502,13.140288,5,1.142635,0.003345,0.004152,5,13528514.400000,781300.012619,969956.574154,5,1244.374000,72.983709,90.606716,5,2.000000,0.000000,0.000000,5,2.000000,0.000000,0.000000,5,2.000000,0.000000,0.000000,5,3.000000,0.000000,0.000000,5
memo,1000,4096000,1000,4096000,0.01,512,4096,sharded,2.34375,ed25519,gossip,direct,shard,nonce_hash_set,5,1834.432251,5.552592,6.893348,5,2.230994,0.006690,0.008305,5,13528514.400000,781300.012619,969956.574154,5,1244.374000,72.983709,90.606716,5,2.000000,0.000000,0.000000,5,2.000000,0.000000,0.000000,5,2.000000,0.000000,0.000000,5,3.000000,0.000000,0.000000,5
memo,1000,4096000,1000,4096000,0.01,512,4096,sharded,300.0,ed25519,gossip,direct,shard,nonce_hash_set,5,14.685998,0.045552,0.056551,5,278.674205,0.856445,1.063246,5,13528514.400000,781300.012619,969956.574154,5,1244.374000,72.983709,90.606716,5,2.000000,0.000000,0.000000,5,2.000000,0.000000,0.000000,5,2.000000,0.000000,0.000000,5,3.000000,0.000000,0.000000,5
memo,1000,4096000,1000,4096000,0.01,512,4096,sharded,37.5,ed25519,gossip,direct,shard,nonce_hash_set,5,117.328023,0.363420,0.451174,5,34.881767,0.107055,0.132904,5,13528514.400000,781300.012619,969956.574154,5,1244.374000,72.983709,90.606716,5,2.000000,0.000000,0.000000,5,2.000000,0.000000,0.000000,5,2.000000,0.000000,0.000000,5,3.000000,0.000000,0.000000,5
memo,1000,4096000,1000,4096000,0.01,512,4096,sharded,4.6875,ed25519,gossip,direct,shard,nonce_hash_set,5,928.510750,2.845047,3.532027,5,4.407712,0.013381,0.016612,5,13528514.400000,781300.012619,969956.574154,5,1244.374000,72.983709,90.606716,5,2.000000,0.000000,0.000000,5,2.000000,0.000000,0.000000,5,2.000000,0.000000,0.000000,5,3.000000,0.000000,0.000000,5
memo,1000,4096000,1000,4096000,0.01,512,4096,sharded,600.0,ed25519,gossip,direct,shard,nonce_hash_set,5,7.343714,0.022780,0.028281,5,557.294133,1.712891,2.126494,5,13528514.400000,781300.012619,969956.574154,5,1244.374000,72.983709,90.606716,5,2.000000,0.000000,0.000000,5,2.000000,0.000000,0.000000,5,2.000000,0.000000,0.000000,5,3.000000,0.000000,0.000000,5
memo,1000,4096000,1000,4096000,0.01,512,4096,sharded,75.0,ed25519,gossip,direct,shard,nonce_hash_set,5,58.709688,0.181993,0.225938,5,69.709258,0.214110,0.265810,5,13528514.400000,781300.012619,969956.574154,5,1244.374000,72.983709,90.606716,5,2.000000,0.000000,0.000000,5,2.000000,0.000000,0.000000,5,2.000000,0.000000,0.000000,5,3.000000,0.000000,0.000000,5
memo,1000,4096000,1000,4096000,0.01,512,4096,sharded,9.375,ed25519,gossip,direct,shard,nonce_hash_set,5,467.131501,1.440204,1.787962,5,8.761148,0.026763,0.033225,5,13528514.400000,781300.012619,969956.574154,5,1244.374000,72.983709,90.606716,5,2.000000,0.000000,0.000000,5,2.000000,0.000000,0.000000,5,2.000000,0.000000,0.000000,5,3.000000,0.000000,0.000000,5
memo,1000,524288000,1000,524288000,0.01,512,524288,sharded,0.146484375,ed25519,gossip,direct,shard,nonce_hash_set,5,1413559.738976,1641.375139,2037.709691,5,0.370500,0.000422,0.000524,5,13528514.400000,781300.012619,969956.574154,5,1244.374000,72.983709,90.606716,5,2.000000,0.000000,0.000000,5,2.000000,0.000000,0.000000,5,2.000000,0.000000,0.000000,5,3.000000,0.000000,0.000000,5
memo,1000,524288000,1000,524288000,0.01,512,524288,sharded,0.29296875,ed25519,gossip,direct,shard,nonce_hash_set,5,1046182.660015,1931.182522,2397.495396,5,0.500605,0.000915,0.001136,5,13528514.400000,781300.012619,969956.574154,5,1244.374000,72.983709,90.606716,5,2.000000,0.000000,0.000000,5,2.000000,0.000000,0.000000,5,2.000000,0.000000,0.000000,5,3.000000,0.000000,0.000000,5
memo,1000,524288000,1000,524288000,0.01,512,524288,sharded,0.5859375,ed25519,gossip,direct,shard,nonce_hash_set,5,681433.848969,1577.937253,1958.953778,5,0.768563,0.001766,0.002193,5,13528514.400000,781300.012619,969956.574154,5,1244.374000,72.983709,90.606716,5,2.000000,0.000000,0.000000,5,2.000000,0.000000,0.000000,5,2.000000,0.000000,0.000000,5,3.000000,0.000000,0.000000,5
memo,1000,524288000,1000,524288000,0.01,512,524288,sharded,1200.0,ed25519,gossip,direct,shard,nonce_hash_set,5,469.836625,1.457163,1.809017,5,1114.700085,3.425485,4.252619,5,13528514.400000,781300.012619,969956.574154,5,1244.374000,72.983709,90.606716,5,2.000000,0.000000,0.000000,5,2.000000,0.000000,0.000000,5,2.000000,0.000000,0.000000,5,3.000000,0.000000,0.000000,5
memo,1000,524288000,1000,524288000,0.01,512,524288,sharded,150.0,ed25519,gossip,direct,shard,nonce_hash_set,5,3753.497737,11.618681,14.424185,5,139.530365,0.427948,0.531282,5,13528514.400000,781300.012619,969956.574154,5,1244.374000,72.983709,90.606716,5,2.000000,0.000000,0.000000,5,2.000000,0.000000,0.000000,5,2.000000,0.000000,0.000000,5,3.000000,0.000000,0.000000,5
memo,1000,524288000,1000,524288000,0.01,512,524288,sharded,18.75,ed25519,gossip,direct,shard,nonce_hash_set,5,29699.390934,90.599778,112.476449,5,17.634260,0.053300,0.066170,5,13528514.400000,781300.012619,969956.574154,5,1244.374000,72.983709,90.606716,5,2.000000,0.000000,0.000000,5,2.000000,0.000000,0.000000,5,2.000000,0.000000,0.000000,5,3.000000,0.000000,0.000000,5
memo,1000,524288000,1000,524288000,0.01,512,524288,sharded,1.171875,ed25519,gossip,direct,shard,nonce_hash_set,5,399577.014288,1020.375470,1266.760372,5,1.310700,0.003317,0.004117,5,13528514.400000,781300.012619,969956.574154,5,1244.374000,72.983709,90.606716,5,2.000000,0.000000,0.000000,5,2.000000,0.000000,0.000000,5,2.000000,0.000000,0.000000,5,3.000000,0.000000,0.000000,5
memo,1000,524288000,1000,524288000,0.01,512,524288,sharded,2.34375,ed25519,gossip,direct,shard,nonce_hash_set,5,218400.559905,604.100338,749.969391,5,2.398007,0.006570,0.008157,5,13528514.400000,781300.012619,969956.574154,5,1244.374000,72.983709,90.606716,5,2.000000,0.000000,0.000000,5,2.000000,0.000000,0.000000,5,2.000000,0.000000,0.000000,5,3.000000,0.000000,0.000000,5
memo,1000,524288000,1000,524288000,0.01,512,524288,sharded,300.0,ed25519,gossip,direct,shard,nonce_hash_set,5,1878.232449,5.820309,7.225709,5,278.840310,0.856159,1.062891,5,13528514.400000,781300.012619,969956.574154,5,1244.374000,72.983709,90.606716,5,2.000000,0.000000,0.000000,5,2.000000,0.000000,0.000000,5,2.000000,0.000000,0.000000,5,3.000000,0.000000,0.000000,5
memo,1000,524288000,1000,524288000,0.01,512,524288,sharded,37.5,ed25519,gossip,direct,shard,nonce_hash_set,5,14943.153066,45.961305,57.059349,5,35.047949,0.106810,0.132600,5,13528514.400000,781300.012619,969956.574154,5,1244.374000,72.983709,90.606716,5,2.000000,0.000000,0.000000,5,2.000000,0.000000,0.000000,5,2.000000,0.000000,0.000000,5,3.000000,0.000000,0.000000,5
memo,1000,524288000,1000,524288000,0.01,512,524288,sharded,4.6875,ed25519,gossip,direct,shard,nonce_hash_set,5,114494.280376,333.147572,413.591031,5,4.574259,0.013186,0.016370,5,13528514.400000,781300.012619,969956.574154,5,1244.374000,72.983709,90.606716,5,2.000000,0.000000,0.000000,5,2.000000,0.000000,0.000000,5,2.000000,0.000000,0.000000,5,3.000000,0.000000,0.000000,5
memo,1000,524288000,1000,524288000,0.01,512,524288,sharded,600.0,ed25519,gossip,direct,shard,nonce_hash_set,5,939.487515,2.912922,3.616290,5,557.460227,1.712593,2.126124,5,13528514.400000,781300.012619,969956.574154,5,1244.374000,72.983709,90.606716,5,2.000000,0.000000,0.000000,5,2.000000,0.000000,0.000000,5,2.000000,0.000000,0.000000,5,3.000000,0.000000,0.000000,5
memo,1000,524288000,1000,524288000,0.01,512,524288,sharded,75.0,ed25519,gossip,direct,shard,nonce_hash_set,5,7495.153439,23.150807,28.740915,5,69.875407,0.213850,0.265488,5,13528514.400000,781300.012619,969956.574154,5,1244.374000,72.983709,90.606716,5,2.000000,0.000000,0.000000,5,2.000000,0.000000,0.000000,5,2.000000,0.000000,0.000000,5,3.000000,0.000000,0.000000,5
memo,1000,524288000,1000,524288000,0.01,512,524288,sharded,9.375,ed25519,gossip,direct,shard,nonce_hash_set,5,58664.480516,176.079180,218.596129,5,8.927492,0.026548,0.032959,5,13528514.400000,781300.012619,969956.574154,5,1244.374000,72.983709,90.606716,5,2.000000,0.000000,0.000000,5,2.000000,0.000000,0.000000,5,2.000000,0.000000,0.000000,5,3.000000,0.000000,0.000000,5
memo,1000,65536000,1000,65536000,0.01,512,65536,sharded,0.146484375,ed25519,gossip,direct,shard,nonce_hash_set,5,328474.811787,692.444571,859.645658,5,0.199304,0.000415,0.000516,5,13528514.400000,781300.012619,969956.574154,5,1244.374000,72.983709,90.606716,5,2.000000,0.000000,0.000000,5,2.000000,0.000000,0.000000,5,2.000000,0.000000,0.000000,5,3.000000,0.000000,0.000000,5
memo,1000,65536000,1000,65536000,0.01,512,65536,sharded,0.29296875,ed25519,gossip,direct,shard,nonce_hash_set,5,195295.965633,484.231708,601.156689,5,0.335217,0.000822,0.001021,5,13528514.400000,781300.012619,969956.574154,5,1244.374000,72.983709,90.606716,5,2.000000,0.000000,0.000000,5,2.000000,0.000000,0.000000,5,2.000000,0.000000,0.000000,5,3.000000,0.000000,0.000000,5
memo,1000,65536000,1000,65536000,0.01,512,65536,sharded,0.5859375,ed25519,gossip,direct,shard,nonce_hash_set,5,107808.670614,295.748518,367.161416,5,0.607248,0.001649,0.002048,5,13528514.400000,781300.012619,969956.574154,5,1244.374000,72.983709,90.606716,5,2.000000,0.000000,0.000000,5,2.000000,0.000000,0.000000,5,2.000000,0.000000,0.000000,5,3.000000,0.000000,0.000000,5
memo,1000,65536000,1000,65536000,0.01,512,65536,sharded,1200.0,ed25519,gossip,direct,shard,nonce_hash_set,5,58.738655,0.182213,0.226211,5,1114.542727,3.425748,4.252946,5,13528514.400000,781300.012619,969956.574154,5,1244.374000,72.983709,90.606716,5,2.000000,0.000000,0.000000,5,2.000000,0.000000,0.000000,5,2.000000,0.000000,0.000000,5,3.000000,0.000000,0.000000,5
memo,1000,65536000,1000,65536000,0.01,512,65536,sharded,150.0,ed25519,gossip,direct,shard,nonce_hash_set,5,469.723344,1.456448,1.808129,5,139.372976,0.428187,0.531579,5,13528514.400000,781300.012619,969956.574154,5,1244.374000,72.983709,90.606716,5,2.000000,0.000000,0.000000,5,2.000000,0.000000,0.000000,5,2.000000,0.000000,0.000000,5,3.000000,0.000000,0.000000,5
memo,1000,65536000,1000,65536000,0.01,512,65536,sharded,18.75,ed25519,gossip,direct,shard,nonce_hash_set,5,3745.930691,11.572197,14.366477,5,17.476761,0.053495,0.066412,5,13528514.400000,781300.012619,969956.574154,5,1244.374000,72.983709,90.606716,5,2.000000,0.000000,0.000000,5,2.000000,0.000000,0.000000,5,2.000000,0.000000,0.000000,5,3.000000,0.000000,0.000000,5
memo,1000,65536000,1000,65536000,0.01,512,65536,sharded,1.171875,ed25519,gossip,direct,shard,nonce_hash_set,5,56858.216998,165.507183,205.471366,5,1.151402,0.003320,0.004121,5,13528514.400000,781300.012619,969956.574154,5,1244.374000,72.983709,90.606716,5,2.000000,0.000000,0.000000,5,2.000000,0.000000,0.000000,5,2.000000,0.000000,0.000000,5,3.000000,0.000000,0.000000,5
memo,1000,65536000,1000,65536000,0.01,512,65536,sharded,2.34375,ed25519,gossip,direct,shard,nonce_hash_set,5,29229.493565,87.782657,108.979091,5,2.239748,0.006664,0.008273,5,13528514.400000,781300.012619,969956.574154,5,1244.374000,72.983709,90.606716,5,2.000000,0.000000,0.000000,5,2.000000,0.000000,0.000000,5,2.000000,0.000000,0.000000,5,3.000000,0.000000,0.000000,5
memo,1000,65536000,1000,65536000,0.01,512,65536,sharded,300.0,ed25519,gossip,direct,shard,nonce_hash_set,5,234.914777,0.728583,0.904511,5,278.682941,0.856410,1.063203,5,13528514.400000,781300.012619,969956.574154,5,1244.374000,72.983709,90.606716,5,2.000000,0.000000,0.000000,5,2.000000,0.000000,0.000000,5,2.000000,0.000000,0.000000,5,3.000000,0.000000,0.000000,5
memo,1000,65536000,1000,65536000,0.01,512,65536,sharded,37.5,ed25519,gossip,direct,shard,nonce_hash_set,5,1876.348302,5.808677,7.211269,5,34.890505,0.107021,0.132863,5,13528514.400000,781300.012619,969956.574154,5,1244.374000,72.983709,90.606716,5,2.000000,0.000000,0.000000,5,2.000000,0.000000,0.000000,5,2.000000,0.000000,0.000000,5,3.000000,0.000000,0.000000,5
memo,1000,65536000,1000,65536000,0.01,512,65536,sharded,4.6875,ed25519,gossip,direct,shard,nonce_hash_set,5,14823.350606,45.234050,56.156487,5,4.416459,0.013353,0.016577,5,13528514.400000,781300.012619,969956.574154,5,1244.374000,72.983709,90.606716,5,2.000000,0.000000,0.000000,5,2.000000,0.000000,0.000000,5,2.000000,0.000000,0.000000,5,3.000000,0.000000,0.000000,5
memo,1000,65536000,1000,65536000,0.01,512,65536,sharded,600.0,ed25519,gossip,direct,shard,nonce_hash_set,5,117.470669,0.364381,0.452367,5,557.302869,1.712856,2.126451,5,13528514.400000,781300.012619,969956.574154,5,1244.374000,72.983709,90.606716,5,2.000000,0.000000,0.000000,5,2.000000,0.000000,0.000000,5,2.000000,0.000000,0.000000,5,3.000000,0.000000,0.000000,5
memo,1000,65536000,1000,65536000,0.01,512,65536,sharded,75.0,ed25519,gossip,direct,shard,nonce_hash_set,5,939.022139,2.910027,3.612697,5,69.717994,0.214076,0.265767,5,13528514.400000,781300.012619,969956.574154,5,1244.374000,72.983709,90.606716,5,2.000000,0.000000,0.000000,5,2.000000,0.000000,0.000000,5,2.000000,0.000000,0.000000,5,3.000000,0.000000,0.000000,5
memo,1000,65536000,1000,65536000,0.01,512,65536,sharded,9.375,ed25519,gossip,direct,shard,nonce_hash_set,5,7464.942124,22.966113,28.511624,5,8.769892,0.026733,0.033188,5,13528514.400000,781300.012619,969956.574154,5,1244.374000,72.983709,90.606716,5,2.000000,0.000000,0.000000,5,2.000000,0.000000,0.000000,5,2.000000,0.000000,0.000000,5,3.000000,0.000000,0.000000,5
memo,1000,8192000,1000,8192000,0.01,512,8192,sharded,0.146484375,ed25519,gossip,direct,shard,nonce_hash_set,5,42884.420164,94.712931,117.582783,5,0.190843,0.000416,0.000517,5,13528514.400000,781300.012619,969956.574154,5,1244.374000,72.983709,90.606716,5,2.000000,0.000000,0.000000,5,2.000000,0.000000,0.000000,5,2.000000,0.000000,0.000000,5,3.000000,0.000000,0.000000,5
memo,1000,8192000,1000,8192000,0.01,512,8192,sharded,0.29296875,ed25519,gossip,direct,shard,nonce_hash_set,5,25036.846565,64.573692,80.165975,5,0.326886,0.000834,0.001036,5,13528514.400000,781300.012619,969956.574154,5,1244.374000,72.983709,90.606716,5,2.000000,0.000000,0.000000,5,2.000000,0.000000,0.000000,5,2.000000,0.000000,0.000000,5,3.000000,0.000000,0.000000,5
memo,1000,8192000,1000,8192000,0.01,512,8192,sharded,0.5859375,ed25519,gossip,direct,shard,nonce_hash_set,5,13663.686101,38.478465,47.769666,5,0.598975,0.001670,0.002073,5,13528514.400000,781300.012619,969956.574154,5,1244.374000,72.983709,90.606716,5,2.000000,0.000000,0.000000,5,2.000000,0.000000,0.000000,5,2.000000,0.000000,0.000000,5,3.000000,0.000000,0.000000,5
memo,1000,8192000,1000,8192000,0.01,512,8192,sharded,1200.0,ed25519,gossip,direct,shard,nonce_hash_set,5,7.343171,0.022780,0.028280,5,1114.534509,3.425780,4.252986,5,13528514.400000,781300.012619,969956.574154,5,1244.374000,72.983709,90.606716,5,2.000000,0.000000,0.000000,5,2.000000,0.000000,0.000000,5,2.000000,0.000000,0.000000,5,3.000000,0.000000,0.000000,5
memo,1000,8192000,1000,8192000,0.01,512,8192,sharded,150.0,ed25519,gossip,direct,shard,nonce_hash_set,5,58.725159,0.182111,0.226084,5,139.364758,0.428219,0.531619,5,13528514.400000,781300.012619,969956.574154,5,1244.374000,72.983709,90.606716,5,2.000000,0.000000,0.000000,5,2.000000,0.000000,0.000000,5,2.000000,0.000000,0.000000,5,3.000000,0.000000,0.000000,5
memo,1000,8192000,1000,8192000,0.01,512,8192,sharded,18.75,ed25519,gossip,direct,shard,nonce_hash_set,5,468.511817,1.448843,1.798688,5,17.468540,0.053524,0.066449,5,13528514.400000,781300.012619,969956.574154,5,1244.374000,72.983709,90.606716,5,2.000000,0.000000,0.000000,5,2.000000,0.000000,0.000000,5,2.000000,0.000000,0.000000,5,3.000000,0.000000,0.000000,5
memo,1000,8192000,1000,8192000,0.01,512,8192,sharded,1.171875,ed25519,gossip,direct,shard,nonce_hash_set,5,7159.325340,21.134981,26.238338,5,1.143154,0.003343,0.004150,5,13528514.400000,781300.012619,969956.574154,5,1244.374000,72.983709,90.606716,5,2.000000,0.000000,0.000000,5,2.000000,0.000000,0.000000,5,2.000000,0.000000,0.000000,5,3.000000,0.000000,0.000000,5
memo,1000,8192000,1000,8192000,0.01,512,8192,sharded,2.34375,ed25519,gossip,direct,shard,nonce_hash_set,5,3667.563393,11.095263,13.774380,5,2.231513,0.006688,0.008303,5,13528514.400000,781300.012619,969956.574154,5,1244.374000,72.983709,90.606716,5,2.000000,0.000000,0.000000,5,2.000000,0.000000,0.000000,5,2.000000,0.000000,0.000000,5,3.000000,0.000000,0.000000,5
memo,1000,8192000,1000,8192000,0.01,512,8192,sharded,300.0,ed25519,gossip,direct,shard,nonce_hash_set,5,29.368353,0.091091,0.113087,5,278.674723,0.856442,1.063243,5,13528514.400000,781300.012619,969956.574154,5,1244.374000,72.983709,90.606716,5,2.000000,0.000000,0.000000,5,2.000000,0.000000,0.000000,5,2.000000,0.000000,0.000000,5,3.000000,0.000000,0.000000,5
memo,1000,8192000,1000,8192000,0.01,512,8192,sharded,37.5,ed25519,gossip,direct,shard,nonce_hash_set,5,234.623890,0.726715,0.902192,5,34.882285,0.107052,0.132902,5,13528514.400000,781300.012619,969956.574154,5,1244.374000,72.983709,90.606716,5,2.000000,0.000000,0.000000,5,2.000000,0.000000,0.000000,5,2.000000,0.000000,0.000000,5,3.000000,0.000000,0.000000,5
memo,1000,8192000,1000,8192000,0.01,512,8192,sharded,4.6875,ed25519,gossip,direct,shard,nonce_hash_set,5,1856.576184,5.687153,7.060401,5,4.408231,0.013379,0.016609,5,13528514.400000,781300.012619,969956.574154,5,1244.374000,72.983709,90.606716,5,2.000000,0.000000,0.000000,5,2.000000,0.000000,0.000000,5,2.000000,0.000000,0.000000,5,3.000000,0.000000,0.000000,5
memo,1000,8192000,1000,8192000,0.01,512,8192,sharded,600.0,ed25519,gossip,direct,shard,nonce_hash_set,5,14.685620,0.045555,0.056555,5,557.294652,1.712888,2.126491,5,13528514.400000,781300.012619,969956.574154,5,1244.374000,72.983709,90.606716,5,2.000000,0.000000,0.000000,5,2.000000,0.000000,0.000000,5,2.000000,0.000000,0.000000,5,3.000000,0.000000,0.000000,5
memo,1000,8192000,1000,8192000,0.01,512,8192,sharded,75.0,ed25519,gossip,direct,shard,nonce_hash_set,5,117.404157,0.363933,0.451810,5,69.709776,0.214108,0.265808,5,13528514.400000,781300.012619,969956.574154,5,1244.374000,72.983709,90.606716,5,2.000000,0.000000,0.000000,5,2.000000,0.000000,0.000000,5,2.000000,0.000000,0.000000,5,3.000000,0.000000,0.000000,5
memo,1000,8192000,1000,8192000,0.01,512,8192,sharded,9.375,ed25519,gossip,direct,shard,nonce_hash_set,5,934.093588,2.879467,3.574758,5,8.761667,0.026760,0.033222,5,13528514.400000,781300.012619,969956.574154,5,1244.374000,72.983709,90.606716,5,2.000000,0.000000,0.000000,5,2.000000,0.000000,0.000000,5,2.000000,0.000000,0.000000,5,3.000000,0.000000,0.000000,5
memo,1000,1024000,1000,1024000,0.01,64,1024,sharded,0.146484375,ed25519,gossip,direct,shard,nonce_hash_set,5,7220.529152,24.477788,30.388316,5,0.140707,0.000434,0.000539,5,12542711.600000,658047.111413,816942.418416,5,1221.926000,55.300403,68.653511,5,2.000000,0.000000,0.000000,5,2.000000,0.000000,0.000000,5,2.000000,0.000000,0.000000,5,3.000000,0.000000,0.000000,5
memo,1000,1024000,1000,1024000,0.01,64,1024,sharded,0.29296875,ed25519,gossip,direct,shard,nonce_hash_set,5,3735.956030,13.311499,16.525759,5,0.271947,0.000887,0.001101,5,12542711.600000,658047.111413,816942.418416,5,1221.926000,55.300403,68.653511,5,2.000000,0.000000,0.000000,5,2.000000,0.000000,0.000000,5,2.000000,0.000000,0.000000,5,3.000000,0.000000,0.000000,5
memo,1000,1024000,1000,1024000,0.01,64,1024,sharded,0.5859375,ed25519,gossip,direct,shard,nonce_hash_set,5,1901.063550,6.950859,8.629248,5,0.534429,0.001793,0.002226,5,12542711.600000,658047.111413,816942.418416,5,1221.926000,55.300403,68.653511,5,2.000000,0.000000,0.000000,5,2.000000,0.000000,0.000000,5,2.000000,0.000000,0.000000,5,3.000000,0.000000,0.000000,5
memo,1000,1024000,1000,1024000,0.01,64,1024,sharded,1200.0,ed25519,gossip,direct,shard,nonce_hash_set,5,0.944980,0.003546,0.004403,5,1075.136941,3.712532,4.608978,5,12542711.600000,658047.111413,816942.418416,5,1221.926000,55.300403,68.653511,5,2.000000,0.000000,0.000000,5,2.000000,0.000000,0.000000,5,2.000000,0.000000,0.000000,5,3.000000,0.000000,0.000000,5
memo,1000,1024000,1000,1024000,0.01,64,1024,sharded,150.0,ed25519,gossip,direct,shard,nonce_hash_set,5,7.559377,0.028366,0.035215,5,134.400398,0.464049,0.576101,5,12542711.600000,658047.111413,816942.418416,5,1221.926000,55.300403,68.653511,5,2.000000,0.000000,0.000000,5,2.000000,0.000000,0.000000,5,2.000000,0.000000,0.000000,5,3.000000,0.000000,0.000000,5
memo,1000,1024000,1000,1024000,0.01,64,1024,sharded,18.75,ed25519,gossip,direct,shard,nonce_hash_set,5,60.445224,0.226653,0.281382,5,16.808330,0.057989,0.071991,5,12542711.600000,658047.111413,816942.418416,5,1221.926000,55.300403,68.653511,5,2.000000,0.000000,0.000000,5,2.000000,0.000000,0.000000,5,2.000000,0.000000,0.000000,5,3.000000,0.000000,0.000000,5
memo,1000,1024000,1000,1024000,0.01,64,1024,sharded,1.171875,ed25519,gossip,direct,shard,nonce_hash_set,5,959.023858,3.552472,4.410270,5,1.059393,0.003606,0.004477,5,12542711.600000,658047.111413,816942.418416,5,1221.926000,55.300403,68.653511,5,2.000000,0.000000,0.000000,5,2.000000,0.000000,0.000000,5,2.000000,0.000000,0.000000,5,3.000000,0.000000,0.000000,5
memo,1000,1024000,1000,1024000,0.01,64,1024,sharded,2.34375,ed25519,gossip,direct,shard,nonce_hash_set,5,481.663393,1.795822,2.229450,5,2.109322,0.007232,0.008978,5,12542711.600000,658047.111413,816942.418416,5,1221.926000,55.300403,68.653511,5,2.000000,0.000000,0.000000,5,2.000000,0.000000,0.000000,5,2.000000,0.000000,0.000000,5,3.000000,0.000000,0.000000,5
memo,1000,1024000,1000,1024000,0.01,64,1024,sharded,300.0,ed25519,gossip,direct,shard,nonce_hash_set,5,3.779822,0.014184,0.017609,5,268.791333,0.928118,1.152226,5,12542711.600000,658047.111413,816942.418416,5,1221.926000,55.300403,68.653511,5,2.000000,0.000000,0.000000,5,2.000000,0.000000,0.000000,5,2.000000,0.000000,0.000000,5,3.000000,0.000000,0.000000,5
memo,1000,1024000,1000,1024000,0.01,64,1024,sharded,37.5,ed25519,gossip,direct,shard,nonce_hash_set,5,30.231123,0.113405,0.140788,5,33.607197,0.115998,0.144007,5,12542711.600000,658047.111413,816942.418416,5,1221.926000,55.300403,68.653511,5,2.000000,0.000000,0.000000,5,2.000000,0.000000,0.000000,5,2.000000,0.000000,0.000000,5,3.000000,0.000000,0.000000,5
memo,1000,1024000,1000,1024000,0.01,64,1024,sharded,4.6875,ed25519,gossip,direct,shard,nonce_hash_set,5,241.373183,0.902869,1.120881,5,4.209180,0.014483,0.017980,5,12542711.600000,658047.111413,816942.418416,5,1221.926000,55.300403,68.653511,5,2.000000,0.000000,0.000000,5,2.000000,0.000000,0.000000,5,2.000000,0.000000,0.000000,5,3.000000,0.000000,0.000000,5
memo,1000,1024000,1000,1024000,0.01,64,1024,sharded,600.0,ed25519,gossip,direct,shard,nonce_hash_set,5,1.889944,0.007092,0.008805,5,537.573202,1.856256,2.304477,5,12542711.600000,658047.111413,816942.418416,5,1221.926000,55.300403,68.653511,5,2.000000,0.000000,0.000000,5,2.000000,0.000000,0.000000,5,2.000000,0.000000,0.000000,5,3.000000,0.000000,0.000000,5
memo,1000,1024000,1000,1024000,0.01,64,1024,sharded,75.0,ed25519,gossip,direct,shard,nonce_hash_set,5,15.117690,0.056722,0.070418,5,67.204931,0.232015,0.288038,5,12542711.600000,658047.111413,816942.418416,5,1221.926000,55.300403,68.653511,5,2.000000,0.000000,0.000000,5,2.000000,0.000000,0.000000,5,2.000000,0.000000,0.000000,5,3.000000,0.000000,0.000000,5
memo,1000,1024000,1000,1024000,0.01,64,1024,sharded,9.375,ed25519,gossip,direct,shard,nonce_hash_set,5,120.822420,0.452681,0.561988,5,8.408897,0.028985,0.035984,5,12542711.600000,658047.111413,816942.418416,5,1221.926000,55.300403,68.653511,5,2.000000,0.000000,0.000000,5,2.000000,0.000000,0.000000,5,2.000000,0.000000,0.000000,5,3.000000,0.000000,0.000000,5
memo,1000,131072000,1000,131072000,0.01,64,131072,sharded,0.146484375,ed25519,gossip,direct,shard,nonce_hash_set,5,532666.431740,728.571672,904.496187,5,0.243901,0.000291,0.000361,5,12542711.600000,658047.111413,816942.418416,5,1221.926000,55.300403,68.653511,5,2.000000,0.000000,0.000000,5,2.000000,0.000000,0.000000,5,2.000000,0.000000,0.000000,5,3.000000,0.000000,0.000000,5
memo,1000,131072000,1000,131072000,0.01,64,131072,sharded,0.29296875,ed25519,gossip,direct,shard,nonce_hash_set,5,356578.972171,703.490710,873.359052,5,0.364345,0.000662,0.000822,5,12542711.600000,658047.111413,816942.418416,5,1221.926000,55.300403,68.653511,5,2.000000,0.000000,0.000000,5,2.000000,0.000000,0.000000,5,2.000000,0.000000,0.000000,5,3.000000,0.000000,0.000000,5
memo,1000,131072000,1000,131072000,0.01,64,131072,sharded,0.5859375,ed25519,gossip,direct,shard,nonce_hash_set,5,210792.046603,546.326565,678.245277,5,0.616333,0.001501,0.001864,5,12542711.600000,658047.111413,816942.418416,5,1221.926000,55.300403,68.653511,5,2.000000,0.000000,0.000000,5,2.000000,0.000000,0.000000,5,2.000000,0.000000,0.000000,5,3.000000,0.000000,0.000000,5
memo,1000,131072000,1000,131072000,0.01,64,131072,sharded,1200.0,ed25519,gossip,direct,shard,nonce_hash_set,5,120.831396,0.453346,0.562813,5,1075.207823,3.711560,4.607772,5,12542711.600000,658047.111413,816942.418416,5,1221.926000,55.300403,68.653511,5,2.000000,0.000000,0.000000,5,2.000000,0.000000,0.000000,5,2.000000,0.000000,0.000000,5,3.000000,0.000000,0.000000,5
memo,1000,131072000,1000,131072000,0.01,64,131072,sharded,150.0,ed25519,gossip,direct,shard,nonce_hash_set,5,966.145639,3.616845,4.490186,5,134.471296,0.463098,0.574919,5,12542711.600000,658047.111413,816942.418416,5,1221.926000,55.300403,68.653511,5,2.000000,0.000000,0.000000,5,2.000000,0.000000,0.000000,5,2.000000,0.000000,0.000000,5,3.000000,0.000000,0.000000,5
memo,1000,131072000,1000,131072000,0.01,64,131072,sharded,18.75,ed25519,gossip,direct,shard,nonce_hash_set,5,7696.819861,28.315875,35.153166,5,16.879544,0.057069,0.070849,5,12542711.600000,658047.111413,816942.418416,5,1221.926000,55.300403,68.653511,5,2.000000,0.000000,0.000000,5,2.000000,0.000000,0.000000,5,2.000000,0.000000,0.000000,5,3.000000,0.000000,0.000000,5
memo,1000,131072000,1000,131072000,0.01,64,131072,sharded,1.171875,ed25519,gossip,direct,shard,nonce_hash_set,5,114398.053855,331.598640,411.668086,5,1.135669,0.003019,0.003748,5,12542711.600000,658047.111413,816942.418416,5,1221.926000,55.300403,68.653511,5,2.000000,0.000000,0.000000,5,2.000000,0.000000,0.000000,5,2.000000,0.000000,0.000000,5,3.000000,0.000000,0.000000,5
memo,1000,131072000,1000,131072000,0.01,64,131072,sharded,2.34375,ed25519,gossip,direct,shard,nonce_hash_set,5,59516.688312,194.142466,241.021065,5,2.182892,0.006518,0.008091,5,12542711.600000,658047.111413,816942.418416,5,1221.926000,55.300403,68.653511,5,2.000000,0.000000,0.000000,5,2.000000,0.000000,0.000000,5,2.000000,0.000000,0.000000,5,3.000000,0.000000,0.000000,5
memo,1000,131072000,1000,131072000,0.01,64,131072,sharded,300.0,ed25519,gossip,direct,shard,nonce_hash_set,5,483.217239,1.811242,2.248593,5,268.862221,0.927155,1.151031,5,12542711.600000,658047.111413,816942.418416,5,1221.926000,55.300403,68.653511,5,2.000000,0.000000,0.000000,5,2.000000,0.000000,0.000000,5,2.000000,0.000000,0.000000,5,3.000000,0.000000,0.000000,5
memo,1000,131072000,1000,131072000,0.01,64,131072,sharded,37.5,ed25519,gossip,direct,shard,nonce_hash_set,5,3857.650194,14.328007,17.787718,5,33.678231,0.115016,0.142788,5,12542711.600000,658047.111413,816942.418416,5,1221.926000,55.300403,68.653511,5,2.000000,0.000000,0.000000,5,2.000000,0.000000,0.000000,5,2.000000,0.000000,0.000000,5,3.000000,0.000000,0.000000,5
memo,1000,131072000,1000,131072000,0.01,64,131072,sharded,4.6875,ed25519,gossip,direct,shard,nonce_hash_set,5,30344.671345,106.411939,132.106692,5,4.281433,0.013776,0.017102,5,12542711.600000,658047.111413,816942.418416,5,1221.926000,55.300403,68.653511,5,2.000000,0.000000,0.000000,5,2.000000,0.000000,0.000000,5,2.000000,0.000000,0.000000,5,3.000000,0.000000,0.000000,5
memo,1000,131072000,1000,131072000,0.01,64,131072,sharded,600.0,ed25519,gossip,direct,shard,nonce_hash_set,5,241.644732,0.906335,1.125183,5,537.644088,1.855290,2.303278,5,12542711.600000,658047.111413,816942.418416,5,1221.926000,55.300403,68.653511,5,2.000000,0.000000,0.000000,5,2.000000,0.000000,0.000000,5,2.000000,0.000000,0.000000,5,3.000000,0.000000,0.000000,5
memo,1000,131072000,1000,131072000,0.01,64,131072,sharded,75.0,ed25519,gossip,direct,shard,nonce_hash_set,5,1931.135875,7.210392,8.951449,5,67.275872,0.231042,0.286831,5,12542711.600000,658047.111413,816942.418416,5,1221.926000,55.300403,68.653511,5,2.000000,0.000000,0.000000,5,2.000000,0.000000,0.000000,5,2.000000,0.000000,0.000000,5,3.000000,0.000000,0.000000,5
memo,1000,131072000,1000,131072000,0.01,64,131072,sharded,9.375,ed25519,gossip,direct,shard,nonce_hash_set,5,15319.787404,55.378466,68.750424,5,8.480455,0.028152,0.034949,5,12542711.600000,658047.111413,816942.418416,5,1221.926000,55.300403,68.653511,5,2.000000,0.000000,0.000000,5,2.000000,0.000000,0.000000,5,2.000000,0.000000,0.000000,5,3.000000,0.000000,0.000000,5
memo,1000,16384000,1000,16384000,0.01,64,16384,sharded,0.146484375,ed25519,gossip,direct,shard,nonce_hash_set,5,108683.001226,291.654898,362.079331,5,0.149431,0.000364,0.000452,5,12542711.600000,658047.111413,816942.418416,5,1221.926000,55.300403,68.653511,5,2.000000,0.000000,0.000000,5,2.000000,0.000000,0.000000,5,2.000000,0.000000,0.000000,5,3.000000,0.000000,0.000000,5
memo,1000,16384000,1000,16384000,0.01,64,16384,sharded,0.29296875,ed25519,gossip,direct,shard,nonce_hash_set,5,57933.642087,182.124296,226.100929,5,0.280332,0.000803,0.000997,5,12542711.600000,658047.111413,816942.418416,5,1221.926000,55.300403,68.653511,5,2.000000,0.000000,0.000000,5,2.000000,0.000000,0.000000,5,2.000000,0.000000,0.000000,5,3.000000,0.000000,0.000000,5
memo,1000,16384000,1000,16384000,0.01,64,16384,sharded,0.5859375,ed25519,gossip,direct,shard,nonce_hash_set,5,29928.549483,103.062953,127.949043,5,0.542649,0.001711,0.002124,5,12542711.600000,658047.111413,816942.418416,5,1221.926000,55.300403,68.653511,5,2.000000,0.000000,0.000000,5,2.000000,0.000000,0.000000,5,2.000000,0.000000,0.000000,5,3.000000,0.000000,0.000000,5
memo,1000,16384000,1000,16384000,0.01,64,16384,sharded,1200.0,ed25519,gossip,direct,shard,nonce_hash_set,5,15.105621,0.056690,0.070378,5,1075.144989,3.712415,4.608833,5,12542711.600000,658047.111413,816942.418416,5,1221.926000,55.300403,68.653511,5,2.000000,0.000000,0.000000,5,2.000000,0.000000,0.000000,5,2.000000,0.000000,0.000000,5,3.000000,0.000000,0.000000,5
memo,1000,16384000,1000,16384000,0.01,64,16384,sharded,150.0,ed25519,gossip,direct,shard,nonce_hash_set,5,120.831191,0.453311,0.562770,5,134.408447,0.463935,0.575958,5,12542711.600000,658047.111413,816942.418416,5,1221.926000,55.300403,68.653511,5,2.000000,0.000000,0.000000,5,2.000000,0.000000,0.000000,5,2.000000,0.000000,0.000000,5,3.000000,0.000000,0.000000,5
memo,1000,16384000,1000,16384000,0.01,64,16384,sharded,18.75,ed25519,gossip,direct,shard,nonce_hash_set,5,965.768534,3.613376,4.485879,5,16.816381,0.057877,0.071852,5,12542711.600000,658047.111413,816942.418416,5,1221.926000,55.300403,68.653511,5,2.000000,0.000000,0.000000,5,2.000000,0.000000,0.000000,5,2.000000,0.000000,0.000000,5,3.000000,0.000000,0.000000,5
memo,1000,16384000,1000,16384000,0.01,64,16384,sharded,1.171875,ed25519,gossip,direct,shard,nonce_hash_set,5,15213.409445,54.498685,67.658207,5,1.067526,0.003508,0.004355,5,12542711.600000,658047.111413,816942.418416,5,1221.926000,55.300403,68.653511,5,2.000000,0.000000,0.000000,5,2.000000,0.000000,0.000000,5,2.000000,0.000000,0.000000,5,3.000000,0.000000,0.000000,5
memo,1000,16384000,1000,16384000,0.01,64,16384,sharded,2.34375,ed25519,gossip,direct,shard,nonce_hash_set,5,7670.080930,28.090175,34.872967,5,2.117412,0.007123,0.008843,5,12542711.600000,658047.111413,816942.418416,5,1221.926000,55.300403,68.653511,5,2.000000,0.000000,0.000000,5,2.000000,0.000000,0.000000,5,2.000000,0.000000,0.000000,5,3.000000,0.000000,0.000000,5
memo,1000,16384000,1000,16384000,0.01,64,16384,sharded,300.0,ed25519,gossip,direct,shard,nonce_hash_set,5,60.419532,0.226714,0.281458,5,268.799381,0.928002,1.152082,5,12542711.600000,658047.111413,816942.418416,5,1221.926000,55.300403,68.653511,5,2.000000,0.000000,0.000000,5,2.000000,0.000000,0.000000,5,2.000000,0.000000,0.000000,5,3.000000,0.000000,0.000000,5
memo,1000,16384000,1000,16384000,0.01,64,16384,sharded,37.5,ed25519,gossip,direct,shard,nonce_hash_set,5,483.135896,1.810418,2.247570,5,33.615247,0.115884,0.143866,5,12542711.600000,658047.111413,816942.418416,5,1221.926000,55.300403,68.653511,5,2.000000,0.000000,0.000000,5,2.000000,0.000000,0.000000,5,2.000000,0.000000,0.000000,5,3.000000,0.000000,0.000000,5
memo,1000,16384000,1000,16384000,0.01,64,16384,sharded,4.6875,ed25519,gossip,direct,shard,nonce_hash_set,5,3851.025075,14.271040,17.716996,5,4.217248,0.014366,0.017835,5,12542711.600000,658047.111413,816942.418416,5,1221.926000,55.300403,68.653511,5,2.000000,0.000000,0.000000,5,2.000000,0.000000,0.000000,5,2.000000,0.000000,0.000000,5,3.000000,0.000000,0.000000,5
memo,1000,16384000,1000,16384000,0.01,64,16384,sharded,600.0,ed25519,gossip,direct,shard,nonce_hash_set,5,30.210750,0.113372,0.140747,5,537.581250,1.856139,2.304331,5,12542711.600000,658047.111413,816942.418416,5,1221.926000,55.300403,68.653511,5,2.000000,0.000000,0.000000,5,2.000000,0.000000,0.000000,5,2.000000,0.000000,0.000000,5,3.000000,0.000000,0.000000,5
memo,1000,16384000,1000,16384000,0.01,64,16384,sharded,75.0,ed25519,gossip,direct,shard,nonce_hash_set,5,241.630897,0.906151,1.124954,5,67.212980,0.231901,0.287897,5,12542711.600000,658047.111413,816942.418416,5,1221.926000,55.300403,68.653511,5,2.000000,0.000000,0.000000,5,2.000000,0.000000,0.000000,5,2.000000,0.000000,0.000000,5,3.000000,0.000000,0.000000,5
memo,1000,16384000,1000,16384000,0.01,64,16384,sharded,9.375,ed25519,gossip,direct,shard,nonce_hash_set,5,1929.526086,7.196207,8.933839,5,8.416953,0.028870,0.035841,5,12542711.600000,658047.111413,816942.418416,5,1221.926000,55.300403,68.653511,5,2.000000,0.000000,0.000000,5,2.000000,0.000000,0.000000,5,2.000000,0.000000,0.000000,5,3.000000,0.000000,0.000000,5
memo,1000,2048000,1000,2048000,0.01,64,2048,sharded,0.146484375,ed25519,gossip,direct,shard,nonce_hash_set,5,14380.295027,47.932484,59.506498,5,0.141232,0.000428,0.000532,5,12542711.600000,658047.111413,816942.418416,5,1221.926000,55.300403,68.653511,5,2.000000,0.000000,0.000000,5,2.000000,0.000000,0.000000,5,2.000000,0.000000,0.000000,5,3.000000,0.000000,0.000000,5
memo,1000,2048000,1000,2048000,0.01,64,2048,sharded,0.29296875,ed25519,gossip,direct,shard,nonce_hash_set,5,7453.953857,26.318534,32.673537,5,0.272468,0.000880,0.001093,5,12542711.600000,658047.111413,816942.418416,5,1221.926000,55.300403,68.653511,5,2.000000,0.000000,0.000000,5,2.000000,0.000000,0.000000,5,2.000000,0.000000,0.000000,5,3.000000,0.000000,0.000000,5
memo,1000,2048000,1000,2048000,0.01,64,2048,sharded,0.5859375,ed25519,gossip,direct,shard,nonce_hash_set,5,3796.569400,13.812224,17.147391,5,0.534947,0.001786,0.002217,5,12542711.600000,658047.111413,816942.418416,5,1221.926000,55.300403,68.653511,5,2.000000,0.000000,0.000000,5,2.000000,0.000000,0.000000,5,2.000000,0.000000,0.000000,5,3.000000,0.000000,0.000000,5
memo,1000,2048000,1000,2048000,0.01,64,2048,sharded,1200.0,ed25519,gossip,direct,shard,nonce_hash_set,5,1.889030,0.007089,0.008801,5,1075.137458,3.712524,4.608968,5,12542711.600000,658047.111413,816942.418416,5,1221.926000,55.300403,68.653511,5,2.000000,0.000000,0.000000,5,2.000000,0.000000,0.000000,5,2.000000,0.000000,0.000000,5,3.000000,0.000000,0.000000,5
memo,1000,2048000,1000,2048000,0.01,64,2048,sharded,150.0,ed25519,gossip,direct,shard,nonce_hash_set,5,15.111256,0.056705,0.070397,5,134.400915,0.464042,0.576091,5,12542711.600000,658047.111413,816942.418416,5,1221.926000,55.300403,68.653511,5,2.000000,0.000000,0.000000,5,2.000000,0.000000,0.000000,5,2.000000,0.000000,0.000000,5,3.000000,0.000000,0.000000,5
memo,1000,2048000,1000,2048000,0.01,64,2048,sharded,18.75,ed25519,gossip,direct,shard,nonce_hash_set,5,120.827237,0.453018,0.562406,5,16.808847,0.057982,0.071982,5,12542711.600000,658047.111413,816942.418416,5,1221.926000,55.300403,68.653511,5,2.000000,0.000000,0.000000,5,2.000000,0.000000,0.000000,5,2.000000,0.000000,0.000000,5,3.000000,0.000000,0.000000,5
memo,1000,2048000,1000,2048000,0.01,64,2048,sharded,1.171875,ed25519,gossip,direct,shard,nonce_hash_set,5,1916.167187,7.080433,8.790110,5,1.059911,0.003598,0.004467,5,12542711.600000,658047.111413,816942.418416,5,1221.926000,55.300403,68.653511,5,2.000000,0.000000,0.000000,5,2.000000,0.000000,0.000000,5,2.000000,0.000000,0.000000,5,3.000000,0.000000,0.000000,5
memo,1000,2048000,1000,2048000,0.01,64,2048,sharded,2.34375,ed25519,gossip,direct,shard,nonce_hash_set,5,962.616658,3.584832,4.450443,5,2.109839,0.007224,0.008969,5,12542711.600000,658047.111413,816942.418416,5,1221.926000,55.300403,68.653511,5,2.000000,0.000000,0.000000,5,2.000000,0.000000,0.000000,5,2.000000,0.000000,0.000000,5,3.000000,0.000000,0.000000,5
memo,1000,2048000,1000,2048000,0.01,64,2048,sharded,300.0,ed25519,gossip,direct,shard,nonce_hash_set,5,7.555909,0.028355,0.035202,5,268.791850,0.928110,1.152217,5,12542711.600000,658047.111413,816942.418416,5,1221.926000,55.300403,68.653511,5,2.000000,0.000000,0.000000,5,2.000000,0.000000,0.000000,5,2.000000,0.000000,0.000000,5,3.000000,0.000000,0.000000,5
memo,1000,2048000,1000,2048000,0.01,64,2048,sharded,37.5,ed25519,gossip,direct,shard,nonce_hash_set,5,60.431560,0.226686,0.281423,5,33.607714,0.115990,0.143997,5,12542711.600000,658047.111413,816942.418416,5,1221.926000,55.300403,68.653511,5,2.000000,0.000000,0.000000,5,2.000000,0.000000,0.000000,5,2.000000,0.000000,0.000000,5,3.000000,0.000000,0.000000,5
memo,1000,2048000,1000,2048000,0.01,64,2048,sharded,4.6875,ed25519,gossip,direct,shard,nonce_hash_set,5,482.449521,1.803601,2.239108,5,4.209697,0.014475,0.017970,5,12542711.600000,658047.111413,816942.418416,5,1221.926000,55.300403,68.653511,5,2.000000,0.000000,0.000000,5,2.000000,0.000000,0.000000,5,2.000000,0.000000,0.000000,5,3.000000,0.000000,0.000000,5
memo,1000,2048000,1000,2048000,0.01,64,2048,sharded,600.0,ed25519,gossip,direct,shard,nonce_hash_set,5,3.778024,0.014178,0.017602,5,537.573719,1.856248,2.304467,5,12542711.600000,658047.111413,816942.418416,5,1221.926000,55.300403,68.653511,5,2.000000,0.000000,0.000000,5,2.000000,0.000000,0.000000,5,2.000000,0.000000,0.000000,5,3.000000,0.000000,0.000000,5
memo,1000,2048000,1000,2048000,0.01,64,2048,sharded,75.0,ed25519,gossip,direct,shard,nonce_hash_set,5,30.220268,0.113387,0.140767,5,67.205448,0.232007,0.288029,5,12542711.600000,658047.111413,816942.418416,5,1221.926000,55.300403,68.653511,5,2.000000,0.000000,0.000000,5,2.000000,0.000000,0.000000,5,2.000000,0.000000,0.000000,5,3.000000,0.000000,0.000000,5
memo,1000,2048000,1000,2048000,0.01,64,2048,sharded,9.375,ed25519,gossip,direct,shard,nonce_hash_set,5,241.511066,0.904621,1.123056,5,8.409414,0.028977,0.035974,5,12542711.600000,658047.111413,816942.418416,5,1221.926000,55.300403,68.653511,5,2.000000,0.000000,0.000000,5,2.000000,0.000000,0.000000,5,2.000000,0.000000,0.000000,5,3.000000,0.000000,0.000000,5
memo,1000,262144000,1000,262144000,0.01,64,262144,sharded,0.146484375,ed25519,gossip,direct,shard,nonce_hash_set,5,704995.474381,677.927747,841.623531,5,0.368561,0.000287,0.000356,5,12542711.600000,658047.111413,816942.418416,5,1221.926000,55.300403,68.653511,5,2.000000,0.000000,0.000000,5,2.000000,0.000000,0.000000,5,2.000000,0.000000,0.000000,5,3.000000,0.000000,0.000000,5
memo,1000,262144000,1000,262144000,0.01,64,262144,sharded,0.29296875,ed25519,gossip,direct,shard,nonce_hash_set,5,532089.041182,738.374708,916.666314,5,0.488329,0.000595,0.000739,5,12542711.600000,658047.111413,816942.418416,5,1221.926000,55.300403,68.653511,5,2.000000,0.000000,0.000000,5,2.000000,0.000000,0.000000,5,2.000000,0.000000,0.000000,5,3.000000,0.000000,0.000000,5
memo,1000,262144000,1000,262144000,0.01,64,262144,sharded,0.5859375,ed25519,gossip,direct,shard,nonce_hash_set,5,356319.774746,708.938024,880.121702,5,0.729218,0.001340,0.001664,5,12542711.600000,658047.111413,816942.418416,5,1221.926000,55.300403,68.653511,5,2.000000,0.000000,0.000000,5,2.000000,0.000000,0.000000,5,2.000000,0.000000,0.000000,5,3.000000,0.000000,0.000000,5
memo,1000,262144000,1000,262144000,0.01,64,262144,sharded,1200.0,ed25519,gossip,direct,shard,nonce_hash_set,5,241.643684,0.906332,1.125179,5,1075.288702,3.710588,4.606564,5,12542711.600000,658047.111413,816942.418416,5,1221.926000,55.300403,68.653511,5,2.000000,0.000000,0.000000,5,2.000000,0.000000,0.000000,5,2.000000,0.000000,0.000000,5,3.000000,0.000000,0.000000,5
memo,1000,262144000,1000,262144000,0.01,64,262144,sharded,150.0,ed25519,gossip,direct,shard,nonce_hash_set,5,1931.120898,7.210402,8.951462,5,134.552269,0.462092,0.573670,5,12542711.600000,658047.111413,816942.418416,5,1221.926000,55.300403,68.653511,5,2.000000,0.000000,0.000000,5,2.000000,0.000000,0.000000,5,2.000000,0.000000,0.000000,5,3.000000,0.000000,0.000000,5
memo,1000,262144000,1000,262144000,0.01,64,262144,sharded,18.75,ed25519,gossip,direct,shard,nonce_hash_set,5,15319.253633,55.380926,68.753478,5,16.961435,0.056311,0.069908,5,12542711.600000,658047.111413,816942.418416,5,1221.926000,55.300403,68.653511,5,2.000000,0.000000,0.000000,5,2.000000,0.000000,0.000000,5,2.000000,0.000000,0.000000,5,3.000000,0.000000,0.000000,5
memo,1000,262144000,1000,262144000,0.01,64,262144,sharded,1.171875,ed25519,gossip,direct,shard,nonce_hash_set,5,210701.233174,548.202628,680.574343,5,1.233193,0.003017,0.003746,5,12542711.600000,658047.111413,816942.418416,5,1221.926000,55.300403,68.653511,5,2.000000,0.000000,0.000000,5,2.000000,0.000000,0.000000,5,2.000000,0.000000,0.000000,5,3.000000,0.000000,0.000000,5
memo,1000,262144000,1000,262144000,0.01,64,262144,sharded,2.34375,ed25519,gossip,direct,shard,nonce_hash_set,5,114371.123402,331.973268,412.133174,5,2.271864,0.006050,0.007510,5,12542711.600000,658047.111413,816942.418416,5,1221.926000,55.300403,68.653511,5,2.000000,0.000000,0.000000,5,2.000000,0.000000,0.000000,5,2.000000,0.000000,0.000000,5,3.000000,0.000000,0.000000,5
memo,1000,262144000,1000,262144000,0.01,64,262144,sharded,300.0,ed25519,gossip,direct,shard,nonce_hash_set,5,966.140033,3.616841,4.490182,5,268.943118,0.926202,1.149848,5,12542711.600000,658047.111413,816942.418416,5,1221.926000,55.300403,68.653511,5,2.000000,0.000000,0.000000,5,2.000000,0.000000,0.000000,5,2.000000,0.000000,0.000000,5,3.000000,0.000000,0.000000,5
memo,1000,262144000,1000,262144000,0.01,64,262144,sharded,37.5,ed25519,gossip,direct,shard,nonce_hash_set,5,7696.670393,28.316386,35.153800,5,33.759614,0.114146,0.141708,5,12542711.600000,658047.111413,816942.418416,5,1221.926000,55.300403,68.653511,5,2.000000,0.000000,0.000000,5,2.000000,0.000000,0.000000,5,2.000000,0.000000,0.000000,5,3.000000,0.000000,0.000000,5
memo,1000,262144000,1000,262144000,0.01,64,262144,sharded,4.6875,ed25519,gossip,direct,shard,nonce_hash_set,5,59509.291447,194.206072,241.100030,5,4.366311,0.013044,0.016194,5,12542711.600000,658047.111413,816942.418416,5,1221.926000,55.300403,68.653511,5,2.000000,0.000000,0.000000,5,2.000000,0.000000,0.000000,5,2.000000,0.000000,0.000000,5,3.000000,0.000000,0.000000,5
memo,1000,262144000,1000,262144000,0.01,64,262144,sharded,600.0,ed25519,gossip,direct,shard,nonce_hash_set,5,483.214907,1.811238,2.248588,5,537.724967,1.854318,2.302071,5,12542711.600000,658047.111413,816942.418416,5,1221.926000,55.300403,68.653511,5,2.000000,0.000000,0.000000,5,2.000000,0.000000,0.000000,5,2.000000,0.000000,0.000000,5,3.000000,0.000000,0.000000,5
memo,1000,262144000,1000,262144000,0.01,64,262144,sharded,75.0,ed25519,gossip,direct,shard,nonce_hash_set,5,3857.605242,14.328103,17.787837,5,67.356988,0.230039,0.285585,5,12542711.600000,658047.111413,816942.418416,5,1221.926000,55.300403,68.653511,5,2.000000,0.000000,0.000000,5,2.000000,0.000000,0.000000,5,2.000000,0.000000,0.000000,5,3.000000,0.000000,0.000000,5
memo,1000,262144000,1000,262144000,0.01,64,262144,sharded,9.375,ed25519,gossip,direct,shard,nonce_hash_set,5,30342.691554,106.423937,132.121587,5,8.563393,0.027560,0.034214,5,12542711.600000,658047.111413,816942.418416,5,1221.926000,55.300403,68.653511,5,2.000000,0.000000,0.000000,5,2.000000,0.000000,0.000000,5,2.000000,0.000000,0.000000,5,3.000000,0.000000,0.000000,5
memo,1000,32768000,1000,32768000,0.01,64,32768,sharded,0.146484375,ed25519,gossip,direct,shard,nonce_hash_set,5,202704.773775,491.382662,610.034347,5,0.160234,0.000363,0.000450,5,12542711.600000,658047.111413,816942.418416,5,1221.926000,55.300403,68.653511,5,2.000000,0.000000,0.000000,5,2.000000,0.000000,0.000000,5,2.000000,0.000000,0.000000,5,3.000000,0.000000,0.000000,5
memo,1000,32768000,1000,32768000,0.01,64,32768,sharded,0.29296875,ed25519,gossip,direct,shard,nonce_hash_set,5,111975.048596,314.235783,390.112708,5,0.290067,0.000743,0.000923,5,12542711.600000,658047.111413,816942.418416,5,1221.926000,55.300403,68.653511,5,2.000000,0.000000,0.000000,5,2.000000,0.000000,0.000000,5,2.000000,0.000000,0.000000,5,3.000000,0.000000,0.000000,5
memo,1000,32768000,1000,32768000,0.01,64,32768,sharded,0.5859375,ed25519,gossip,direct,shard,nonce_hash_set,5,58854.808002,189.055006,234.705162,5,0.551873,0.001620,0.002011,5,12542711.600000,658047.111413,816942.418416,5,1221.926000,55.300403,68.653511,5,2.000000,0.000000,0.000000,5,2.000000,0.000000,0.000000,5,2.000000,0.000000,0.000000,5,3.000000,0.000000,0.000000,5
memo,1000,32768000,1000,32768000,0.01,64,32768,sharded,1200.0,ed25519,gossip,direct,shard,nonce_hash_set,5,30.210067,0.113371,0.140746,5,1075.153710,3.712290,4.608678,5,12542711.600000,658047.111413,816942.418416,5,1221.926000,55.300403,68.653511,5,2.000000,0.000000,0.000000,5,2.000000,0.000000,0.000000,5,2.000000,0.000000,0.000000,5,3.000000,0.000000,0.000000,5
memo,1000,32768000,1000,32768000,0.01,64,32768,sharded,150.0,ed25519,gossip,direct,shard,nonce_hash_set,5,241.639257,0.906260,1.125090,5,134.417171,0.463814,0.575809,5,12542711.600000,658047.111413,816942.418416,5,1221.926000,55.300403,68.653511,5,2.000000,0.000000,0.000000,5,2.000000,0.000000,0.000000,5,2.000000,0.000000,0.000000,5,3.000000,0.000000,0.000000,5
memo,1000,32768000,1000,32768000,0.01,64,32768,sharded,18.75,ed25519,gossip,direct,shard,nonce_hash_set,5,1930.474619,7.204555,8.944202,5,16.825117,0.057752,0.071697,5,12542711.600000,658047.111413,816942.418416,5,1221.926000,55.300403,68.653511,5,2.000000,0.000000,0.000000,5,2.000000,0.000000,0.000000,5,2.000000,0.000000,0.000000,5,3.000000,0.000000,0.000000,5
memo,1000,32768000,1000,32768000,0.01,64,32768,sharded,1.171875,ed25519,gossip,direct,shard,nonce_hash_set,5,30172.018023,105.012855,130.369778,5,1.076508,0.003435,0.004264,5,12542711.600000,658047.111413,816942.418416,5,1221.926000,55.300403,68.653511,5,2.000000,0.000000,0.000000,5,2.000000,0.000000,0.000000,5,2.000000,0.000000,0.000000,5,3.000000,0.000000,0.000000,5
memo,1000,32768000,1000,32768000,0.01,64,32768,sharded,2.34375,ed25519,gossip,direct,shard,nonce_hash_set,5,15275.831564,55.013419,68.297231,5,2.126263,0.007029,0.008726,5,12542711.600000,658047.111413,816942.418416,5,1221.926000,55.300403,68.653511,5,2.000000,0.000000,0.000000,5,2.000000,0.000000,0.000000,5,2.000000,0.000000,0.000000,5,3.000000,0.000000,0.000000,5
memo,1000,32768000,1000,32768000,0.01,64,32768,sharded,300.0,ed25519,gossip,direct,shard,nonce_hash_set,5,120.831422,0.453332,0.562796,5,268.808105,0.927881,1.151932,5,12542711.600000,658047.111413,816942.418416,5,1221.926000,55.300403,68.653511,5,2.000000,0.000000,0.000000,5,2.000000,0.000000,0.000000,5,2.000000,0.000000,0.000000,5,3.000000,0.000000,0.000000,5
memo,1000,32768000,1000,32768000,0.01,64,32768,sharded,37.5,ed25519,gossip,direct,shard,nonce_hash_set,5,965.991244,3.615419,4.488416,5,33.623973,0.115766,0.143719,5,12542711.600000,658047.111413,816942.418416,5,1221.926000,55.300403,68.653511,5,2.000000,0.000000,0.000000,5,2.000000,0.000000,0.000000,5,2.000000,0.000000,0.000000,5,3.000000,0.000000,0.000000,5
memo,1000,32768000,1000,32768000,0.01,64,32768,sharded,4.6875,ed25519,gossip,direct,shard,nonce_hash_set,5,7685.797099,28.222605,35.037374,5,4.226035,0.014259,0.017702,5,12542711.600000,658047.111413,816942.418416,5,1221.926000,55.300403,68.653511,5,2.000000,0.000000,0.000000,5,2.000000,0.000000,0.000000,5,2.000000,0.000000,0.000000,5,3.000000,0.000000,0.000000,5
memo,1000,32768000,1000,32768000,0.01,64,32768,sharded,600.0,ed25519,gossip,direct,shard,nonce_hash_set,5,60.418660,0.226716,0.281461,5,537.589973,1.856016,2.304179,5,12542711.600000,658047.111413,816942.418416,5,1221.926000,55.300403,68.653511,5,2.000000,0.000000,0.000000,5,2.000000,0.000000,0.000000,5,2.000000,0.000000,0.000000,5,3.000000,0.000000,0.000000,5
memo,1000,32768000,1000,32768000,0.01,64,32768,sharded,75.0,ed25519,gossip,direct,shard,nonce_hash_set,5,483.184190,1.810904,2.248174,5,67.221705,0.231780,0.287747,5,12542711.600000,658047.111413,816942.418416,5,1221.926000,55.300403,68.653511,5,2.000000,0.000000,0.000000,5,2.000000,0.000000,0.000000,5,2.000000,0.000000,0.000000,5,3.000000,0.000000,0.000000,5
memo,1000,32768000,1000,32768000,0.01,64,32768,sharded,9.375,ed25519,gossip,direct,shard,nonce_hash_set,5,3854.923654,14.304525,17.758566,5,8.425707,0.028745,0.035686,5,12542711.600000,658047.111413,816942.418416,5,1221.926000,55.300403,68.653511,5,2.000000,0.000000,0.000000,5,2.000000,0.000000,0.000000,5,2.000000,0.000000,0.000000,5,3.000000,0.000000,0.000000,5
memo,1000,4096000,1000,4096000,0.01,64,4096,sharded,0.146484375,ed25519,gossip,direct,shard,nonce_hash_set,5,28534.473892,92.366250,114.669461,5,0.142316,0.000419,0.000520,5,12542711.600000,658047.111413,816942.418416,5,1221.926000,55.300403,68.653511,5,2.000000,0.000000,0.000000,5,2.000000,0.000000,0.000000,5,2.000000,0.000000,0.000000,5,3.000000,0.000000,0.000000,5
memo,1000,4096000,1000,4096000,0.01,64,4096,sharded,0.29296875,ed25519,gossip,direct,shard,nonce_hash_set,5,14846.060644,51.544618,63.990836,5,0.273536,0.000868,0.001078,5,12542711.600000,658047.111413,816942.418416,5,1221.926000,55.300403,68.653511,5,2.000000,0.000000,0.000000,5,2.000000,0.000000,0.000000,5,2.000000,0.000000,0.000000,5,3.000000,0.000000,0.000000,5
memo,1000,4096000,1000,4096000,0.01,64,4096,sharded,0.5859375,ed25519,gossip,direct,shard,nonce_hash_set,5,7576.260707,27.313044,33.908186,5,0.536007,0.001772,0.002200,5,12542711.600000,658047.111413,816942.418416,5,1221.926000,55.300403,68.653511,5,2.000000,0.000000,0.000000,5,2.000000,0.000000,0.000000,5,2.000000,0.000000,0.000000,5,3.000000,0.000000,0.000000,5
memo,1000,4096000,1000,4096000,0.01,64,4096,sharded,1200.0,ed25519,gossip,direct,shard,nonce_hash_set,5,3.777126,0.014175,0.017598,5,1075.138509,3.712508,4.608949,5,12542711.600000,658047.111413,816942.418416,5,1221.926000,55.300403,68.653511,5,2.000000,0.000000,0.000000,5,2.000000,0.000000,0.000000,5,2.000000,0.000000,0.000000,5,3.000000,0.000000,0.000000,5
memo,1000,4096000,1000,4096000,0.01,64,4096,sharded,150.0,ed25519,gossip,direct,shard,nonce_hash_set,5,30.214835,0.113379,0.140756,5,134.401966,0.464026,0.576072,5,12542711.600000,658047.111413,816942.418416,5,1221.926000,55.300403,68.653511,5,2.000000,0.000000,0.000000,5,2.000000,0.000000,0.000000,5,2.000000,0.000000,0.000000,5,3.000000,0.000000,0.000000,5
memo,1000,4096000,1000,4096000,0.01,64,4096,sharded,18.75,ed25519,gossip,direct,shard,nonce_hash_set,5,241.579864,0.905498,1.124144,5,16.809899,0.057966,0.071963,5,12542711.600000,658047.111413,816942.418416,5,1221.926000,55.300403,68.653511,5,2.000000,0.000000,0.000000,5,2.000000,0.000000,0.000000,5,2.000000,0.000000,0.000000,5,3.000000,0.000000,0.000000,5
memo,1000,4096000,1000,4096000,0.01,64,4096,sharded,1.171875,ed25519,gossip,direct,shard,nonce_hash_set,5,3827.578950,14.072425,17.470422,5,1.060966,0.003583,0.004448,5,12542711.600000,658047.111413,816942.418416,5,1221.926000,55.300403,68.653511,5,2.000000,0.000000,0.000000,5,2.000000,0.000000,0.000000,5,2.000000,0.000000,0.000000,5,3.000000,0.000000,0.000000,5
memo,1000,4096000,1000,4096000,0.01,64,4096,sharded,2.34375,ed25519,gossip,direct,shard,nonce_hash_set,5,1923.798895,7.146430,8.872042,5,2.110892,0.007209,0.008949,5,12542711.600000,658047.111413,816942.418416,5,1221.926000,55.300403,68.653511,5,2.000000,0.000000,0.000000,5,2.000000,0.000000,0.000000,5,2.000000,0.000000,0.000000,5,3.000000,0.000000,0.000000,5
memo,1000,4096000,1000,4096000,0.01,64,4096,sharded,300.0,ed25519,gossip,direct,shard,nonce_hash_set,5,15.108038,0.056696,0.070386,5,268.792901,0.928095,1.152197,5,12542711.600000,658047.111413,816942.418416,5,1221.926000,55.300403,68.653511,5,2.000000,0.000000,0.000000,5,2.000000,0.000000,0.000000,5,2.000000,0.000000,0.000000,5,3.000000,0.000000,0.000000,5
memo,1000,4096000,1000,4096000,0.01,64,4096,sharded,37.5,ed25519,gossip,direct,shard,nonce_hash_set,5,120.829584,0.453186,0.562615,5,33.608766,0.115975,0.143979,5,12542711.600000,658047.111413,816942.418416,5,1221.926000,55.300403,68.653511,5,2.000000,0.000000,0.000000,5,2.000000,0.000000,0.000000,5,2.000000,0.000000,0.000000,5,3.000000,0.000000,0.000000,5
memo,1000,4096000,1000,4096000,0.01,64,4096,sharded,4.6875,ed25519,gossip,direct,shard,nonce_hash_set,5,964.420453,3.601146,4.470696,5,4.210749,0.014460,0.017952,5,12542711.600000,658047.111413,816942.418416,5,1221.926000,55.300403,68.653511,5,2.000000,0.000000,0.000000,5,2.000000,0.000000,0.000000,5,2.000000,0.000000,0.000000,5,3.000000,0.000000,0.000000,5
memo,1000,4096000,1000,4096000,0.01,64,4096,sharded,600.0,ed25519,gossip,direct,shard,nonce_hash_set,5,7.554174,0.028350,0.035195,5,537.574771,1.856233,2.304448,5,12542711.600000,658047.111413,816942.418416,5,1221.926000,55.300403,68.653511,5,2.000000,0.000000,0.000000,5,2.000000,0.000000,0.000000,5,2.000000,0.000000,0.000000,5,3.000000,0.000000,0.000000,5
memo,1000,4096000,1000,4096000,0.01,64,4096,sharded,75.0,ed25519,gossip,direct,shard,nonce_hash_set,5,60.424710,0.226702,0.281443,5,67.206499,0.231992,0.288010,5,12542711.600000,658047.111413,816942.418416,5,1221.926000,55.300403,68.653511,5,2.000000,0.000000,0.000000,5,2.000000,0.000000,0.000000,5,2.000000,0.000000,0.000000,5,3.000000,0.000000,0.000000,5
memo,1000,4096000,1000,4096000,0.01,64,4096,sharded,9.375,ed25519,gossip,direct,shard,nonce_hash_set,5,482.842823,1.807503,2.243951,5,8.410466,0.028962,0.035956,5,12542711.600000,658047.111413,816942.418416,5,1221.926000,55.300403,68.653511,5,2.000000,0.000000,0.000000,5,2.000000,0.000000,0.000000,5,2.000000,0.000000,0.000000,5,3.000000,0.000000,0.000000,5
memo,1000,524288000,1000,524288000,0.01,64,524288,sharded,0.146484375,ed25519,gossip,direct,shard,nonce_hash_set,5,770451.933658,445.869789,553.531711,5,0.674497,0.000272,0.000338,5,12542711.600000,658047.111413,816942.418416,5,1221.926000,55.300403,68.653511,5,2.000000,0.000000,0.000000,5,2.000000,0.000000,0.000000,5,2.000000,0.000000,0.000000,5,3.000000,0.000000,0.000000,5
memo,1000,524288000,1000,524288000,0.01,64,524288,sharded,0.29296875,ed25519,gossip,direct,shard,nonce_hash_set,5,654275.483166,584.056250,725.085358,5,0.794264,0.000577,0.000716,5,12542711.600000,658047.111413,816942.418416,5,1221.926000,55.300403,68.653511,5,2.000000,0.000000,0.000000,5,2.000000,0.000000,0.000000,5,2.000000,0.000000,0.000000,5,3.000000,0.000000,0.000000,5
memo,1000,524288000,1000,524288000,0.01,64,524288,sharded,0.5859375,ed25519,gossip,direct,shard,nonce_hash_set,5,502678.013569,660.172555,819.581082,5,1.033798,0.001191,0.001479,5,12542711.600000,658047.111413,816942.418416,5,1221.926000,55.300403,68.653511,5,2.000000,0.000000,0.000000,5,2.000000,0.000000,0.000000,5,2.000000,0.000000,0.000000,5,3.000000,0.000000,0.000000,5
memo,1000,524288000,1000,524288000,0.01,64,524288,sharded,1200.0,ed25519,gossip,direct,shard,nonce_hash_set,5,483.188309,1.811039,2.248341,5,1075.507064,3.708614,4.604115,5,12542711.600000,658047.111413,816942.418416,5,1221.926000,55.300403,68.653511,5,2.000000,0.000000,0.000000,5,2.000000,0.000000,0.000000,5,2.000000,0.000000,0.000000,5,3.000000,0.000000,0.000000,5
memo,1000,524288000,1000,524288000,0.01,64,524288,sharded,150.0,ed25519,gossip,direct,shard,nonce_hash_set,5,3855.962542,14.315747,17.772498,5,134.771106,0.460056,0.571143,5,12542711.600000,658047.111413,816942.418416,5,1221.926000,55.300403,68.653511,5,2.000000,0.000000,0.000000,5,2.000000,0.000000,0.000000,5,2.000000,0.000000,0.000000,5,3.000000,0.000000,0.000000,5
memo,1000,524288000,1000,524288000,0.01,64,524288,sharded,18.75,ed25519,gossip,direct,shard,nonce_hash_set,5,30241.752954,105.707917,131.232672,5,17.183915,0.055100,0.068404,5,12542711.600000,658047.111413,816942.418416,5,1221.926000,55.300403,68.653511,5,2.000000,0.000000,0.000000,5,2.000000,0.000000,0.000000,5,2.000000,0.000000,0.000000,5,3.000000,0.000000,0.000000,5
memo,1000,524288000,1000,524288000,0.01,64,524288,sharded,1.171875,ed25519,gossip,direct,shard,nonce_hash_set,5,342885.190773,657.833195,816.676849,5,1.515576,0.002683,0.003331,5,12542711.600000,658047.111413,816942.418416,5,1221.926000,55.300403,68.653511,5,2.000000,0.000000,0.000000,5,2.000000,0.000000,0.000000,5,2.000000,0.000000,0.000000,5,3.000000,0.000000,0.000000,5
memo,1000,524288000,1000,524288000,0.01,64,524288,sharded,2.34375,ed25519,gossip,direct,shard,nonce_hash_set,5,205930.281875,524.191692,650.765608,5,2.523522,0.006037,0.007495,5,12542711.600000,658047.111413,816942.418416,5,1221.926000,55.300403,68.653511,5,2.000000,0.000000,0.000000,5,2.000000,0.000000,0.000000,5,2.000000,0.000000,0.000000,5,3.000000,0.000000,0.000000,5
memo,1000,524288000,1000,524288000,0.01,64,524288,sharded,300.0,ed25519,gossip,direct,shard,nonce_hash_set,5,1930.707293,7.207282,8.947588,5,269.161668,0.924161,1.147314,5,12542711.600000,658047.111413,816942.418416,5,1221.926000,55.300403,68.653511,5,2.000000,0.000000,0.000000,5,2.000000,0.000000,0.000000,5,2.000000,0.000000,0.000000,5,3.000000,0.000000,0.000000,5
memo,1000,524288000,1000,524288000,0.01,64,524288,sharded,37.5,ed25519,gossip,direct,shard,nonce_hash_set,5,15293.467701,55.192065,68.519014,5,33.980000,0.112601,0.139790,5,12542711.600000,658047.111413,816942.418416,5,1221.926000,55.300403,68.653511,5,2.000000,0.000000,0.000000,5,2.000000,0.000000,0.000000,5,2.000000,0.000000,0.000000,5,3.000000,0.000000,0.000000,5
memo,1000,524288000,1000,524288000,0.01,64,524288,sharded,4.6875,ed25519,gossip,direct,shard,nonce_hash_set,5,112950.654369,323.777445,401.958347,5,4.600860,0.012089,0.015008,5,12542711.600000,658047.111413,816942.418416,5,1221.926000,55.300403,68.653511,5,2.000000,0.000000,0.000000,5,2.000000,0.000000,0.000000,5,2.000000,0.000000,0.000000,5,3.000000,0.000000,0.000000,5
memo,1000,524288000,1000,524288000,0.01,64,524288,sharded,600.0,ed25519,gossip,direct,shard,nonce_hash_set,5,966.035567,3.616055,4.489205,5,537.943366,1.852383,2.299668,5,12542711.600000,658047.111413,816942.418416,5,1221.926000,55.300403,68.653511,5,2.000000,0.000000,0.000000,5,2.000000,0.000000,0.000000,5,2.000000,0.000000,0.000000,5,3.000000,0.000000,0.000000,5
memo,1000,524288000,1000,524288000,0.01,64,524288,sharded,75.0,ed25519,gossip,direct,shard,nonce_hash_set,5,7690.148610,28.267758,35.093430,5,67.576357,0.228270,0.283390,5,12542711.600000,658047.111413,816942.418416,5,1221.926000,55.300403,68.653511,5,2.000000,0.000000,0.000000,5,2.000000,0.000000,0.000000,5,2.000000,0.000000,0.000000,5,3.000000,0.000000,0.000000,5
memo,1000,524288000,1000,524288000,0.01,64,524288,sharded,9.375,ed25519,gossip,direct,shard,nonce_hash_set,5,59122.377416,191.663379,237.943366,5,8.789752,0.026072,0.032367,5,12542711.600000,658047.111413,816942.418416,5,1221.926000,55.300403,68.653511,5,2.000000,0.000000,0.000000,5,2.000000,0.000000,0.000000,5,2.000000,0.000000,0.000000,5,3.000000,0.000000,0.000000,5
memo,1000,65536000,1000,65536000,0.01,64,65536,sharded,0.146484375,ed25519,gossip,direct,shard,nonce_hash_set,5,349592.511947,663.014590,823.109369,5,0.185815,0.000323,0.000401,5,12542711.600000,658047.111413,816942.418416,5,1221.926000,55.300403,68.653511,5,2.000000,0.000000,0.000000,5,2.000000,0.000000,0.000000,5,2.000000,0.000000,0.000000,5,3.000000,0.000000,0.000000,5
memo,1000,65536000,1000,65536000,0.01,64,65536,sharded,0.29296875,ed25519,gossip,direct,shard,nonce_hash_set,5,208332.312591,528.796427,656.482225,5,0.311807,0.000742,0.000921,5,12542711.600000,658047.111413,816942.418416,5,1221.926000,55.300403,68.653511,5,2.000000,0.000000,0.000000,5,2.000000,0.000000,0.000000,5,2.000000,0.000000,0.000000,5,3.000000,0.000000,0.000000,5
memo,1000,65536000,1000,65536000,0.01,64,65536,sharded,0.5859375,ed25519,gossip,direct,shard,nonce_hash_set,5,113670.263941,326.213753,404.982938,5,0.571474,0.001502,0.001865,5,12542711.600000,658047.111413,816942.418416,5,1221.926000,55.300403,68.653511,5,2.000000,0.000000,0.000000,5,2.000000,0.000000,0.000000,5,2.000000,0.000000,0.000000,5,3.000000,0.000000,0.000000,5
memo,1000,65536000,1000,65536000,0.01,64,65536,sharded,1200.0,ed25519,gossip,direct,shard,nonce_hash_set,5,60.418217,0.226717,0.281462,5,1075.171286,3.712044,4.608373,5,12542711.600000,658047.111413,816942.418416,5,1221.926000,55.300403,68.653511,5,2.000000,0.000000,0.000000,5,2.000000,0.000000,0.000000,5,2.000000,0.000000,0.000000,5,3.000000,0.000000,0.000000,5
memo,1000,65536000,1000,65536000,0.01,64,65536,sharded,150.0,ed25519,gossip,direct,shard,nonce_hash_set,5,483.207877,1.811142,2.248469,5,134.434750,0.463572,0.575509,5,12542711.600000,658047.111413,816942.418416,5,1221.926000,55.300403,68.653511,5,2.000000,0.000000,0.000000,5,2.000000,0.000000,0.000000,5,2.000000,0.000000,0.000000,5,3.000000,0.000000,0.000000,5
memo,1000,65536000,1000,65536000,0.01,64,65536,sharded,18.75,ed25519,gossip,direct,shard,nonce_hash_set,5,3856.846339,14.320979,17.778994,5,16.842755,0.057502,0.071387,5,12542711.600000,658047.111413,816942.418416,5,1221.926000,55.300403,68.653511,5,2.000000,0.000000,0.000000,5,2.000000,0.000000,0.000000,5,2.000000,0.000000,0.000000,5,3.000000,0.000000,0.000000,5
memo,1000,65536000,1000,65536000,0.01,64,65536,sharded,1.171875,ed25519,gossip,direct,shard,nonce_hash_set,5,59319.334480,192.592582,239.096938,5,1.095086,0.003252,0.004038,5,12542711.600000,658047.111413,816942.418416,5,1221.926000,55.300403,68.653511,5,2.000000,0.000000,0.000000,5,2.000000,0.000000,0.000000,5,2.000000,0.000000,0.000000,5,3.000000,0.000000,0.000000,5
memo,1000,65536000,1000,65536000,0.01,64,65536,sharded,2.34375,ed25519,gossip,direct,shard,nonce_hash_set,5,30293.402638,105.989583,131.582352,5,2.144356,0.006882,0.008544,5,12542711.600000,658047.111413,816942.418416,5,1221.926000,55.300403,68.653511,5,2.000000,0.000000,0.000000,5,2.000000,0.000000,0.000000,5,2.000000,0.000000,0.000000,5,3.000000,0.000000,0.000000,5
memo,1000,65536000,1000,65536000,0.01,64,65536,sharded,300.0,ed25519,gossip,direct,shard,nonce_hash_set,5,241.643321,0.906313,1.125156,5,268.825683,0.927640,1.151632,5,12542711.600000,658047.111413,816942.418416,5,1221.926000,55.300403,68.653511,5,2.000000,0.000000,0.000000,5,2.000000,0.000000,0.000000,5,2.000000,0.000000,0.000000,5,3.000000,0.000000,0.000000,5
memo,1000,65536000,1000,65536000,0.01,64,65536,sharded,37.5,ed25519,gossip,direct,shard,nonce_hash_set,5,1930.941831,7.208648,8.949284,5,33.641575,0.115516,0.143408,5,12542711.600000,658047.111413,816942.418416,5,1221.926000,55.300403,68.653511,5,2.000000,0.000000,0.000000,5,2.000000,0.000000,0.000000,5,2.000000,0.000000,0.000000,5,3.000000,0.000000,0.000000,5
memo,1000,65536000,1000,65536000,0.01,64,65536,sharded,4.6875,ed25519,gossip,direct,shard,nonce_hash_set,5,15306.767598,55.268767,68.614236,5,4.243867,0.014070,0.017468,5,12542711.600000,658047.111413,816942.418416,5,1221.926000,55.300403,68.653511,5,2.000000,0.000000,0.000000,5,2.000000,0.000000,0.000000,5,2.000000,0.000000,0.000000,5,3.000000,0.000000,0.000000,5
memo,1000,65536000,1000,65536000,0.01,64,65536,sharded,600.0,ed25519,gossip,direct,shard,nonce_hash_set,5,120.831508,0.453342,0.562808,5,537.607551,1.855774,2.303879,5,12542711.600000,658047.111413,816942.418416,5,1221.926000,55.300403,68.653511,5,2.000000,0.000000,0.000000,5,2.000000,0.000000,0.000000,5,2.000000,0.000000,0.000000,5,3.000000,0.000000,0.000000,5
memo,1000,65536000,1000,65536000,0.01,64,65536,sharded,75.0,ed25519,gossip,direct,shard,nonce_hash_set,5,966.100784,3.616421,4.489660,5,67.239287,0.231543,0.287453,5,12542711.600000,658047.111413,816942.418416,5,1221.926000,55.300403,68.653511,5,2.000000,0.000000,0.000000,5,2.000000,0.000000,0.000000,5,2.000000,0.000000,0.000000,5,3.000000,0.000000,0.000000,5
memo,1000,65536000,1000,65536000,0.01,64,65536,sharded,9.375,ed25519,gossip,direct,shard,nonce_hash_set,5,7693.561558,28.287914,35.118454,5,8.443411,0.028529,0.035418,5,12542711.600000,658047.111413,816942.418416,5,1221.926000,55.300403,68.653511,5,2.000000,0.000000,0.000000,5,2.000000,0.000000,0.000000,5,2.000000,0.000000,0.000000,5,3.000000,0.000000,0.000000,5
memo,1000,8192000,1000,8192000,0.01,64,8192,sharded,0.146484375,ed25519,gossip,direct,shard,nonce_hash_set,5,56172.872521,169.371413,210.268671,5,0.144569,0.000395,0.000490,5,12542711.600000,658047.111413,816942.418416,5,1221.926000,55.300403,68.653511,5,2.000000,0.000000,0.000000,5,2.000000,0.000000,0.000000,5,2.000000,0.000000,0.000000,5,3.000000,0.000000,0.000000,5
memo,1000,8192000,1000,8192000,0.01,64,8192,sharded,0.29296875,ed25519,gossip,direct,shard,nonce_hash_set,5,29452.495640,99.333745,123.319362,5,0.275727,0.000849,0.001054,5,12542711.600000,658047.111413,816942.418416,5,1221.926000,55.300403,68.653511,5,2.000000,0.000000,0.000000,5,2.000000,0.000000,0.000000,5,2.000000,0.000000,0.000000,5,3.000000,0.000000,0.000000,5
memo,1000,8192000,1000,8192000,0.01,64,8192,sharded,0.5859375,ed25519,gossip,direct,shard,nonce_hash_set,5,15089.883318,53.494419,66.411446,5,0.538166,0.001748,0.002170,5,12542711.600000,658047.111413,816942.418416,5,1221.926000,55.300403,68.653511,5,2.000000,0.000000,0.000000,5,2.000000,0.000000,0.000000,5,2.000000,0.000000,0.000000,5,3.000000,0.000000,0.000000,5
memo,1000,8192000,1000,8192000,0.01,64,8192,sharded,1200.0,ed25519,gossip,direct,shard,nonce_hash_set,5,7.553306,0.028347,0.035192,5,1075.140636,3.712477,4.608910,5,12542711.600000,658047.111413,816942.418416,5,1221.926000,55.300403,68.653511,5,2.000000,0.000000,0.000000,5,2.000000,0.000000,0.000000,5,2.000000,0.000000,0.000000,5,3.000000,0.000000,0.000000,5
memo,1000,8192000,1000,8192000,0.01,64,8192,sharded,150.0,ed25519,gossip,direct,shard,nonce_hash_set,5,60.421273,0.226711,0.281453,5,134.404093,0.463995,0.576034,5,12542711.600000,658047.111413,816942.418416,5,1221.926000,55.300403,68.653511,5,2.000000,0.000000,0.000000,5,2.000000,0.000000,0.000000,5,2.000000,0.000000,0.000000,5,3.000000,0.000000,0.000000,5
memo,1000,8192000,1000,8192000,0.01,64,8192,sharded,18.75,ed25519,gossip,direct,shard,nonce_hash_set,5,483.039119,1.809453,2.246372,5,16.812026,0.057936,0.071926,5,12542711.600000,658047.111413,816942.418416,5,1221.926000,55.300403,68.653511,5,2.000000,0.000000,0.000000,5,2.000000,0.000000,0.000000,5,2.000000,0.000000,0.000000,5,3.000000,0.000000,0.000000,5
memo,1000,8192000,1000,8192000,0.01,64,8192,sharded,1.171875,ed25519,gossip,direct,shard,nonce_hash_set,5,7638.787947,27.829441,34.549276,5,1.063109,0.003556,0.004414,5,12542711.600000,658047.111413,816942.418416,5,1221.926000,55.300403,68.653511,5,2.000000,0.000000,0.000000,5,2.000000,0.000000,0.000000,5,2.000000,0.000000,0.000000,5,3.000000,0.000000,0.000000,5
memo,1000,8192000,1000,8192000,0.01,64,8192,sharded,2.34375,ed25519,gossip,direct,shard,nonce_hash_set,5,3843.237994,14.204854,17.634828,5,2.113027,0.007177,0.008910,5,12542711.600000,658047.111413,816942.418416,5,1221.926000,55.300403,68.653511,5,2.000000,0.000000,0.000000,5,2.000000,0.000000,0.000000,5,2.000000,0.000000,0.000000,5,3.000000,0.000000,0.000000,5
memo,1000,8192000,1000,8192000,0.01,64,8192,sharded,300.0,ed25519,gossip,direct,shard,nonce_hash_set,5,30.212116,0.113374,0.140750,5,268.795027,0.928064,1.152158,5,12542711.600000,658047.111413,816942.418416,5,1221.926000,55.300403,68.653511,5,2.000000,0.000000,0.000000,5,2.000000,0.000000,0.000000,5,2.000000,0.000000,0.000000,5,3.000000,0.000000,0.000000,5
memo,1000,8192000,1000,8192000,0.01,64,8192,sharded,37.5,ed25519,gossip,direct,shard,nonce_hash_set,5,241.614123,0.905935,1.124686,5,33.610893,0.115945,0.143941,5,12542711.600000,658047.111413,816942.418416,5,1221.926000,55.300403,68.653511,5,2.000000,0.000000,0.000000,5,2.000000,0.000000,0.000000,5,2.000000,0.000000,0.000000,5,3.000000,0.000000,0.000000,5
memo,1000,8192000,1000,8192000,0.01,64,8192,sharded,4.6875,ed25519,gossip,direct,shard,nonce_hash_set,5,1927.628375,7.179677,8.913317,5,4.212879,0.014429,0.017913,5,12542711.600000,658047.111413,816942.418416,5,1221.926000,55.300403,68.653511,5,2.000000,0.000000,0.000000,5,2.000000,0.000000,0.000000,5,2.000000,0.000000,0.000000,5,3.000000,0.000000,0.000000,5
memo,1000,8192000,1000,8192000,0.01,64,8192,sharded,600.0,ed25519,gossip,direct,shard,nonce_hash_set,5,15.106428,0.056692,0.070381,5,537.576897,1.856201,2.304409,5,12542711.600000,658047.111413,816942.418416,5,1221.926000,55.300403,68.653511,5,2.000000,0.000000,0.000000,5,2.000000,0.000000,0.000000,5,2.000000,0.000000,0.000000,5,3.000000,0.000000,0.000000,5
memo,1000,8192000,1000,8192000,0.01,64,8192,sharded,75.0,ed25519,gossip,direct,shard,nonce_hash_set,5,120.830716,0.453270,0.562719,5,67.208626,0.231961,0.287972,5,12542711.600000,658047.111413,816942.418416,5,1221.926000,55.300403,68.653511,5,2.000000,0.000000,0.000000,5,2.000000,0.000000,0.000000,5,2.000000,0.000000,0.000000,5,3.000000,0.000000,0.000000,5
memo,1000,8192000,1000,8192000,0.01,64,8192,sharded,9.375,ed25519,gossip,direct,shard,nonce_hash_set,5,965.322555,3.609322,4.480847,5,8.412593,0.028933,0.035919,5,12542711.600000,658047.111413,816942.418416,5,1221.926000,55.300403,68.653511,5,2.000000,0.000000,0.000000,5,2.000000,0.000000,0.000000,5,2.000000,0.000000,0.000000,5,3.000000,0.000000,0.000000,5
memo,1000,1024000,1000,1024000,0.01,8,1024,sharded,0.146484375,ed25519,gossip,direct,shard,nonce_hash_set,5,7472.284011,99.972200,124.111981,5,0.128214,0.001234,0.001532,5,12053592.400000,597693.976609,742016.117472,5,1198.578000,51.780664,64.283879,5,2.000000,0.000000,0.000000,5,2.000000,0.000000,0.000000,5,2.000000,0.000000,0.000000,5,3.000000,0.000000,0.000000,5
memo,1000,1024000,1000,1024000,0.01,8,1024,sharded,0.29296875,ed25519,gossip,direct,shard,nonce_hash_set,5,3845.197190,54.624294,67.814145,5,0.249159,0.002600,0.003228,5,12053592.400000,597693.976609,742016.117472,5,1198.578000,51.780664,64.283879,5,2.000000,0.000000,0.000000,5,2.000000,0.000000,0.000000,5,2.000000,0.000000,0.000000,5,3.000000,0.000000,0.000000,5
memo,1000,1024000,1000,1024000,0.01,8,1024,sharded,0.5859375,ed25519,gossip,direct,shard,nonce_hash_set,5,1950.840114,28.526272,35.414367,5,0.491109,0.005326,0.006612,5,12053592.400000,597693.976609,742016.117472,5,1198.578000,51.780664,64.283879,5,2.000000,0.000000,0.000000,5,2.000000,0.000000,0.000000,5,2.000000,0.000000,0.000000,5,3.000000,0.000000,0.000000,5
memo,1000,1024000,1000,1024000,0.01,8,1024,sharded,1200.0,ed25519,gossip,direct,shard,nonce_hash_set,5,0.966675,0.014577,0.018097,5,991.111968,11.195313,13.898588,5,12053592.400000,597693.976609,742016.117472,5,1198.578000,51.780664,64.283879,5,2.000000,0.000000,0.000000,5,2.000000,0.000000,0.000000,5,2.000000,0.000000,0.000000,5,3.000000,0.000000,0.000000,5
memo,1000,1024000,1000,1024000,0.01,8,1024,sharded,150.0,ed25519,gossip,direct,shard,nonce_hash_set,5,7.733012,0.116599,0.144754,5,123.895249,1.399284,1.737162,5,12053592.400000,597693.976609,742016.117472,5,1198.578000,51.780664,64.283879,5,2.000000,0.000000,0.000000,5,2.000000,0.000000,0.000000,5,2.000000,0.000000,0.000000,5,3.000000,0.000000,0.000000,5
memo,1000,1024000,1000,1024000,0.01,8,1024,sharded,18.75,ed25519,gossip,direct,shard,nonce_hash_set,5,61.839103,0.931600,1.156548,5,15.493161,0.174780,0.216983,5,12053592.400000,597693.976609,742016.117472,5,1198.578000,51.780664,64.283879,5,2.000000,0.000000,0.000000,5,2.000000,0.000000,0.000000,5,2.000000,0.000000,0.000000,5,3.000000,0.000000,0.000000,5
memo,1000,1024000,1000,1024000,0.01,8,1024,sharded,1.171875,ed25519,gossip,direct,shard,nonce_hash_set,5,982.608517,14.587658,18.110065,5,0.975036,0.010789,0.013394,5,12053592.400000,597693.976609,742016.117472,5,1198.578000,51.780664,64.283879,5,2.000000,0.000000,0.000000,5,2.000000,0.000000,0.000000,5,2.000000,0.000000,0.000000,5,3.000000,0.000000,0.000000,5
memo,1000,1024000,1000,1024000,0.01,8,1024,sharded,2.34375,ed25519,gossip,direct,shard,nonce_hash_set,5,493.117690,7.377581,9.159008,5,1.942906,0.021719,0.026964,5,12053592.400000,597693.976609,742016.117472,5,1198.578000,51.780664,64.283879,5,2.000000,0.000000,0.000000,5,2.000000,0.000000,0.000000,5,2.000000,0.000000,0.000000,5,3.000000,0.000000,0.000000,5
memo,1000,1024000,1000,1024000,0.01,8,1024,sharded,300.0,ed25519,gossip,direct,shard,nonce_hash_set,5,3.866618,0.058305,0.072383,5,247.783352,2.798717,3.474509,5,12053592.400000,597693.976609,742016.117472,5,1198.578000,51.780664,64.283879,5,2.000000,0.000000,0.000000,5,2.000000,0.000000,0.000000,5,2.000000,0.000000,0.000000,5,3.000000,0.000000,0.000000,5
memo,1000,1024000,1000,1024000,0.01,8,1024,sharded,37.5,ed25519,gossip,direct,shard,nonce_hash_set,5,30.926691,0.466141,0.578698,5,30.979173,0.349710,0.434152,5,12053592.400000,597693.976609,742016.117472,5,1198.578000,51.780664,64.283879,5,2.000000,0.000000,0.000000,5,2.000000,0.000000,0.000000,5,2.000000,0.000000,0.000000,5,3.000000,0.000000,0.000000,5
memo,1000,1024000,1000,1024000,0.01,8,1024,sharded,4.6875,ed25519,gossip,direct,shard,nonce_hash_set,5,247.014065,3.710209,4.606095,5,3.878655,0.043585,0.054109,5,12053592.400000,597693.976609,742016.117472,5,1198.578000,51.780664,64.283879,5,2.000000,0.000000,0.000000,5,2.000000,0.000000,0.000000,5,2.000000,0.000000,0.000000,5,3.000000,0.000000,0.000000,5
memo,1000,1024000,1000,1024000,0.01,8,1024,sharded,600.0,ed25519,gossip,direct,shard,nonce_hash_set,5,1.933337,0.029154,0.036193,5,495.559557,5.597582,6.949202,5,12053592.400000,597693.976609,742016.117472,5,1198.578000,51.780664,64.283879,5,2.000000,0.000000,0.000000,5,2.000000,0.000000,0.000000,5,2.000000,0.000000,0.000000,5,3.000000,0.000000,0.000000,5
memo,1000,1024000,1000,1024000,0.01,8,1024,sharded,75.0,ed25519,gossip,direct,shard,nonce_hash_set,5,15.465131,0.233156,0.289455,5,61.951198,0.699568,0.868489,5,12053592.400000,597693.976609,742016.117472,5,1198.578000,51.780664,64.283879,5,2.000000,0.000000,0.000000,5,2.000000,0.000000,0.000000,5,2.000000,0.000000,0.000000,5,3.000000,0.000000,0.000000,5
memo,1000,1024000,1000,1024000,0.01,8,1024,sharded,9.375,ed25519,gossip,direct,shard,nonce_hash_set,5,123.621113,1.860483,2.309725,5,7.750156,0.087316,0.108399,5,12053592.400000,597693.976609,742016.117472,5,1198.578000,51.780664,64.283879,5,2.000000,0.000000,0.000000,5,2.000000,0.000000,0.000000,5,2.000000,0.000000,0.000000,5,3.000000,0.000000,0.000000,5
memo,1000,131072000,1000,131072000,0.01,8,131072,sharded,0.146484375,ed25519,gossip,direct,shard,nonce_hash_set,5,130777.847691,562.523715,698.353470,5,0.936635,0.000560,0.000696,5,12053592.400000,597693.976609,742016.117472,5,1198.578000,51.780664,64.283879,5,2.000000,0.000000,0.000000,5,2.000000,0.000000,0.000000,5,2.000000,0.000000,0.000000,5,3.000000,0.000000,0.000000,5
memo,1000,131072000,1000,131072000,0.01,8,131072,sharded,0.29296875,ed25519,gossip,direct,shard,nonce_hash_set,5,118044.717381,542.236743,673.167907,5,1.037669,0.001134,0.001408,5,12053592.400000,597693.976609,742016.117472,5,1198.578000,51.780664,64.283879,5,2.000000,0.000000,0.000000,5,2.000000,0.000000,0.000000,5,2.000000,0.000000,0.000000,5,3.000000,0.000000,0.000000,5
memo,1000,131072000,1000,131072000,0.01,8,131072,sharded,0.5859375,ed25519,gossip,direct,shard,nonce_hash_set,5,98804.657580,503.349840,624.891179,5,1.239736,0.002285,0.002837,5,12053592.400000,597693.976609,742016.117472,5,1198.578000,51.780664,64.283879,5,2.000000,0.000000,0.000000,5,2.000000,0.000000,0.000000,5,2.000000,0.000000,0.000000,5,3.000000,0.000000,0.000000,5
memo,1000,131072000,1000,131072000,0.01,8,131072,sharded,1200.0,ed25519,gossip,direct,shard,nonce_hash_set,5,123.545334,1.860649,2.309931,5,991.600460,11.178231,13.877381,5,12053592.400000,597693.976609,742016.117472,5,1198.578000,51.780664,64.283879,5,2.000000,0.000000,0.000000,5,2.000000,0.000000,0.000000,5,2.000000,0.000000,0.000000,5,3.000000,0.000000,0.000000,5
memo,1000,131072000,1000,131072000,0.01,8,131072,sharded,150.0,ed25519,gossip,direct,shard,nonce_hash_set,5,984.902083,14.676533,18.220402,5,124.385162,1.382810,1.716711,5,12053592.400000,597693.976609,742016.117472,5,1198.578000,51.780664,64.283879,5,2.000000,0.000000,0.000000,5,2.000000,0.000000,0.000000,5,2.000000,0.000000,0.000000,5,3.000000,0.000000,0.000000,5
memo,1000,131072000,1000,131072000,0.01,8,131072,sharded,18.75,ed25519,gossip,direct,shard,nonce_hash_set,5,7660.407173,105.291951,130.716266,5,15.991893,0.159719,0.198286,5,12053592.400000,597693.976609,742016.117472,5,1198.578000,51.780664,64.283879,5,2.000000,0.000000,0.000000,5,2.000000,0.000000,0.000000,5,2.000000,0.000000,0.000000,5,3.000000,0.000000,0.000000,5
memo,1000,131072000,1000,131072000,0.01,8,131072,sharded,1.171875,ed25519,gossip,direct,shard,nonce_hash_set,5,74477.713722,433.959348,538.745316,5,1.644684,0.004510,0.005599,5,12053592.400000,597693.976609,742016.117472,5,1198.578000,51.780664,64.283879,5,2.000000,0.000000,0.000000,5,2.000000,0.000000,0.000000,5,2.000000,0.000000,0.000000,5,3.000000,0.000000,0.000000,5
memo,1000,131072000,1000,131072000,0.01,8,131072,sharded,2.34375,ed25519,gossip,direct,shard,nonce_hash_set,5,48578.146300,373.578508,463.784621,5,2.521587,0.010673,0.013250,5,12053592.400000,597693.976609,742016.117472,5,1198.578000,51.780664,64.283879,5,2.000000,0.000000,0.000000,5,2.000000,0.000000,0.000000,5,2.000000,0.000000,0.000000,5,3.000000,0.000000,0.000000,5
memo,1000,131072000,1000,131072000,0.01,8,131072,sharded,300.0,ed25519,gossip,direct,shard,nonce_hash_set,5,493.439500,7.397244,9.183420,5,248.272450,2.781906,3.453638,5,12053592.400000,597693.976609,742016.117472,5,1198.578000,51.780664,64.283879,5,2.000000,0.000000,0.000000,5,2.000000,0.000000,0.000000,5,2.000000,0.000000,0.000000,5,3.000000,0.000000,0.000000,5
memo,1000,131072000,1000,131072000,0.01,8,131072,sharded,37.5,ed25519,gossip,direct,shard,nonce_hash_set,5,3892.426439,56.070719,69.609832,5,31.472907,0.334638,0.415441,5,12053592.400000,597693.976609,742016.117472,5,1198.578000,51.780664,64.283879,5,2.000000,0.000000,0.000000,5,2.000000,0.000000,0.000000,5,2.000000,0.000000,0.000000,5,3.000000,0.000000,0.000000,5
memo,1000,131072000,1000,131072000,0.01,8,131072,sharded,4.6875,ed25519,gossip,direct,shard,nonce_hash_set,5,27776.925189,289.798767,359.775009,5,4.410058,0.030001,0.037245,5,12053592.400000,597693.976609,742016.117472,5,1198.578000,51.780664,64.283879,5,2.000000,0.000000,0.000000,5,2.000000,0.000000,0.000000,5,2.000000,0.000000,0.000000,5,3.000000,0.000000,0.000000,5
memo,1000,131072000,1000,131072000,0.01,8,131072,sharded,600.0,ed25519,gossip,direct,shard,nonce_hash_set,5,246.966958,3.713728,4.610463,5,496.048348,5.580685,6.928225,5,12053592.400000,597693.976609,742016.117472,5,1198.578000,51.780664,64.283879,5,2.000000,0.000000,0.000000,5,2.000000,0.000000,0.000000,5,2.000000,0.000000,0.000000,5,3.000000,0.000000,0.000000,5
memo,1000,131072000,1000,131072000,0.01,8,131072,sharded,75.0,ed25519,gossip,direct,shard,nonce_hash_set,5,1961.915198,28.894866,35.871963,5,62.442439,0.683583,0.848644,5,12053592.400000,597693.976609,742016.117472,5,1198.578000,51.780664,64.283879,5,2.000000,0.000000,0.000000,5,2.000000,0.000000,0.000000,5,2.000000,0.000000,0.000000,5,3.000000,0.000000,0.000000,5
memo,1000,131072000,1000,131072000,0.01,8,131072,sharded,9.375,ed25519,gossip,direct,shard,nonce_hash_set,5,14831.792567,184.946285,229.604329,5,8.259395,0.072320,0.089783,5,12053592.400000,597693.976609,742016.117472,5,1198.578000,51.780664,64.283879,5,2.000000,0.000000,0.000000,5,2.000000,0.000000,0.000000,5,2.000000,0.000000,0.000000,5,3.000000,0.000000,0.000000,5
memo,1000,16384000,1000,16384000,0.01,8,16384,sharded,0.146484375,ed25519,gossip,direct,shard,nonce_hash_set,5,73572.739249,424.999174,527.621574,5,0.208126,0.000568,0.000705,5,12053592.400000,597693.976609,742016.117472,5,1198.578000,51.780664,64.283879,5,2.000000,0.000000,0.000000,5,2.000000,0.000000,0.000000,5,2.000000,0.000000,0.000000,5,3.000000,0.000000,0.000000,5
memo,1000,16384000,1000,16384000,0.01,8,16384,sharded,0.29296875,ed25519,gossip,direct,shard,nonce_hash_set,5,48191.802384,367.864199,456.690506,5,0.317743,0.001329,0.001649,5,12053592.400000,597693.976609,742016.117472,5,1198.578000,51.780664,64.283879,5,2.000000,0.000000,0.000000,5,2.000000,0.000000,0.000000,5,2.000000,0.000000,0.000000,5,3.000000,0.000000,0.000000,5
memo,1000,16384000,1000,16384000,0.01,8,16384,sharded,0.5859375,ed25519,gossip,direct,shard,nonce_hash_set,5,27650.690339,287.134244,356.467098,5,0.553805,0.003741,0.004644,5,12053592.400000,597693.976609,742016.117472,5,1198.578000,51.780664,64.283879,5,2.000000,0.000000,0.000000,5,2.000000,0.000000,0.000000,5,2.000000,0.000000,0.000000,5,3.000000,0.000000,0.000000,5
memo,1000,16384000,1000,16384000,0.01,8,16384,sharded,1200.0,ed25519,gossip,direct,shard,nonce_hash_set,5,15.450774,0.233010,0.289273,5,991.169286,11.193307,13.896099,5,12053592.400000,597693.976609,742016.117472,5,1198.578000,51.780664,64.283879,5,2.000000,0.000000,0.000000,5,2.000000,0.000000,0.000000,5,2.000000,0.000000,0.000000,5,3.000000,0.000000,0.000000,5
memo,1000,16384000,1000,16384000,0.01,8,16384,sharded,150.0,ed25519,gossip,direct,shard,nonce_hash_set,5,123.549851,1.860651,2.309933,5,123.952608,1.397268,1.734660,5,12053592.400000,597693.976609,742016.117472,5,1198.578000,51.780664,64.283879,5,2.000000,0.000000,0.000000,5,2.000000,0.000000,0.000000,5,2.000000,0.000000,0.000000,5,3.000000,0.000000,0.000000,5
memo,1000,16384000,1000,16384000,0.01,8,16384,sharded,18.75,ed25519,gossip,direct,shard,nonce_hash_set,5,984.796773,14.672311,18.215159,5,15.550696,0.172841,0.214576,5,12053592.400000,597693.976609,742016.117472,5,1198.578000,51.780664,64.283879,5,2.000000,0.000000,0.000000,5,2.000000,0.000000,0.000000,5,2.000000,0.000000,0.000000,5,3.000000,0.000000,0.000000,5
memo,1000,16384000,1000,16384000,0.01,8,16384,sharded,1.171875,ed25519,gossip,direct,shard,nonce_hash_set,5,14796.097265,184.037422,228.476008,5,1.034974,0.009030,0.011210,5,12053592.400000,597693.976609,742016.117472,5,1198.578000,51.780664,64.283879,5,2.000000,0.000000,0.000000,5,2.000000,0.000000,0.000000,5,2.000000,0.000000,0.000000,5,3.000000,0.000000,0.000000,5
memo,1000,16384000,1000,16384000,0.01,8,16384,sharded,2.34375,ed25519,gossip,direct,shard,nonce_hash_set,5,7651.082507,105.026704,130.386971,5,2.001537,0.019955,0.024773,5,12053592.400000,597693.976609,742016.117472,5,1198.578000,51.780664,64.283879,5,2.000000,0.000000,0.000000,5,2.000000,0.000000,0.000000,5,2.000000,0.000000,0.000000,5,3.000000,0.000000,0.000000,5
memo,1000,16384000,1000,16384000,0.01,8,16384,sharded,300.0,ed25519,gossip,direct,shard,nonce_hash_set,5,61.791024,0.931303,1.156179,5,247.840692,2.796695,3.471999,5,12053592.400000,597693.976609,742016.117472,5,1198.578000,51.780664,64.283879,5,2.000000,0.000000,0.000000,5,2.000000,0.000000,0.000000,5,2.000000,0.000000,0.000000,5,3.000000,0.000000,0.000000,5
memo,1000,16384000,1000,16384000,0.01,8,16384,sharded,37.5,ed25519,gossip,direct,shard,nonce_hash_set,5,493.427133,7.396335,9.182291,5,31.036607,0.347728,0.431692,5,12053592.400000,597693.976609,742016.117472,5,1198.578000,51.780664,64.283879,5,2.000000,0.000000,0.000000,5,2.000000,0.000000,0.000000,5,2.000000,0.000000,0.000000,5,3.000000,0.000000,0.000000,5
memo,1000,16384000,1000,16384000,0.01,8,16384,sharded,4.6875,ed25519,gossip,direct,shard,nonce_hash_set,5,3890.126417,55.999953,69.521979,5,3.936664,0.041819,0.051917,5,12053592.400000,597693.976609,742016.117472,5,1198.578000,51.780664,64.283879,5,2.000000,0.000000,0.000000,5,2.000000,0.000000,0.000000,5,2.000000,0.000000,0.000000,5,3.000000,0.000000,0.000000,5
memo,1000,16384000,1000,16384000,0.01,8,16384,sharded,600.0,ed25519,gossip,direct,shard,nonce_hash_set,5,30.899537,0.465897,0.578395,5,495.616884,5.595576,6.946711,5,12053592.400000,597693.976609,742016.117472,5,1198.578000,51.780664,64.283879,5,2.000000,0.000000,0.000000,5,2.000000,0.000000,0.000000,5,2.000000,0.000000,0.000000,5,3.000000,0.000000,0.000000,5
memo,1000,16384000,1000,16384000,0.01,8,16384,sharded,75.0,ed25519,gossip,direct,shard,nonce_hash_set,5,246.970909,3.713578,4.610277,5,62.008594,0.697575,0.866015,5,12053592.400000,597693.976609,742016.117472,5,1198.578000,51.780664,64.283879,5,2.000000,0.000000,0.000000,5,2.000000,0.000000,0.000000,5,2.000000,0.000000,0.000000,5,3.000000,0.000000,0.000000,5
memo,1000,16384000,1000,16384000,0.01,8,16384,sharded,9.375,ed25519,gossip,direct,shard,nonce_hash_set,5,1961.386232,28.877088,35.849892,5,7.807855,0.085437,0.106068,5,12053592.400000,597693.976609,742016.117472,5,1198.578000,51.780664,64.283879,5,2.000000,0.000000,0.000000,5,2.000000,0.000000,0.000000,5,2.000000,0.000000,0.000000,5,3.000000,0.000000,0.000000,5
memo,1000,2048000,1000,2048000,0.01,8,2048,sharded,0.146484375,ed25519,gossip,direct,shard,nonce_hash_set,5,14477.767394,175.928406,218.408948,5,0.132276,0.001116,0.001386,5,12053592.400000,597693.976609,742016.117472,5,1198.578000,51.780664,64.283879,5,2.000000,0.000000,0.000000,5,2.000000,0.000000,0.000000,5,2.000000,0.000000,0.000000,5,3.000000,0.000000,0.000000,5
memo,1000,2048000,1000,2048000,0.01,8,2048,sharded,0.29296875,ed25519,gossip,direct,shard,nonce_hash_set,5,7566.743420,102.618195,127.396892,5,0.253096,0.002482,0.003081,5,12053592.400000,597693.976609,742016.117472,5,1198.578000,51.780664,64.283879,5,2.000000,0.000000,0.000000,5,2.000000,0.000000,0.000000,5,2.000000,0.000000,0.000000,5,3.000000,0.000000,0.000000,5
memo,1000,2048000,1000,2048000,0.01,8,2048,sharded,0.5859375,ed25519,gossip,direct,shard,nonce_hash_set,5,3869.071739,55.351233,68.716615,5,0.494986,0.005215,0.006474,5,12053592.400000,597693.976609,742016.117472,5,1198.578000,51.780664,64.283879,5,2.000000,0.000000,0.000000,5,2.000000,0.000000,0.000000,5,2.000000,0.000000,0.000000,5,3.000000,0.000000,0.000000,5
memo,1000,2048000,1000,2048000,0.01,8,2048,sharded,1200.0,ed25519,gossip,direct,shard,nonce_hash_set,5,1.932334,0.029143,0.036180,5,991.115782,11.195179,13.898422,5,12053592.400000,597693.976609,742016.117472,5,1198.578000,51.780664,64.283879,5,2.000000,0.000000,0.000000,5,2.000000,0.000000,0.000000,5,2.000000,0.000000,0.000000,5,3.000000,0.000000,0.000000,5
memo,1000,2048000,1000,2048000,0.01,8,2048,sharded,150.0,ed25519,gossip,direct,shard,nonce_hash_set,5,15.457475,0.233078,0.289358,5,123.899063,1.399150,1.736996,5,12053592.400000,597693.976609,742016.117472,5,1198.578000,51.780664,64.283879,5,2.000000,0.000000,0.000000,5,2.000000,0.000000,0.000000,5,2.000000,0.000000,0.000000,5,3.000000,0.000000,0.000000,5
memo,1000,2048000,1000,2048000,0.01,8,2048,sharded,18.75,ed25519,gossip,direct,shard,nonce_hash_set,5,123.583170,1.860572,2.309835,5,15.496979,0.174646,0.216816,5,12053592.400000,597693.976609,742016.117472,5,1198.578000,51.780664,64.283879,5,2.000000,0.000000,0.000000,5,2.000000,0.000000,0.000000,5,2.000000,0.000000,0.000000,5,3.000000,0.000000,0.000000,5
memo,1000,2048000,1000,2048000,0.01,8,2048,sharded,1.171875,ed25519,gossip,direct,shard,nonce_hash_set,5,1956.461817,28.712465,35.645519,5,0.978885,0.010667,0.013242,5,12053592.400000,597693.976609,742016.117472,5,1198.578000,51.780664,64.283879,5,2.000000,0.000000,0.000000,5,2.000000,0.000000,0.000000,5,2.000000,0.000000,0.000000,5,3.000000,0.000000,0.000000,5
memo,1000,2048000,1000,2048000,0.01,8,2048,sharded,2.34375,ed25519,gossip,direct,shard,nonce_hash_set,5,983.777367,14.632681,18.165960,5,1.946740,0.021592,0.026806,5,12053592.400000,597693.976609,742016.117472,5,1198.578000,51.780664,64.283879,5,2.000000,0.000000,0.000000,5,2.000000,0.000000,0.000000,5,2.000000,0.000000,0.000000,5,3.000000,0.000000,0.000000,5
memo,1000,2048000,1000,2048000,0.01,8,2048,sharded,300.0,ed25519,gossip,direct,shard,nonce_hash_set,5,7.729080,0.116557,0.144701,5,247.787166,2.798583,3.474343,5,12053592.400000,597693.976609,742016.117472,5,1198.578000,51.780664,64.283879,5,2.000000,0.000000,0.000000,5,2.000000,0.000000,0.000000,5,2.000000,0.000000,0.000000,5,3.000000,0.000000,0.000000,5
memo,1000,2048000,1000,2048000,0.01,8,2048,sharded,37.5,ed25519,gossip,direct,shard,nonce_hash_set,5,61.813477,0.931441,1.156351,5,30.982989,0.349574,0.433984,5,12053592.400000,597693.976609,742016.117472,5,1198.578000,51.780664,64.283879,5,2.000000,0.000000,0.000000,5,2.000000,0.000000,0.000000,5,2.000000,0.000000,0.000000,5,3.000000,0.000000,0.000000,5
memo,1000,2048000,1000,2048000,0.01,8,2048,sharded,4.6875,ed25519,gossip,direct,shard,nonce_hash_set,5,493.283493,7.387565,9.171403,5,3.882479,0.043453,0.053945,5,12053592.400000,597693.976609,742016.117472,5,1198.578000,51.780664,64.283879,5,2.000000,0.000000,0.000000,5,2.000000,0.000000,0.000000,5,2.000000,0.000000,0.000000,5,3.000000,0.000000,0.000000,5
memo,1000,2048000,1000,2048000,0.01,8,2048,sharded,600.0,ed25519,gossip,direct,shard,nonce_hash_set,5,3.864625,0.058283,0.072356,5,495.563371,5.597448,6.949036,5,12053592.400000,597693.976609,742016.117472,5,1198.578000,51.780664,64.283879,5,2.000000,0.000000,0.000000,5,2.000000,0.000000,0.000000,5,2.000000,0.000000,0.000000,5,3.000000,0.000000,0.000000,5
memo,1000,2048000,1000,2048000,0.01,8,2048,sharded,75.0,ed25519,gossip,direct,shard,nonce_hash_set,5,30.912213,0.466011,0.578537,5,61.955013,0.699434,0.868323,5,12053592.400000,597693.976609,742016.117472,5,1198.578000,51.780664,64.283879,5,2.000000,0.000000,0.000000,5,2.000000,0.000000,0.000000,5,2.000000,0.000000,0.000000,5,3.000000,0.000000,0.000000,5
memo,1000,2048000,1000,2048000,0.01,8,2048,sharded,9.375,ed25519,gossip,direct,shard,nonce_hash_set,5,246.991281,3.712003,4.608322,5,7.753977,0.087184,0.108236,5,12053592.400000,597693.976609,742016.117472,5,1198.578000,51.780664,64.283879,5,2.000000,0.000000,0.000000,5,2.000000,0.000000,0.000000,5,2.000000,0.000000,0.000000,5,3.000000,0.000000,0.000000,5
memo,1000,262144000,1000,262144000,0.01,8,262144,sharded,0.146484375,ed25519,gossip,direct,shard,nonce_hash_set,5,137811.479886,567.951202,705.091505,5,1.777654,0.000535,0.000664,5,12053592.400000,597693.976609,742016.117472,5,1198.578000,51.780664,64.283879,5,2.000000,0.000000,0.000000,5,2.000000,0.000000,0.000000,5,2.000000,0.000000,0.000000,5,3.000000,0.000000,0.000000,5
memo,1000,262144000,1000,262144000,0.01,8,262144,sharded,0.29296875,ed25519,gossip,direct,shard,nonce_hash_set,5,130400.230402,557.488362,692.102257,5,1.878688,0.001096,0.001361,5,12053592.400000,597693.976609,742016.117472,5,1198.578000,51.780664,64.283879,5,2.000000,0.000000,0.000000,5,2.000000,0.000000,0.000000,5,2.000000,0.000000,0.000000,5,3.000000,0.000000,0.000000,5
memo,1000,262144000,1000,262144000,0.01,8,262144,sharded,0.5859375,ed25519,gossip,direct,shard,nonce_hash_set,5,117736.918686,537.924431,667.814323,5,2.080755,0.002241,0.002782,5,12053592.400000,597693.976609,742016.117472,5,1198.578000,51.780664,64.283879,5,2.000000,0.000000,0.000000,5,2.000000,0.000000,0.000000,5,2.000000,0.000000,0.000000,5,3.000000,0.000000,0.000000,5
memo,1000,262144000,1000,262144000,0.01,8,262144,sharded,1200.0,ed25519,gossip,direct,shard,nonce_hash_set,5,246.964619,3.713670,4.610392,5,992.102039,11.161326,13.856395,5,12053592.400000,597693.976609,742016.117472,5,1198.578000,51.780664,64.283879,5,2.000000,0.000000,0.000000,5,2.000000,0.000000,0.000000,5,2.000000,0.000000,0.000000,5,3.000000,0.000000,0.000000,5
memo,1000,262144000,1000,262144000,0.01,8,262144,sharded,150.0,ed25519,gossip,direct,shard,nonce_hash_set,5,1961.823199,28.891911,35.868295,5,124.890222,1.367122,1.697233,5,12053592.400000,597693.976609,742016.117472,5,1198.578000,51.780664,64.283879,5,2.000000,0.000000,0.000000,5,2.000000,0.000000,0.000000,5,2.000000,0.000000,0.000000,5,3.000000,0.000000,0.000000,5
memo,1000,262144000,1000,262144000,0.01,8,262144,sharded,18.75,ed25519,gossip,direct,shard,nonce_hash_set,5,14826.926485,184.803396,229.426937,5,16.524143,0.144597,0.179512,5,12053592.400000,597693.976609,742016.117472,5,1198.578000,51.780664,64.283879,5,2.000000,0.000000,0.000000,5,2.000000,0.000000,0.000000,5,2.000000,0.000000,0.000000,5,3.000000,0.000000,0.000000,5
memo,1000,262144000,1000,262144000,0.01,8,262144,sharded,1.171875,ed25519,gossip,direct,shard,nonce_hash_set,5,98588.859052,500.098278,620.854479,5,2.484889,0.004542,0.005638,5,12053592.400000,597693.976609,742016.117472,5,1198.578000,51.780664,64.283879,5,2.000000,0.000000,0.000000,5,2.000000,0.000000,0.000000,5,2.000000,0.000000,0.000000,5,3.000000,0.000000,0.000000,5
memo,1000,262144000,1000,262144000,0.01,8,262144,sharded,2.34375,ed25519,gossip,direct,shard,nonce_hash_set,5,74355.005497,431.934058,536.230990,5,3.294782,0.008990,0.011160,5,12053592.400000,597693.976609,742016.117472,5,1198.578000,51.780664,64.283879,5,2.000000,0.000000,0.000000,5,2.000000,0.000000,0.000000,5,2.000000,0.000000,0.000000,5,3.000000,0.000000,0.000000,5
memo,1000,262144000,1000,262144000,0.01,8,262144,sharded,300.0,ed25519,gossip,direct,shard,nonce_hash_set,5,984.876898,14.675758,18.219439,5,248.775669,2.765577,3.433366,5,12053592.400000,597693.976609,742016.117472,5,1198.578000,51.780664,64.283879,5,2.000000,0.000000,0.000000,5,2.000000,0.000000,0.000000,5,2.000000,0.000000,0.000000,5,3.000000,0.000000,0.000000,5
memo,1000,262144000,1000,262144000,0.01,8,262144,sharded,37.5,ed25519,gossip,direct,shard,nonce_hash_set,5,7659.094846,105.250385,130.664663,5,31.989133,0.319395,0.396517,5,12053592.400000,597693.976609,742016.117472,5,1198.578000,51.780664,64.283879,5,2.000000,0.000000,0.000000,5,2.000000,0.000000,0.000000,5,2.000000,0.000000,0.000000,5,3.000000,0.000000,0.000000,5
memo,1000,262144000,1000,262144000,0.01,8,262144,sharded,4.6875,ed25519,gossip,direct,shard,nonce_hash_set,5,48526.135486,372.543113,462.499214,5,5.048559,0.021308,0.026453,5,12053592.400000,597693.976609,742016.117472,5,1198.578000,51.780664,64.283879,5,2.000000,0.000000,0.000000,5,2.000000,0.000000,0.000000,5,2.000000,0.000000,0.000000,5,3.000000,0.000000,0.000000,5
memo,1000,262144000,1000,262144000,0.01,8,262144,sharded,600.0,ed25519,gossip,direct,shard,nonce_hash_set,5,493.432173,7.397037,9.183163,5,496.550243,5.563767,6.907221,5,12053592.400000,597693.976609,742016.117472,5,1198.578000,51.780664,64.283879,5,2.000000,0.000000,0.000000,5,2.000000,0.000000,0.000000,5,2.000000,0.000000,0.000000,5,3.000000,0.000000,0.000000,5
memo,1000,262144000,1000,262144000,0.01,8,262144,sharded,75.0,ed25519,gossip,direct,shard,nonce_hash_set,5,3892.079892,56.059489,69.595890,5,62.951159,0.669231,0.830827,5,12053592.400000,597693.976609,742016.117472,5,1198.578000,51.780664,64.283879,5,2.000000,0.000000,0.000000,5,2.000000,0.000000,0.000000,5,2.000000,0.000000,0.000000,5,3.000000,0.000000,0.000000,5
memo,1000,262144000,1000,262144000,0.01,8,262144,sharded,9.375,ed25519,gossip,direct,shard,nonce_hash_set,5,27759.932393,289.370873,359.243793,5,8.825479,0.059963,0.074442,5,12053592.400000,597693.976609,742016.117472,5,1198.578000,51.780664,64.283879,5,2.000000,0.000000,0.000000,5,2.000000,0.000000,0.000000,5,2.000000,0.000000,0.000000,5,3.000000,0.000000,0.000000,5
memo,1000,32768000,1000,32768000,0.01,8,32768,sharded,0.146484375,ed25519,gossip,direct,shard,nonce_hash_set,5,98193.590943,498.272387,618.587700,5,0.311870,0.000576,0.000715,5,12053592.400000,597693.976609,742016.117472,5,1198.578000,51.780664,64.283879,5,2.000000,0.000000,0.000000,5,2.000000,0.000000,0.000000,5,2.000000,0.000000,0.000000,5,3.000000,0.000000,0.000000,5
memo,1000,32768000,1000,32768000,0.01,8,32768,sharded,0.29296875,ed25519,gossip,direct,shard,nonce_hash_set,5,74130.322886,430.671901,534.664066,5,0.413108,0.001131,0.001405,5,12053592.400000,597693.976609,742016.117472,5,1198.578000,51.780664,64.283879,5,2.000000,0.000000,0.000000,5,2.000000,0.000000,0.000000,5,2.000000,0.000000,0.000000,5,3.000000,0.000000,0.000000,5
memo,1000,32768000,1000,32768000,0.01,8,32768,sharded,0.5859375,ed25519,gossip,direct,shard,nonce_hash_set,5,48429.927012,371.445061,461.136021,5,0.632341,0.002665,0.003308,5,12053592.400000,597693.976609,742016.117472,5,1198.578000,51.780664,64.283879,5,2.000000,0.000000,0.000000,5,2.000000,0.000000,0.000000,5,2.000000,0.000000,0.000000,5,3.000000,0.000000,0.000000,5
memo,1000,32768000,1000,32768000,0.01,8,32768,sharded,1200.0,ed25519,gossip,direct,shard,nonce_hash_set,5,30.898626,0.465889,0.578385,5,991.230622,11.191166,13.893440,5,12053592.400000,597693.976609,742016.117472,5,1198.578000,51.780664,64.283879,5,2.000000,0.000000,0.000000,5,2.000000,0.000000,0.000000,5,2.000000,0.000000,0.000000,5,3.000000,0.000000,0.000000,5
memo,1000,32768000,1000,32768000,0.01,8,32768,sharded,150.0,ed25519,gossip,direct,shard,nonce_hash_set,5,246.969111,3.713680,4.610403,5,124.014042,1.395164,1.732048,5,12053592.400000,597693.976609,742016.117472,5,1198.578000,51.780664,64.283879,5,2.000000,0.000000,0.000000,5,2.000000,0.000000,0.000000,5,2.000000,0.000000,0.000000,5,3.000000,0.000000,0.000000,5
memo,1000,32768000,1000,32768000,0.01,8,32768,sharded,18.75,ed25519,gossip,direct,shard,nonce_hash_set,5,1961.717527,28.888234,35.863729,5,15.612564,0.170889,0.212152,5,12053592.400000,597693.976609,742016.117472,5,1198.578000,51.780664,64.283879,5,2.000000,0.000000,0.000000,5,2.000000,0.000000,0.000000,5,2.000000,0.000000,0.000000,5,3.000000,0.000000,0.000000,5
memo,1000,32768000,1000,32768000,0.01,8,32768,sharded,1.171875,ed25519,gossip,direct,shard,nonce_hash_set,5,27728.547445,288.796157,358.530303,5,1.104465,0.007494,0.009303,5,12053592.400000,597693.976609,742016.117472,5,1198.578000,51.780664,64.283879,5,2.000000,0.000000,0.000000,5,2.000000,0.000000,0.000000,5,2.000000,0.000000,0.000000,5,3.000000,0.000000,0.000000,5
memo,1000,32768000,1000,32768000,0.01,8,32768,sharded,2.34375,ed25519,gossip,direct,shard,nonce_hash_set,5,14818.139036,184.605134,229.180802,5,2.066802,0.018073,0.022437,5,12053592.400000,597693.976609,742016.117472,5,1198.578000,51.780664,64.283879,5,2.000000,0.000000,0.000000,5,2.000000,0.000000,0.000000,5,2.000000,0.000000,0.000000,5,3.000000,0.000000,0.000000,5
memo,1000,32768000,1000,32768000,0.01,8,32768,sharded,300.0,ed25519,gossip,direct,shard,nonce_hash_set,5,123.547385,1.860654,2.309937,5,247.902070,2.794551,3.469337,5,12053592.400000,597693.976609,742016.117472,5,1198.578000,51.780664,64.283879,5,2.000000,0.000000,0.000000,5,2.000000,0.000000,0.000000,5,2.000000,0.000000,0.000000,5,3.000000,0.000000,0.000000,5
memo,1000,32768000,1000,32768000,0.01,8,32768,sharded,37.5,ed25519,gossip,direct,shard,nonce_hash_set,5,984.864271,14.674976,18.218468,5,31.098245,0.345696,0.429169,5,12053592.400000,597693.976609,742016.117472,5,1198.578000,51.780664,64.283879,5,2.000000,0.000000,0.000000,5,2.000000,0.000000,0.000000,5,2.000000,0.000000,0.000000,5,3.000000,0.000000,0.000000,5
memo,1000,32768000,1000,32768000,0.01,8,32768,sharded,4.6875,ed25519,gossip,direct,shard,nonce_hash_set,5,7656.851653,105.192394,130.592669,5,3.999927,0.039923,0.049563,5,12053592.400000,597693.976609,742016.117472,5,1198.578000,51.780664,64.283879,5,2.000000,0.000000,0.000000,5,2.000000,0.000000,0.000000,5,2.000000,0.000000,0.000000,5,3.000000,0.000000,0.000000,5
memo,1000,32768000,1000,32768000,0.01,8,32768,sharded,600.0,ed25519,gossip,direct,shard,nonce_hash_set,5,61.789399,0.931292,1.156166,5,495.678237,5.593404,6.944015,5,12053592.400000,597693.976609,742016.117472,5,1198.578000,51.780664,64.283879,5,2.000000,0.000000,0.000000,5,2.000000,0.000000,0.000000,5,2.000000,0.000000,0.000000,5,3.000000,0.000000,0.000000,5
memo,1000,32768000,1000,32768000,0.01,8,32768,sharded,75.0,ed25519,gossip,direct,shard,nonce_hash_set,5,493.436038,7.396918,9.183015,5,62.070067,0.695469,0.863401,5,12053592.400000,597693.976609,742016.117472,5,1198.578000,51.780664,64.283879,5,2.000000,0.000000,0.000000,5,2.000000,0.000000,0.000000,5,2.000000,0.000000,0.000000,5,3.000000,0.000000,0.000000,5
memo,1000,32768000,1000,32768000,0.01,8,32768,sharded,9.375,ed25519,gossip,direct,shard,nonce_hash_set,5,3891.554823,56.044180,69.576885,5,7.870181,0.083652,0.103851,5,12053592.400000,597693.976609,742016.117472,5,1198.578000,51.780664,64.283879,5,2.000000,0.000000,0.000000,5,2.000000,0.000000,0.000000,5,2.000000,0.000000,0.000000,5,3.000000,0.000000,0.000000,5
memo,1000,4096000,1000,4096000,0.01,8,4096,sharded,0.146484375,ed25519,gossip,direct,shard,nonce_hash_set,5,27174.341256,277.137312,344.056257,5,0.140906,0.000926,0.001149,5,12053592.400000,597693.976609,742016.117472,5,1198.578000,51.780664,64.283879,5,2.000000,0.000000,0.000000,5,2.000000,0.000000,0.000000,5,2.000000,0.000000,0.000000,5,3.000000,0.000000,0.000000,5
memo,1000,4096000,1000,4096000,0.01,8,4096,sharded,0.29296875,ed25519,gossip,direct,shard,nonce_hash_set,5,14659.937443,180.564160,224.164074,5,0.261197,0.002247,0.002790,5,12053592.400000,597693.976609,742016.117472,5,1198.578000,51.780664,64.283879,5,2.000000,0.000000,0.000000,5,2.000000,0.000000,0.000000,5,2.000000,0.000000,0.000000,5,3.000000,0.000000,0.000000,5
memo,1000,4096000,1000,4096000,0.01,8,4096,sharded,0.5859375,ed25519,gossip,direct,shard,nonce_hash_set,5,7615.230420,104.004213,129.117584,5,0.502838,0.004978,0.006180,5,12053592.400000,597693.976609,742016.117472,5,1198.578000,51.780664,64.283879,5,2.000000,0.000000,0.000000,5,2.000000,0.000000,0.000000,5,2.000000,0.000000,0.000000,5,3.000000,0.000000,0.000000,5
memo,1000,4096000,1000,4096000,0.01,8,4096,sharded,1200.0,ed25519,gossip,direct,shard,nonce_hash_set,5,3.863629,0.058272,0.072343,5,991.123390,11.194912,13.898091,5,12053592.400000,597693.976609,742016.117472,5,1198.578000,51.780664,64.283879,5,2.000000,0.000000,0.000000,5,2.000000,0.000000,0.000000,5,2.000000,0.000000,0.000000,5,3.000000,0.000000,0.000000,5
memo,1000,4096000,1000,4096000,0.01,8,4096,sharded,150.0,ed25519,gossip,direct,shard,nonce_hash_set,5,30.904978,0.465947,0.578456,5,123.906674,1.398883,1.736665,5,12053592.400000,597693.976609,742016.117472,5,1198.578000,51.780664,64.283879,5,2.000000,0.000000,0.000000,5,2.000000,0.000000,0.000000,5,2.000000,0.000000,0.000000,5,3.000000,0.000000,0.000000,5
memo,1000,4096000,1000,4096000,0.01,8,4096,sharded,18.75,ed25519,gossip,direct,shard,nonce_hash_set,5,246.980193,3.712926,4.609468,5,15.504602,0.174383,0.216491,5,12053592.400000,597693.976609,742016.117472,5,1198.578000,51.780664,64.283879,5,2.000000,0.000000,0.000000,5,2.000000,0.000000,0.000000,5,2.000000,0.000000,0.000000,5,3.000000,0.000000,0.000000,5
memo,1000,4096000,1000,4096000,0.01,8,4096,sharded,1.171875,ed25519,gossip,direct,shard,nonce_hash_set,5,3881.209798,55.725762,69.181580,5,0.986619,0.010444,0.012966,5,12053592.400000,597693.976609,742016.117472,5,1198.578000,51.780664,64.283879,5,2.000000,0.000000,0.000000,5,2.000000,0.000000,0.000000,5,2.000000,0.000000,0.000000,5,3.000000,0.000000,0.000000,5
memo,1000,4096000,1000,4096000,0.01,8,4096,sharded,2.34375,ed25519,gossip,direct,shard,nonce_hash_set,5,1959.307013,28.807740,35.763799,5,1.954417,0.021349,0.026504,5,12053592.400000,597693.976609,742016.117472,5,1198.578000,51.780664,64.283879,5,2.000000,0.000000,0.000000,5,2.000000,0.000000,0.000000,5,2.000000,0.000000,0.000000,5,3.000000,0.000000,0.000000,5
memo,1000,4096000,1000,4096000,0.01,8,4096,sharded,300.0,ed25519,gossip,direct,shard,nonce_hash_set,5,15.453648,0.233039,0.289310,5,247.794775,2.798316,3.474011,5,12053592.400000,597693.976609,742016.117472,5,1198.578000,51.780664,64.283879,5,2.000000,0.000000,0.000000,5,2.000000,0.000000,0.000000,5,2.000000,0.000000,0.000000,5,3.000000,0.000000,0.000000,5
memo,1000,4096000,1000,4096000,0.01,8,4096,sharded,37.5,ed25519,gossip,direct,shard,nonce_hash_set,5,123.564270,1.860623,2.309898,5,30.990605,0.349306,0.433652,5,12053592.400000,597693.976609,742016.117472,5,1198.578000,51.780664,64.283879,5,2.000000,0.000000,0.000000,5,2.000000,0.000000,0.000000,5,2.000000,0.000000,0.000000,5,3.000000,0.000000,0.000000,5
memo,1000,4096000,1000,4096000,0.01,8,4096,sharded,4.6875,ed25519,gossip,direct,shard,nonce_hash_set,5,984.368287,14.655663,18.194492,5,3.890127,0.043200,0.053631,5,12053592.400000,597693.976609,742016.117472,5,1198.578000,51.780664,64.283879,5,2.000000,0.000000,0.000000,5,2.000000,0.000000,0.000000,5,2.000000,0.000000,0.000000,5,3.000000,0.000000,0.000000,5
memo,1000,4096000,1000,4096000,0.01,8,4096,sharded,600.0,ed25519,gossip,direct,shard,nonce_hash_set,5,7.727114,0.116536,0.144675,5,495.570979,5.597182,6.948705,5,12053592.400000,597693.976609,742016.117472,5,1198.578000,51.780664,64.283879,5,2.000000,0.000000,0.000000,5,2.000000,0.000000,0.000000,5,2.000000,0.000000,0.000000,5,3.000000,0.000000,0.000000,5
memo,1000,4096000,1000,4096000,0.01,8,4096,sharded,75.0,ed25519,gossip,direct,shard,nonce_hash_set,5,61.800682,0.931363,1.156255,5,61.962626,0.699163,0.867987,5,12053592.400000,597693.976609,742016.117472,5,1198.578000,51.780664,64.283879,5,2.000000,0.000000,0.000000,5,2.000000,0.000000,0.000000,5,2.000000,0.000000,0.000000,5,3.000000,0.000000,0.000000,5
memo,1000,4096000,1000,4096000,0.01,8,4096,sharded,9.375,ed25519,gossip,direct,shard,nonce_hash_set,5,493.367749,7.392665,9.177735,5,7.761605,0.086921,0.107910,5,12053592.400000,597693.976609,742016.117472,5,1198.578000,51.780664,64.283879,5,2.000000,0.000000,0.000000,5,2.000000,0.000000,0.000000,5,2.000000,0.000000,0.000000,5,3.000000,0.000000,0.000000,5
memo,1000,524288000,1000,524288000,0.01,8,524288,sharded,0.146484375,ed25519,gossip,direct,shard,nonce_hash_set,5,139559.487010,547.566669,679.784823,5,3.510768,0.000762,0.000946,5,12053592.400000,597693.976609,742016.117472,5,1198.578000,51.780664,64.283879,5,2.000000,0.000000,0.000000,5,2.000000,0.000000,0.000000,5,2.000000,0.000000,0.000000,5,3.000000,0.000000,0.000000,5
memo,1000,524288000,1000,524288000,0.01,8,524288,sharded,0.29296875,ed25519,gossip,direct,shard,nonce_hash_set,5,135655.604440,543.060853,674.191009,5,3.611802,0.001094,0.001358,5,12053592.400000,597693.976609,742016.117472,5,1198.578000,51.780664,64.283879,5,2.000000,0.000000,0.000000,5,2.000000,0.000000,0.000000,5,2.000000,0.000000,0.000000,5,3.000000,0.000000,0.000000,5
memo,1000,524288000,1000,524288000,0.01,8,524288,sharded,0.5859375,ed25519,gossip,direct,shard,nonce_hash_set,5,128468.355430,534.608726,663.697990,5,3.813869,0.002102,0.002610,5,12053592.400000,597693.976609,742016.117472,5,1198.578000,51.780664,64.283879,5,2.000000,0.000000,0.000000,5,2.000000,0.000000,0.000000,5,2.000000,0.000000,0.000000,5,3.000000,0.000000,0.000000,5
memo,1000,524288000,1000,524288000,0.01,8,524288,sharded,1200.0,ed25519,gossip,direct,shard,nonce_hash_set,5,493.403145,7.396095,9.181992,5,993.156864,11.127141,13.813956,5,12053592.400000,597693.976609,742016.117472,5,1198.578000,51.780664,64.283879,5,2.000000,0.000000,0.000000,5,2.000000,0.000000,0.000000,5,2.000000,0.000000,0.000000,5,3.000000,0.000000,0.000000,5
memo,1000,524288000,1000,524288000,0.01,8,524288,sharded,150.0,ed25519,gossip,direct,shard,nonce_hash_set,5,3890.329169,56.003548,69.526441,5,125.958700,1.338075,1.661173,5,12053592.400000,597693.976609,742016.117472,5,1198.578000,51.780664,64.283879,5,2.000000,0.000000,0.000000,5,2.000000,0.000000,0.000000,5,2.000000,0.000000,0.000000,5,3.000000,0.000000,0.000000,5
memo,1000,524288000,1000,524288000,0.01,8,524288,sharded,18.75,ed25519,gossip,direct,shard,nonce_hash_set,5,27671.429801,287.248322,356.608722,5,17.707364,0.119570,0.148442,5,12053592.400000,597693.976609,742016.117472,5,1198.578000,51.780664,64.283879,5,2.000000,0.000000,0.000000,5,2.000000,0.000000,0.000000,5,2.000000,0.000000,0.000000,5,3.000000,0.000000,0.000000,5
memo,1000,524288000,1000,524288000,0.01,8,524288,sharded,1.171875,ed25519,gossip,direct,shard,nonce_hash_set,5,116159.740998,518.380577,643.551312,5,4.218003,0.004339,0.005386,5,12053592.400000,597693.976609,742016.117472,5,1198.578000,51.780664,64.283879,5,2.000000,0.000000,0.000000,5,2.000000,0.000000,0.000000,5,2.000000,0.000000,0.000000,5,3.000000,0.000000,0.000000,5
memo,1000,524288000,1000,524288000,0.01,8,524288,sharded,2.34375,ed25519,gossip,direct,shard,nonce_hash_set,5,97480.518423,485.346803,602.541040,5,5.026271,0.008915,0.011067,5,12053592.400000,597693.976609,742016.117472,5,1198.578000,51.780664,64.283879,5,2.000000,0.000000,0.000000,5,2.000000,0.000000,0.000000,5,2.000000,0.000000,0.000000,5,3.000000,0.000000,0.000000,5
memo,1000,524288000,1000,524288000,0.01,8,524288,sharded,300.0,ed25519,gossip,direct,shard,nonce_hash_set,5,1961.376315,28.877382,35.850257,5,249.836823,2.733853,3.393983,5,12053592.400000,597693.976609,742016.117472,5,1198.578000,51.780664,64.283879,5,2.000000,0.000000,0.000000,5,2.000000,0.000000,0.000000,5,2.000000,0.000000,0.000000,5,3.000000,0.000000,0.000000,5
memo,1000,524288000,1000,524288000,0.01,8,524288,sharded,37.5,ed25519,gossip,direct,shard,nonce_hash_set,5,14801.632744,184.091961,228.543716,5,33.104678,0.288818,0.358558,5,12053592.400000,597693.976609,742016.117472,5,1198.578000,51.780664,64.283879,5,2.000000,0.000000,0.000000,5,2.000000,0.000000,0.000000,5,2.000000,0.000000,0.000000,5,3.000000,0.000000,0.000000,5
memo,1000,524288000,1000,524288000,0.01,8,524288,sharded,4.6875,ed25519,gossip,direct,shard,nonce_hash_set,5,73722.822641,422.657942,524.715017,5,6.646054,0.017786,0.022081,5,12053592.400000,597693.976609,742016.117472,5,1198.578000,51.780664,64.283879,5,2.000000,0.000000,0.000000,5,2.000000,0.000000,0.000000,5,2.000000,0.000000,0.000000,5,3.000000,0.000000,0.000000,5
memo,1000,524288000,1000,524288000,0.01,8,524288,sharded,600.0,ed25519,gossip,direct,shard,nonce_hash_set,5,984.763259,14.672045,18.214830,5,497.607717,5.530762,6.866247,5,12053592.400000,597693.976609,742016.117472,5,1198.578000,51.780664,64.283879,5,2.000000,0.000000,0.000000,5,2.000000,0.000000,0.000000,5,2.000000,0.000000,0.000000,5,3.000000,0.000000,0.000000,5
memo,1000,524288000,1000,524288000,0.01,8,524288,sharded,75.0,ed25519,gossip,direct,shard,nonce_hash_set,5,7652.332958,105.042925,130.407109,5,64.034651,0.638404,0.792556,5,12053592.400000,597693.976609,742016.117472,5,1198.578000,51.780664,64.283879,5,2.000000,0.000000,0.000000,5,2.000000,0.000000,0.000000,5,2.000000,0.000000,0.000000,5,3.000000,0.000000,0.000000,5
memo,1000,524288000,1000,524288000,0.01,8,524288,sharded,9.375,ed25519,gossip,direct,shard,nonce_hash_set,5,48256.262207,367.565344,456.319488,5,10.153559,0.042306,0.052522,5,12053592.400000,597693.976609,742016.117472,5,1198.578000,51.780664,64.283879,5,2.000000,0.000000,0.000000,5,2.000000,0.000000,0.000000,5,2.000000,0.000000,0.000000,5,3.000000,0.000000,0.000000,5
memo,1000,65536000,1000,65536000,0.01,8,65536,sharded,0.146484375,ed25519,gossip,direct,shard,nonce_hash_set,5,117853.846883,541.223147,671.909562,5,0.519679,0.000572,0.000710,5,12053592.400000,597693.976609,742016.117472,5,1198.578000,51.780664,64.283879,5,2.000000,0.000000,0.000000,5,2.000000,0.000000,0.000000,5,2.000000,0.000000,0.000000,5,3.000000,0.000000,0.000000,5
memo,1000,65536000,1000,65536000,0.01,8,65536,sharded,0.29296875,ed25519,gossip,direct,shard,nonce_hash_set,5,98671.032726,502.588128,623.945540,5,0.620713,0.001147,0.001424,5,12053592.400000,597693.976609,742016.117472,5,1198.578000,51.780664,64.283879,5,2.000000,0.000000,0.000000,5,2.000000,0.000000,0.000000,5,2.000000,0.000000,0.000000,5,3.000000,0.000000,0.000000,5
memo,1000,65536000,1000,65536000,0.01,8,65536,sharded,0.5859375,ed25519,gossip,direct,shard,nonce_hash_set,5,74401.841243,433.447100,538.109379,5,0.823187,0.002259,0.002804,5,12053592.400000,597693.976609,742016.117472,5,1198.578000,51.780664,64.283879,5,2.000000,0.000000,0.000000,5,2.000000,0.000000,0.000000,5,2.000000,0.000000,0.000000,5,3.000000,0.000000,0.000000,5
memo,1000,65536000,1000,65536000,0.01,8,65536,sharded,1200.0,ed25519,gossip,direct,shard,nonce_hash_set,5,61.788579,0.931286,1.156159,5,991.353436,11.186821,13.888047,5,12053592.400000,597693.976609,742016.117472,5,1198.578000,51.780664,64.283879,5,2.000000,0.000000,0.000000,5,2.000000,0.000000,0.000000,5,2.000000,0.000000,0.000000,5,3.000000,0.000000,0.000000,5
memo,1000,65536000,1000,65536000,0.01,8,65536,sharded,150.0,ed25519,gossip,direct,shard,nonce_hash_set,5,493.440065,7.397196,9.183359,5,124.137096,1.390952,1.726818,5,12053592.400000,597693.976609,742016.117472,5,1198.578000,51.780664,64.283879,5,2.000000,0.000000,0.000000,5,2.000000,0.000000,0.000000,5,2.000000,0.000000,0.000000,5,3.000000,0.000000,0.000000,5
memo,1000,65536000,1000,65536000,0.01,8,65536,sharded,18.75,ed25519,gossip,direct,shard,nonce_hash_set,5,3892.242923,56.065463,69.603307,5,15.737324,0.167318,0.207719,5,12053592.400000,597693.976609,742016.117472,5,1198.578000,51.780664,64.283879,5,2.000000,0.000000,0.000000,5,2.000000,0.000000,0.000000,5,2.000000,0.000000,0.000000,5,3.000000,0.000000,0.000000,5
memo,1000,65536000,1000,65536000,0.01,8,65536,sharded,1.171875,ed25519,gossip,direct,shard,nonce_hash_set,5,48545.569114,373.187312,463.298964,5,1.261650,0.005337,0.006625,5,12053592.400000,597693.976609,742016.117472,5,1198.578000,51.780664,64.283879,5,2.000000,0.000000,0.000000,5,2.000000,0.000000,0.000000,5,2.000000,0.000000,0.000000,5,3.000000,0.000000,0.000000,5
memo,1000,65536000,1000,65536000,0.01,8,65536,sharded,2.34375,ed25519,gossip,direct,shard,nonce_hash_set,5,27766.266920,289.601314,359.529878,5,2.205893,0.014999,0.018621,5,12053592.400000,597693.976609,742016.117472,5,1198.578000,51.780664,64.283879,5,2.000000,0.000000,0.000000,5,2.000000,0.000000,0.000000,5,2.000000,0.000000,0.000000,5,3.000000,0.000000,0.000000,5
memo,1000,65536000,1000,65536000,0.01,8,65536,sharded,300.0,ed25519,gossip,direct,shard,nonce_hash_set,5,246.968106,3.713727,4.610462,5,248.025045,2.790342,3.464111,5,12053592.400000,597693.976609,742016.117472,5,1198.578000,51.780664,64.283879,5,2.000000,0.000000,0.000000,5,2.000000,0.000000,0.000000,5,2.000000,0.000000,0.000000,5,3.000000,0.000000,0.000000,5
memo,1000,65536000,1000,65536000,0.01,8,65536,sharded,37.5,ed25519,gossip,direct,shard,nonce_hash_set,5,1961.876493,28.893587,35.870376,5,31.222090,0.341790,0.424321,5,12053592.400000,597693.976609,742016.117472,5,1198.578000,51.780664,64.283879,5,2.000000,0.000000,0.000000,5,2.000000,0.000000,0.000000,5,2.000000,0.000000,0.000000,5,3.000000,0.000000,0.000000,5
memo,1000,65536000,1000,65536000,0.01,8,65536,sharded,4.6875,ed25519,gossip,direct,shard,nonce_hash_set,5,14828.797031,184.878901,229.520674,5,4.130565,0.036159,0.044890,5,12053592.400000,597693.976609,742016.117472,5,1198.578000,51.780664,64.283879,5,2.000000,0.000000,0.000000,5,2.000000,0.000000,0.000000,5,2.000000,0.000000,0.000000,5,3.000000,0.000000,0.000000,5
memo,1000,65536000,1000,65536000,0.01,8,65536,sharded,600.0,ed25519,gossip,direct,shard,nonce_hash_set,5,123.546126,1.860654,2.309937,5,495.801101,5.589114,6.938690,5,12053592.400000,597693.976609,742016.117472,5,1198.578000,51.780664,64.283879,5,2.000000,0.000000,0.000000,5,2.000000,0.000000,0.000000,5,2.000000,0.000000,0.000000,5,3.000000,0.000000,0.000000,5
memo,1000,65536000,1000,65536000,0.01,8,65536,sharded,75.0,ed25519,gossip,direct,shard,nonce_hash_set,5,984.896330,14.676252,18.220052,5,62.193452,0.691404,0.858354,5,12053592.400000,597693.976609,742016.117472,5,1198.578000,51.780664,64.283879,5,2.000000,0.000000,0.000000,5,2.000000,0.000000,0.000000,5,2.000000,0.000000,0.000000,5,3.000000,0.000000,0.000000,5
memo,1000,65536000,1000,65536000,0.01,8,65536,sharded,9.375,ed25519,gossip,direct,shard,nonce_hash_set,5,7659.636634,105.272182,130.691723,5,7.996816,0.079859,0.099142,5,12053592.400000,597693.976609,742016.117472,5,1198.578000,51.780664,64.283879,5,2.000000,0.000000,0.000000,5,2.000000,0.000000,0.000000,5,2.000000,0.000000,0.000000,5,3.000000,0.000000,0.000000,5
memo,1000,8192000,1000,8192000,0.01,8,8192,sharded,0.146484375,ed25519,gossip,direct,shard,nonce_hash_set,5,47711.905832,360.784962,447.901881,5,0.160480,0.000661,0.000820,5,12053592.400000,597693.976609,742016.117472,5,1198.578000,51.780664,64.283879,5,2.000000,0.000000,0.000000,5,2.000000,0.000000,0.000000,5,2.000000,0.000000,0.000000,5,3.000000,0.000000,0.000000,5
memo,1000,8192000,1000,8192000,0.01,8,8192,sharded,0.29296875,ed25519,gossip,direct,shard,nonce_hash_set,5,27492.877002,283.803918,352.332614,5,0.278510,0.001864,0.002314,5,12053592.400000,597693.976609,742016.117472,5,1198.578000,51.780664,64.283879,5,2.000000,0.000000,0.000000,5,2.000000,0.000000,0.000000,5,2.000000,0.000000,0.000000,5,3.000000,0.000000,0.000000,5
memo,1000,8192000,1000,8192000,0.01,8,8192,sharded,0.5859375,ed25519,gossip,direct,shard,nonce_hash_set,5,14751.244722,182.889530,227.050939,5,0.519094,0.004508,0.005597,5,12053592.400000,597693.976609,742016.117472,5,1198.578000,51.780664,64.283879,5,2.000000,0.000000,0.000000,5,2.000000,0.000000,0.000000,5,2.000000,0.000000,0.000000,5,3.000000,0.000000,0.000000,5
memo,1000,8192000,1000,8192000,0.01,8,8192,sharded,1200.0,ed25519,gossip,direct,shard,nonce_hash_set,5,7.726131,0.116525,0.144662,5,991.138659,11.194377,13.897427,5,12053592.400000,597693.976609,742016.117472,5,1198.578000,51.780664,64.283879,5,2.000000,0.000000,0.000000,5,2.000000,0.000000,0.000000,5,2.000000,0.000000,0.000000,5,3.000000,0.000000,0.000000,5
memo,1000,8192000,1000,8192000,0.01,8,8192,sharded,150.0,ed25519,gossip,direct,shard,nonce_hash_set,5,61.794258,0.931323,1.156205,5,123.921952,1.398341,1.735991,5,12053592.400000,597693.976609,742016.117472,5,1198.578000,51.780664,64.283879,5,2.000000,0.000000,0.000000,5,2.000000,0.000000,0.000000,5,2.000000,0.000000,0.000000,5,3.000000,0.000000,0.000000,5
memo,1000,8192000,1000,8192000,0.01,8,8192,sharded,18.75,ed25519,gossip,direct,shard,nonce_hash_set,5,493.408256,7.395140,9.180807,5,15.519910,0.173857,0.215837,5,12053592.400000,597693.976609,742016.117472,5,1198.578000,51.780664,64.283879,5,2.000000,0.000000,0.000000,5,2.000000,0.000000,0.000000,5,2.000000,0.000000,0.000000,5,3.000000,0.000000,0.000000,5
memo,1000,8192000,1000,8192000,0.01,8,8192,sharded,1.171875,ed25519,gossip,direct,shard,nonce_hash_set,5,7639.313275,104.690432,129.969501,5,1.002375,0.009971,0.012378,5,12053592.400000,597693.976609,742016.117472,5,1198.578000,51.780664,64.283879,5,2.000000,0.000000,0.000000,5,2.000000,0.000000,0.000000,5,2.000000,0.000000,0.000000,5,3.000000,0.000000,0.000000,5
memo,1000,8192000,1000,8192000,0.01,8,8192,sharded,2.34375,ed25519,gossip,direct,shard,nonce_hash_set,5,3887.206420,55.910036,69.410349,5,1.969939,0.020903,0.025950,5,12053592.400000,597693.976609,742016.117472,5,1198.578000,51.780664,64.283879,5,2.000000,0.000000,0.000000,5,2.000000,0.000000,0.000000,5,2.000000,0.000000,0.000000,5,3.000000,0.000000,0.000000,5
memo,1000,8192000,1000,8192000,0.01,8,8192,sharded,300.0,ed25519,gossip,direct,shard,nonce_hash_set,5,30.901354,0.465914,0.578416,5,247.810049,2.797781,3.473347,5,12053592.400000,597693.976609,742016.117472,5,1198.578000,51.780664,64.283879,5,2.000000,0.000000,0.000000,5,2.000000,0.000000,0.000000,5,2.000000,0.000000,0.000000,5,3.000000,0.000000,0.000000,5
memo,1000,8192000,1000,8192000,0.01,8,8192,sharded,37.5,ed25519,gossip,direct,shard,nonce_hash_set,5,246.974235,3.713368,4.610016,5,31.005904,0.348781,0.432999,5,12053592.400000,597693.976609,742016.117472,5,1198.578000,51.780664,64.283879,5,2.000000,0.000000,0.000000,5,2.000000,0.000000,0.000000,5,2.000000,0.000000,0.000000,5,3.000000,0.000000,0.000000,5
memo,1000,8192000,1000,8192000,0.01,8,8192,sharded,4.6875,ed25519,gossip,direct,shard,nonce_hash_set,5,1960.707126,28.854386,35.821709,5,3.905534,0.042712,0.053025,5,12053592.400000,597693.976609,742016.117472,5,1198.578000,51.780664,64.283879,5,2.000000,0.000000,0.000000,5,2.000000,0.000000,0.000000,5,2.000000,0.000000,0.000000,5,3.000000,0.000000,0.000000,5
memo,1000,8192000,1000,8192000,0.01,8,8192,sharded,600.0,ed25519,gossip,direct,shard,nonce_hash_set,5,15.451733,0.233020,0.289286,5,495.586250,5.596647,6.948041,5,12053592.400000,597693.976609,742016.117472,5,1198.578000,51.780664,64.283879,5,2.000000,0.000000,0.000000,5,2.000000,0.000000,0.000000,5,2.000000,0.000000,0.000000,5,3.000000,0.000000,0.000000,5
memo,1000,8192000,1000,8192000,0.01,8,8192,sharded,75.0,ed25519,gossip,direct,shard,nonce_hash_set,5,123.554716,1.860644,2.309924,5,61.977911,0.698627,0.867321,5,12053592.400000,597693.976609,742016.117472,5,1198.578000,51.780664,64.283879,5,2.000000,0.000000,0.000000,5,2.000000,0.000000,0.000000,5,2.000000,0.000000,0.000000,5,3.000000,0.000000,0.000000,5
memo,1000,8192000,1000,8192000,0.01,8,8192,sharded,9.375,ed25519,gossip,direct,shard,nonce_hash_set,5,984.657554,14.666871,18.208406,5,7.776955,0.086414,0.107279,5,12053592.400000,597693.976609,742016.117472,5,1198.578000,51.780664,64.283879,5,2.000000,0.000000,0.000000,5,2.000000,0.000000,0.000000,5,2.000000,0.000000,0.000000,5,3.000000,0.000000,0.000000,5