currency,nodes,wallets,miners,transactions,interval,shards,average block time,block size,messages,mode,tps,no. of blocks generated,blocktime in configuration file,sig_scheme,broadcast_protocol,shard_comm_protocol,broadcast_cpu_seconds,hop_p50,hop_p90,hop_p99,hop_max
memo,1024,1024000,1024,1024000,0.01,128,0.2350604777250179,1024,11256274,sharded,4342.4058773252555,1000,0.146484375,ed25519,gossip,kademlia,944.9769999999802,3,4,4,5
memo,1024,1024000,1024,1024000,0.01,128,0.23459353784420783,1024,12004902,sharded,4350.332960483113,1000,0.146484375,ed25519,gossipsub,kademlia,1021.5456000000004,3,4,4,5
memo,1024,1024000,1024,1024000,0.01,128,0.23800679073164327,1024,5664919,sharded,4289.121318185474,1000,0.146484375,ed25519,plumtree,kademlia,380.63025,6,8,9,14
memo,1024,1024000,1024,1024000,0.01,128,0.3694160257600746,1024,11218266,sharded,2761.959224429165,1000,0.29296875,ed25519,gossip,kademlia,951.375499999979,3,4,4,5
memo,1024,1024000,1024,1024000,0.01,128,0.36798582226783283,1024,12004660,sharded,2773.085097983141,1000,0.29296875,ed25519,gossipsub,kademlia,1021.8114000000007,3,4,4,5
memo,1024,1024000,1024,1024000,0.01,128,0.37071602635175627,1024,5668397,sharded,2753.3527752897603,1000,0.29296875,ed25519,plumtree,kademlia,380.58735000000087,6,8,9,13
memo,1024,1024000,1024,1024000,0.01,128,0.6360690545304517,1024,11246618,sharded,1604.756579069093,1000,0.5859375,ed25519,gossip,kademlia,945.8014999999806,3,4,4,5
memo,1024,1024000,1024,1024000,0.01,128,0.6352646196037128,1024,12000472,sharded,1606.2723603851023,1000,0.5859375,ed25519,gossipsub,kademlia,1021.537200000002,3,4,4,5
memo,1024,1024000,1024,1024000,0.01,128,0.636242605264755,1024,5662782,sharded,1603.8410372964179,1000,0.5859375,ed25519,plumtree,kademlia,380.5813999999999,6,8,9,14
memo,1024,1024000,1024,1024000,0.01,128,1082.889327158656,1024,11225044,sharded,0.9424120954979924,1000,1200.0,ed25519,gossip,kademlia,946.1714999999803,3,4,4,6
memo,1024,1024000,1024,1024000,0.01,128,1091.072195911585,1024,11967688,sharded,0.9353661506765227,1000,1200.0,ed25519,gossipsub,kademlia,1021.2083999999995,3,4,4,5
memo,1024,1024000,1024,1024000,0.01,128,1088.1313304064247,1024,5710889,sharded,0.9379970702789846,1000,1200.0,ed25519,plumtree,kademlia,380.7974999999992,6,8,9,15
memo,1024,1024000,1024,1024000,0.01,128,135.946886278783,1024,11141734,sharded,7.508579474977718,1000,150.0,ed25519,gossip,kademlia,941.5264999999813,3,4,4,6
memo,1024,1024000,1024,1024000,0.01,128,136.69999469410092,1024,11984298,sharded,7.464989316814044,1000,150.0,ed25519,gossipsub,kademlia,1022.6039999999992,3,4,4,5
memo,1024,1024000,1024,1024000,0.01,128,136.16341262673433,1024,5618213,sharded,7.495346806544543,1000,150.0,ed25519,plumtree,kademlia,380.7246500000002,6,8,9,14
memo,1024,1024000,1024,1024000,0.01,128,17.202765754639845,1024,11141006,sharded,59.31092793755019,1000,18.75,ed25519,gossip,kademlia,942.0914999999806,3,4,4,5
memo,1024,1024000,1024,1024000,0.01,128,17.13813235146211,1024,11976776,sharded,59.54114363651441,1000,18.75,ed25519,gossipsub,kademlia,1020.648599999997,3,4,4,5
memo,1024,1024000,1024,1024000,0.01,128,17.214875793433848,1024,5713260,sharded,59.278499144863524,1000,18.75,ed25519,plumtree,kademlia,380.67030000000074,6,8,9,13
memo,1024,1024000,1024,1024000,0.01,128,1.1683319780181807,1024,11259634,sharded,873.2860344460443,1000,1.171875,ed25519,gossip,kademlia,946.04549999998,3,4,4,6
memo,1024,1024000,1024,1024000,0.01,128,1.167385525981539,1024,11972512,sharded,874.5080158002098,1000,1.171875,ed25519,gossipsub,kademlia,1020.3275999999993,3,4,4,5
memo,1024,1024000,1024,1024000,0.01,128,1.1775146890337371,1024,5635357,sharded,866.4214633595705,1000,1.171875,ed25519,plumtree,kademlia,380.68600000000055,6,8,9,15
memo,1024,1024000,1024,1024000,0.01,128,2.2364375696988352,1024,11249242,sharded,456.32572705234475,1000,2.34375,ed25519,gossip,kademlia,944.1959999999818,3,4,4,5
memo,1024,1024000,1024,1024000,0.01,128,2.2251826092481286,1024,11995940,sharded,458.77403308708176,1000,2.34375,ed25519,gossipsub,kademlia,1022.0178000000001,3,4,4,5
memo,1024,1024000,1024,1024000,0.01,128,2.248862113441254,1024,5671183,sharded,453.71212129971866,1000,2.34375,ed25519,plumtree,kademlia,380.54365000000104,6,8,9,14
memo,1024,1024000,1024,1024000,0.01,128,272.4285853911475,1024,11278030,sharded,3.7470370392092143,1000,300.0,ed25519,gossip,kademlia,947.1344999999808,3,4,4,6
memo,1024,1024000,1024,1024000,0.01,128,273.9563638893046,1024,12036046,sharded,3.724797575471975,1000,300.0,ed25519,gossipsub,kademlia,1024.0577999999978,3,4,4,5
memo,1024,1024000,1024,1024000,0.01,128,272.05577591895525,1024,5673031,sharded,3.752171761661453,1000,300.0,ed25519,plumtree,kademlia,380.5467000000001,6,8,9,13
memo,1024,1024000,1024,1024000,0.01,128,34.249815210050784,1024,11214640,sharded,29.794029361669274,1000,37.5,ed25519,gossip,kademlia,941.1849999999806,3,4,4,6
memo,1024,1024000,1024,1024000,0.01,128,34.08517405611079,1024,11997828,sharded,29.943576005211014,1000,37.5,ed25519,gossipsub,kademlia,1021.3211999999967,3,4,4,5
memo,1024,1024000,1024,1024000,0.01,128,34.39583629049076,1024,5625610,sharded,29.655449903452432,1000,37.5,ed25519,plumtree,kademlia,380.48959999999965,6,8,9,15
memo,1024,1024000,1024,1024000,0.01,128,4.361294671284241,1024,11210344,sharded,233.94154188154474,1000,4.6875,ed25519,gossip,kademlia,941.2824999999813,3,4,4,6
memo,1024,1024000,1024,1024000,0.01,128,4.362295123111083,1024,12001302,sharded,234.00525897293952,1000,4.6875,ed25519,gossipsub,kademlia,1020.8154000000003,3,4,4,5
memo,1024,1024000,1024,1024000,0.01,128,4.377447277490112,1024,5687125,sharded,233.19344249996075,1000,4.6875,ed25519,plumtree,kademlia,380.5032000000002,6,8,9,15
memo,1024,1024000,1024,1024000,0.01,128,544.1909114525454,1024,11263634,sharded,1.8759739983070693,1000,600.0,ed25519,gossip,kademlia,951.6354999999795,3,4,4,5
memo,1024,1024000,1024,1024000,0.01,128,545.2833307107848,1024,11979846,sharded,1.871526126921481,1000,600.0,ed25519,gossipsub,kademlia,1020.5033999999997,3,4,4,5
memo,1024,1024000,1024,1024000,0.01,128,545.3525386385377,1024,5689360,sharded,1.8712152739722991,1000,600.0,ed25519,plumtree,kademlia,380.6190500000001,6,8,9,15
memo,1024,1024000,1024,1024000,0.01,128,68.26394833434586,1024,11197480,sharded,14.95313448616364,1000,75.0,ed25519,gossip,kademlia,942.8669999999797,3,4,4,6
memo,1024,1024000,1024,1024000,0.01,128,68.84791595717726,1024,12004670,sharded,14.821073169951562,1000,75.0,ed25519,gossipsub,kademlia,1020.7073999999978,3,4,4,5
memo,1024,1024000,1024,1024000,0.01,128,68.76383601388137,1024,5621073,sharded,14.842220259410333,1000,75.0,ed25519,plumtree,kademlia,380.8397499999999,6,8,9,14
memo,1024,1024000,1024,1024000,0.01,128,8.567039200975978,1024,11217796,sharded,119.15341765725887,1000,9.375,ed25519,gossip,kademlia,943.0324999999798,3,4,4,5
memo,1024,1024000,1024,1024000,0.01,128,8.64716922766184,1024,11981826,sharded,118.01133678933788,1000,9.375,ed25519,gossipsub,kademlia,1021.558200000001,3,4,4,5
memo,1024,1024000,1024,1024000,0.01,128,8.63499233231223,1024,5628895,sharded,118.17868050460027,1000,9.375,ed25519,plumtree,kademlia,380.6551500000008,6,8,9,14
memo,1024,131072000,1024,131072000,0.01,128,0.27562570607733755,131072,11219958,sharded,473585.4643520589,1000,0.146484375,ed25519,gossip,kademlia,946.0109999999786,3,4,4,6
memo,1024,131072000,1024,131072000,0.01,128,0.27500365313680925,131072,11993072,sharded,474537.550725113,1000,0.146484375,ed25519,gossipsub,kademlia,1021.2096000000016,3,4,4,5
memo,1024,131072000,1024,131072000,0.01,128,0.2801453193258092,131072,5683283,sharded,465828.09348397114,1000,0.146484375,ed25519,plumtree,kademlia,380.68919999999963,6,8,9,14
memo,1024,131072000,1024,131072000,0.01,128,0.40382734075908105,131072,11283530,sharded,323207.53655425925,1000,0.29296875,ed25519,gossip,kademlia,946.7854999999809,3,4,4,5
memo,1024,131072000,1024,131072000,0.01,128,0.40408825497863643,131072,11976348,sharded,323014.05049968784,1000,0.29296875,ed25519,gossipsub,kademlia,1021.135799999999,3,4,4,5
memo,1024,131072000,1024,131072000,0.01,128,0.4063513046977705,131072,5660815,sharded,321126.9226686845,1000,0.29296875,ed25519,plumtree,kademlia,380.52280000000064,6,8,9,14
memo,1024,131072000,1024,131072000,0.01,128,0.6680764361996521,131072,11177702,sharded,195356.19717770847,1000,0.5859375,ed25519,gossip,kademlia,945.8664999999804,3,4,4,5
memo,1024,131072000,1024,131072000,0.01,128,0.666095832209663,131072,11991318,sharded,195915.55702592022,1000,0.5859375,ed25519,gossipsub,kademlia,1021.1747999999982,3,4,4,5
memo,1024,131072000,1024,131072000,0.01,128,0.6709819011045094,131072,5622511,sharded,194490.43228317113,1000,0.5859375,ed25519,plumtree,kademlia,380.855499999999,6,8,9,13
memo,1024,131072000,1024,131072000,0.01,128,1092.8416121244388,131072,11197906,sharded,119.40275201118683,1000,1200.0,ed25519,gossip,kademlia,942.0094999999819,3,4,4,6
memo,1024,131072000,1024,131072000,0.01,128,1096.9481807388254,131072,12000782,sharded,118.94081624906248,1000,1200.0,ed25519,gossipsub,kademlia,1021.2233999999991,3,4,4,5
memo,1024,131072000,1024,131072000,0.01,128,1091.839696426589,131072,5625200,sharded,119.54514607518296,1000,1200.0,ed25519,plumtree,kademlia,380.59684999999945,6,8,9,16
memo,1024,131072000,1024,131072000,0.01,128,136.76802610681787,131072,11171662,sharded,954.1896283424862,1000,150.0,ed25519,gossip,kademlia,940.4209999999815,3,4,4,5
memo,1024,131072000,1024,131072000,0.01,128,136.39994653000628,131072,12003398,sharded,956.4492312414545,1000,150.0,ed25519,gossipsub,kademlia,1022.5817999999971,3,4,4,5
memo,1024,131072000,1024,131072000,0.01,128,136.0292620732306,131072,5703195,sharded,959.4620893388219,1000,150.0,ed25519,plumtree,kademlia,380.5732999999998,6,8,9,14
memo,1024,131072000,1024,131072000,0.01,128,17.253824712622162,131072,11222740,sharded,7562.031153854879,1000,18.75,ed25519,gossip,kademlia,945.7019999999795,3,4,4,6
memo,1024,131072000,1024,131072000,0.01,128,17.147872203881132,131072,12008792,sharded,7609.173106064308,1000,18.75,ed25519,gossipsub,kademlia,1022.7420000000013,3,4,4,5
memo,1024,131072000,1024,131072000,0.01,128,17.205478184269236,131072,5669877,sharded,7582.922985499187,1000,18.75,ed25519,plumtree,kademlia,380.652,6,8,9,15
memo,1024,131072000,1024,131072000,0.01,128,1.1950572648719477,131072,11244854,sharded,109217.41395713412,1000,1.171875,ed25519,gossip,kademlia,945.1929999999797,3,4,4,6
memo,1024,131072000,1024,131072000,0.01,128,1.2054387496112808,131072,11997756,sharded,108235.18660079004,1000,1.171875,ed25519,gossipsub,kademlia,1020.8459999999986,3,4,4,5
memo,1024,131072000,1024,131072000,0.01,128,1.2033205157781302,131072,5664059,sharded,108446.99004871045,1000,1.171875,ed25519,plumtree,kademlia,380.69950000000057,6,8,9,15
memo,1024,131072000,1024,131072000,0.01,128,2.276180104695005,131072,11184942,sharded,57316.05848364143,1000,2.34375,ed25519,gossip,kademlia,942.1439999999803,3,4,4,5
memo,1024,131072000,1024,131072000,0.01,128,2.267492335943127,131072,12005320,sharded,57543.3389263163,1000,2.34375,ed25519,gossipsub,kademlia,1021.9313999999991,3,4,4,5
memo,1024,131072000,1024,131072000,0.01,128,2.2689655138465343,131072,5658302,sharded,57532.60470614155,1000,2.34375,ed25519,plumtree,kademlia,380.5050000000022,6,8,9,13
memo,1024,131072000,1024,131072000,0.01,128,273.1415253433593,131072,11226178,sharded,477.7426934112731,1000,300.0,ed25519,gossip,kademlia,942.2274999999808,3,4,4,6
memo,1024,131072000,1024,131072000,0.01,128,274.8755699260894,131072,11996828,sharded,474.69161422779314,1000,300.0,ed25519,gossipsub,kademlia,1021.1873999999962,3,4,4,5
memo,1024,131072000,1024,131072000,0.01,128,274.69429220758207,131072,5627249,sharded,475.0160585841194,1000,300.0,ed25519,plumtree,kademlia,380.5307500000007,6,8,9,14
memo,1024,131072000,1024,131072000,0.01,128,34.073173711281925,131072,11212180,sharded,3829.5287989799303,1000,37.5,ed25519,gossip,kademlia,947.8449999999797,3,4,4,6
memo,1024,131072000,1024,131072000,0.01,128,34.242287878244774,131072,12018578,sharded,3811.3334151050235,1000,37.5,ed25519,gossipsub,kademlia,1021.8431999999983,3,4,4,5
memo,1024,131072000,1024,131072000,0.01,128,34.293836107148906,131072,5637183,sharded,3805.903066434494,1000,37.5,ed25519,plumtree,kademlia,380.6481999999993,6,8,9,15
memo,1024,131072000,1024,131072000,0.01,128,4.387682810273769,131072,11265072,sharded,29735.948937443638,1000,4.6875,ed25519,gossip,kademlia,947.5429999999807,3,4,4,6
memo,1024,131072000,1024,131072000,0.01,128,4.388111222324635,131072,11972410,sharded,29743.78027065061,1000,4.6875,ed25519,gossipsub,kademlia,1019.13,3,4,4,5
memo,1024,131072000,1024,131072000,0.01,128,4.408550975727541,131072,5710338,sharded,29606.10883680671,1000,4.6875,ed25519,plumtree,kademlia,380.22280000000075,6,8,9,13
memo,1024,131072000,1024,131072000,0.01,128,545.9749382710936,131072,11248890,sharded,239.02115436515308,1000,600.0,ed25519,gossip,kademlia,942.6819999999803,3,4,4,6
memo,1024,131072000,1024,131072000,0.01,128,546.0645430182232,131072,11974154,sharded,239.01006148213597,1000,600.0,ed25519,gossipsub,kademlia,1020.0299999999977,3,4,4,5
memo,1024,131072000,1024,131072000,0.01,128,548.0381303017322,131072,5687121,sharded,238.0988927324416,1000,600.0,ed25519,plumtree,kademlia,380.6777000000008,6,8,9,15
memo,1024,131072000,1024,131072000,0.01,128,68.2049870057498,131072,11279928,sharded,1913.5986051723341,1000,75.0,ed25519,gossip,kademlia,944.94949999998,3,4,4,5
memo,1024,131072000,1024,131072000,0.01,128,68.55514872114915,131072,11992332,sharded,1903.9588774129943,1000,75.0,ed25519,gossipsub,kademlia,1022.0346000000011,3,4,4,5
memo,1024,131072000,1024,131072000,0.01,128,68.02259429198739,131072,5622193,sharded,1919.3619025991648,1000,75.0,ed25519,plumtree,kademlia,380.5932500000007,6,8,9,14
memo,1024,131072000,1024,131072000,0.01,128,8.66796078993335,131072,11231930,sharded,15053.030714159851,1000,9.375,ed25519,gossip,kademlia,938.5404999999811,3,4,4,5
memo,1024,131072000,1024,131072000,0.01,128,8.64573827842748,131072,12020994,sharded,15088.998047223766,1000,9.375,ed25519,gossipsub,kademlia,1022.8871999999983,3,4,4,5
memo,1024,131072000,1024,131072000,0.01,128,8.623869151680385,131072,5703534,sharded,15135.57380153042,1000,9.375,ed25519,plumtree,kademlia,380.6920000000003,6,8,9,15
memo,1024,16384000,1024,16384000,0.01,128,0.23881103860618133,16384,11277898,sharded,68311.64964238694,1000,0.146484375,ed25519,gossip,kademlia,947.2284999999805,3,4,4,5
memo,1024,16384000,1024,16384000,0.01,128,0.23795166638514517,16384,12011854,sharded,68564.27714018527,1000,0.146484375,ed25519,gossipsub,kademlia,1020.8957999999989,3,4,4,5
memo,1024,16384000,1024,16384000,0.01,128,0.2416160542892415,16384,5658871,sharded,67502.69988465012,1000,0.146484375,ed25519,plumtree,kademlia,380.4477499999994,6,8,9,14
memo,1024,16384000,1024,16384000,0.01,128,0.37031484258197045,16384,11344792,sharded,44062.24683362023,1000,0.29296875,ed25519,gossip,kademlia,953.3519999999792,3,4,4,5
memo,1024,16384000,1024,16384000,0.01,128,0.37233093613608076,16384,11985092,sharded,43811.97052623646,1000,0.29296875,ed25519,gossipsub,kademlia,1021.3596000000022,3,4,4,5
memo,1024,16384000,1024,16384000,0.01,128,0.3765695353610664,16384,5667690,sharded,43311.01288998816,1000,0.29296875,ed25519,plumtree,kademlia,380.4574500000001,6,8,9,14
memo,1024,16384000,1024,16384000,0.01,128,0.6393491943268262,16384,11242018,sharded,25513.907180527993,1000,0.5859375,ed25519,gossip,kademlia,944.9169999999791,3,4,4,6
memo,1024,16384000,1024,16384000,0.01,128,0.6388123338007242,16384,12007436,sharded,25532.143224222622,1000,0.5859375,ed25519,gossipsub,kademlia,1022.6447999999991,3,4,4,5
memo,1024,16384000,1024,16384000,0.01,128,0.64396441584492,16384,5637925,sharded,25337.412438530337,1000,0.5859375,ed25519,plumtree,kademlia,380.54840000000087,6,8,9,13
memo,1024,16384000,1024,16384000,0.01,128,1086.9740026773095,16384,11199894,sharded,15.008130792289961,1000,1200.0,ed25519,gossip,kademlia,943.7494999999811,3,4,4,5
memo,1024,16384000,1024,16384000,0.01,128,1091.1151975729033,16384,11991080,sharded,14.951755814866623,1000,1200.0,ed25519,gossipsub,kademlia,1021.8443999999988,3,4,4,5
memo,1024,16384000,1024,16384000,0.01,128,1086.0621825395897,16384,5661474,sharded,15.022263238969996,1000,1200.0,ed25519,plumtree,kademlia,380.6132500000008,6,8,9,15
memo,1024,16384000,1024,16384000,0.01,128,136.13467168906647,16384,11223684,sharded,119.82375832408974,1000,150.0,ed25519,gossip,kademlia,945.0359999999806,3,4,4,6
memo,1024,16384000,1024,16384000,0.01,128,137.30948710581598,16384,11966400,sharded,118.77524520524706,1000,150.0,ed25519,gossipsub,kademlia,1020.380400000002,3,4,4,5
memo,1024,16384000,1024,16384000,0.01,128,136.0258521711234,16384,5630755,sharded,119.94125925030224,1000,150.0,ed25519,plumtree,kademlia,380.62455000000034,6,8,9,16
memo,1024,16384000,1024,16384000,0.01,128,17.207361806451306,16384,11231804,sharded,947.7157616274445,1000,18.75,ed25519,gossip,kademlia,951.4214999999797,3,4,4,6
memo,1024,16384000,1024,16384000,0.01,128,17.15246568624115,16384,11984750,sharded,951.0548686353252,1000,18.75,ed25519,gossipsub,kademlia,1020.9468000000013,3,4,4,5
memo,1024,16384000,1024,16384000,0.01,128,17.1102060190484,16384,5662229,sharded,953.366428308338,1000,18.75,ed25519,plumtree,kademlia,380.4978000000008,6,8,9,14
memo,1024,16384000,1024,16384000,0.01,128,1.1743259855134502,16384,11248944,sharded,13890.664262928522,1000,1.171875,ed25519,gossip,kademlia,946.6174999999794,3,4,4,6
memo,1024,16384000,1024,16384000,0.01,128,1.1802610822258897,16384,12000600,sharded,13822.65690675176,1000,1.171875,ed25519,gossipsub,kademlia,1023.8790000000005,3,4,4,5
memo,1024,16384000,1024,16384000,0.01,128,1.1704362670662913,16384,5630503,sharded,13941.96716144286,1000,1.171875,ed25519,plumtree,kademlia,380.6189500000008,6,8,9,14
memo,1024,16384000,1024,16384000,0.01,128,2.2409469827581696,16384,11216852,sharded,7279.540357497343,1000,2.34375,ed25519,gossip,kademlia,942.0459999999821,3,4,4,5
memo,1024,16384000,1024,16384000,0.01,128,2.2374495061005635,16384,11983994,sharded,7290.8621872903195,1000,2.34375,ed25519,gossipsub,kademlia,1019.9897999999994,3,4,4,5
memo,1024,16384000,1024,16384000,0.01,128,2.233303760984909,16384,5658032,sharded,7305.256134438687,1000,2.34375,ed25519,plumtree,kademlia,380.6066000000005,6,8,9,14
memo,1024,16384000,1024,16384000,0.01,128,274.83936786160456,16384,11229674,sharded,59.34232830943167,1000,300.0,ed25519,gossip,kademlia,946.5964999999792,3,4,4,5
memo,1024,16384000,1024,16384000,0.01,128,272.4571354537978,16384,11998400,sharded,59.880450452605636,1000,300.0,ed25519,gossipsub,kademlia,1021.051799999998,3,4,4,5
memo,1024,16384000,1024,16384000,0.01,128,273.13467507332336,16384,5675773,sharded,59.720663425912804,1000,300.0,ed25519,plumtree,kademlia,380.54650000000066,6,8,9,14
memo,1024,16384000,1024,16384000,0.01,128,34.0398828727943,16384,11215674,sharded,479.3767376045168,1000,37.5,ed25519,gossip,kademlia,943.9624999999807,3,4,4,6
memo,1024,16384000,1024,16384000,0.01,128,34.07826672839808,16384,11970684,sharded,478.7541611206506,1000,37.5,ed25519,gossipsub,kademlia,1019.810399999998,3,4,4,5
memo,1024,16384000,1024,16384000,0.01,128,34.27807147391573,16384,5602036,sharded,475.8552421017132,1000,37.5,ed25519,plumtree,kademlia,380.7105500000011,6,8,9,14
memo,1024,16384000,1024,16384000,0.01,128,4.372578457949893,16384,11346208,sharded,3730.0041970308994,1000,4.6875,ed25519,gossip,kademlia,955.7429999999782,3,4,4,6
memo,1024,16384000,1024,16384000,0.01,128,4.383099693895324,16384,11995650,sharded,3721.6639226161233,1000,4.6875,ed25519,gossipsub,kademlia,1021.6433999999996,3,4,4,5
memo,1024,16384000,1024,16384000,0.01,128,4.400180337313953,16384,5660870,sharded,3707.188058105291,1000,4.6875,ed25519,plumtree,kademlia,380.5798500000002,6,8,9,14
memo,1024,16384000,1024,16384000,0.01,128,550.130752676486,16384,11243570,sharded,29.648878781353687,1000,600.0,ed25519,gossip,kademlia,945.6724999999803,3,4,4,6
memo,1024,16384000,1024,16384000,0.01,128,542.0812020175125,16384,11985286,sharded,30.094103870941787,1000,600.0,ed25519,gossipsub,kademlia,1022.0945999999996,3,4,4,5
memo,1024,16384000,1024,16384000,0.01,128,547.4964210044575,16384,5710383,sharded,29.80065508020401,1000,600.0,ed25519,plumtree,kademlia,380.7090500000009,6,8,9,14
memo,1024,16384000,1024,16384000,0.01,128,68.12647539114171,16384,11248198,sharded,239.48833263905294,1000,75.0,ed25519,gossip,kademlia,944.9554999999806,3,4,4,6
memo,1024,16384000,1024,16384000,0.01,128,68.45539701202019,16384,11961578,sharded,238.31143652757507,1000,75.0,ed25519,gossipsub,kademlia,1019.8956000000003,3,4,4,5
memo,1024,16384000,1024,16384000,0.01,128,68.32967579258327,16384,5675754,sharded,238.6862195791403,1000,75.0,ed25519,plumtree,kademlia,380.57355000000007,6,8,9,14
memo,1024,16384000,1024,16384000,0.01,128,8.627361828725306,16384,11261350,sharded,1890.8816303129706,1000,9.375,ed25519,gossip,kademlia,945.3664999999808,3,4,4,5
memo,1024,16384000,1024,16384000,0.01,128,8.617620711779042,16384,11966060,sharded,1892.9299101900713,1000,9.375,ed25519,gossipsub,kademlia,1019.4413999999988,3,4,4,5
memo,1024,16384000,1024,16384000,0.01,128,8.606850266718654,16384,5615215,sharded,1895.6109952427646,1000,9.375,ed25519,plumtree,kademlia,380.5136500000003,6,8,9,14
memo,1024,2048000,1024,2048000,0.01,128,0.23522635635121003,2048,11224638,sharded,8674.844229416654,1000,0.146484375,ed25519,gossip,kademlia,945.0259999999793,3,4,4,5
memo,1024,2048000,1024,2048000,0.01,128,0.23466556237616365,2048,11987448,sharded,8693.529546230606,1000,0.146484375,ed25519,gossipsub,kademlia,1022.3184000000018,3,4,4,5
memo,1024,2048000,1024,2048000,0.01,128,0.2379540515740188,2048,5647955,sharded,8575.268992069543,1000,0.146484375,ed25519,plumtree,kademlia,380.8013000000007,6,8,9,14
memo,1024,2048000,1024,2048000,0.01,128,0.3690761364218232,2048,11194376,sharded,5526.512821378375,1000,0.29296875,ed25519,gossip,kademlia,943.1274999999799,3,4,4,5
memo,1024,2048000,1024,2048000,0.01,128,0.36899134311753873,2048,12017814,sharded,5528.129692056842,1000,0.29296875,ed25519,gossipsub,kademlia,1022.3555999999996,3,4,4,5
memo,1024,2048000,1024,2048000,0.01,128,0.37258890780169657,2048,5656821,sharded,5476.427121888433,1000,0.29296875,ed25519,plumtree,kademlia,380.5240500000001,6,8,9,14
memo,1024,2048000,1024,2048000,0.01,128,0.6357445559809024,2048,11171910,sharded,3209.5280735070805,1000,0.5859375,ed25519,gossip,kademlia,943.1774999999794,3,4,4,5
memo,1024,2048000,1024,2048000,0.01,128,0.636744808561289,2048,12003248,sharded,3202.9534792880754,1000,0.5859375,ed25519,gossipsub,kademlia,1021.4748000000002,3,4,4,5
memo,1024,2048000,1024,2048000,0.01,128,0.6391977972288034,2048,5705866,sharded,3191.2124992349427,1000,0.5859375,ed25519,plumtree,kademlia,380.66270000000014,6,8,9,15
memo,1024,2048000,1024,2048000,0.01,128,1095.272251157406,2048,11235998,sharded,1.8623972239271567,1000,1200.0,ed25519,gossip,kademlia,940.7944999999802,3,4,4,5
memo,1024,2048000,1024,2048000,0.01,128,1090.518623235127,2048,11996134,sharded,1.8707209180417115,1000,1200.0,ed25519,gossipsub,kademlia,1021.2486,3,4,4,5
memo,1024,2048000,1024,2048000,0.01,128,1086.8890046748309,2048,5670941,sharded,1.877071155587194,1000,1200.0,ed25519,plumtree,kademlia,380.6621500000001,6,8,9,14
memo,1024,2048000,1024,2048000,0.01,128,136.77850681930363,2048,11105508,sharded,14.91748994376387,1000,150.0,ed25519,gossip,kademlia,939.6169999999803,3,4,4,5
memo,1024,2048000,1024,2048000,0.01,128,136.79081423485678,2048,12000068,sharded,14.914276308767935,1000,150.0,ed25519,gossipsub,kademlia,1022.3441999999997,3,4,4,5
memo,1024,2048000,1024,2048000,0.01,128,135.98072494311626,2048,5651948,sharded,14.99912580149287,1000,150.0,ed25519,plumtree,kademlia,380.7825999999996,6,8,9,15
memo,1024,2048000,1024,2048000,0.01,128,17.190974888270535,2048,11157380,sharded,118.6738979760817,1000,18.75,ed25519,gossip,kademlia,940.6834999999813,3,4,4,5
memo,1024,2048000,1024,2048000,0.01,128,17.019391687159,2048,11986420,sharded,119.92579038767684,1000,18.75,ed25519,gossipsub,kademlia,1022.1155999999972,3,4,4,5
memo,1024,2048000,1024,2048000,0.01,128,17.041140735845328,2048,5635136,sharded,119.73799357856086,1000,18.75,ed25519,plumtree,kademlia,380.7896,6,8,9,14
memo,1024,2048000,1024,2048000,0.01,128,1.172863262193505,2048,11205814,sharded,1738.6988455808187,1000,1.171875,ed25519,gossip,kademlia,947.6199999999793,3,4,4,6
memo,1024,2048000,1024,2048000,0.01,128,1.1705794956116042,2048,11964228,sharded,1742.8700978006225,1000,1.171875,ed25519,gossipsub,kademlia,1018.9403999999996,3,4,4,5
memo,1024,2048000,1024,2048000,0.01,128,1.171372491606746,2048,5671413,sharded,1741.6492316646534,1000,1.171875,ed25519,plumtree,kademlia,380.4274500000008,6,8,9,14
memo,1024,2048000,1024,2048000,0.01,128,2.2311500515537492,2048,11202626,sharded,914.6601317015176,1000,2.34375,ed25519,gossip,kademlia,942.402999999982,3,4,4,5
memo,1024,2048000,1024,2048000,0.01,128,2.2190983515148774,2048,11996118,sharded,919.4328852559292,1000,2.34375,ed25519,gossipsub,kademlia,1021.0049999999998,3,4,4,5
memo,1024,2048000,1024,2048000,0.01,128,2.251797625840931,2048,5695125,sharded,905.9535264578476,1000,2.34375,ed25519,plumtree,kademlia,380.6547499999997,6,8,9,14
memo,1024,2048000,1024,2048000,0.01,128,272.462200964337,2048,11113510,sharded,7.488011154497886,1000,300.0,ed25519,gossip,kademlia,940.4064999999807,3,4,4,6
memo,1024,2048000,1024,2048000,0.01,128,273.0057498277168,2048,11979552,sharded,7.472985463813381,1000,300.0,ed25519,gossipsub,kademlia,1019.3945999999993,3,4,4,5
memo,1024,2048000,1024,2048000,0.01,128,273.0694462976164,2048,5676201,sharded,7.470422003114474,1000,300.0,ed25519,plumtree,kademlia,380.5147500000001,6,8,9,14
memo,1024,2048000,1024,2048000,0.01,128,34.20613385744336,2048,11281788,sharded,59.63351510290971,1000,37.5,ed25519,gossip,kademlia,947.3024999999791,3,4,4,5
memo,1024,2048000,1024,2048000,0.01,128,34.21342624129041,2048,11988548,sharded,59.618466318299596,1000,37.5,ed25519,gossipsub,kademlia,1022.7785999999996,3,4,4,5
memo,1024,2048000,1024,2048000,0.01,128,34.22550039952817,2048,5588655,sharded,59.59322657640727,1000,37.5,ed25519,plumtree,kademlia,380.84120000000064,6,8,9,16
memo,1024,2048000,1024,2048000,0.01,128,4.3475939324963795,2048,11303804,sharded,469.29313815388144,1000,4.6875,ed25519,gossip,kademlia,944.9689999999796,3,4,4,6
memo,1024,2048000,1024,2048000,0.01,128,4.385518026749143,2048,11975758,sharded,464.9612628571323,1000,4.6875,ed25519,gossipsub,kademlia,1021.300199999999,3,4,4,5
memo,1024,2048000,1024,2048000,0.01,128,4.380786207189091,2048,5664991,sharded,465.74836193825035,1000,4.6875,ed25519,plumtree,kademlia,380.45115000000027,6,8,9,13
memo,1024,2048000,1024,2048000,0.01,128,544.8289685997713,2048,11247514,sharded,3.7457185972413742,1000,600.0,ed25519,gossip,kademlia,946.8929999999802,3,4,4,6
memo,1024,2048000,1024,2048000,0.01,128,548.8353245172807,2048,11975172,sharded,3.715693777170114,1000,600.0,ed25519,gossipsub,kademlia,1021.0961999999985,3,4,4,5
memo,1024,2048000,1024,2048000,0.01,128,545.5950821422191,2048,5625138,sharded,3.738933994768399,1000,600.0,ed25519,plumtree,kademlia,380.60180000000014,6,8,9,14
memo,1024,2048000,1024,2048000,0.01,128,68.45628337597242,2048,11244820,sharded,29.794781419814804,1000,75.0,ed25519,gossip,kademlia,947.1009999999793,3,4,4,5
memo,1024,2048000,1024,2048000,0.01,128,68.19866134095946,2048,11985672,sharded,29.91648164176849,1000,75.0,ed25519,gossipsub,kademlia,1021.1171999999984,3,4,4,5
memo,1024,2048000,1024,2048000,0.01,128,68.48803951924533,2048,5630003,sharded,29.782835285083895,1000,75.0,ed25519,plumtree,kademlia,380.5720000000003,6,8,9,14
memo,1024,2048000,1024,2048000,0.01,128,8.62715329185642,2048,11270102,sharded,236.50999709557013,1000,9.375,ed25519,gossip,kademlia,944.1129999999806,3,4,4,6
memo,1024,2048000,1024,2048000,0.01,128,8.611669887388517,2048,11992298,sharded,236.90922047392647,1000,9.375,ed25519,gossipsub,kademlia,1019.0531999999995,3,4,4,5
memo,1024,2048000,1024,2048000,0.01,128,8.635965129068998,2048,5612624,sharded,236.24087979845058,1000,9.375,ed25519,plumtree,kademlia,380.59999999999985,6,8,9,14
memo,1024,262144000,1024,262144000,0.01,128,0.32760579198860557,262144,11300702,sharded,796733.4839094613,1000,0.146484375,ed25519,gossip,kademlia,948.0644999999795,3,4,4,5
memo,1024,262144000,1024,262144000,0.01,128,0.3275307178173119,262144,11976984,sharded,796803.5539969307,1000,0.146484375,ed25519,gossipsub,kademlia,1020.2490000000001,3,4,4,5
memo,1024,262144000,1024,262144000,0.01,128,0.3306992058128175,262144,5679347,sharded,789169.2372183037,1000,0.146484375,ed25519,plumtree,kademlia,380.5497000000003,6,8,9,14
memo,1024,262144000,1024,262144000,0.01,128,0.4510216479213142,262144,11178044,sharded,578709.2686192663,1000,0.29296875,ed25519,gossip,kademlia,936.9549999999813,3,4,4,5
memo,1024,262144000,1024,262144000,0.01,128,0.4505347746300928,262144,11994846,sharded,579330.108789712,1000,0.29296875,ed25519,gossipsub,kademlia,1021.9062000000014,3,4,4,5
memo,1024,262144000,1024,262144000,0.01,128,0.4541991677394269,262144,5671668,sharded,574498.3666498016,1000,0.29296875,ed25519,plumtree,kademlia,380.5888499999998,6,8,9,15
memo,1024,262144000,1024,262144000,0.01,128,0.7058636971339356,262144,11211480,sharded,369916.68655039923,1000,0.5859375,ed25519,gossip,kademlia,945.1844999999803,3,4,4,6
memo,1024,262144000,1024,262144000,0.01,128,0.705915918600307,262144,12005958,sharded,369692.03997758735,1000,0.5859375,ed25519,gossipsub,kademlia,1023.1056000000008,3,4,4,5
memo,1024,262144000,1024,262144000,0.01,128,0.7085653536968808,262144,5694374,sharded,368381.96312892775,1000,0.5859375,ed25519,plumtree,kademlia,380.4845499999991,6,8,9,14
memo,1024,262144000,1024,262144000,0.01,128,1089.2924983168373,262144,11254898,sharded,239.59769887636418,1000,1200.0,ed25519,gossip,kademlia,947.9954999999801,3,4,4,6
memo,1024,262144000,1024,262144000,0.01,128,1089.7434834104681,262144,12028908,sharded,239.5530434217528,1000,1200.0,ed25519,gossipsub,kademlia,1022.9969999999977,3,4,4,5
memo,1024,262144000,1024,262144000,0.01,128,1090.8704028154978,262144,5625744,sharded,239.28867748752123,1000,1200.0,ed25519,plumtree,kademlia,380.72050000000013,6,8,9,14
memo,1024,262144000,1024,262144000,0.01,128,136.1775587240249,262144,11192146,sharded,1916.887293662043,1000,150.0,ed25519,gossip,kademlia,944.7489999999791,3,4,4,6
memo,1024,262144000,1024,262144000,0.01,128,136.499729079017,262144,11968248,sharded,1912.1979637696122,1000,150.0,ed25519,gossipsub,kademlia,1020.346199999998,3,4,4,5
memo,1024,262144000,1024,262144000,0.01,128,136.07582732448455,262144,5675399,sharded,1918.5461307353391,1000,150.0,ed25519,plumtree,kademlia,380.46800000000064,6,8,9,13
memo,1024,262144000,1024,262144000,0.01,128,17.213987609296694,262144,11240106,sharded,15161.860106082846,1000,18.75,ed25519,gossip,kademlia,944.2589999999802,3,4,4,5
memo,1024,262144000,1024,262144000,0.01,128,17.179937684973837,262144,11997548,sharded,15195.605757541929,1000,18.75,ed25519,gossipsub,kademlia,1021.9103999999995,3,4,4,5
memo,1024,262144000,1024,262144000,0.01,128,17.123241200576867,262144,5654231,sharded,15244.604040922222,1000,18.75,ed25519,plumtree,kademlia,380.58949999999976,6,8,9,15
memo,1024,262144000,1024,262144000,0.01,128,1.237529474027559,262144,11220232,sharded,210849.59144511592,1000,1.171875,ed25519,gossip,kademlia,942.6639999999802,3,4,4,6
memo,1024,262144000,1024,262144000,0.01,128,1.2355184702443172,262144,11986850,sharded,211211.01649609295,1000,1.171875,ed25519,gossipsub,kademlia,1020.2466000000002,3,4,4,5
memo,1024,262144000,1024,262144000,0.01,128,1.2343902869378445,262144,5623947,sharded,211505.26115015213,1000,1.171875,ed25519,plumtree,kademlia,380.6721,6,8,9,15
memo,1024,262144000,1024,262144000,0.01,128,2.300441032513089,262144,11185048,sharded,113439.66322619277,1000,2.34375,ed25519,gossip,kademlia,944.8044999999803,3,4,4,5
memo,1024,262144000,1024,262144000,0.01,128,2.2923565257049687,262144,11977614,sharded,113887.0839123566,1000,2.34375,ed25519,gossipsub,kademlia,1021.3079999999976,3,4,4,5
memo,1024,262144000,1024,262144000,0.01,128,2.294053175877569,262144,5662559,sharded,113776.07230057067,1000,2.34375,ed25519,plumtree,kademlia,380.55135000000024,6,8,9,15
memo,1024,262144000,1024,262144000,0.01,128,274.853860241812,262144,11267456,sharded,949.3949685495589,1000,300.0,ed25519,gossip,kademlia,945.8409999999792,3,4,4,5
memo,1024,262144000,1024,262144000,0.01,128,272.68440812278754,262144,11993320,sharded,957.3988985921166,1000,300.0,ed25519,gossipsub,kademlia,1021.6673999999985,3,4,4,5
memo,1024,262144000,1024,262144000,0.01,128,272.69014661691773,262144,5667175,sharded,957.1309093418027,1000,300.0,ed25519,plumtree,kademlia,380.4513500000004,6,8,9,15
memo,1024,262144000,1024,262144000,0.01,128,34.36937837302151,262144,11250156,sharded,7592.96107039418,1000,37.5,ed25519,gossip,kademlia,943.3159999999801,3,4,4,6
memo,1024,262144000,1024,262144000,0.01,128,34.431381025831335,262144,11975450,sharded,7577.9199156796,1000,37.5,ed25519,gossipsub,kademlia,1021.0134000000006,3,4,4,5
memo,1024,262144000,1024,262144000,0.01,128,34.497575128648435,262144,5661284,sharded,7564.6260650733475,1000,37.5,ed25519,plumtree,kademlia,380.49419999999935,6,8,9,15
memo,1024,262144000,1024,262144000,0.01,128,4.450601116432224,262144,11202722,sharded,58635.5184778272,1000,4.6875,ed25519,gossip,kademlia,943.3519999999797,3,4,4,6
memo,1024,262144000,1024,262144000,0.01,128,4.438985663366818,262144,12003234,sharded,58790.79496779949,1000,4.6875,ed25519,gossipsub,kademlia,1021.4201999999991,3,4,4,5
memo,1024,262144000,1024,262144000,0.01,128,4.427949936318976,262144,5628489,sharded,58949.34399755069,1000,4.6875,ed25519,plumtree,kademlia,380.4617499999994,6,8,9,14
memo,1024,262144000,1024,262144000,0.01,128,546.829918268156,262144,11213704,sharded,477.3717005586185,1000,600.0,ed25519,gossip,kademlia,943.8809999999802,3,4,4,5
memo,1024,262144000,1024,262144000,0.01,128,548.1049481358735,262144,12012556,sharded,476.15285519243923,1000,600.0,ed25519,gossipsub,kademlia,1022.2715999999986,3,4,4,5
memo,1024,262144000,1024,262144000,0.01,128,541.4806047393624,262144,5646328,sharded,482.02338129106835,1000,600.0,ed25519,plumtree,kademlia,380.72440000000114,6,8,9,15
memo,1024,262144000,1024,262144000,0.01,128,68.63690155607169,262144,11229978,sharded,3802.35310865243,1000,75.0,ed25519,gossip,kademlia,944.44049999998,3,4,4,6
memo,1024,262144000,1024,262144000,0.01,128,68.55544229533955,262144,11968174,sharded,3807.6777460707235,1000,75.0,ed25519,gossipsub,kademlia,1021.0823999999999,3,4,4,5
memo,1024,262144000,1024,262144000,0.01,128,68.69295847648242,262144,5675984,sharded,3798.7433615825016,1000,75.0,ed25519,plumtree,kademlia,380.63560000000007,6,8,9,15
memo,1024,262144000,1024,262144000,0.01,128,8.69482343875837,262144,11221120,sharded,30017.64461789587,1000,9.375,ed25519,gossip,kademlia,944.6879999999795,3,4,4,5
memo,1024,262144000,1024,262144000,0.01,128,8.677071291168717,262144,11980062,sharded,30078.820749765488,1000,9.375,ed25519,gossipsub,kademlia,1020.9245999999987,3,4,4,5
memo,1024,262144000,1024,262144000,0.01,128,8.662878477562655,262144,5665564,sharded,30133.53779302302,1000,9.375,ed25519,plumtree,kademlia,380.4557499999994,6,8,9,15
memo,1024,32768000,1024,32768000,0.01,128,0.24228671653082673,32768,11166648,sharded,134690.9664189036,1000,0.146484375,ed25519,gossip,kademlia,942.4294999999795,3,4,4,5
memo,1024,32768000,1024,32768000,0.01,128,0.24228907035161382,32768,11981400,sharded,134715.01604522375,1000,0.146484375,ed25519,gossipsub,kademlia,1021.1357999999992,3,4,4,5
memo,1024,32768000,1024,32768000,0.01,128,0.24680484872736727,32768,5623924,sharded,132212.799579337,1000,0.146484375,ed25519,plumtree,kademlia,380.60914999999966,6,8,9,14
memo,1024,32768000,1024,32768000,0.01,128,0.3771004230545699,32768,11145452,sharded,86491.99525103725,1000,0.29296875,ed25519,gossip,kademlia,935.3544999999816,3,4,4,6
memo,1024,32768000,1024,32768000,0.01,128,0.37507775925070264,32768,11995566,sharded,87007.55828656579,1000,0.29296875,ed25519,gossipsub,kademlia,1021.2143999999978,3,4,4,5
memo,1024,32768000,1024,32768000,0.01,128,0.37841973698125475,32768,5605239,sharded,86218.18793139794,1000,0.29296875,ed25519,plumtree,kademlia,380.7782000000005,6,8,9,14
memo,1024,32768000,1024,32768000,0.01,128,0.6394729175505862,32768,11223376,sharded,51033.19171826917,1000,0.5859375,ed25519,gossip,kademlia,944.7599999999792,3,4,4,6
memo,1024,32768000,1024,32768000,0.01,128,0.6381722783664727,32768,11983960,sharded,51139.60776161877,1000,0.5859375,ed25519,gossipsub,kademlia,1020.1716,3,4,4,5
memo,1024,32768000,1024,32768000,0.01,128,0.643715886494586,32768,5614865,sharded,50682.89393580843,1000,0.5859375,ed25519,plumtree,kademlia,380.8796000000004,6,8,9,15
memo,1024,32768000,1024,32768000,0.01,128,1092.7865074315714,32768,11284914,sharded,29.854519412651975,1000,1200.0,ed25519,gossip,kademlia,947.164999999981,3,4,4,5
memo,1024,32768000,1024,32768000,0.01,128,1082.9417111662112,32768,11996104,sharded,30.136321893866924,1000,1200.0,ed25519,gossipsub,kademlia,1021.214399999998,3,4,4,5
memo,1024,32768000,1024,32768000,0.01,128,1093.9058979121646,32768,5698870,sharded,29.820224995824336,1000,1200.0,ed25519,plumtree,kademlia,380.5992,6,8,9,14
memo,1024,32768000,1024,32768000,0.01,128,137.3062199552869,32768,11187458,sharded,237.5786909771668,1000,150.0,ed25519,gossip,kademlia,943.1749999999817,3,4,4,6
memo,1024,32768000,1024,32768000,0.01,128,136.57527957698338,32768,12001310,sharded,238.83332401757085,1000,150.0,ed25519,gossipsub,kademlia,1021.8408000000009,3,4,4,5
memo,1024,32768000,1024,32768000,0.01,128,136.7212746869813,32768,5670685,sharded,238.65131505467838,1000,150.0,ed25519,plumtree,kademlia,380.61745000000053,6,8,9,14
memo,1024,32768000,1024,32768000,0.01,128,17.20480972093143,32768,11208234,sharded,1896.4729357223935,1000,18.75,ed25519,gossip,kademlia,943.1684999999803,3,4,4,5
memo,1024,32768000,1024,32768000,0.01,128,17.067277484814003,32768,11977864,sharded,1912.190156223716,1000,18.75,ed25519,gossipsub,kademlia,1019.8434000000005,3,4,4,5
memo,1024,32768000,1024,32768000,0.01,128,17.285261179200397,32768,5628894,sharded,1887.0536963161408,1000,18.75,ed25519,plumtree,kademlia,380.70210000000077,6,8,9,14
memo,1024,32768000,1024,32768000,0.01,128,1.1782889439510662,32768,11261210,sharded,27693.343103586943,1000,1.171875,ed25519,gossip,kademlia,947.8999999999794,3,4,4,6
memo,1024,32768000,1024,32768000,0.01,128,1.1779195405501783,32768,12002468,sharded,27702.89724946618,1000,1.171875,ed25519,gossipsub,kademlia,1021.6475999999979,3,4,4,5
memo,1024,32768000,1024,32768000,0.01,128,1.1756070733062665,32768,5605744,sharded,27753.034785883916,1000,1.171875,ed25519,plumtree,kademlia,380.65340000000026,6,8,9,14
memo,1024,32768000,1024,32768000,0.01,128,2.2508061217323387,32768,11215446,sharded,14495.546144547005,1000,2.34375,ed25519,gossip,kademlia,947.8854999999801,3,4,4,5
memo,1024,32768000,1024,32768000,0.01,128,2.2229943367733958,32768,11977206,sharded,14680.469248233921,1000,2.34375,ed25519,gossipsub,kademlia,1020.2208000000002,3,4,4,5
memo,1024,32768000,1024,32768000,0.01,128,2.2546840162680946,32768,5671997,sharded,14466.527355787846,1000,2.34375,ed25519,plumtree,kademlia,380.52284999999995,6,8,9,14
memo,1024,32768000,1024,32768000,0.01,128,272.6669015948397,32768,11226100,sharded,119.63036147478388,1000,300.0,ed25519,gossip,kademlia,950.5929999999817,3,4,4,6
memo,1024,32768000,1024,32768000,0.01,128,271.7977429786377,32768,11980240,sharded,120.04588280398067,1000,300.0,ed25519,gossipsub,kademlia,1020.2975999999984,3,4,4,5
memo,1024,32768000,1024,32768000,0.01,128,273.2884767008115,32768,5654367,sharded,119.38075250687335,1000,300.0,ed25519,plumtree,kademlia,380.57015000000024,6,8,9,13
memo,1024,32768000,1024,32768000,0.01,128,34.18630172193779,32768,11091950,sharded,954.6104245332264,1000,37.5,ed25519,gossip,kademlia,937.4384999999812,3,4,4,5
memo,1024,32768000,1024,32768000,0.01,128,34.228011271084895,32768,11980760,sharded,953.1853820429658,1000,37.5,ed25519,gossipsub,kademlia,1021.0721999999987,3,4,4,5
memo,1024,32768000,1024,32768000,0.01,128,34.34182584203275,32768,5683600,sharded,949.862367541177,1000,37.5,ed25519,plumtree,kademlia,380.6764500000002,6,8,9,14
memo,1024,32768000,1024,32768000,0.01,128,4.35262281672612,32768,11138382,sharded,7497.56856362439,1000,4.6875,ed25519,gossip,kademlia,941.7864999999791,3,4,4,6
memo,1024,32768000,1024,32768000,0.01,128,4.361888524651548,32768,11978192,sharded,7480.761559032892,1000,4.6875,ed25519,gossipsub,kademlia,1021.3061999999996,3,4,4,5
memo,1024,32768000,1024,32768000,0.01,128,4.371240151094032,32768,5662693,sharded,7465.694601984357,1000,4.6875,ed25519,plumtree,kademlia,380.5490000000003,6,8,9,14
memo,1024,32768000,1024,32768000,0.01,128,546.9008734076167,32768,11189588,sharded,59.642384179717276,1000,600.0,ed25519,gossip,kademlia,945.0899999999801,3,4,4,5
memo,1024,32768000,1024,32768000,0.01,128,548.5617485928957,32768,11997260,sharded,59.46087215097963,1000,600.0,ed25519,gossipsub,kademlia,1022.8896000000005,3,4,4,5
memo,1024,32768000,1024,32768000,0.01,128,546.3549741006291,32768,5623420,sharded,59.7197820953497,1000,600.0,ed25519,plumtree,kademlia,380.64835000000136,6,8,9,14
memo,1024,32768000,1024,32768000,0.01,128,68.3396789901725,32768,11218892,sharded,477.4152949224681,1000,75.0,ed25519,gossip,kademlia,949.3644999999796,3,4,4,5
memo,1024,32768000,1024,32768000,0.01,128,67.86516228368127,32768,12010112,sharded,480.8552562445864,1000,75.0,ed25519,gossipsub,kademlia,1021.1178000000007,3,4,4,5
memo,1024,32768000,1024,32768000,0.01,128,68.00356797782777,32768,5694765,sharded,479.9405820977122,1000,75.0,ed25519,plumtree,kademlia,380.6778499999998,6,8,9,14
memo,1024,32768000,1024,32768000,0.01,128,8.698125363813398,32768,11258700,sharded,3750.2931534776867,1000,9.375,ed25519,gossip,kademlia,946.8534999999803,3,4,4,6
memo,1024,32768000,1024,32768000,0.01,128,8.628206123843272,32768,11973386,sharded,3781.3663155125437,1000,9.375,ed25519,gossipsub,kademlia,1019.7407999999989,3,4,4,5
memo,1024,32768000,1024,32768000,0.01,128,8.66511910857998,32768,5685268,sharded,3764.7851796633954,1000,9.375,ed25519,plumtree,kademlia,380.57614999999976,6,8,9,14
memo,1024,4096000,1024,4096000,0.01,128,0.23579194453510727,4096,11216158,sharded,17299.75978629182,1000,0.146484375,ed25519,gossip,kademlia,944.2189999999794,3,4,4,6
memo,1024,4096000,1024,4096000,0.01,128,0.23598857320787772,4096,11959840,sharded,17286.43020527327,1000,0.146484375,ed25519,gossipsub,kademlia,1018.7399999999994,3,4,4,5
memo,1024,4096000,1024,4096000,0.01,128,0.23940672245030395,4096,5662485,sharded,17039.22077980405,1000,0.146484375,ed25519,plumtree,kademlia,380.3288000000002,6,8,9,15
memo,1024,4096000,1024,4096000,0.01,128,0.37048763953774005,4096,11259198,sharded,11005.452179423259,1000,0.29296875,ed25519,gossip,kademlia,946.7644999999807,3,4,4,6
memo,1024,4096000,1024,4096000,0.01,128,0.36904658264551266,4096,12011920,sharded,11053.889107322973,1000,0.29296875,ed25519,gossipsub,kademlia,1022.516999999999,3,4,4,5
memo,1024,4096000,1024,4096000,0.01,128,0.3717868426268904,4096,5682134,sharded,10972.24412563155,1000,0.29296875,ed25519,plumtree,kademlia,380.56770000000125,6,8,9,14
memo,1024,4096000,1024,4096000,0.01,128,0.6368868196713166,4096,11226526,sharded,6404.164561145955,1000,0.5859375,ed25519,gossip,kademlia,943.3934999999807,3,4,4,6
memo,1024,4096000,1024,4096000,0.01,128,0.6334081244664093,4096,11989632,sharded,6439.690055185444,1000,0.5859375,ed25519,gossipsub,kademlia,1020.9941999999968,3,4,4,5
memo,1024,4096000,1024,4096000,0.01,128,0.6374047090004908,4096,5652623,sharded,6401.571783801895,1000,0.5859375,ed25519,plumtree,kademlia,380.8746000000003,6,8,9,15
memo,1024,4096000,1024,4096000,0.01,128,1097.6052236877479,4096,11201746,sharded,3.7160245887826937,1000,1200.0,ed25519,gossip,kademlia,943.38499999998,3,4,4,5
memo,1024,4096000,1024,4096000,0.01,128,1089.5689199121023,4096,11981132,sharded,3.7448131324534852,1000,1200.0,ed25519,gossipsub,kademlia,1022.1504,3,4,4,5
memo,1024,4096000,1024,4096000,0.01,128,1099.1935419587526,4096,5629609,sharded,3.710072743634288,1000,1200.0,ed25519,plumtree,kademlia,380.3490500000001,6,8,9,15
memo,1024,4096000,1024,4096000,0.01,128,136.6688814613462,4096,11273102,sharded,29.8436334327765,1000,150.0,ed25519,gossip,kademlia,950.5839999999796,3,4,4,6
memo,1024,4096000,1024,4096000,0.01,128,137.37687818123607,4096,11966838,sharded,29.686800675581527,1000,150.0,ed25519,gossipsub,kademlia,1018.8510000000007,3,4,4,5
memo,1024,4096000,1024,4096000,0.01,128,136.58946646532834,4096,5648986,sharded,29.862390604149393,1000,150.0,ed25519,plumtree,kademlia,380.60155000000054,6,8,9,14
memo,1024,4096000,1024,4096000,0.01,128,17.182400111244522,4096,11161078,sharded,237.38383308457193,1000,18.75,ed25519,gossip,kademlia,942.5559999999809,3,4,4,6
memo,1024,4096000,1024,4096000,0.01,128,17.104178048298856,4096,11979066,sharded,238.49377552554844,1000,18.75,ed25519,gossipsub,kademlia,1020.903,3,4,4,5
memo,1024,4096000,1024,4096000,0.01,128,17.296430673608224,4096,5665349,sharded,235.8225276052923,1000,18.75,ed25519,plumtree,kademlia,380.44755,6,8,9,14
memo,1024,4096000,1024,4096000,0.01,128,1.1691099221434176,4096,11248600,sharded,3489.5948813096556,1000,1.171875,ed25519,gossip,kademlia,942.2554999999804,3,4,4,6
memo,1024,4096000,1024,4096000,0.01,128,1.1608808723836554,4096,11969644,sharded,3515.874967962359,1000,1.171875,ed25519,gossipsub,kademlia,1022.6069999999988,3,4,4,5
memo,1024,4096000,1024,4096000,0.01,128,1.166826955327961,4096,5656456,sharded,3496.3402082645034,1000,1.171875,ed25519,plumtree,kademlia,380.4979000000006,6,8,9,14
memo,1024,4096000,1024,4096000,0.01,128,2.2572711957251954,4096,11242840,sharded,1806.659300718104,1000,2.34375,ed25519,gossip,kademlia,947.5779999999793,3,4,4,6
memo,1024,4096000,1024,4096000,0.01,128,2.241935421721804,4096,12026716,sharded,1819.1603381991097,1000,2.34375,ed25519,gossipsub,kademlia,1022.2253999999988,3,4,4,5
memo,1024,4096000,1024,4096000,0.01,128,2.2275585809145553,4096,5764781,sharded,1831.4185022802255,1000,2.34375,ed25519,plumtree,kademlia,380.5288500000001,6,8,9,14
memo,1024,4096000,1024,4096000,0.01,128,271.9833179860993,4096,11256752,sharded,15.003773136588338,1000,300.0,ed25519,gossip,kademlia,949.8219999999804,3,4,4,5
memo,1024,4096000,1024,4096000,0.01,128,272.0704375895953,4096,11990418,sharded,14.994734584703059,1000,300.0,ed25519,gossipsub,kademlia,1021.1357999999996,3,4,4,5
memo,1024,4096000,1024,4096000,0.01,128,273.1573464155902,4096,5703439,sharded,14.930969470595294,1000,300.0,ed25519,plumtree,kademlia,380.74589999999955,6,8,9,15
memo,1024,4096000,1024,4096000,0.01,128,34.32930995565556,4096,11319370,sharded,118.8127581145291,1000,37.5,ed25519,gossip,kademlia,952.3334999999803,3,4,4,5
memo,1024,4096000,1024,4096000,0.01,128,34.25702865971979,4096,12003438,sharded,119.06625179071685,1000,37.5,ed25519,gossipsub,kademlia,1021.473,3,4,4,5
memo,1024,4096000,1024,4096000,0.01,128,34.09171399230511,4096,5617773,sharded,119.65488156215119,1000,37.5,ed25519,plumtree,kademlia,380.76665000000054,6,8,9,14
memo,1024,4096000,1024,4096000,0.01,128,4.369801452930332,4096,11212340,sharded,933.2506394003933,1000,4.6875,ed25519,gossip,kademlia,947.4124999999802,3,4,4,5
memo,1024,4096000,1024,4096000,0.01,128,4.396379654281476,4096,11998632,sharded,927.7979430251562,1000,4.6875,ed25519,gossipsub,kademlia,1023.3437999999986,3,4,4,5
memo,1024,4096000,1024,4096000,0.01,128,4.401923489062733,4096,5631419,sharded,926.6221937147965,1000,4.6875,ed25519,plumtree,kademlia,380.6940499999999,6,8,9,14
memo,1024,4096000,1024,4096000,0.01,128,545.0115200782532,4096,11196554,sharded,7.483863826244194,1000,600.0,ed25519,gossip,kademlia,942.3424999999812,3,4,4,5
memo,1024,4096000,1024,4096000,0.01,128,545.9608928046999,4096,12001862,sharded,7.471905137826902,1000,600.0,ed25519,gossipsub,kademlia,1023.0911999999977,3,4,4,5
memo,1024,4096000,1024,4096000,0.01,128,543.5294025280516,4096,5677516,sharded,7.50580185915416,1000,600.0,ed25519,plumtree,kademlia,380.4208499999999,6,8,9,14
memo,1024,4096000,1024,4096000,0.01,128,68.18298070148947,4096,11200374,sharded,59.83299583015854,1000,75.0,ed25519,gossip,kademlia,943.4509999999793,3,4,4,5
memo,1024,4096000,1024,4096000,0.01,128,68.80547035586365,4096,11977280,sharded,59.27307783678923,1000,75.0,ed25519,gossipsub,kademlia,1020.0581999999984,3,4,4,5
memo,1024,4096000,1024,4096000,0.01,128,68.5109625316706,4096,5684605,sharded,59.528808956883175,1000,75.0,ed25519,plumtree,kademlia,380.50209999999987,6,8,9,13
memo,1024,4096000,1024,4096000,0.01,128,8.65925219449121,4096,11232864,sharded,471.0328222793674,1000,9.375,ed25519,gossip,kademlia,951.792999999979,3,4,4,6
memo,1024,4096000,1024,4096000,0.01,128,8.600084724456934,4096,11980614,sharded,474.4148610998293,1000,9.375,ed25519,gossipsub,kademlia,1020.7902000000005,3,4,4,5
memo,1024,4096000,1024,4096000,0.01,128,8.672853556651688,4096,5661344,sharded,470.20925389341033,1000,9.375,ed25519,plumtree,kademlia,380.54905,6,8,9,13
memo,1024,524288000,1024,524288000,0.01,128,0.42960688399393454,524288,11186760,sharded,1215100.9200480366,1000,0.146484375,ed25519,gossip,kademlia,941.4699999999807,3,4,4,5
memo,1024,524288000,1024,524288000,0.01,128,0.4292507084847164,524288,11978356,sharded,1215870.6082102666,1000,0.146484375,ed25519,gossipsub,kademlia,1019.7845999999996,3,4,4,5
memo,1024,524288000,1024,524288000,0.01,128,0.43344174823590936,524288,5675641,sharded,1204548.7960606776,1000,0.146484375,ed25519,plumtree,kademlia,380.41915000000023,6,8,9,14
memo,1024,524288000,1024,524288000,0.01,128,0.5523201930529956,524288,11145878,sharded,945332.6504575246,1000,0.29296875,ed25519,gossip,kademlia,947.1009999999789,3,4,4,6
memo,1024,524288000,1024,524288000,0.01,128,0.5534268320403176,524288,12005654,sharded,943272.1251975175,1000,0.29296875,ed25519,gossipsub,kademlia,1020.6473999999986,3,4,4,5
memo,1024,524288000,1024,524288000,0.01,128,0.5555273471736526,524288,5663290,sharded,939572.7836902343,1000,0.29296875,ed25519,plumtree,kademlia,380.53065000000066,6,8,9,14
memo,1024,524288000,1024,524288000,0.01,128,0.8002592850850967,524288,11201456,sharded,652123.9724753789,1000,0.5859375,ed25519,gossip,kademlia,945.5279999999805,3,4,4,5
memo,1024,524288000,1024,524288000,0.01,128,0.7972326120652768,524288,11994618,sharded,654877.1840222358,1000,0.5859375,ed25519,gossipsub,kademlia,1021.5593999999983,3,4,4,5
memo,1024,524288000,1024,524288000,0.01,128,0.8047982331910968,524288,5665471,sharded,648720.9172041405,1000,0.5859375,ed25519,plumtree,kademlia,380.40459999999973,6,8,9,14
memo,1024,524288000,1024,524288000,0.01,128,1095.4361274527898,524288,11229422,sharded,476.3985365477102,1000,1200.0,ed25519,gossip,kademlia,941.9589999999819,3,4,4,5
memo,1024,524288000,1024,524288000,0.01,128,1092.380344399377,524288,11985650,sharded,477.74994366723763,1000,1200.0,ed25519,gossipsub,kademlia,1021.1801999999986,3,4,4,5
memo,1024,524288000,1024,524288000,0.01,128,1086.5698376475852,524288,5614693,sharded,480.4102947769324,1000,1200.0,ed25519,plumtree,kademlia,380.6412500000005,6,8,9,16
memo,1024,524288000,1024,524288000,0.01,128,137.19869950481274,524288,11235314,sharded,3803.800312128274,1000,150.0,ed25519,gossip,kademlia,941.4339999999802,3,4,4,5
memo,1024,524288000,1024,524288000,0.01,128,136.87776464687195,524288,11989528,sharded,3813.1678826472403,1000,150.0,ed25519,gossipsub,kademlia,1021.2305999999994,3,4,4,5
memo,1024,524288000,1024,524288000,0.01,128,136.28924490928557,524288,5699167,sharded,3831.647378687773,1000,150.0,ed25519,plumtree,kademlia,380.73115000000047,6,8,9,14
memo,1024,524288000,1024,524288000,0.01,128,17.434257696732523,524288,11248786,sharded,29934.669607287662,1000,18.75,ed25519,gossip,kademlia,943.2299999999807,3,4,4,5
memo,1024,524288000,1024,524288000,0.01,128,17.360579996443725,524288,11997436,sharded,30064.54255024416,1000,18.75,ed25519,gossipsub,kademlia,1021.2533999999991,3,4,4,5
memo,1024,524288000,1024,524288000,0.01,128,17.23489213564925,524288,5657496,sharded,30285.218375133005,1000,18.75,ed25519,plumtree,kademlia,380.6458500000003,6,8,9,15
memo,1024,524288000,1024,524288000,0.01,128,1.302845796009996,524288,11241774,sharded,400755.1911354474,1000,1.171875,ed25519,gossip,kademlia,942.893499999981,3,4,4,6
memo,1024,524288000,1024,524288000,0.01,128,1.311041805937432,524288,11984830,sharded,398118.64246906363,1000,1.171875,ed25519,gossipsub,kademlia,1021.3164000000019,3,4,4,5
memo,1024,524288000,1024,524288000,0.01,128,1.3134275742268626,524288,5673677,sharded,397367.41503026505,1000,1.171875,ed25519,plumtree,kademlia,380.6659500000003,6,8,9,14
memo,1024,524288000,1024,524288000,0.01,128,2.3659958029704278,524288,11289920,sharded,220563.31602314452,1000,2.34375,ed25519,gossip,kademlia,952.6129999999805,3,4,4,5
memo,1024,524288000,1024,524288000,0.01,128,2.3659419979634446,524288,11983332,sharded,220642.7750339405,1000,2.34375,ed25519,gossipsub,kademlia,1020.3918000000006,3,4,4,5
memo,1024,524288000,1024,524288000,0.01,128,2.358085984144991,524288,5673725,sharded,221376.1141493229,1000,2.34375,ed25519,plumtree,kademlia,380.72369999999967,6,8,9,14
memo,1024,524288000,1024,524288000,0.01,128,274.43148112174975,524288,11275612,sharded,1902.1415686942082,1000,300.0,ed25519,gossip,kademlia,947.6379999999815,3,4,4,5
memo,1024,524288000,1024,524288000,0.01,128,271.8932284636319,524288,11978882,sharded,1919.5374116123307,1000,300.0,ed25519,gossipsub,kademlia,1021.2899999999981,3,4,4,5
memo,1024,524288000,1024,524288000,0.01,128,272.2663879384282,524288,5658267,sharded,1916.891511845474,1000,300.0,ed25519,plumtree,kademlia,380.54089999999957,6,8,9,14
memo,1024,524288000,1024,524288000,0.01,128,34.31802067431492,524288,11247140,sharded,15209.335204773419,1000,37.5,ed25519,gossip,kademlia,946.8814999999797,3,4,4,5
memo,1024,524288000,1024,524288000,0.01,128,34.15093486090364,524288,12003992,sharded,15289.265085324345,1000,37.5,ed25519,gossipsub,kademlia,1020.8634000000001,3,4,4,5
memo,1024,524288000,1024,524288000,0.01,128,34.25217243553558,524288,5685344,sharded,15246.227811764036,1000,37.5,ed25519,plumtree,kademlia,380.71715000000023,6,8,9,14
memo,1024,524288000,1024,524288000,0.01,128,4.483299929290124,524288,11237724,sharded,116427.37809929415,1000,4.6875,ed25519,gossip,kademlia,944.6324999999807,3,4,4,5
memo,1024,524288000,1024,524288000,0.01,128,4.476011063914447,524288,11982196,sharded,116618.8019972189,1000,4.6875,ed25519,gossipsub,kademlia,1020.8940000000001,3,4,4,6
memo,1024,524288000,1024,524288000,0.01,128,4.500387260631515,524288,5666406,sharded,115998.06189273264,1000,4.6875,ed25519,plumtree,kademlia,380.54850000000044,6,8,9,14
memo,1024,524288000,1024,524288000,0.01,128,542.6490474068427,524288,11243632,sharded,961.8860854807024,1000,600.0,ed25519,gossip,kademlia,945.9684999999804,3,4,4,6
memo,1024,524288000,1024,524288000,0.01,128,547.2964600810694,524288,11994572,sharded,953.6358264087609,1000,600.0,ed25519,gossipsub,kademlia,1022.0621999999993,3,4,4,5
memo,1024,524288000,1024,524288000,0.01,128,542.8383880144595,524288,5707588,sharded,961.7543112778043,1000,600.0,ed25519,plumtree,kademlia,380.7549999999998,6,8,9,14
memo,1024,524288000,1024,524288000,0.01,128,68.52931647231503,524288,11277140,sharded,7616.809664384602,1000,75.0,ed25519,gossip,kademlia,948.63599999998,3,4,4,5
memo,1024,524288000,1024,524288000,0.01,128,68.529792516698,524288,12014208,sharded,7617.175141349048,1000,75.0,ed25519,gossipsub,kademlia,1022.3147999999974,3,4,4,5
memo,1024,524288000,1024,524288000,0.01,128,68.50493551884995,524288,5701425,sharded,7618.743205099246,1000,75.0,ed25519,plumtree,kademlia,380.56630000000035,6,8,9,15
memo,1024,524288000,1024,524288000,0.01,128,8.753314478947782,524288,11158912,sharded,59644.772189512296,1000,9.375,ed25519,gossip,kademlia,939.9879999999799,3,4,4,5
memo,1024,524288000,1024,524288000,0.01,128,8.735233502010406,524288,11975594,sharded,59767.29252627803,1000,9.375,ed25519,gossipsub,kademlia,1021.0212000000008,3,4,4,5
memo,1024,524288000,1024,524288000,0.01,128,8.808764191662851,524288,5603266,sharded,59253.5085107631,1000,9.375,ed25519,plumtree,kademlia,380.5413000000005,6,8,9,14
memo,1024,65536000,1024,65536000,0.01,128,0.25303381463022007,65536,11223480,sharded,257790.8414941532,1000,0.146484375,ed25519,gossip,kademlia,947.5154999999792,3,4,4,5
memo,1024,65536000,1024,65536000,0.01,128,0.2523257612344553,65536,12008752,sharded,258676.56033484387,1000,0.146484375,ed25519,gossipsub,kademlia,1021.9805999999975,3,4,4,5
memo,1024,65536000,1024,65536000,0.01,128,0.25616177461265754,65536,5676786,sharded,254690.95886243222,1000,0.146484375,ed25519,plumtree,kademlia,380.6834999999998,6,8,9,13
memo,1024,65536000,1024,65536000,0.01,128,0.38330594394738754,65536,11152818,sharded,170252.9924997913,1000,0.29296875,ed25519,gossip,kademlia,942.5589999999814,3,4,4,6
memo,1024,65536000,1024,65536000,0.01,128,0.3847046548672518,65536,11985410,sharded,169583.41203984624,1000,0.29296875,ed25519,gossipsub,kademlia,1022.7881999999983,3,4,4,5
memo,1024,65536000,1024,65536000,0.01,128,0.38760202284836826,65536,5627636,sharded,168359.34838639534,1000,0.29296875,ed25519,plumtree,kademlia,380.68730000000096,6,8,9,16
memo,1024,65536000,1024,65536000,0.01,128,0.6490775313060863,65536,11227482,sharded,100522.19165360623,1000,0.5859375,ed25519,gossip,kademlia,948.311499999981,3,4,4,6
memo,1024,65536000,1024,65536000,0.01,128,0.6483612955146281,65536,11997706,sharded,100634.81650028245,1000,0.5859375,ed25519,gossipsub,kademlia,1023.2963999999976,3,4,4,5
memo,1024,65536000,1024,65536000,0.01,128,0.6527028345872067,65536,5623661,sharded,99943.46667922163,1000,0.5859375,ed25519,plumtree,kademlia,380.6253000000008,6,8,9,16
memo,1024,65536000,1024,65536000,0.01,128,1090.5679541004488,65536,11175438,sharded,59.84648985384407,1000,1200.0,ed25519,gossip,kademlia,938.6689999999816,3,4,4,5
memo,1024,65536000,1024,65536000,0.01,128,1093.2998110703577,65536,12004494,sharded,59.667446513261986,1000,1200.0,ed25519,gossipsub,kademlia,1021.3037999999993,3,4,4,5
memo,1024,65536000,1024,65536000,0.01,128,1091.4651958121005,65536,5672346,sharded,59.77946731636556,1000,1200.0,ed25519,plumtree,kademlia,380.46110000000107,6,8,9,15
memo,1024,65536000,1024,65536000,0.01,128,136.2597067387191,65536,11262978,sharded,479.0060507407016,1000,150.0,ed25519,gossip,kademlia,950.4894999999796,3,4,4,6
memo,1024,65536000,1024,65536000,0.01,128,136.7312314014413,65536,11991162,sharded,477.2792823638104,1000,150.0,ed25519,gossipsub,kademlia,1020.457199999996,3,4,4,5
memo,1024,65536000,1024,65536000,0.01,128,136.68664669812594,65536,5670488,sharded,477.4312164093403,1000,150.0,ed25519,plumtree,kademlia,380.62425,6,8,9,14
memo,1024,65536000,1024,65536000,0.01,128,17.10630488030856,65536,11224824,sharded,3814.7286896024816,1000,18.75,ed25519,gossip,kademlia,944.142999999981,3,4,4,6
memo,1024,65536000,1024,65536000,0.01,128,17.12570140525718,65536,12012976,sharded,3810.557620721287,1000,18.75,ed25519,gossipsub,kademlia,1020.9581999999983,3,4,4,5
memo,1024,65536000,1024,65536000,0.01,128,17.184320717865823,65536,5677491,sharded,3796.277843684352,1000,18.75,ed25519,plumtree,kademlia,380.5223999999994,6,8,9,14
memo,1024,65536000,1024,65536000,0.01,128,1.180563392197484,65536,11270936,sharded,55278.6986546533,1000,1.171875,ed25519,gossip,kademlia,943.6934999999808,3,4,4,5
memo,1024,65536000,1024,65536000,0.01,128,1.1832339957546638,65536,11991944,sharded,55137.92219804284,1000,1.171875,ed25519,gossipsub,kademlia,1020.0401999999987,3,4,4,5
memo,1024,65536000,1024,65536000,0.01,128,1.189791485651594,65536,5604148,sharded,54836.61363089079,1000,1.171875,ed25519,plumtree,kademlia,380.7272000000003,6,8,9,14
memo,1024,65536000,1024,65536000,0.01,128,2.2446009117201173,65536,11217034,sharded,29082.65414094233,1000,2.34375,ed25519,gossip,kademlia,945.409999999982,3,4,4,5
memo,1024,65536000,1024,65536000,0.01,128,2.2411825519527,65536,11990368,sharded,29113.76226053052,1000,2.34375,ed25519,gossipsub,kademlia,1022.5367999999979,3,4,4,6
memo,1024,65536000,1024,65536000,0.01,128,2.2522331747348088,65536,5667511,sharded,28972.96102908322,1000,2.34375,ed25519,plumtree,kademlia,380.5938000000009,6,8,9,14
memo,1024,65536000,1024,65536000,0.01,128,275.513287807792,65536,11246940,sharded,236.7852400843622,1000,300.0,ed25519,gossip,kademlia,946.2874999999794,3,4,4,6
memo,1024,65536000,1024,65536000,0.01,128,273.84642983149604,65536,11994170,sharded,238.2788632305739,1000,300.0,ed25519,gossipsub,kademlia,1021.939799999999,3,4,4,5
memo,1024,65536000,1024,65536000,0.01,128,272.56947845926396,65536,5696777,sharded,239.40455977998428,1000,300.0,ed25519,plumtree,kademlia,380.70349999999996,6,8,9,16
memo,1024,65536000,1024,65536000,0.01,128,34.12590606493504,65536,11137564,sharded,1912.2854020586494,1000,37.5,ed25519,gossip,kademlia,943.53149999998,3,4,4,5
memo,1024,65536000,1024,65536000,0.01,128,34.327892769326645,65536,11935754,sharded,1900.8395428893068,1000,37.5,ed25519,gossipsub,kademlia,1018.3913999999985,3,4,4,5
memo,1024,65536000,1024,65536000,0.01,128,34.39294220274138,65536,5666417,sharded,1897.080616580671,1000,37.5,ed25519,plumtree,kademlia,380.4549499999999,6,8,9,14
memo,1024,65536000,1024,65536000,0.01,128,4.366038573790876,65536,11165358,sharded,14948.71446894508,1000,4.6875,ed25519,gossip,kademlia,943.1389999999806,3,4,4,6
memo,1024,65536000,1024,65536000,0.01,128,4.356774350818189,65536,11989008,sharded,14979.091122252927,1000,4.6875,ed25519,gossipsub,kademlia,1021.7261999999988,3,4,4,5
memo,1024,65536000,1024,65536000,0.01,128,4.37825149792919,65536,5619123,sharded,14902.922783412767,1000,4.6875,ed25519,plumtree,kademlia,380.74564999999996,6,8,9,14
memo,1024,65536000,1024,65536000,0.01,128,547.8914922918901,65536,11221260,sharded,119.04203828237729,1000,600.0,ed25519,gossip,kademlia,944.4124999999805,3,4,4,6
memo,1024,65536000,1024,65536000,0.01,128,549.0366828258029,65536,11975618,sharded,118.80865894837872,1000,600.0,ed25519,gossipsub,kademlia,1018.852800000001,3,4,4,5
memo,1024,65536000,1024,65536000,0.01,128,541.5519025863954,65536,5708468,sharded,120.52256429768042,1000,600.0,ed25519,plumtree,kademlia,380.70295000000027,6,8,9,15
memo,1024,65536000,1024,65536000,0.01,128,68.1142702700221,65536,11220990,sharded,957.9907373494766,1000,75.0,ed25519,gossip,kademlia,941.762999999981,3,4,4,6
memo,1024,65536000,1024,65536000,0.01,128,68.45929234082575,65536,11975922,sharded,953.0280224806227,1000,75.0,ed25519,gossipsub,kademlia,1021.0853999999972,3,4,4,5
memo,1024,65536000,1024,65536000,0.01,128,68.19185279695807,65536,5650820,sharded,956.773182190328,1000,75.0,ed25519,plumtree,kademlia,380.75960000000003,6,8,9,15
memo,1024,65536000,1024,65536000,0.01,128,8.653885802481337,65536,11303336,sharded,7540.826108577567,1000,9.375,ed25519,gossip,kademlia,947.1144999999804,3,4,4,6
memo,1024,65536000,1024,65536000,0.01,128,8.693578220504637,65536,11993032,sharded,7503.334340070334,1000,9.375,ed25519,gossipsub,kademlia,1021.1207999999987,3,4,4,5
memo,1024,65536000,1024,65536000,0.01,128,8.618466118815835,65536,5679733,sharded,7573.480373438916,1000,9.375,ed25519,plumtree,kademlia,380.1350499999998,6,8,9,14
memo,1024,8192000,1024,8192000,0.01,128,0.2365708607283545,8192,11186154,sharded,34487.865390017214,1000,0.146484375,ed25519,gossip,kademlia,943.9489999999812,3,4,4,5
memo,1024,8192000,1024,8192000,0.01,128,0.23644406269925536,8192,12002274,sharded,34500.6760029153,1000,0.146484375,ed25519,gossipsub,kademlia,1023.6318000000005,3,4,4,5
memo,1024,8192000,1024,8192000,0.01,128,0.23862200086346272,8192,5649242,sharded,34189.00172858778,1000,0.146484375,ed25519,plumtree,kademlia,380.65169999999983,6,8,9,14
memo,1024,8192000,1024,8192000,0.01,128,0.371130083390546,8192,11227394,sharded,21975.971135213455,1000,0.29296875,ed25519,gossip,kademlia,947.9739999999797,3,4,4,6
memo,1024,8192000,1024,8192000,0.01,128,0.36672556140559665,8192,11991320,sharded,22245.321457091923,1000,0.29296875,ed25519,gossipsub,kademlia,1020.6611999999984,3,4,4,5
memo,1024,8192000,1024,8192000,0.01,128,0.3716407862038858,8192,5664748,sharded,21948.871875233137,1000,0.29296875,ed25519,plumtree,kademlia,380.33255000000054,6,8,9,15
memo,1024,8192000,1024,8192000,0.01,128,0.6388651036331704,8192,11331226,sharded,12769.606531341034,1000,0.5859375,ed25519,gossip,kademlia,950.3344999999789,3,4,4,6
memo,1024,8192000,1024,8192000,0.01,128,0.6370877688163897,8192,11953896,sharded,12806.436411670295,1000,0.5859375,ed25519,gossipsub,kademlia,1018.2743999999997,3,4,4,5
memo,1024,8192000,1024,8192000,0.01,128,0.6379036012122913,8192,5627640,sharded,12791.562838793981,1000,0.5859375,ed25519,plumtree,kademlia,380.7204000000004,6,8,9,14
memo,1024,8192000,1024,8192000,0.01,128,1090.4619167049773,8192,11235308,sharded,7.481460723224138,1000,1200.0,ed25519,gossip,kademlia,950.5709999999789,3,4,4,5
memo,1024,8192000,1024,8192000,0.01,128,1088.0347706702821,8192,11973866,sharded,7.498385364076155,1000,1200.0,ed25519,gossipsub,kademlia,1021.281599999999,3,4,4,5
memo,1024,8192000,1024,8192000,0.01,128,1093.4835256513609,8192,5697107,sharded,7.460202013688973,1000,1200.0,ed25519,plumtree,kademlia,380.63684999999947,6,8,9,14
memo,1024,8192000,1024,8192000,0.01,128,136.53857058468233,8192,11250056,sharded,59.73972017629334,1000,150.0,ed25519,gossip,kademlia,944.7979999999803,3,4,4,5
memo,1024,8192000,1024,8192000,0.01,128,136.02961250967275,8192,11978488,sharded,59.96511972288367,1000,150.0,ed25519,gossipsub,kademlia,1022.6819999999989,3,4,4,5
memo,1024,8192000,1024,8192000,0.01,128,137.57736111074857,8192,5689059,sharded,59.27981125786273,1000,150.0,ed25519,plumtree,kademlia,380.4747000000003,6,8,9,14
memo,1024,8192000,1024,8192000,0.01,128,17.15235138987758,8192,11209418,sharded,475.5597535632237,1000,18.75,ed25519,gossip,kademlia,945.5179999999809,3,4,4,5
memo,1024,8192000,1024,8192000,0.01,128,17.251161637160934,8192,11997866,sharded,472.7690906583044,1000,18.75,ed25519,gossipsub,kademlia,1021.6427999999988,3,4,4,5
memo,1024,8192000,1024,8192000,0.01,128,17.16471942492059,8192,5629788,sharded,475.090317419373,1000,18.75,ed25519,plumtree,kademlia,380.57170000000076,6,8,9,15
memo,1024,8192000,1024,8192000,0.01,128,1.17980117976748,8192,11273624,sharded,6911.896800787363,1000,1.171875,ed25519,gossip,kademlia,949.7769999999804,3,4,4,6
memo,1024,8192000,1024,8192000,0.01,128,1.169154442906826,8192,12010200,sharded,6977.74023739492,1000,1.171875,ed25519,gossipsub,kademlia,1020.4295999999971,3,4,4,5
memo,1024,8192000,1024,8192000,0.01,128,1.1734125519078344,8192,5632139,sharded,6951.601111422829,1000,1.171875,ed25519,plumtree,kademlia,380.63094999999964,6,8,9,14
memo,1024,8192000,1024,8192000,0.01,128,2.2385062350430944,8192,11217052,sharded,3643.819200638935,1000,2.34375,ed25519,gossip,kademlia,945.537499999981,3,4,4,6
memo,1024,8192000,1024,8192000,0.01,128,2.22718808721419,8192,11988624,sharded,3661.560533129652,1000,2.34375,ed25519,gossipsub,kademlia,1020.3497999999984,3,4,4,5
memo,1024,8192000,1024,8192000,0.01,128,2.245607393637632,8192,5600356,sharded,3632.4675555981403,1000,2.34375,ed25519,plumtree,kademlia,380.84139999999974,6,8,9,14
memo,1024,8192000,1024,8192000,0.01,128,272.75715599273445,8192,11190128,sharded,29.906779055202087,1000,300.0,ed25519,gossip,kademlia,940.994999999981,3,4,4,6
memo,1024,8192000,1024,8192000,0.01,128,271.9515608682251,8192,12011396,sharded,29.9949004666775,1000,300.0,ed25519,gossipsub,kademlia,1023.5273999999997,3,4,4,5
memo,1024,8192000,1024,8192000,0.01,128,273.43063704835646,8192,5727030,sharded,29.8312438139749,1000,300.0,ed25519,plumtree,kademlia,380.8308499999999,6,8,9,13
memo,1024,8192000,1024,8192000,0.01,128,34.184616891334784,8192,11183678,sharded,238.62452593604266,1000,37.5,ed25519,gossip,kademlia,944.5819999999795,3,4,4,5
memo,1024,8192000,1024,8192000,0.01,128,34.23179269682939,8192,11978922,sharded,238.2676265960051,1000,37.5,ed25519,gossipsub,kademlia,1020.7481999999976,3,4,4,5
memo,1024,8192000,1024,8192000,0.01,128,34.08316843207274,8192,5641283,sharded,239.39863502601568,1000,37.5,ed25519,plumtree,kademlia,380.7193500000003,6,8,9,14
memo,1024,8192000,1024,8192000,0.01,128,4.403653482281872,8192,11245510,sharded,1851.7805801046986,1000,4.6875,ed25519,gossip,kademlia,948.1774999999802,3,4,4,5
memo,1024,8192000,1024,8192000,0.01,128,4.362137910269787,8192,12014660,sharded,1869.903283157667,1000,4.6875,ed25519,gossipsub,kademlia,1021.274399999998,3,4,4,5
memo,1024,8192000,1024,8192000,0.01,128,4.392293669790036,8192,5619051,sharded,1857.1089761377286,1000,4.6875,ed25519,plumtree,kademlia,380.412749999999,6,8,9,13
memo,1024,8192000,1024,8192000,0.01,128,544.0170217240902,8192,11166860,sharded,14.994310240787055,1000,600.0,ed25519,gossip,kademlia,938.647499999982,3,4,4,6
memo,1024,8192000,1024,8192000,0.01,128,548.2695405844108,8192,11999216,sharded,14.871707064574137,1000,600.0,ed25519,gossipsub,kademlia,1023.2802,3,4,4,5
memo,1024,8192000,1024,8192000,0.01,128,545.7563557912906,8192,5705375,sharded,14.945350454368752,1000,600.0,ed25519,plumtree,kademlia,380.7640500000005,6,8,9,13
memo,1024,8192000,1024,8192000,0.01,128,68.6959383740281,8192,11138258,sharded,118.70757126280206,1000,75.0,ed25519,gossip,kademlia,942.4994999999808,3,4,4,6
memo,1024,8192000,1024,8192000,0.01,128,68.40034543574967,8192,11998920,sharded,119.25799421089717,1000,75.0,ed25519,gossipsub,kademlia,1020.8027999999993,3,4,4,5
memo,1024,8192000,1024,8192000,0.01,128,68.42385581506042,8192,5655153,sharded,119.17866806630794,1000,75.0,ed25519,plumtree,kademlia,380.5621000000003,6,8,9,15
memo,1024,8192000,1024,8192000,0.01,128,8.63765009171069,8192,11231874,sharded,944.4540949660455,1000,9.375,ed25519,gossip,kademlia,947.6849999999789,3,4,4,6
memo,1024,8192000,1024,8192000,0.01,128,8.616027896067111,8192,11984958,sharded,947.0470730166311,1000,9.375,ed25519,gossipsub,kademlia,1019.3484000000003,3,4,4,5
memo,1024,8192000,1024,8192000,0.01,128,8.629690933554052,8192,5622037,sharded,945.2287530117384,1000,9.375,ed25519,plumtree,kademlia,380.4982000000002,6,8,9,14
memo,1024,1024000,1024,1024000,0.01,16,0.14206470642086189,1024,9550204,sharded,6970.8516981426355,1000,0.146484375,ed25519,gossip,kademlia,944.8489999999806,3,4,4,5
memo,1024,1024000,1024,1024000,0.01,16,0.14154746696336307,1024,10348792,sharded,6991.802970632871,1000,0.146484375,ed25519,gossipsub,kademlia,1022.0069999999976,3,4,4,5
memo,1024,1024000,1024,1024000,0.01,16,0.14553804358380898,1024,3945403,sharded,6821.639040573507,1000,0.146484375,ed25519,plumtree,kademlia,380.6558500000007,6,8,9,16
memo,1024,1024000,1024,1024000,0.01,16,0.26612121420895574,1024,9605386,sharded,3723.446110620721,1000,0.29296875,ed25519,gossip,kademlia,945.1409999999807,3,4,4,5
memo,1024,1024000,1024,1024000,0.01,16,0.2687527882976258,1024,10330852,sharded,3685.3199041163202,1000,0.29296875,ed25519,gossipsub,kademlia,1021.4051999999998,3,4,4,5
memo,1024,1024000,1024,1024000,0.01,16,0.2722148520594545,1024,4007979,sharded,3623.402590041532,1000,0.29296875,ed25519,plumtree,kademlia,380.56295000000074,6,8,9,16
memo,1024,1024000,1024,1024000,0.01,16,0.518331567526254,1024,9577804,sharded,1911.8110145776668,1000,0.5859375,ed25519,gossip,kademlia,943.3414999999799,3,4,4,6
memo,1024,1024000,1024,1024000,0.01,16,0.5186120238091086,1024,10355196,sharded,1908.4324206958672,1000,0.5859375,ed25519,gossipsub,kademlia,1022.4335999999995,3,4,4,5
memo,1024,1024000,1024,1024000,0.01,16,0.5174512461790663,1024,4039684,sharded,1917.413490307173,1000,0.5859375,ed25519,plumtree,kademlia,380.7054499999999,6,8,9,13
memo,1024,1024000,1024,1024000,0.01,16,1037.3243742561895,1024,9567080,sharded,0.9544941048068621,1000,1200.0,ed25519,gossip,kademlia,944.2404999999804,3,4,4,6
memo,1024,1024000,1024,1024000,0.01,16,1029.3698241014542,1024,10343392,sharded,0.9597561312450409,1000,1200.0,ed25519,gossipsub,kademlia,1022.1107999999988,3,4,4,5
memo,1024,1024000,1024,1024000,0.01,16,1028.3627970670982,1024,4006094,sharded,0.9628741946169344,1000,1200.0,ed25519,plumtree,kademlia,380.3328000000004,6,8,9,14
memo,1024,1024000,1024,1024000,0.01,16,128.58036196657866,1024,9666314,sharded,7.681981796386155,1000,150.0,ed25519,gossip,kademlia,947.9294999999803,3,4,4,6
memo,1024,1024000,1024,1024000,0.01,16,128.20028672119727,1024,10355860,sharded,7.725723750945681,1000,150.0,ed25519,gossipsub,kademlia,1022.5140000000001,3,4,4,5
memo,1024,1024000,1024,1024000,0.01,16,127.63568967259306,1024,3962292,sharded,7.748365700352846,1000,150.0,ed25519,plumtree,kademlia,380.59214999999955,6,8,9,14
memo,1024,1024000,1024,1024000,0.01,16,15.89075858076556,1024,9597386,sharded,62.39651775970985,1000,18.75,ed25519,gossip,kademlia,947.1414999999798,3,4,4,5
memo,1024,1024000,1024,1024000,0.01,16,16.090726012127462,1024,10341080,sharded,61.56142359601525,1000,18.75,ed25519,gossipsub,kademlia,1022.4101999999991,3,4,4,5
memo,1024,1024000,1024,1024000,0.01,16,16.21075141935011,1024,4020766,sharded,61.05034704428748,1000,18.75,ed25519,plumtree,kademlia,380.51845000000145,6,8,9,14
memo,1024,1024000,1024,1024000,0.01,16,1.0222991163725865,1024,9488470,sharded,967.8967575663783,1000,1.171875,ed25519,gossip,kademlia,943.0164999999795,3,4,4,5
memo,1024,1024000,1024,1024000,0.01,16,1.0119645057474962,1024,10288300,sharded,979.4888994331237,1000,1.171875,ed25519,gossipsub,kademlia,1018.8203999999997,3,4,4,5
memo,1024,1024000,1024,1024000,0.01,16,1.028525101087247,1024,4011994,sharded,963.0956006351983,1000,1.171875,ed25519,plumtree,kademlia,380.45145,6,8,9,14
memo,1024,1024000,1024,1024000,0.01,16,2.00562091503851,1024,9512392,sharded,493.4810923533853,1000,2.34375,ed25519,gossip,kademlia,939.3919999999807,3,4,4,6
memo,1024,1024000,1024,1024000,0.01,16,2.0434984214828935,1024,10322100,sharded,483.5824630991878,1000,2.34375,ed25519,gossipsub,kademlia,1019.7486000000008,3,4,4,5
memo,1024,1024000,1024,1024000,0.01,16,2.0377353822086537,1024,4054638,sharded,485.829518711586,1000,2.34375,ed25519,plumtree,kademlia,380.65885000000054,6,8,9,13
memo,1024,1024000,1024,1024000,0.01,16,258.49751544807845,1024,9605054,sharded,3.8310310189380257,1000,300.0,ed25519,gossip,kademlia,950.1304999999787,3,4,4,5
memo,1024,1024000,1024,1024000,0.01,16,255.06907052228703,1024,10334736,sharded,3.8780084075837435,1000,300.0,ed25519,gossipsub,kademlia,1021.3673999999996,3,4,4,5
memo,1024,1024000,1024,1024000,0.01,16,256.2203010495722,1024,3960810,sharded,3.8603342356101393,1000,300.0,ed25519,plumtree,kademlia,380.4464,6,8,9,14
memo,1024,1024000,1024,1024000,0.01,16,32.16656289303277,1024,9559752,sharded,30.749197646299873,1000,37.5,ed25519,gossip,kademlia,943.3024999999808,3,4,4,6
memo,1024,1024000,1024,1024000,0.01,16,32.45140797472328,1024,10351952,sharded,30.49507130078348,1000,37.5,ed25519,gossipsub,kademlia,1022.6255999999994,3,4,4,5
memo,1024,1024000,1024,1024000,0.01,16,32.348894281074195,1024,4006707,sharded,30.593688655967764,1000,37.5,ed25519,plumtree,kademlia,380.5735,6,8,9,14
memo,1024,1024000,1024,1024000,0.01,16,4.022695280134049,1024,9612704,sharded,246.5789553831048,1000,4.6875,ed25519,gossip,kademlia,946.5264999999803,3,4,4,6
memo,1024,1024000,1024,1024000,0.01,16,4.019670812838737,1024,10335432,sharded,246.22314763656908,1000,4.6875,ed25519,gossipsub,kademlia,1022.7941999999971,3,4,4,5
memo,1024,1024000,1024,1024000,0.01,16,4.085301842322529,1024,4036331,sharded,241.81322167332974,1000,4.6875,ed25519,plumtree,kademlia,380.5860499999996,6,8,9,13
memo,1024,1024000,1024,1024000,0.01,16,514.8560790000205,1024,9589730,sharded,1.924965131857675,1000,600.0,ed25519,gossip,kademlia,950.9334999999787,3,4,4,5
memo,1024,1024000,1024,1024000,0.01,16,511.17553497326935,1024,10329764,sharded,1.9389503843368197,1000,600.0,ed25519,gossipsub,kademlia,1021.0199999999992,3,4,4,5
memo,1024,1024000,1024,1024000,0.01,16,517.4239391443549,1024,4011283,sharded,1.9124434049889008,1000,600.0,ed25519,plumtree,kademlia,380.6244,6,8,9,13
memo,1024,1024000,1024,1024000,0.01,16,64.41428637139268,1024,9575596,sharded,15.378079239886226,1000,75.0,ed25519,gossip,kademlia,945.1269999999786,3,4,4,6
memo,1024,1024000,1024,1024000,0.01,16,64.17888143921755,1024,10320188,sharded,15.428501989985323,1000,75.0,ed25519,gossipsub,kademlia,1019.5824000000007,3,4,4,5
memo,1024,1024000,1024,1024000,0.01,16,64.5690797763956,1024,4017176,sharded,15.328327481628692,1000,75.0,ed25519,plumtree,kademlia,380.5899999999993,6,8,9,16
memo,1024,1024000,1024,1024000,0.01,16,8.054520881102341,1024,9607054,sharded,122.95107488311159,1000,9.375,ed25519,gossip,kademlia,948.9209999999815,3,4,4,6
memo,1024,1024000,1024,1024000,0.01,16,8.143219460724335,1024,10335056,sharded,121.43108813035026,1000,9.375,ed25519,gossipsub,kademlia,1021.8965999999981,3,4,4,5
memo,1024,1024000,1024,1024000,0.01,16,7.929122585877533,1024,3998048,sharded,125.26682356621357,1000,9.375,ed25519,plumtree,kademlia,380.74409999999983,6,8,9,14
memo,1024,131072000,1024,131072000,0.01,16,0.5342620059719632,131072,9620424,sharded,236947.36774271622,1000,0.146484375,ed25519,gossip,kademlia,950.46699999998,3,4,4,5
memo,1024,131072000,1024,131072000,0.01,16,0.5344281223227962,131072,10327640,sharded,237287.58780288225,1000,0.146484375,ed25519,gossipsub,kademlia,1022.0189999999993,3,4,4,5
memo,1024,131072000,1024,131072000,0.01,16,0.5381647712203858,131072,4056378,sharded,235548.6921088122,1000,0.146484375,ed25519,plumtree,kademlia,380.74170000000004,6,8,9,13
memo,1024,131072000,1024,131072000,0.01,16,0.6420152532643156,131072,9584640,sharded,197140.7990020022,1000,0.29296875,ed25519,gossip,kademlia,944.7454999999799,3,4,4,5
memo,1024,131072000,1024,131072000,0.01,16,0.6434171211497466,131072,10327416,sharded,196927.71583942784,1000,0.29296875,ed25519,gossipsub,kademlia,1022.6237999999995,3,4,4,5
memo,1024,131072000,1024,131072000,0.01,16,0.646158614986699,131072,4017807,sharded,195547.04536842083,1000,0.29296875,ed25519,plumtree,kademlia,380.5359500000005,6,8,9,14
memo,1024,131072000,1024,131072000,0.01,16,0.8581326306388755,131072,9623604,sharded,147902.1441073846,1000,0.5859375,ed25519,gossip,kademlia,947.9834999999791,3,4,4,5
memo,1024,131072000,1024,131072000,0.01,16,0.865578182120866,131072,10347664,sharded,146459.56034771915,1000,0.5859375,ed25519,gossipsub,kademlia,1022.281199999999,3,4,4,5
memo,1024,131072000,1024,131072000,0.01,16,0.8671208758133714,131072,4010369,sharded,146104.52075803475,1000,0.5859375,ed25519,plumtree,kademlia,380.61370000000016,6,8,9,14
memo,1024,131072000,1024,131072000,0.01,16,1010.3961720037565,131072,9551988,sharded,125.92184682141391,1000,1200.0,ed25519,gossip,kademlia,946.9924999999798,3,4,4,6
memo,1024,131072000,1024,131072000,0.01,16,1025.7859563611391,131072,10314516,sharded,123.71320860170006,1000,1200.0,ed25519,gossipsub,kademlia,1020.2831999999976,3,4,4,5
memo,1024,131072000,1024,131072000,0.01,16,1021.6106491761531,131072,3967694,sharded,124.22684131409937,1000,1200.0,ed25519,plumtree,kademlia,380.49309999999974,6,8,9,15
memo,1024,131072000,1024,131072000,0.01,16,127.59748870262162,131072,9536760,sharded,994.174111809096,1000,150.0,ed25519,gossip,kademlia,944.8129999999796,3,4,4,5
memo,1024,131072000,1024,131072000,0.01,16,128.39853356657494,131072,10333060,sharded,985.4196655166295,1000,150.0,ed25519,gossipsub,kademlia,1020.9786000000003,3,4,4,5
memo,1024,131072000,1024,131072000,0.01,16,129.46043555626306,131072,3999725,sharded,977.5898517273085,1000,150.0,ed25519,plumtree,kademlia,380.64520000000005,6,8,9,14
memo,1024,131072000,1024,131072000,0.01,16,16.287754153610212,131072,9560318,sharded,7786.30072654245,1000,18.75,ed25519,gossip,kademlia,948.9059999999808,3,4,4,6
memo,1024,131072000,1024,131072000,0.01,16,16.379277122273194,131072,10321580,sharded,7725.788083035851,1000,18.75,ed25519,gossipsub,kademlia,1020.9150000000005,3,4,4,5
memo,1024,131072000,1024,131072000,0.01,16,16.331256083082707,131072,4054055,sharded,7749.0068955009665,1000,18.75,ed25519,plumtree,kademlia,380.7002000000002,6,8,9,14
memo,1024,131072000,1024,131072000,0.01,16,1.3151845823747512,131072,9597576,sharded,96247.92268430878,1000,1.171875,ed25519,gossip,kademlia,945.8864999999818,3,4,4,6
memo,1024,131072000,1024,131072000,0.01,16,1.3091573350693064,131072,10346728,sharded,96647.23758607802,1000,1.171875,ed25519,gossipsub,kademlia,1023.5327999999982,3,4,4,5
memo,1024,131072000,1024,131072000,0.01,16,1.3181451604973093,131072,4056246,sharded,96280.3398315546,1000,1.171875,ed25519,plumtree,kademlia,380.81255000000033,6,8,9,17
memo,1024,131072000,1024,131072000,0.01,16,2.2907497528675775,131072,9556210,sharded,55251.517474382345,1000,2.34375,ed25519,gossip,kademlia,941.3329999999802,3,4,4,6
memo,1024,131072000,1024,131072000,0.01,16,2.2793459128095592,131072,10345524,sharded,55621.39177187389,1000,2.34375,ed25519,gossipsub,kademlia,1023.1835999999977,3,4,4,5
memo,1024,131072000,1024,131072000,0.01,16,2.299784601407626,131072,4005397,sharded,55009.52390174591,1000,2.34375,ed25519,plumtree,kademlia,380.56029999999953,6,8,9,14
memo,1024,131072000,1024,131072000,0.01,16,258.90753472381726,131072,9569290,sharded,488.85174444618775,1000,300.0,ed25519,gossip,kademlia,945.2839999999802,3,4,4,6
memo,1024,131072000,1024,131072000,0.01,16,261.13366012065995,131072,10359716,sharded,484.0255673726531,1000,300.0,ed25519,gossipsub,kademlia,1022.4185999999988,3,4,4,5
memo,1024,131072000,1024,131072000,0.01,16,258.07063050723303,131072,4000534,sharded,490.8497171918587,1000,300.0,ed25519,plumtree,kademlia,380.64880000000016,6,8,9,17
memo,1024,131072000,1024,131072000,0.01,16,32.29984183736003,131072,9600304,sharded,3918.007296668033,1000,37.5,ed25519,gossip,kademlia,946.1369999999806,3,4,4,6
memo,1024,131072000,1024,131072000,0.01,16,31.98209931693069,131072,10338804,sharded,3957.957316860343,1000,37.5,ed25519,gossipsub,kademlia,1020.7284000000009,3,4,4,5
memo,1024,131072000,1024,131072000,0.01,16,32.27247341524483,131072,4029162,sharded,3922.091448379918,1000,37.5,ed25519,plumtree,kademlia,380.72660000000064,6,8,9,14
memo,1024,131072000,1024,131072000,0.01,16,4.223308024740792,131072,9506996,sharded,30040.551922041435,1000,4.6875,ed25519,gossip,kademlia,944.4219999999807,3,4,4,5
memo,1024,131072000,1024,131072000,0.01,16,4.305906011217241,131072,10362000,sharded,29340.63671405716,1000,4.6875,ed25519,gossipsub,kademlia,1021.1399999999994,3,4,4,5
memo,1024,131072000,1024,131072000,0.01,16,4.270734977751229,131072,4008115,sharded,29672.4214122803,1000,4.6875,ed25519,plumtree,kademlia,380.617500000001,6,8,9,15
memo,1024,131072000,1024,131072000,0.01,16,515.157488941728,131072,9631730,sharded,245.52779046235975,1000,600.0,ed25519,gossip,kademlia,946.6064999999797,3,4,4,6
memo,1024,131072000,1024,131072000,0.01,16,513.8195870316465,131072,10327496,sharded,246.8048381195509,1000,600.0,ed25519,gossipsub,kademlia,1021.9445999999998,3,4,4,5
memo,1024,131072000,1024,131072000,0.01,16,512.0780510916197,131072,3995437,sharded,247.58021112159867,1000,600.0,ed25519,plumtree,kademlia,380.52885000000015,6,8,9,14
memo,1024,131072000,1024,131072000,0.01,16,64.8209614389945,131072,9539248,sharded,1953.3272754549266,1000,75.0,ed25519,gossip,kademlia,942.0829999999812,3,4,4,5
memo,1024,131072000,1024,131072000,0.01,16,63.50165776088551,131072,10313420,sharded,2004.7457733995507,1000,75.0,ed25519,gossipsub,kademlia,1020.5141999999983,3,4,4,5
memo,1024,131072000,1024,131072000,0.01,16,64.89827380116759,131072,4014171,sharded,1952.6412734527942,1000,75.0,ed25519,plumtree,kademlia,380.53550000000035,6,8,9,15
memo,1024,131072000,1024,131072000,0.01,16,8.288490002593829,131072,9538356,sharded,15292.004208285849,1000,9.375,ed25519,gossip,kademlia,945.2764999999805,3,4,4,6
memo,1024,131072000,1024,131072000,0.01,16,8.25719425218119,131072,10350704,sharded,15354.923249687143,1000,9.375,ed25519,gossipsub,kademlia,1022.5368000000011,3,4,4,5
memo,1024,131072000,1024,131072000,0.01,16,8.291255289378025,131072,3950968,sharded,15261.215290536797,1000,9.375,ed25519,plumtree,kademlia,380.7213000000001,6,8,9,14
memo,1024,16384000,1024,16384000,0.01,16,0.1779642931154522,16384,9657914,sharded,88777.76391779003,1000,0.146484375,ed25519,gossip,kademlia,947.5599999999795,3,4,4,5
memo,1024,16384000,1024,16384000,0.01,16,0.17583776822735075,16384,10318200,sharded,90078.53181758187,1000,0.146484375,ed25519,gossipsub,kademlia,1019.8271999999997,3,4,4,5
memo,1024,16384000,1024,16384000,0.01,16,0.1803439251413032,16384,4002057,sharded,87788.0415855165,1000,0.146484375,ed25519,plumtree,kademlia,380.4330000000006,6,8,9,14
memo,1024,16384000,1024,16384000,0.01,16,0.29872380085935096,16384,9533328,sharded,52985.21227457306,1000,0.29296875,ed25519,gossip,kademlia,944.1864999999785,3,4,4,5
memo,1024,16384000,1024,16384000,0.01,16,0.29673315848479553,16384,10321636,sharded,53323.41043648735,1000,0.29296875,ed25519,gossipsub,kademlia,1019.8055999999997,3,4,4,5
memo,1024,16384000,1024,16384000,0.01,16,0.30190764183348584,16384,3999807,sharded,52473.928462988864,1000,0.29296875,ed25519,plumtree,kademlia,380.54055000000017,6,8,9,14
memo,1024,16384000,1024,16384000,0.01,16,0.5459941522152504,16384,9524176,sharded,28972.33960440604,1000,0.5859375,ed25519,gossip,kademlia,944.42149999998,3,4,4,5
memo,1024,16384000,1024,16384000,0.01,16,0.5492784071029708,16384,10349740,sharded,28711.487282338323,1000,0.5859375,ed25519,gossipsub,kademlia,1021.4591999999988,3,4,4,5
memo,1024,16384000,1024,16384000,0.01,16,0.5506282892809978,16384,4005116,sharded,28786.156302825104,1000,0.5859375,ed25519,plumtree,kademlia,380.5541500000002,6,8,9,13
memo,1024,16384000,1024,16384000,0.01,16,1036.6819271736997,16384,9576730,sharded,15.26690066175731,1000,1200.0,ed25519,gossip,kademlia,948.2164999999806,3,4,4,6
memo,1024,16384000,1024,16384000,0.01,16,1035.4180833010248,16384,10321584,sharded,15.252899533732112,1000,1200.0,ed25519,gossipsub,kademlia,1021.8660000000009,3,4,4,5
memo,1024,16384000,1024,16384000,0.01,16,1027.0715591770147,16384,4006809,sharded,15.406762906257027,1000,1200.0,ed25519,plumtree,kademlia,380.72725000000116,6,8,9,14
memo,1024,16384000,1024,16384000,0.01,16,128.6086477004254,16384,9573392,sharded,123.33335497740043,1000,150.0,ed25519,gossip,kademlia,947.5699999999794,3,4,4,5
memo,1024,16384000,1024,16384000,0.01,16,128.108514988927,16384,10308112,sharded,123.48712340758438,1000,150.0,ed25519,gossipsub,kademlia,1019.9591999999988,3,4,4,5
memo,1024,16384000,1024,16384000,0.01,16,129.04230733198304,16384,4036079,sharded,122.57765942844077,1000,150.0,ed25519,plumtree,kademlia,380.4724999999998,6,8,9,16
memo,1024,16384000,1024,16384000,0.01,16,16.097577254115585,16384,9560466,sharded,985.5401064122196,1000,18.75,ed25519,gossip,kademlia,945.0089999999808,3,4,4,6
memo,1024,16384000,1024,16384000,0.01,16,16.047758343870633,16384,10355940,sharded,987.5786798629873,1000,18.75,ed25519,gossipsub,kademlia,1023.7991999999987,3,4,4,5
memo,1024,16384000,1024,16384000,0.01,16,16.1895793768679,16384,4035787,sharded,978.4847173135582,1000,18.75,ed25519,plumtree,kademlia,380.6090999999992,6,8,9,15
memo,1024,16384000,1024,16384000,0.01,16,1.0560800525188885,16384,9563832,sharded,14966.11545905258,1000,1.171875,ed25519,gossip,kademlia,945.7034999999805,3,4,4,6
memo,1024,16384000,1024,16384000,0.01,16,1.0528005613116955,16384,10327472,sharded,15039.96918492534,1000,1.171875,ed25519,gossipsub,kademlia,1021.0013999999998,3,4,4,5
memo,1024,16384000,1024,16384000,0.01,16,1.0642331398670504,16384,4014800,sharded,14836.064964085266,1000,1.171875,ed25519,plumtree,kademlia,380.51370000000026,6,8,9,15
memo,1024,16384000,1024,16384000,0.01,16,2.063379977362647,16384,9573260,sharded,7657.978740395065,1000,2.34375,ed25519,gossip,kademlia,946.6934999999809,3,4,4,6
memo,1024,16384000,1024,16384000,0.01,16,2.0464944714053606,16384,10346244,sharded,7739.677883968562,1000,2.34375,ed25519,gossipsub,kademlia,1023.3305999999988,3,4,4,5
memo,1024,16384000,1024,16384000,0.01,16,2.0543633079087282,16384,4014962,sharded,7698.0697324168805,1000,2.34375,ed25519,plumtree,kademlia,380.50734999999963,6,8,9,14
memo,1024,16384000,1024,16384000,0.01,16,256.60568030174437,16384,9513688,sharded,61.761781661901374,1000,300.0,ed25519,gossip,kademlia,942.029499999981,3,4,4,5
memo,1024,16384000,1024,16384000,0.01,16,256.44916412636235,16384,10326940,sharded,61.74756721841929,1000,300.0,ed25519,gossipsub,kademlia,1022.287799999996,3,4,4,5
memo,1024,16384000,1024,16384000,0.01,16,259.23130287301524,16384,4002804,sharded,60.95847154593363,1000,300.0,ed25519,plumtree,kademlia,380.7336,6,8,9,15
memo,1024,16384000,1024,16384000,0.01,16,32.10715612564891,16384,9542552,sharded,492.7492157227067,1000,37.5,ed25519,gossip,kademlia,944.800999999981,3,4,4,5
memo,1024,16384000,1024,16384000,0.01,16,32.23016264814252,16384,10322948,sharded,490.3285215320121,1000,37.5,ed25519,gossipsub,kademlia,1021.0890000000011,3,4,4,5
memo,1024,16384000,1024,16384000,0.01,16,32.608108693937,16384,4007106,sharded,484.2999067571285,1000,37.5,ed25519,plumtree,kademlia,380.5453999999988,6,8,9,14
memo,1024,16384000,1024,16384000,0.01,16,4.072182020279148,16384,9479168,sharded,3886.845902559875,1000,4.6875,ed25519,gossip,kademlia,942.3794999999817,3,4,4,5
memo,1024,16384000,1024,16384000,0.01,16,4.07070371001495,16384,10352828,sharded,3888.2574433160776,1000,4.6875,ed25519,gossipsub,kademlia,1022.3526000000006,3,4,4,5
memo,1024,16384000,1024,16384000,0.01,16,4.07849453317446,16384,4000565,sharded,3871.038166553957,1000,4.6875,ed25519,plumtree,kademlia,380.7332000000005,6,8,9,14
memo,1024,16384000,1024,16384000,0.01,16,510.7363117582925,16384,9615788,sharded,31.090689333079677,1000,600.0,ed25519,gossip,kademlia,945.3529999999806,3,4,4,6
memo,1024,16384000,1024,16384000,0.01,16,517.513257554678,16384,10328456,sharded,30.54899902410643,1000,600.0,ed25519,gossipsub,kademlia,1020.3983999999997,3,4,4,5
memo,1024,16384000,1024,16384000,0.01,16,513.467175206853,16384,4015837,sharded,30.789722816519,1000,600.0,ed25519,plumtree,kademlia,380.4585999999996,6,8,9,14
memo,1024,16384000,1024,16384000,0.01,16,64.61597130073136,16384,9500542,sharded,244.7638823904979,1000,75.0,ed25519,gossip,kademlia,942.1749999999802,3,4,4,5
memo,1024,16384000,1024,16384000,0.01,16,64.3882022143438,16384,10346096,sharded,246.1068247758887,1000,75.0,ed25519,gossipsub,kademlia,1021.9895999999995,3,4,4,5
memo,1024,16384000,1024,16384000,0.01,16,64.38395856093076,16384,3972042,sharded,245.94809567377243,1000,75.0,ed25519,plumtree,kademlia,380.6945000000003,6,8,9,14
memo,1024,16384000,1024,16384000,0.01,16,8.105921538169676,16384,9508174,sharded,1951.6290560557427,1000,9.375,ed25519,gossip,kademlia,947.4969999999798,3,4,4,5
memo,1024,16384000,1024,16384000,0.01,16,8.146484442183452,16384,10327652,sharded,1939.5232522858835,1000,9.375,ed25519,gossipsub,kademlia,1020.8201999999986,3,4,4,5
memo,1024,16384000,1024,16384000,0.01,16,8.071627676182366,16384,4011180,sharded,1965.6298130322157,1000,9.375,ed25519,plumtree,kademlia,380.4485500000003,6,8,9,14
memo,1024,2048000,1024,2048000,0.01,16,0.14392759215088188,2048,9581768,sharded,13730.29292346076,1000,0.146484375,ed25519,gossip,kademlia,947.4119999999807,3,4,4,5
memo,1024,2048000,1024,2048000,0.01,16,0.14316362410136235,2048,10333204,sharded,13818.761661127674,1000,0.146484375,ed25519,gossipsub,kademlia,1021.5335999999993,3,4,4,5
memo,1024,2048000,1024,2048000,0.01,16,0.14784792640837152,2048,3996545,sharded,13404.313798260922,1000,0.146484375,ed25519,plumtree,kademlia,380.61255000000006,6,8,9,13
memo,1024,2048000,1024,2048000,0.01,16,0.27019416946302227,2048,9575336,sharded,7316.723391659108,1000,0.29296875,ed25519,gossip,kademlia,943.7009999999815,3,4,4,5
memo,1024,2048000,1024,2048000,0.01,16,0.2702657890260483,2048,10331120,sharded,7310.995620720464,1000,0.29296875,ed25519,gossipsub,kademlia,1022.0579999999985,3,4,4,5
memo,1024,2048000,1024,2048000,0.01,16,0.2747101680596148,2048,4002333,sharded,7184.328173727111,1000,0.29296875,ed25519,plumtree,kademlia,380.5191999999996,6,8,9,14
memo,1024,2048000,1024,2048000,0.01,16,0.5217195962345964,2048,9612496,sharded,3789.269205657843,1000,0.5859375,ed25519,gossip,kademlia,949.0789999999791,3,4,4,5
memo,1024,2048000,1024,2048000,0.01,16,0.522328627024491,2048,10339216,sharded,3787.5465705754614,1000,0.5859375,ed25519,gossipsub,kademlia,1021.6115999999996,3,4,4,5
memo,1024,2048000,1024,2048000,0.01,16,0.5187445933387895,2048,3928196,sharded,3826.545906192426,1000,0.5859375,ed25519,plumtree,kademlia,380.82960000000134,6,8,9,13
memo,1024,2048000,1024,2048000,0.01,16,1024.9368614478863,2048,9577370,sharded,1.9342069492939187,1000,1200.0,ed25519,gossip,kademlia,943.9969999999787,3,4,4,5
memo,1024,2048000,1024,2048000,0.01,16,1023.4286619243034,2048,10353920,sharded,1.9363069197944467,1000,1200.0,ed25519,gossipsub,kademlia,1022.7443999999987,3,4,4,5
memo,1024,2048000,1024,2048000,0.01,16,1027.4701312503262,2048,3930547,sharded,1.9284414599856243,1000,1200.0,ed25519,plumtree,kademlia,380.89755000000105,6,8,9,14
memo,1024,2048000,1024,2048000,0.01,16,130.02709284404227,2048,9632578,sharded,15.21289107319017,1000,150.0,ed25519,gossip,kademlia,949.82699999998,3,4,4,5
memo,1024,2048000,1024,2048000,0.01,16,128.583194782222,2048,10322856,sharded,15.359829901139362,1000,150.0,ed25519,gossipsub,kademlia,1020.821400000001,3,4,4,5
memo,1024,2048000,1024,2048000,0.01,16,128.85921972034345,2048,4007943,sharded,15.383548063554242,1000,150.0,ed25519,plumtree,kademlia,380.5376000000003,6,8,9,16
memo,1024,2048000,1024,2048000,0.01,16,16.013275285050668,2048,9584690,sharded,123.59994846574185,1000,18.75,ed25519,gossip,kademlia,943.7764999999803,3,4,4,5
memo,1024,2048000,1024,2048000,0.01,16,16.203871756542654,2048,10336140,sharded,121.76694740893151,1000,18.75,ed25519,gossipsub,kademlia,1022.0939999999987,3,4,4,5
memo,1024,2048000,1024,2048000,0.01,16,16.044356693633027,2048,4002700,sharded,123.32061906758648,1000,18.75,ed25519,plumtree,kademlia,380.57059999999973,6,8,9,14
memo,1024,2048000,1024,2048000,0.01,16,1.018729970145124,2048,9573298,sharded,1944.2325817879348,1000,1.171875,ed25519,gossip,kademlia,946.8579999999803,3,4,4,5
memo,1024,2048000,1024,2048000,0.01,16,1.0193790989871383,2048,10335448,sharded,1942.6178170296048,1000,1.171875,ed25519,gossipsub,kademlia,1021.9536000000005,3,4,4,5
memo,1024,2048000,1024,2048000,0.01,16,1.0155518124507297,2048,4053563,sharded,1954.7284300635424,1000,1.171875,ed25519,plumtree,kademlia,380.7809000000008,6,8,9,14
memo,1024,2048000,1024,2048000,0.01,16,2.020915595816152,2048,9524376,sharded,980.4546038944294,1000,2.34375,ed25519,gossip,kademlia,939.2619999999806,3,4,4,5
memo,1024,2048000,1024,2048000,0.01,16,2.0371024166972638,2048,10324504,sharded,971.5328909229399,1000,2.34375,ed25519,gossipsub,kademlia,1022.1653999999996,3,4,4,5
memo,1024,2048000,1024,2048000,0.01,16,2.027709761791392,2048,3967483,sharded,976.9169322585687,1000,2.34375,ed25519,plumtree,kademlia,380.5196999999998,6,8,9,14
memo,1024,2048000,1024,2048000,0.01,16,259.05241296016504,2048,9577748,sharded,7.628448534482012,1000,300.0,ed25519,gossip,kademlia,941.8874999999804,3,4,4,6
memo,1024,2048000,1024,2048000,0.01,16,257.0360438049473,2048,10352364,sharded,7.703230919250126,1000,300.0,ed25519,gossipsub,kademlia,1023.6095999999993,3,4,4,5
memo,1024,2048000,1024,2048000,0.01,16,259.37925415981687,2048,4017915,sharded,7.626238291136415,1000,300.0,ed25519,plumtree,kademlia,380.6999000000002,6,8,9,14
memo,1024,2048000,1024,2048000,0.01,16,32.13988717005917,2048,9526950,sharded,61.56213273340989,1000,37.5,ed25519,gossip,kademlia,943.7729999999805,3,4,4,6
memo,1024,2048000,1024,2048000,0.01,16,32.03467282266951,2048,10310032,sharded,61.68441335232381,1000,37.5,ed25519,gossipsub,kademlia,1021.0307999999999,3,4,4,5
memo,1024,2048000,1024,2048000,0.01,16,32.27662497290696,2048,4014767,sharded,61.352883136394716,1000,37.5,ed25519,plumtree,kademlia,380.5828500000004,6,8,9,15
memo,1024,2048000,1024,2048000,0.01,16,4.055601271495812,2048,9592644,sharded,487.6475441261934,1000,4.6875,ed25519,gossip,kademlia,947.3104999999807,3,4,4,5
memo,1024,2048000,1024,2048000,0.01,16,4.0241578010699115,2048,10330596,sharded,492.8892200680232,1000,4.6875,ed25519,gossipsub,kademlia,1021.600199999999,3,4,4,5
memo,1024,2048000,1024,2048000,0.01,16,4.019381636339825,2048,4005425,sharded,492.2966214777982,1000,4.6875,ed25519,plumtree,kademlia,380.4530499999998,6,8,9,14
memo,1024,2048000,1024,2048000,0.01,16,512.175553282691,2048,9574200,sharded,3.8793729752722816,1000,600.0,ed25519,gossip,kademlia,943.7014999999806,3,4,4,5
memo,1024,2048000,1024,2048000,0.01,16,513.8280204374208,2048,10305500,sharded,3.8589254013668337,1000,600.0,ed25519,gossipsub,kademlia,1018.9739999999985,3,4,4,5
memo,1024,2048000,1024,2048000,0.01,16,520.4905846103537,2048,4010153,sharded,3.7962492664092946,1000,600.0,ed25519,plumtree,kademlia,380.59475000000054,6,8,9,15
memo,1024,2048000,1024,2048000,0.01,16,64.24332640966708,2048,9575120,sharded,30.79852975518198,1000,75.0,ed25519,gossip,kademlia,945.9899999999801,3,4,4,5
memo,1024,2048000,1024,2048000,0.01,16,65.01686464531065,2048,10345940,sharded,30.42029188564773,1000,75.0,ed25519,gossipsub,kademlia,1022.6658000000002,3,4,4,5
memo,1024,2048000,1024,2048000,0.01,16,64.6779761182306,2048,4001403,sharded,30.5559344712233,1000,75.0,ed25519,plumtree,kademlia,380.46939999999944,6,8,9,14
memo,1024,2048000,1024,2048000,0.01,16,8.093466266272275,2048,9535490,sharded,244.07342107942566,1000,9.375,ed25519,gossip,kademlia,942.4959999999809,3,4,4,5
memo,1024,2048000,1024,2048000,0.01,16,7.976794480538249,2048,10329756,sharded,248.31729146747972,1000,9.375,ed25519,gossipsub,kademlia,1019.4288000000009,3,4,4,5
memo,1024,2048000,1024,2048000,0.01,16,8.001160428785486,2048,4011440,sharded,247.04916462974168,1000,9.375,ed25519,plumtree,kademlia,380.4040000000008,6,8,9,14
memo,1024,262144000,1024,262144000,0.01,16,0.9449427365962523,262144,9540964,sharded,268021.3966322205,1000,0.146484375,ed25519,gossip,kademlia,940.9204999999814,3,4,4,5
memo,1024,262144000,1024,262144000,0.01,16,0.9416430442532927,262144,10340860,sharded,269204.1846929552,1000,0.146484375,ed25519,gossipsub,kademlia,1022.7210000000001,3,4,4,5
memo,1024,262144000,1024,262144000,0.01,16,0.9454911599694615,262144,4002102,sharded,267761.96195020695,1000,0.146484375,ed25519,plumtree,kademlia,380.5171999999999,6,8,9,14
memo,1024,262144000,1024,262144000,0.01,16,1.0529251852639563,262144,9624088,sharded,240347.81154613438,1000,0.29296875,ed25519,gossip,kademlia,944.1154999999803,3,4,4,6
memo,1024,262144000,1024,262144000,0.01,16,1.0508711121943441,262144,10333848,sharded,240817.60461714788,1000,0.29296875,ed25519,gossipsub,kademlia,1022.6801999999984,3,4,4,5
memo,1024,262144000,1024,262144000,0.01,16,1.0549259769821357,262144,3974984,sharded,240777.22754219492,1000,0.29296875,ed25519,plumtree,kademlia,380.65075000000087,6,8,9,14
memo,1024,262144000,1024,262144000,0.01,16,1.2737002930698185,262144,9517862,sharded,198082.8750474113,1000,0.5859375,ed25519,gossip,kademlia,940.9449999999808,3,4,4,5
memo,1024,262144000,1024,262144000,0.01,16,1.2664677010741416,262144,10339396,sharded,199964.42687421865,1000,0.5859375,ed25519,gossipsub,kademlia,1020.1386000000006,3,4,4,5
memo,1024,262144000,1024,262144000,0.01,16,1.2728121562141568,262144,4017460,sharded,198967.68487288844,1000,0.5859375,ed25519,plumtree,kademlia,380.51809999999955,6,8,9,13
memo,1024,262144000,1024,262144000,0.01,16,1016.8795385780704,262144,9573988,sharded,249.43141677791442,1000,1200.0,ed25519,gossip,kademlia,945.2049999999797,3,4,4,6
memo,1024,262144000,1024,262144000,0.01,16,1031.483331062481,262144,10357316,sharded,245.26459747964228,1000,1200.0,ed25519,gossipsub,kademlia,1021.6115999999997,3,4,4,5
memo,1024,262144000,1024,262144000,0.01,16,1030.9005955108996,262144,3979623,sharded,246.0548467083683,1000,1200.0,ed25519,plumtree,kademlia,380.66310000000027,6,8,9,14
memo,1024,262144000,1024,262144000,0.01,16,129.00118265805074,262144,9510610,sharded,1961.6244966588874,1000,150.0,ed25519,gossip,kademlia,942.9024999999803,3,4,4,5
memo,1024,262144000,1024,262144000,0.01,16,128.94964121387414,262144,10326904,sharded,1964.3144224021837,1000,150.0,ed25519,gossipsub,kademlia,1021.0494,3,4,4,5
memo,1024,262144000,1024,262144000,0.01,16,130.23744609839412,262144,4007244,sharded,1944.3878207553585,1000,150.0,ed25519,plumtree,kademlia,380.61990000000026,6,8,9,14
memo,1024,262144000,1024,262144000,0.01,16,16.672919702927338,262144,9561230,sharded,15187.245216297766,1000,18.75,ed25519,gossip,kademlia,943.5989999999808,3,4,4,5
memo,1024,262144000,1024,262144000,0.01,16,16.465876167353024,262144,10349216,sharded,15385.176314047561,1000,18.75,ed25519,gossipsub,kademlia,1023.4398000000006,3,4,4,5
memo,1024,262144000,1024,262144000,0.01,16,16.613428715103133,262144,4012302,sharded,15175.554445952605,1000,18.75,ed25519,plumtree,kademlia,380.4395999999993,6,8,9,15
memo,1024,262144000,1024,262144000,0.01,16,1.7102021786328458,262144,9512866,sharded,148128.9236822953,1000,1.171875,ed25519,gossip,kademlia,943.8609999999791,3,4,4,5
memo,1024,262144000,1024,262144000,0.01,16,1.7033904136876314,262144,10333064,sharded,149125.25863643966,1000,1.171875,ed25519,gossipsub,kademlia,1020.935399999999,3,4,4,5
memo,1024,262144000,1024,262144000,0.01,16,1.716916981367597,262144,4003823,sharded,147387.3709364989,1000,1.171875,ed25519,plumtree,kademlia,380.7336999999997,6,8,9,14
memo,1024,262144000,1024,262144000,0.01,16,2.618146337628748,262144,9601774,sharded,96703.1324266265,1000,2.34375,ed25519,gossip,kademlia,949.4749999999798,3,4,4,5
memo,1024,262144000,1024,262144000,0.01,16,2.6206236120568285,262144,10323644,sharded,96630.4748361966,1000,2.34375,ed25519,gossipsub,kademlia,1020.8345999999988,3,4,4,5
memo,1024,262144000,1024,262144000,0.01,16,2.6055463977363478,262144,3944687,sharded,97202.21149008592,1000,2.34375,ed25519,plumtree,kademlia,380.76394999999997,6,8,9,14
memo,1024,262144000,1024,262144000,0.01,16,258.4327049967621,262144,9569960,sharded,979.8129845956321,1000,300.0,ed25519,gossip,kademlia,945.6019999999802,3,4,4,5
memo,1024,262144000,1024,262144000,0.01,16,257.3453419264248,262144,10333564,sharded,985.0353074293226,1000,300.0,ed25519,gossipsub,kademlia,1020.9540000000006,3,4,4,5
memo,1024,262144000,1024,262144000,0.01,16,259.220920291836,262144,4004560,sharded,973.5470104646027,1000,300.0,ed25519,plumtree,kademlia,380.38505000000004,6,8,9,13
memo,1024,262144000,1024,262144000,0.01,16,32.574872282705186,262144,9618270,sharded,7770.830160227368,1000,37.5,ed25519,gossip,kademlia,951.7039999999799,3,4,4,5
memo,1024,262144000,1024,262144000,0.01,16,32.99903101581309,262144,10337220,sharded,7658.533969645803,1000,37.5,ed25519,gossipsub,kademlia,1023.4703999999977,3,4,4,5
memo,1024,262144000,1024,262144000,0.01,16,32.48121825605796,262144,3992389,sharded,7797.775748536199,1000,37.5,ed25519,plumtree,kademlia,380.5908499999994,6,8,9,15
memo,1024,262144000,1024,262144000,0.01,16,4.56264771381301,262144,9578396,sharded,55540.62989189736,1000,4.6875,ed25519,gossip,kademlia,939.4894999999821,3,4,4,6
memo,1024,262144000,1024,262144000,0.01,16,4.554134864200781,262144,10345416,sharded,55536.521324426314,1000,4.6875,ed25519,gossipsub,kademlia,1022.9159999999998,3,4,4,5
memo,1024,262144000,1024,262144000,0.01,16,4.531368122334987,262144,4166046,sharded,56021.64493075663,1000,4.6875,ed25519,plumtree,kademlia,380.66675000000026,6,8,9,14
memo,1024,262144000,1024,262144000,0.01,16,518.2023686153044,262144,9547088,sharded,487.725644086405,1000,600.0,ed25519,gossip,kademlia,945.0419999999798,3,4,4,6
memo,1024,262144000,1024,262144000,0.01,16,521.7411196639579,262144,10324748,sharded,484.323398092052,1000,600.0,ed25519,gossipsub,kademlia,1020.8507999999998,3,4,4,5
memo,1024,262144000,1024,262144000,0.01,16,511.5667807883378,262144,4027161,sharded,496.2938828998099,1000,600.0,ed25519,plumtree,kademlia,380.6620500000002,6,8,9,14
memo,1024,262144000,1024,262144000,0.01,16,64.04005473956938,262144,9615100,sharded,3965.533774646921,1000,75.0,ed25519,gossip,kademlia,946.4449999999802,3,4,4,6
memo,1024,262144000,1024,262144000,0.01,16,64.83060657470618,262144,10332572,sharded,3902.2671137354932,1000,75.0,ed25519,gossipsub,kademlia,1021.3619999999983,3,4,4,5
memo,1024,262144000,1024,262144000,0.01,16,64.72193041748724,262144,4009273,sharded,3913.376105536646,1000,75.0,ed25519,plumtree,kademlia,380.5309499999995,6,8,9,15
memo,1024,262144000,1024,262144000,0.01,16,8.494080366435085,262144,9575842,sharded,29857.138743606934,1000,9.375,ed25519,gossip,kademlia,942.163999999981,3,4,4,6
memo,1024,262144000,1024,262144000,0.01,16,8.598368487019828,262144,10339612,sharded,29378.772540551327,1000,9.375,ed25519,gossipsub,kademlia,1021.2815999999991,3,4,4,5
memo,1024,262144000,1024,262144000,0.01,16,8.603647173812627,262144,4010570,sharded,29423.58965747997,1000,9.375,ed25519,plumtree,kademlia,380.4915500000006,6,8,9,15
memo,1024,32768000,1024,32768000,0.01,16,0.2273365178098265,32768,9569974,sharded,139620.7890654513,1000,0.146484375,ed25519,gossip,kademlia,941.1164999999806,3,4,4,5
memo,1024,32768000,1024,32768000,0.01,16,0.22649824175849598,32768,10327336,sharded,139576.92454720417,1000,0.146484375,ed25519,gossipsub,kademlia,1019.6243999999991,3,4,4,5
memo,1024,32768000,1024,32768000,0.01,16,0.23062844240690134,32768,4032239,sharded,136952.99534770148,1000,0.146484375,ed25519,plumtree,kademlia,380.7196500000002,6,8,9,13
memo,1024,32768000,1024,32768000,0.01,16,0.3421807062135488,32768,9535306,sharded,92694.81132055743,1000,0.29296875,ed25519,gossip,kademlia,943.6729999999799,3,4,4,6
memo,1024,32768000,1024,32768000,0.01,16,0.3379164829970713,32768,10336704,sharded,93779.69289611319,1000,0.29296875,ed25519,gossipsub,kademlia,1022.5709999999996,3,4,4,5
memo,1024,32768000,1024,32768000,0.01,16,0.343682968305742,32768,4089698,sharded,92182.37422756421,1000,0.29296875,ed25519,plumtree,kademlia,380.46350000000035,6,8,9,13
memo,1024,32768000,1024,32768000,0.01,16,0.5869031732219537,32768,9593420,sharded,53844.72506174194,1000,0.5859375,ed25519,gossip,kademlia,945.3569999999805,3,4,4,5
memo,1024,32768000,1024,32768000,0.01,16,0.58368063406645,32768,10344320,sharded,54138.49656077933,1000,0.5859375,ed25519,gossipsub,kademlia,1023.4457999999979,3,4,4,5
memo,1024,32768000,1024,32768000,0.01,16,0.5849339287808276,32768,4012575,sharded,53973.48050198246,1000,0.5859375,ed25519,plumtree,kademlia,380.5091499999999,6,8,9,16
memo,1024,32768000,1024,32768000,0.01,16,1020.263385471796,32768,9499522,sharded,31.032214280000968,1000,1200.0,ed25519,gossip,kademlia,943.6144999999815,3,4,4,6
memo,1024,32768000,1024,32768000,0.01,16,1028.0399980476952,32768,10340596,sharded,30.805439535564386,1000,1200.0,ed25519,gossipsub,kademlia,1022.1587999999983,3,4,4,5
memo,1024,32768000,1024,32768000,0.01,16,1022.4233373279795,32768,4041347,sharded,30.976671642462996,1000,1200.0,ed25519,plumtree,kademlia,380.6891999999995,6,8,9,14
memo,1024,32768000,1024,32768000,0.01,16,128.90806140776192,32768,9568408,sharded,245.08512233430943,1000,150.0,ed25519,gossip,kademlia,945.2929999999803,3,4,4,6
memo,1024,32768000,1024,32768000,0.01,16,129.39956040677743,32768,10319584,sharded,244.59736880483453,1000,150.0,ed25519,gossipsub,kademlia,1021.8018000000018,3,4,4,5
memo,1024,32768000,1024,32768000,0.01,16,128.02942947034393,32768,4036642,sharded,247.51890351382406,1000,150.0,ed25519,plumtree,kademlia,380.55015000000054,6,8,9,14
memo,1024,32768000,1024,32768000,0.01,16,16.094267917969468,32768,9616338,sharded,1969.387372047607,1000,18.75,ed25519,gossip,kademlia,946.9404999999797,3,4,4,6
memo,1024,32768000,1024,32768000,0.01,16,16.057772529181946,32768,10336896,sharded,1972.3328339869984,1000,18.75,ed25519,gossipsub,kademlia,1021.7501999999995,3,4,4,5
memo,1024,32768000,1024,32768000,0.01,16,16.030700385456466,32768,4010560,sharded,1976.5579318509463,1000,18.75,ed25519,plumtree,kademlia,380.5937000000005,6,8,9,13
memo,1024,32768000,1024,32768000,0.01,16,1.0802931693809374,32768,9537536,sharded,29304.023108968675,1000,1.171875,ed25519,gossip,kademlia,942.3679999999806,3,4,4,5
memo,1024,32768000,1024,32768000,0.01,16,1.0719198477266108,32768,10327052,sharded,29582.607381748538,1000,1.171875,ed25519,gossipsub,kademlia,1021.1039999999979,3,4,4,5
memo,1024,32768000,1024,32768000,0.01,16,1.0830947406686349,32768,4016295,sharded,29283.059744543054,1000,1.171875,ed25519,plumtree,kademlia,380.5870999999994,6,8,9,15
memo,1024,32768000,1024,32768000,0.01,16,2.0750686133327494,32768,9566204,sharded,15281.511076913524,1000,2.34375,ed25519,gossip,kademlia,944.7064999999808,3,4,4,5
memo,1024,32768000,1024,32768000,0.01,16,2.083958594938594,32768,10315552,sharded,15161.287789852177,1000,2.34375,ed25519,gossipsub,kademlia,1019.757000000002,3,4,4,5
memo,1024,32768000,1024,32768000,0.01,16,2.095112278612814,32768,3992467,sharded,15131.404805183078,1000,2.34375,ed25519,plumtree,kademlia,380.7000500000002,6,8,9,14
memo,1024,32768000,1024,32768000,0.01,16,258.81428364133683,32768,9493998,sharded,122.03039011466542,1000,300.0,ed25519,gossip,kademlia,943.1294999999805,3,4,4,5
memo,1024,32768000,1024,32768000,0.01,16,256.37666753744287,32768,10323336,sharded,123.27053122095987,1000,300.0,ed25519,gossipsub,kademlia,1021.2761999999977,3,4,4,5
memo,1024,32768000,1024,32768000,0.01,16,258.641541942884,32768,3995076,sharded,122.4761334240551,1000,300.0,ed25519,plumtree,kademlia,380.45980000000003,6,8,9,14
memo,1024,32768000,1024,32768000,0.01,16,32.362014577512184,32768,9523452,sharded,979.2886015823644,1000,37.5,ed25519,gossip,kademlia,940.7189999999813,3,4,4,6
memo,1024,32768000,1024,32768000,0.01,16,31.852355298265543,32768,10316556,sharded,994.5078065145447,1000,37.5,ed25519,gossipsub,kademlia,1019.5344000000024,3,4,4,5
memo,1024,32768000,1024,32768000,0.01,16,32.14439148052978,32768,4019865,sharded,984.070892092018,1000,37.5,ed25519,plumtree,kademlia,380.6783000000005,6,8,9,14
memo,1024,32768000,1024,32768000,0.01,16,4.061693538126585,32768,9653398,sharded,7801.082898690251,1000,4.6875,ed25519,gossip,kademlia,955.8834999999777,3,4,4,5
memo,1024,32768000,1024,32768000,0.01,16,4.067234731682864,32768,10333344,sharded,7785.41935466267,1000,4.6875,ed25519,gossipsub,kademlia,1020.5369999999988,3,4,4,5
memo,1024,32768000,1024,32768000,0.01,16,4.100023114880257,32768,4006043,sharded,7710.171165930912,1000,4.6875,ed25519,plumtree,kademlia,380.45150000000046,6,8,9,14
memo,1024,32768000,1024,32768000,0.01,16,514.1437451438147,32768,9607538,sharded,61.627916899265195,1000,600.0,ed25519,gossip,kademlia,948.90899999998,3,4,4,6
memo,1024,32768000,1024,32768000,0.01,16,520.7784603824125,32768,10329448,sharded,60.52817157002475,1000,600.0,ed25519,gossipsub,kademlia,1021.9956000000011,3,4,4,5
memo,1024,32768000,1024,32768000,0.01,16,516.0979246575222,32768,3986940,sharded,61.358851657878766,1000,600.0,ed25519,plumtree,kademlia,380.8192000000001,6,8,9,14
memo,1024,32768000,1024,32768000,0.01,16,63.89423003590474,32768,9536518,sharded,496.54824828738936,1000,75.0,ed25519,gossip,kademlia,944.6404999999809,3,4,4,5
memo,1024,32768000,1024,32768000,0.01,16,64.91926762276033,32768,10303580,sharded,487.13069567828495,1000,75.0,ed25519,gossipsub,kademlia,1018.8701999999996,3,4,4,5
memo,1024,32768000,1024,32768000,0.01,16,65.24006188331188,32768,3962567,sharded,483.8878304018773,1000,75.0,ed25519,plumtree,kademlia,380.6204000000004,6,8,9,14
memo,1024,32768000,1024,32768000,0.01,16,8.17245095899501,32768,9623870,sharded,3861.837796073005,1000,9.375,ed25519,gossip,kademlia,947.1009999999811,3,4,4,6
memo,1024,32768000,1024,32768000,0.01,16,8.180221713780767,32768,10314320,sharded,3866.68150408615,1000,9.375,ed25519,gossipsub,kademlia,1020.6072000000003,3,4,4,5
memo,1024,32768000,1024,32768000,0.01,16,8.058724748520053,32768,3968691,sharded,3931.8389681715976,1000,9.375,ed25519,plumtree,kademlia,380.6549499999988,6,8,9,14
memo,1024,4096000,1024,4096000,0.01,16,0.14862487320719156,4096,9570568,sharded,26663.47775096536,1000,0.146484375,ed25519,gossip,kademlia,949.3894999999801,3,4,4,6
memo,1024,4096000,1024,4096000,0.01,16,0.14767940189216427,4096,10309208,sharded,26742.307656986424,1000,0.146484375,ed25519,gossipsub,kademlia,1022.7365999999982,3,4,4,5
memo,1024,4096000,1024,4096000,0.01,16,0.15101543676396548,4096,3930226,sharded,26148.161304674228,1000,0.146484375,ed25519,plumtree,kademlia,380.79550000000035,6,8,9,14
memo,1024,4096000,1024,4096000,0.01,16,0.27501462416803013,4096,9549048,sharded,14381.693380725244,1000,0.29296875,ed25519,gossip,kademlia,945.2964999999795,3,4,4,6
memo,1024,4096000,1024,4096000,0.01,16,0.2737007640416661,4096,10316740,sharded,14463.825170021626,1000,0.29296875,ed25519,gossipsub,kademlia,1020.7835999999999,3,4,4,5
memo,1024,4096000,1024,4096000,0.01,16,0.27961031730486285,4096,4009522,sharded,14118.763706761627,1000,0.29296875,ed25519,plumtree,kademlia,380.4884500000009,6,8,9,14
memo,1024,4096000,1024,4096000,0.01,16,0.5238802480274605,4096,9588264,sharded,7550.748505778086,1000,0.5859375,ed25519,gossip,kademlia,945.9729999999806,3,4,4,5
memo,1024,4096000,1024,4096000,0.01,16,0.5200772865574291,4096,10338612,sharded,7615.314304949287,1000,0.5859375,ed25519,gossipsub,kademlia,1021.6440000000008,3,4,4,5
memo,1024,4096000,1024,4096000,0.01,16,0.5241475227793578,4096,4057786,sharded,7559.596922235128,1000,0.5859375,ed25519,plumtree,kademlia,380.81374999999923,6,8,9,15
memo,1024,4096000,1024,4096000,0.01,16,1048.3820592763348,4096,9569460,sharded,3.7711824282161728,1000,1200.0,ed25519,gossip,kademlia,947.233499999981,3,4,4,5
memo,1024,4096000,1024,4096000,0.01,16,1031.623680265663,4096,10382044,sharded,3.8307069482762572,1000,1200.0,ed25519,gossipsub,kademlia,1023.332399999998,3,4,4,5
memo,1024,4096000,1024,4096000,0.01,16,1032.2380010791494,4096,4012168,sharded,3.8281791562302714,1000,1200.0,ed25519,plumtree,kademlia,380.4832999999997,6,8,9,14
memo,1024,4096000,1024,4096000,0.01,16,128.32338606588095,4096,9575892,sharded,30.847876769458942,1000,150.0,ed25519,gossip,kademlia,941.5329999999805,3,4,4,6
memo,1024,4096000,1024,4096000,0.01,16,129.45209271157273,4096,10324188,sharded,30.57693326610966,1000,150.0,ed25519,gossipsub,kademlia,1019.9723999999993,3,4,4,5
memo,1024,4096000,1024,4096000,0.01,16,130.19094390249518,4096,4037356,sharded,30.35424647477543,1000,150.0,ed25519,plumtree,kademlia,380.54895000000073,6,8,9,14
memo,1024,4096000,1024,4096000,0.01,16,16.180366049095458,4096,9641370,sharded,244.50621129311017,1000,18.75,ed25519,gossip,kademlia,951.1759999999798,3,4,4,6
memo,1024,4096000,1024,4096000,0.01,16,16.127502353808293,4096,10354356,sharded,245.52989750858416,1000,18.75,ed25519,gossipsub,kademlia,1023.7541999999978,3,4,4,5
memo,1024,4096000,1024,4096000,0.01,16,16.23478160177813,4096,3999638,sharded,243.38707454907959,1000,18.75,ed25519,plumtree,kademlia,380.6631999999994,6,8,9,15
memo,1024,4096000,1024,4096000,0.01,16,1.023318952097928,4096,9574856,sharded,3870.3006446625345,1000,1.171875,ed25519,gossip,kademlia,944.1839999999796,3,4,4,6
memo,1024,4096000,1024,4096000,0.01,16,1.028743113189802,4096,10348972,sharded,3851.8848381042862,1000,1.171875,ed25519,gossipsub,kademlia,1022.3351999999983,3,4,4,5
memo,1024,4096000,1024,4096000,0.01,16,1.0352814520376763,4096,3966044,sharded,3815.1944017019423,1000,1.171875,ed25519,plumtree,kademlia,380.6536499999999,6,8,9,14
memo,1024,4096000,1024,4096000,0.01,16,2.020480168178816,4096,9640084,sharded,1963.4976192693296,1000,2.34375,ed25519,gossip,kademlia,948.5229999999809,3,4,4,6
memo,1024,4096000,1024,4096000,0.01,16,2.0349313755637146,4096,10304416,sharded,1948.7988870884815,1000,2.34375,ed25519,gossipsub,kademlia,1021.4058000000007,3,4,4,5
memo,1024,4096000,1024,4096000,0.01,16,2.042694589002343,4096,3973298,sharded,1931.1159001633189,1000,2.34375,ed25519,plumtree,kademlia,380.66919999999965,6,8,9,15
memo,1024,4096000,1024,4096000,0.01,16,258.4358995069601,4096,9564414,sharded,15.306263593976684,1000,300.0,ed25519,gossip,kademlia,943.6304999999816,3,4,4,6
memo,1024,4096000,1024,4096000,0.01,16,257.58395214889566,4096,10341664,sharded,15.336017508251189,1000,300.0,ed25519,gossipsub,kademlia,1021.0212000000002,3,4,4,5
memo,1024,4096000,1024,4096000,0.01,16,255.7503612360242,4096,4012331,sharded,15.486007452184701,1000,300.0,ed25519,plumtree,kademlia,380.5087000000001,6,8,9,15
memo,1024,4096000,1024,4096000,0.01,16,31.919461424285142,4096,9534632,sharded,124.17577938781804,1000,37.5,ed25519,gossip,kademlia,943.4284999999801,3,4,4,6
memo,1024,4096000,1024,4096000,0.01,16,31.83309650173532,4096,10338252,sharded,124.68155587011894,1000,37.5,ed25519,gossipsub,kademlia,1020.9929999999983,3,4,4,5
memo,1024,4096000,1024,4096000,0.01,16,32.046062167371225,4096,3969187,sharded,123.69320072142771,1000,37.5,ed25519,plumtree,kademlia,380.584599999999,6,8,9,14
memo,1024,4096000,1024,4096000,0.01,16,4.04349801388321,4096,9600800,sharded,979.6765044520723,1000,4.6875,ed25519,gossip,kademlia,944.5479999999795,3,4,4,6
memo,1024,4096000,1024,4096000,0.01,16,4.035910522823229,4096,10321696,sharded,980.8839858101562,1000,4.6875,ed25519,gossipsub,kademlia,1020.2993999999978,3,4,4,5
memo,1024,4096000,1024,4096000,0.01,16,3.9987466759943264,4096,4026936,sharded,992.0488396563856,1000,4.6875,ed25519,plumtree,kademlia,380.54770000000053,6,8,9,13
memo,1024,4096000,1024,4096000,0.01,16,517.620261853393,4096,9506554,sharded,7.624755618855281,1000,600.0,ed25519,gossip,kademlia,941.7569999999804,3,4,4,6
memo,1024,4096000,1024,4096000,0.01,16,514.0884892605455,4096,10327272,sharded,7.693570431209314,1000,600.0,ed25519,gossipsub,kademlia,1021.7183999999978,3,4,4,5
memo,1024,4096000,1024,4096000,0.01,16,514.5412921103509,4096,4018080,sharded,7.698243193960207,1000,600.0,ed25519,plumtree,kademlia,380.5794000000003,6,8,9,14
memo,1024,4096000,1024,4096000,0.01,16,64.74571879769391,4096,9490532,sharded,61.02062149228497,1000,75.0,ed25519,gossip,kademlia,943.9419999999797,3,4,4,6
memo,1024,4096000,1024,4096000,0.01,16,64.21891800810877,4096,10311724,sharded,61.66868148572579,1000,75.0,ed25519,gossipsub,kademlia,1021.3499999999991,3,4,4,5
memo,1024,4096000,1024,4096000,0.01,16,64.3034457390848,4096,4055666,sharded,61.59557943552859,1000,75.0,ed25519,plumtree,kademlia,380.82485000000037,6,8,9,14
memo,1024,4096000,1024,4096000,0.01,16,8.115184986454535,4096,9611568,sharded,486.5910027425254,1000,9.375,ed25519,gossip,kademlia,942.1894999999796,3,4,4,6
memo,1024,4096000,1024,4096000,0.01,16,8.153462018175695,4096,10324236,sharded,484.4322560398401,1000,9.375,ed25519,gossipsub,kademlia,1020.8861999999989,3,4,4,5
memo,1024,4096000,1024,4096000,0.01,16,8.008599347014862,4096,3967444,sharded,494.4095500889154,1000,9.375,ed25519,plumtree,kademlia,380.6892499999995,6,8,9,14
memo,1024,524288000,1024,524288000,0.01,16,1.762416461191698,524288,9545486,sharded,287108.3351422249,1000,0.146484375,ed25519,gossip,kademlia,944.3404999999802,3,4,4,6
memo,1024,524288000,1024,524288000,0.01,16,1.7633333251023873,524288,10346544,sharded,287813.86750603805,1000,0.146484375,ed25519,gossipsub,kademlia,1021.662599999998,3,4,4,5
memo,1024,524288000,1024,524288000,0.01,16,1.7648085704895056,524288,4008372,sharded,286904.8487562356,1000,0.146484375,ed25519,plumtree,kademlia,380.39839999999936,6,8,9,14
memo,1024,524288000,1024,524288000,0.01,16,1.8717468991422677,524288,9578320,sharded,270303.0630005839,1000,0.29296875,ed25519,gossip,kademlia,948.3474999999793,3,4,4,5
memo,1024,524288000,1024,524288000,0.01,16,1.8724060190978864,524288,10303284,sharded,270575.42158729536,1000,0.29296875,ed25519,gossipsub,kademlia,1020.8987999999993,3,4,4,5
memo,1024,524288000,1024,524288000,0.01,16,1.872861457352238,524288,4032797,sharded,270527.11988439946,1000,0.29296875,ed25519,plumtree,kademlia,380.71155000000005,6,8,9,14
memo,1024,524288000,1024,524288000,0.01,16,2.086186802261952,524288,9522238,sharded,242691.29085230717,1000,0.5859375,ed25519,gossip,kademlia,946.0734999999796,3,4,4,5
memo,1024,524288000,1024,524288000,0.01,16,2.091873040958252,524288,10339864,sharded,242360.5477356109,1000,0.5859375,ed25519,gossipsub,kademlia,1020.8927999999976,3,4,4,5
memo,1024,524288000,1024,524288000,0.01,16,2.0974165826882523,524288,4017846,sharded,240970.0753639564,1000,0.5859375,ed25519,plumtree,kademlia,380.66179999999997,6,8,9,14
memo,1024,524288000,1024,524288000,0.01,16,1029.7616111442862,524288,9593884,sharded,492.3666395337768,1000,1200.0,ed25519,gossip,kademlia,947.5064999999789,3,4,4,6
memo,1024,524288000,1024,524288000,0.01,16,1031.164843588153,524288,10326340,sharded,491.7601711822227,1000,1200.0,ed25519,gossipsub,kademlia,1021.3187999999994,3,4,4,5
memo,1024,524288000,1024,524288000,0.01,16,1024.9809253812323,524288,3966703,sharded,495.1746314803112,1000,1200.0,ed25519,plumtree,kademlia,380.5211500000005,6,8,9,13
memo,1024,524288000,1024,524288000,0.01,16,130.40267272073746,524288,9657062,sharded,3882.0817199362164,1000,150.0,ed25519,gossip,kademlia,946.1869999999785,3,4,4,5
memo,1024,524288000,1024,524288000,0.01,16,129.0326681747982,524288,10362396,sharded,3930.9182641475145,1000,150.0,ed25519,gossipsub,kademlia,1022.8031999999992,3,4,4,5
memo,1024,524288000,1024,524288000,0.01,16,129.63017332377095,524288,4031347,sharded,3906.7327229063676,1000,150.0,ed25519,plumtree,kademlia,380.5751500000002,6,8,9,14
memo,1024,524288000,1024,524288000,0.01,16,17.09053335193311,524288,9598124,sharded,29695.491272810123,1000,18.75,ed25519,gossip,kademlia,945.2324999999805,3,4,4,5
memo,1024,524288000,1024,524288000,0.01,16,17.1006009592506,524288,10359244,sharded,29664.595367660735,1000,18.75,ed25519,gossipsub,kademlia,1021.3331999999972,3,4,4,5
memo,1024,524288000,1024,524288000,0.01,16,17.066934496916186,524288,4016428,sharded,29701.992475074854,1000,18.75,ed25519,plumtree,kademlia,380.4113000000005,6,8,9,15
memo,1024,524288000,1024,524288000,0.01,16,2.534108907825031,524288,9584074,sharded,199884.3626790856,1000,1.171875,ed25519,gossip,kademlia,948.360999999979,3,4,4,6
memo,1024,524288000,1024,524288000,0.01,16,2.528996699251892,524288,10299976,sharded,200275.459493414,1000,1.171875,ed25519,gossipsub,kademlia,1019.8649999999997,3,4,4,5
memo,1024,524288000,1024,524288000,0.01,16,2.535909203005078,524288,4003429,sharded,200000.89253944176,1000,1.171875,ed25519,plumtree,kademlia,380.5976500000008,6,8,9,13
memo,1024,524288000,1024,524288000,0.01,16,3.3973118967670537,524288,9581890,sharded,149405.5698810051,1000,2.34375,ed25519,gossip,kademlia,940.6769999999799,3,4,4,5
memo,1024,524288000,1024,524288000,0.01,16,3.3789966421524635,524288,10345884,sharded,149730.5187251416,1000,2.34375,ed25519,gossipsub,kademlia,1022.0255999999987,3,4,4,5
memo,1024,524288000,1024,524288000,0.01,16,3.3948478575134735,524288,4031375,sharded,149098.9632656877,1000,2.34375,ed25519,plumtree,kademlia,380.6709499999996,6,8,9,14
memo,1024,524288000,1024,524288000,0.01,16,257.2407978032542,524288,9579412,sharded,1969.2114016355756,1000,300.0,ed25519,gossip,kademlia,943.44849999998,3,4,4,5
memo,1024,524288000,1024,524288000,0.01,16,260.27643549483116,524288,10305872,sharded,1946.6219254030848,1000,300.0,ed25519,gossipsub,kademlia,1019.385000000001,3,4,4,5
memo,1024,524288000,1024,524288000,0.01,16,261.64508996446807,524288,4010259,sharded,1935.0616060433483,1000,300.0,ed25519,plumtree,kademlia,380.64720000000034,6,8,9,15
memo,1024,524288000,1024,524288000,0.01,16,33.37324214444974,524288,9495106,sharded,15176.708747916322,1000,37.5,ed25519,gossip,kademlia,944.2599999999804,3,4,4,6
memo,1024,524288000,1024,524288000,0.01,16,33.15110229236744,524288,10313468,sharded,15286.312820936688,1000,37.5,ed25519,gossipsub,kademlia,1021.6715999999999,3,4,4,5
memo,1024,524288000,1024,524288000,0.01,16,33.02502788822121,524288,3967533,sharded,15334.746777931558,1000,37.5,ed25519,plumtree,kademlia,380.7317500000005,6,8,9,13
memo,1024,524288000,1024,524288000,0.01,16,5.212264806825964,524288,9563494,sharded,97337.3308538697,1000,4.6875,ed25519,gossip,kademlia,945.4899999999795,3,4,4,5
memo,1024,524288000,1024,524288000,0.01,16,5.198642403487113,524288,10335156,sharded,97302.444896132,1000,4.6875,ed25519,gossipsub,kademlia,1021.6817999999992,3,4,4,5
memo,1024,524288000,1024,524288000,0.01,16,5.196174029426082,524288,3969284,sharded,97525.24013441704,1000,4.6875,ed25519,plumtree,kademlia,380.6910000000001,6,8,9,14
memo,1024,524288000,1024,524288000,0.01,16,510.34791061835523,524288,9548424,sharded,995.4058661364668,1000,600.0,ed25519,gossip,kademlia,944.1764999999807,3,4,4,5
memo,1024,524288000,1024,524288000,0.01,16,513.8210682083139,524288,10339652,sharded,984.72351428546,1000,600.0,ed25519,gossipsub,kademlia,1021.0589999999995,3,4,4,5
memo,1024,524288000,1024,524288000,0.01,16,513.83108612485,524288,4001992,sharded,987.1914208724015,1000,600.0,ed25519,plumtree,kademlia,380.6410000000008,6,8,9,15
memo,1024,524288000,1024,524288000,0.01,16,64.86904644501178,524288,9595502,sharded,7816.5636738597495,1000,75.0,ed25519,gossip,kademlia,944.3244999999803,3,4,4,6
memo,1024,524288000,1024,524288000,0.01,16,65.46827215824091,524288,10363440,sharded,7728.001722378039,1000,75.0,ed25519,gossipsub,kademlia,1022.0321999999982,3,4,4,5
memo,1024,524288000,1024,524288000,0.01,16,65.09940517039738,524288,4014893,sharded,7780.347219367814,1000,75.0,ed25519,plumtree,kademlia,380.5996500000006,6,8,9,14
memo,1024,524288000,1024,524288000,0.01,16,9.087199974911295,524288,9503878,sharded,55769.75189268321,1000,9.375,ed25519,gossip,kademlia,938.5164999999813,3,4,4,5
memo,1024,524288000,1024,524288000,0.01,16,9.084271155874394,524288,10333508,sharded,55740.839888135255,1000,9.375,ed25519,gossipsub,kademlia,1021.1627999999994,3,4,4,5
memo,1024,524288000,1024,524288000,0.01,16,9.05874018515626,524288,4045189,sharded,55991.98802843805,1000,9.375,ed25519,plumtree,kademlia,380.6593999999993,6,8,9,14
memo,1024,65536000,1024,65536000,0.01,16,0.32895344105024316,65536,9546582,sharded,192056.67464153527,1000,0.146484375,ed25519,gossip,kademlia,950.2909999999789,3,4,4,6
memo,1024,65536000,1024,65536000,0.01,16,0.32955983639802733,65536,10329476,sharded,191877.2890869736,1000,0.146484375,ed25519,gossipsub,kademlia,1020.5843999999992,3,4,4,5
memo,1024,65536000,1024,65536000,0.01,16,0.33106646340871126,65536,3938132,sharded,191288.64744544713,1000,0.146484375,ed25519,plumtree,kademlia,380.8904499999996,6,8,9,16
memo,1024,65536000,1024,65536000,0.01,16,0.436131761094353,65536,9610608,sharded,145300.62163092603,1000,0.29296875,ed25519,gossip,kademlia,947.8554999999792,3,4,4,5
memo,1024,65536000,1024,65536000,0.01,16,0.43737051652047504,65536,10348792,sharded,144757.97889553462,1000,0.29296875,ed25519,gossipsub,kademlia,1022.1197999999982,3,4,4,5
memo,1024,65536000,1024,65536000,0.01,16,0.4413655858445453,65536,4040912,sharded,143280.64087505374,1000,0.29296875,ed25519,plumtree,kademlia,380.4660999999992,6,8,9,15
memo,1024,65536000,1024,65536000,0.01,16,0.6652465623789037,65536,9551142,sharded,95215.13914103119,1000,0.5859375,ed25519,gossip,kademlia,941.0604999999802,3,4,4,5
memo,1024,65536000,1024,65536000,0.01,16,0.6678522268140022,65536,10332376,sharded,94947.91430509088,1000,0.5859375,ed25519,gossipsub,kademlia,1020.9101999999991,3,4,4,5
memo,1024,65536000,1024,65536000,0.01,16,0.6703851477915826,65536,4058057,sharded,94485.30327478611,1000,0.5859375,ed25519,plumtree,kademlia,380.78850000000017,6,8,9,14
memo,1024,65536000,1024,65536000,0.01,16,1023.1081432698285,65536,9527362,sharded,61.930915531076245,1000,1200.0,ed25519,gossip,kademlia,945.5769999999806,3,4,4,5
memo,1024,65536000,1024,65536000,0.01,16,1035.2612718968358,65536,10319128,sharded,61.08520208056407,1000,1200.0,ed25519,gossipsub,kademlia,1021.4268000000015,3,4,4,5
memo,1024,65536000,1024,65536000,0.01,16,1023.8848694266387,65536,4005824,sharded,61.967943754779796,1000,1200.0,ed25519,plumtree,kademlia,380.61749999999995,6,8,9,15
memo,1024,65536000,1024,65536000,0.01,16,129.08976112857655,65536,9597774,sharded,490.8052152710544,1000,150.0,ed25519,gossip,kademlia,947.0354999999806,3,4,4,5
memo,1024,65536000,1024,65536000,0.01,16,127.98094212265532,65536,10297084,sharded,495.1855405101086,1000,150.0,ed25519,gossipsub,kademlia,1019.8283999999986,3,4,4,5
memo,1024,65536000,1024,65536000,0.01,16,128.12245016873618,65536,3948861,sharded,494.99028403279226,1000,150.0,ed25519,plumtree,kademlia,380.72099999999944,6,8,9,14
memo,1024,65536000,1024,65536000,0.01,16,16.18666580003905,65536,9594218,sharded,3907.3726968433125,1000,18.75,ed25519,gossip,kademlia,945.8814999999797,3,4,4,6
memo,1024,65536000,1024,65536000,0.01,16,16.326299546440318,65536,10342308,sharded,3875.208574976472,1000,18.75,ed25519,gossipsub,kademlia,1021.6745999999974,3,4,4,5
memo,1024,65536000,1024,65536000,0.01,16,16.297397898551264,65536,4016545,sharded,3884.342788588808,1000,18.75,ed25519,plumtree,kademlia,380.63990000000035,6,8,9,14
memo,1024,65536000,1024,65536000,0.01,16,1.1509222153774163,65536,9558246,sharded,55046.14573733351,1000,1.171875,ed25519,gossip,kademlia,943.7264999999817,3,4,4,6
memo,1024,65536000,1024,65536000,0.01,16,1.1551475257994421,65536,10326736,sharded,54724.237890092125,1000,1.171875,ed25519,gossipsub,kademlia,1020.9461999999984,3,4,4,5
memo,1024,65536000,1024,65536000,0.01,16,1.1447308721178722,65536,4041273,sharded,55419.00681216855,1000,1.171875,ed25519,plumtree,kademlia,380.6065000000004,6,8,9,14
memo,1024,65536000,1024,65536000,0.01,16,2.1558038546834752,65536,9487830,sharded,29364.767978529606,1000,2.34375,ed25519,gossip,kademlia,940.5619999999798,3,4,4,6
memo,1024,65536000,1024,65536000,0.01,16,2.130990493882672,65536,10337580,sharded,29787.42147476464,1000,2.34375,ed25519,gossipsub,kademlia,1021.1801999999991,3,4,4,5
memo,1024,65536000,1024,65536000,0.01,16,2.152396550926668,65536,4015670,sharded,29426.477185503496,1000,2.34375,ed25519,plumtree,kademlia,380.606699999999,6,8,9,15
memo,1024,65536000,1024,65536000,0.01,16,255.72677676829136,65536,9599222,sharded,247.6121773410294,1000,300.0,ed25519,gossip,kademlia,947.18799999998,3,4,4,5
memo,1024,65536000,1024,65536000,0.01,16,258.2333462705472,65536,10322100,sharded,244.76457790149078,1000,300.0,ed25519,gossipsub,kademlia,1019.5944000000004,3,4,4,5
memo,1024,65536000,1024,65536000,0.01,16,257.8520379259728,65536,3998701,sharded,246.11140757483147,1000,300.0,ed25519,plumtree,kademlia,380.6706000000001,6,8,9,13
memo,1024,65536000,1024,65536000,0.01,16,32.60905930085488,65536,9459120,sharded,1937.55359260988,1000,37.5,ed25519,gossip,kademlia,938.9174999999814,3,4,4,6
memo,1024,65536000,1024,65536000,0.01,16,32.048096829070076,65536,10328136,sharded,1980.6702512962258,1000,37.5,ed25519,gossipsub,kademlia,1020.4182000000001,3,4,4,5
memo,1024,65536000,1024,65536000,0.01,16,32.392833821389424,65536,3962588,sharded,1948.9695884005266,1000,37.5,ed25519,plumtree,kademlia,380.6052499999999,6,8,9,14
memo,1024,65536000,1024,65536000,0.01,16,4.164156438261664,65536,9586192,sharded,15181.625603477754,1000,4.6875,ed25519,gossip,kademlia,946.45199999998,3,4,4,6
memo,1024,65536000,1024,65536000,0.01,16,4.1363720790225145,65536,10319108,sharded,15332.123606971772,1000,4.6875,ed25519,gossipsub,kademlia,1022.7509999999999,3,4,4,5
memo,1024,65536000,1024,65536000,0.01,16,4.136260604354821,65536,4041047,sharded,15312.731488271264,1000,4.6875,ed25519,plumtree,kademlia,380.60609999999946,6,8,9,15
memo,1024,65536000,1024,65536000,0.01,16,515.5603482226413,65536,9549726,sharded,122.88344559159363,1000,600.0,ed25519,gossip,kademlia,942.6649999999802,3,4,4,5
memo,1024,65536000,1024,65536000,0.01,16,512.1015994332329,65536,10336332,sharded,123.71340388336354,1000,600.0,ed25519,gossipsub,kademlia,1020.4115999999983,3,4,4,5
memo,1024,65536000,1024,65536000,0.01,16,515.8578338771672,65536,3972836,sharded,122.60613650981223,1000,600.0,ed25519,plumtree,kademlia,380.7823499999997,6,8,9,14
memo,1024,65536000,1024,65536000,0.01,16,64.96127614105782,65536,9570418,sharded,972.3549128382535,1000,75.0,ed25519,gossip,kademlia,944.2749999999816,3,4,4,5
memo,1024,65536000,1024,65536000,0.01,16,64.0356410391707,65536,10333832,sharded,990.184200095909,1000,75.0,ed25519,gossipsub,kademlia,1021.9421999999979,3,4,4,5
memo,1024,65536000,1024,65536000,0.01,16,64.33815798267419,65536,4054220,sharded,984.1914345302195,1000,75.0,ed25519,plumtree,kademlia,380.6965999999994,6,8,9,15
memo,1024,65536000,1024,65536000,0.01,16,8.247794751956551,65536,9539842,sharded,7662.434129439031,1000,9.375,ed25519,gossip,kademlia,947.0269999999789,3,4,4,6
memo,1024,65536000,1024,65536000,0.01,16,8.187757979221699,65536,10331256,sharded,7728.62414357968,1000,9.375,ed25519,gossipsub,kademlia,1021.1357999999982,3,4,4,5
memo,1024,65536000,1024,65536000,0.01,16,8.196162322956114,65536,4025176,sharded,7723.1979438359085,1000,9.375,ed25519,plumtree,kademlia,380.79709999999994,6,8,9,14
memo,1024,8192000,1024,8192000,0.01,16,0.1571734961642106,8192,9502048,sharded,50371.29155496102,1000,0.146484375,ed25519,gossip,kademlia,944.8679999999797,3,4,4,6
memo,1024,8192000,1024,8192000,0.01,16,0.15620150211589995,8192,10343504,sharded,50815.849351502686,1000,0.146484375,ed25519,gossipsub,kademlia,1022.0213999999984,3,4,4,5
memo,1024,8192000,1024,8192000,0.01,16,0.16036344754824436,8192,4003517,sharded,49305.45034348485,1000,0.146484375,ed25519,plumtree,kademlia,380.61415000000017,6,8,9,15
memo,1024,8192000,1024,8192000,0.01,16,0.2826976272279649,8192,9584746,sharded,28043.334065931533,1000,0.29296875,ed25519,gossip,kademlia,952.0909999999801,3,4,4,5
memo,1024,8192000,1024,8192000,0.01,16,0.2801750731114118,8192,10339912,sharded,28233.689429089332,1000,0.29296875,ed25519,gossipsub,kademlia,1022.2403999999991,3,4,4,6
memo,1024,8192000,1024,8192000,0.01,16,0.2849888484567339,8192,3962133,sharded,27719.063545040066,1000,0.29296875,ed25519,plumtree,kademlia,380.7346000000008,6,8,9,14
memo,1024,8192000,1024,8192000,0.01,16,0.5336864937447517,8192,9513466,sharded,14840.368067826686,1000,0.5859375,ed25519,gossip,kademlia,943.3144999999797,3,4,4,6
memo,1024,8192000,1024,8192000,0.01,16,0.5314972366945075,8192,10328168,sharded,14867.780026751097,1000,0.5859375,ed25519,gossipsub,kademlia,1020.5537999999997,3,4,4,5
memo,1024,8192000,1024,8192000,0.01,16,0.5315308669663162,8192,4010984,sharded,14910.185828403135,1000,0.5859375,ed25519,plumtree,kademlia,380.4501500000001,6,8,9,15
memo,1024,8192000,1024,8192000,0.01,16,1015.8313014105296,8192,9512880,sharded,7.800704692793848,1000,1200.0,ed25519,gossip,kademlia,941.20149999998,3,4,4,5
memo,1024,8192000,1024,8192000,0.01,16,1027.7869064876916,8192,10338344,sharded,7.712454741312594,1000,1200.0,ed25519,gossipsub,kademlia,1022.9219999999997,3,4,4,5
memo,1024,8192000,1024,8192000,0.01,16,1027.2236836109832,8192,3965515,sharded,7.681294859034961,1000,1200.0,ed25519,plumtree,kademlia,380.6721000000007,6,8,9,14
memo,1024,8192000,1024,8192000,0.01,16,128.18066799236144,8192,9599802,sharded,61.69672949801817,1000,150.0,ed25519,gossip,kademlia,947.9469999999793,3,4,4,6
memo,1024,8192000,1024,8192000,0.01,16,128.9251416504768,8192,10310368,sharded,61.451660231475884,1000,150.0,ed25519,gossipsub,kademlia,1020.2591999999993,3,4,4,5
memo,1024,8192000,1024,8192000,0.01,16,128.88288237162996,8192,4010325,sharded,61.40427537289499,1000,150.0,ed25519,plumtree,kademlia,380.52989999999966,6,8,9,14
memo,1024,8192000,1024,8192000,0.01,16,16.095628166636505,8192,9577996,sharded,491.90649274637934,1000,18.75,ed25519,gossip,kademlia,942.01199999998,3,4,4,6
memo,1024,8192000,1024,8192000,0.01,16,16.13269359105122,8192,10323116,sharded,491.0619516380331,1000,18.75,ed25519,gossipsub,kademlia,1020.3731999999994,3,4,4,5
memo,1024,8192000,1024,8192000,0.01,16,15.950228484754822,8192,4009858,sharded,497.2252283144588,1000,18.75,ed25519,plumtree,kademlia,380.5652000000001,6,8,9,15
memo,1024,8192000,1024,8192000,0.01,16,1.0270799767551393,8192,9597248,sharded,7715.7691507496775,1000,1.171875,ed25519,gossip,kademlia,946.3409999999801,3,4,4,5
memo,1024,8192000,1024,8192000,0.01,16,1.0311731392337986,8192,10320892,sharded,7689.114173291413,1000,1.171875,ed25519,gossipsub,kademlia,1020.3515999999987,3,4,4,5
memo,1024,8192000,1024,8192000,0.01,16,1.0456674085333233,8192,3994340,sharded,7570.292365813687,1000,1.171875,ed25519,plumtree,kademlia,380.6843000000004,6,8,9,15
memo,1024,8192000,1024,8192000,0.01,16,2.0463467903213126,8192,9576002,sharded,3867.1099333839934,1000,2.34375,ed25519,gossip,kademlia,943.2914999999813,3,4,4,5
memo,1024,8192000,1024,8192000,0.01,16,2.0221035854705236,8192,10353996,sharded,3916.7647280329957,1000,2.34375,ed25519,gossipsub,kademlia,1021.9889999999999,3,4,4,5
memo,1024,8192000,1024,8192000,0.01,16,2.0232874971880173,8192,3989967,sharded,3921.8114138638557,1000,2.34375,ed25519,plumtree,kademlia,380.48235000000005,6,8,9,14
memo,1024,8192000,1024,8192000,0.01,16,256.15805115665984,8192,9472480,sharded,30.914819831904836,1000,300.0,ed25519,gossip,kademlia,939.3809999999806,3,4,4,6
memo,1024,8192000,1024,8192000,0.01,16,259.19601695496254,8192,10335216,sharded,30.514944222211238,1000,300.0,ed25519,gossipsub,kademlia,1020.7085999999988,3,4,4,5
memo,1024,8192000,1024,8192000,0.01,16,260.30380489554767,8192,4029091,sharded,30.341807731812725,1000,300.0,ed25519,plumtree,kademlia,380.6213,6,8,9,14
memo,1024,8192000,1024,8192000,0.01,16,32.05056481195138,8192,9624116,sharded,247.2725222316442,1000,37.5,ed25519,gossip,kademlia,952.1834999999792,3,4,4,5
memo,1024,8192000,1024,8192000,0.01,16,32.37996416864526,8192,10335892,sharded,244.48822607610745,1000,37.5,ed25519,gossipsub,kademlia,1021.5251999999963,3,4,4,5
memo,1024,8192000,1024,8192000,0.01,16,32.34630161899382,8192,3977558,sharded,244.03037147730456,1000,37.5,ed25519,plumtree,kademlia,380.48545000000036,6,8,9,14
memo,1024,8192000,1024,8192000,0.01,16,4.0159408013617774,8192,9560830,sharded,1973.8239162569555,1000,4.6875,ed25519,gossip,kademlia,943.9874999999815,3,4,4,5
memo,1024,8192000,1024,8192000,0.01,16,4.089298565555461,8192,10344800,sharded,1932.7813494895586,1000,4.6875,ed25519,gossipsub,kademlia,1021.9758000000013,3,4,4,5
memo,1024,8192000,1024,8192000,0.01,16,4.016821697160569,8192,4009129,sharded,1974.7931568900083,1000,4.6875,ed25519,plumtree,kademlia,380.5263500000004,6,8,9,14
memo,1024,8192000,1024,8192000,0.01,16,517.3436989456784,8192,9538022,sharded,15.291358561285291,1000,600.0,ed25519,gossip,kademlia,943.4954999999819,3,4,4,5
memo,1024,8192000,1024,8192000,0.01,16,515.3564476882617,8192,10314528,sharded,15.359264515863924,1000,600.0,ed25519,gossipsub,kademlia,1020.1061999999996,3,4,4,5
memo,1024,8192000,1024,8192000,0.01,16,516.521923605026,8192,4032699,sharded,15.333529203798802,1000,600.0,ed25519,plumtree,kademlia,380.6242500000004,6,8,9,14
memo,1024,8192000,1024,8192000,0.01,16,65.02538158223939,8192,9547118,sharded,121.63484177323627,1000,75.0,ed25519,gossip,kademlia,941.5464999999812,3,4,4,5
memo,1024,8192000,1024,8192000,0.01,16,64.09224399191037,8192,10334476,sharded,123.54156301657041,1000,75.0,ed25519,gossipsub,kademlia,1022.2181999999997,3,4,4,5
memo,1024,8192000,1024,8192000,0.01,16,64.41940923499686,8192,4004236,sharded,123.05719804231587,1000,75.0,ed25519,plumtree,kademlia,380.64805000000047,6,8,9,14
memo,1024,8192000,1024,8192000,0.01,16,8.155672060858063,8192,9598302,sharded,969.3582504307107,1000,9.375,ed25519,gossip,kademlia,947.8859999999797,3,4,4,6
memo,1024,8192000,1024,8192000,0.01,16,8.067705336059952,8192,10316844,sharded,981.8950581391355,1000,9.375,ed25519,gossipsub,kademlia,1019.0129999999996,3,4,4,5
memo,1024,8192000,1024,8192000,0.01,16,8.094765500815763,8192,4011666,sharded,977.6638988742118,1000,9.375,ed25519,plumtree,kademlia,380.45804999999973,6,8,9,15
memo,1024,1024000,1024,1024000,0.01,1,0.20653262971243566,1024,9533530,conventional,4962.896184622991,1000,0.146484375,ed25519,gossip,kademlia,947.5874999999805,3,4,4,5
memo,1024,1024000,1024,1024000,0.01,1,0.1989777064439482,1024,10223652,conventional,5151.330861725162,1000,0.146484375,ed25519,gossipsub,kademlia,1020.9311999999986,3,4,4,5
memo,1024,1024000,1024,1024000,0.01,1,0.20638425850072428,1024,3897123,conventional,4966.464048402232,1000,0.146484375,ed25519,plumtree,kademlia,380.45894999999985,6,8,9,14
memo,1024,1024000,1024,1024000,0.01,1,0.3540839219927827,1024,9470740,conventional,2894.7939636211227,1000,0.29296875,ed25519,gossip,kademlia,945.5129999999785,3,4,4,6
memo,1024,1024000,1024,1024000,0.01,1,0.35507876792697135,1024,10211040,conventional,2886.68344205478,1000,0.29296875,ed25519,gossipsub,kademlia,1021.699799999999,3,4,4,5
memo,1024,1024000,1024,1024000,0.01,1,0.36812630077800934,1024,3909768,conventional,2784.3704669667277,1000,0.29296875,ed25519,plumtree,kademlia,380.71045,6,8,9,14
memo,1024,1024000,1024,1024000,0.01,1,0.651102245388951,1024,9433920,conventional,1574.2535174144462,1000,0.5859375,ed25519,gossip,kademlia,943.0284999999807,3,4,4,5
memo,1024,1024000,1024,1024000,0.01,1,0.6386035104277654,1024,10222920,conventional,1605.0647753461437,1000,0.5859375,ed25519,gossipsub,kademlia,1020.2892000000004,3,4,4,5
memo,1024,1024000,1024,1024000,0.01,1,0.6793225406236183,1024,3891326,conventional,1508.8561599311126,1000,0.5859375,ed25519,plumtree,kademlia,380.5672500000002,6,8,9,14
memo,1024,1024000,1024,1024000,0.01,1,1198.8205945367304,1024,9479960,conventional,0.8550069999390516,1000,1200.0,ed25519,gossip,kademlia,946.3284999999803,3,4,4,6
memo,1024,1024000,1024,1024000,0.01,1,1252.260033366173,1024,10219836,conventional,0.8185200938216639,1000,1200.0,ed25519,gossipsub,kademlia,1021.2485999999992,3,4,4,5
memo,1024,1024000,1024,1024000,0.01,1,1156.128074761238,1024,3865652,conventional,0.88657997532988,1000,1200.0,ed25519,plumtree,kademlia,380.7896500000009,6,8,9,16
memo,1024,1024000,1024,1024000,0.01,1,143.5488182590207,1024,9479660,conventional,7.140427991197263,1000,150.0,ed25519,gossip,kademlia,946.913499999979,3,4,4,5
memo,1024,1024000,1024,1024000,0.01,1,152.47923078764586,1024,10235184,conventional,6.722226985965667,1000,150.0,ed25519,gossipsub,kademlia,1022.2182000000004,3,4,4,5
memo,1024,1024000,1024,1024000,0.01,1,153.75075524719776,1024,3886153,conventional,6.666633918981556,1000,150.0,ed25519,plumtree,kademlia,380.5440000000009,6,8,9,14
memo,1024,1024000,1024,1024000,0.01,1,18.81803585435061,1024,9459580,conventional,54.46902152452996,1000,18.75,ed25519,gossip,kademlia,940.6499999999796,3,4,4,5
memo,1024,1024000,1024,1024000,0.01,1,18.51765370066457,1024,10216632,conventional,55.35258497480241,1000,18.75,ed25519,gossipsub,kademlia,1021.954199999998,3,4,4,5
memo,1024,1024000,1024,1024000,0.01,1,19.142918602384277,1024,3889630,conventional,53.544604210579195,1000,18.75,ed25519,plumtree,kademlia,380.639400000001,6,8,9,14
memo,1024,1024000,1024,1024000,0.01,1,1.2373830158758519,1024,9418260,conventional,828.3611354358846,1000,1.171875,ed25519,gossip,kademlia,939.7974999999796,3,4,4,5
memo,1024,1024000,1024,1024000,0.01,1,1.210199375482564,1024,10229904,conventional,846.9678804711693,1000,1.171875,ed25519,gossipsub,kademlia,1022.9904000000008,3,4,4,5
memo,1024,1024000,1024,1024000,0.01,1,1.1669243955306114,1024,3887007,conventional,878.3773858236316,1000,1.171875,ed25519,plumtree,kademlia,380.56050000000005,6,8,9,14
memo,1024,1024000,1024,1024000,0.01,1,2.2773867446552503,1024,9441660,conventional,450.0772661497,1000,2.34375,ed25519,gossip,kademlia,941.0574999999806,3,4,4,5
memo,1024,1024000,1024,1024000,0.01,1,2.4297208321397457,1024,10247364,conventional,421.85916441162857,1000,2.34375,ed25519,gossipsub,kademlia,1022.3579999999982,3,4,4,5
memo,1024,1024000,1024,1024000,0.01,1,2.3803699231142907,1024,3888980,conventional,430.6053399712637,1000,2.34375,ed25519,plumtree,kademlia,380.43404999999973,6,8,9,15
memo,1024,1024000,1024,1024000,0.01,1,285.0840329328304,1024,9488380,conventional,3.5954311065941167,1000,300.0,ed25519,gossip,kademlia,948.551999999981,3,4,4,5
memo,1024,1024000,1024,1024000,0.01,1,297.4256238465702,1024,10221192,conventional,3.446239724552972,1000,300.0,ed25519,gossipsub,kademlia,1022.6927999999972,3,4,4,5
memo,1024,1024000,1024,1024000,0.01,1,295.89311171133915,1024,3931545,conventional,3.4640887517515,1000,300.0,ed25519,plumtree,kademlia,380.7629999999997,6,8,9,15
memo,1024,1024000,1024,1024000,0.01,1,36.464964737175784,1024,9502250,conventional,28.109172938676107,1000,37.5,ed25519,gossip,kademlia,946.8424999999789,3,4,4,5
memo,1024,1024000,1024,1024000,0.01,1,35.7697704766998,1024,10223892,conventional,28.655481607512087,1000,37.5,ed25519,gossipsub,kademlia,1021.405200000002,3,4,4,5
memo,1024,1024000,1024,1024000,0.01,1,36.788605043304635,1024,3885140,conventional,27.861888179599394,1000,37.5,ed25519,plumtree,kademlia,380.5778000000006,6,8,9,15
memo,1024,1024000,1024,1024000,0.01,1,4.912466876449542,1024,9404640,conventional,208.65280637593082,1000,4.6875,ed25519,gossip,kademlia,942.0414999999804,3,4,4,5
memo,1024,1024000,1024,1024000,0.01,1,4.704865688874578,1024,10221576,conventional,217.85956662350208,1000,4.6875,ed25519,gossipsub,kademlia,1021.2473999999976,3,4,4,5
memo,1024,1024000,1024,1024000,0.01,1,5.108507115745699,1024,3894019,conventional,200.64570270259452,1000,4.6875,ed25519,plumtree,kademlia,380.58369999999877,6,8,9,14
memo,1024,1024000,1024,1024000,0.01,1,605.6830732450134,1024,9420250,conventional,1.692304185600648,1000,600.0,ed25519,gossip,kademlia,950.2644999999801,3,4,4,5
memo,1024,1024000,1024,1024000,0.01,1,610.4695535302483,1024,10198620,conventional,1.6790354147435989,1000,600.0,ed25519,gossipsub,kademlia,1021.594799999999,3,4,4,5
memo,1024,1024000,1024,1024000,0.01,1,629.2702453863906,1024,3888930,conventional,1.6288709143884907,1000,600.0,ed25519,plumtree,kademlia,380.53284999999926,6,8,9,14
memo,1024,1024000,1024,1024000,0.01,1,75.25851983482474,1024,9456700,conventional,13.619720428326799,1000,75.0,ed25519,gossip,kademlia,943.5809999999807,3,4,4,5
memo,1024,1024000,1024,1024000,0.01,1,76.36326807738266,1024,10220472,conventional,13.422683782487113,1000,75.0,ed25519,gossipsub,kademlia,1022.491799999999,3,4,4,5
memo,1024,1024000,1024,1024000,0.01,1,73.00473502799343,1024,3875305,conventional,14.040185196302227,1000,75.0,ed25519,plumtree,kademlia,380.5257000000002,6,8,9,15
memo,1024,1024000,1024,1024000,0.01,1,9.398876435572884,1024,9425400,conventional,109.05558840209648,1000,9.375,ed25519,gossip,kademlia,946.533999999981,3,4,4,5
memo,1024,1024000,1024,1024000,0.01,1,9.813610119174298,1024,10209972,conventional,104.44678233113278,1000,9.375,ed25519,gossipsub,kademlia,1022.0135999999983,3,4,4,5
memo,1024,1024000,1024,1024000,0.01,1,9.270914383777287,1024,3902173,conventional,110.56083117255368,1000,9.375,ed25519,plumtree,kademlia,380.6390500000008,6,8,9,14
memo,1024,131072000,1024,131072000,0.01,1,6.700380566837728,131072,9484500,conventional,19562.023185477126,1000,0.146484375,ed25519,gossip,kademlia,950.7564999999792,3,4,4,6
memo,1024,131072000,1024,131072000,0.01,1,6.712965753833452,131072,10214184,conventional,19525.349123842992,1000,0.146484375,ed25519,gossipsub,kademlia,1021.3241999999998,3,4,4,5
memo,1024,131072000,1024,131072000,0.01,1,6.705699196980111,131072,3902793,conventional,19546.507552714007,1000,0.146484375,ed25519,plumtree,kademlia,380.6788500000004,6,8,9,15
memo,1024,131072000,1024,131072000,0.01,1,6.856819191868073,131072,9451850,conventional,19115.714784407264,1000,0.29296875,ed25519,gossip,kademlia,941.6284999999806,3,4,4,6
memo,1024,131072000,1024,131072000,0.01,1,6.838752385854761,131072,10203216,conventional,19166.21521070286,1000,0.29296875,ed25519,gossipsub,kademlia,1019.7683999999997,3,4,4,5
memo,1024,131072000,1024,131072000,0.01,1,6.843499015461136,131072,3842863,conventional,19152.92158351657,1000,0.29296875,ed25519,plumtree,kademlia,380.61674999999923,6,8,9,14
memo,1024,131072000,1024,131072000,0.01,1,7.144725575380486,131072,9540440,conventional,18345.421194573988,1000,0.5859375,ed25519,gossip,kademlia,947.6959999999808,3,4,4,5
memo,1024,131072000,1024,131072000,0.01,1,7.131978962171721,131072,10225680,conventional,18378.209006955294,1000,0.5859375,ed25519,gossipsub,kademlia,1022.007599999999,3,4,4,5
memo,1024,131072000,1024,131072000,0.01,1,7.137327662736621,131072,3890765,conventional,18364.43641004755,1000,0.5859375,ed25519,plumtree,kademlia,380.62865000000056,6,8,9,15
memo,1024,131072000,1024,131072000,0.01,1,1289.3501277587654,131072,9444120,conventional,101.65818979507131,1000,1200.0,ed25519,gossip,kademlia,943.1499999999792,3,4,4,6
memo,1024,131072000,1024,131072000,0.01,1,1255.914945731225,131072,10225560,conventional,104.36455147341687,1000,1200.0,ed25519,gossipsub,kademlia,1020.8435999999994,3,4,4,5
memo,1024,131072000,1024,131072000,0.01,1,1234.3460569058816,131072,3884862,conventional,106.1882113744981,1000,1200.0,ed25519,plumtree,kademlia,380.4944999999997,6,8,9,15
memo,1024,131072000,1024,131072000,0.01,1,159.79093200436716,131072,9412560,conventional,820.2780868467411,1000,150.0,ed25519,gossip,kademlia,942.4659999999826,3,4,4,5
memo,1024,131072000,1024,131072000,0.01,1,154.85707970117417,131072,10217100,conventional,846.4127068192812,1000,150.0,ed25519,gossipsub,kademlia,1021.1508000000001,3,4,4,5
memo,1024,131072000,1024,131072000,0.01,1,156.90133357433197,131072,3811562,conventional,835.3848690387592,1000,150.0,ed25519,plumtree,kademlia,380.765450000001,6,8,9,14
memo,1024,131072000,1024,131072000,0.01,1,25.217031136223724,131072,9423810,conventional,5197.796651474822,1000,18.75,ed25519,gossip,kademlia,943.1789999999789,3,4,4,5
memo,1024,131072000,1024,131072000,0.01,1,24.531574879731707,131072,10254372,conventional,5343.032424236821,1000,18.75,ed25519,gossipsub,kademlia,1023.4775999999988,3,4,4,5
memo,1024,131072000,1024,131072000,0.01,1,25.835974044064674,131072,3881532,conventional,5073.274952840864,1000,18.75,ed25519,plumtree,kademlia,380.55880000000036,6,8,9,15
memo,1024,131072000,1024,131072000,0.01,1,7.743441012863439,131072,9475080,conventional,16926.970810814073,1000,1.171875,ed25519,gossip,kademlia,943.497499999981,3,4,4,6
memo,1024,131072000,1024,131072000,0.01,1,7.670973625290411,131072,10233624,conventional,17086.879241491042,1000,1.171875,ed25519,gossipsub,kademlia,1021.8149999999989,3,4,4,5
memo,1024,131072000,1024,131072000,0.01,1,7.683897120912517,131072,3899393,conventional,17058.14093258372,1000,1.171875,ed25519,plumtree,kademlia,380.45504999999974,6,8,9,15
memo,1024,131072000,1024,131072000,0.01,1,8.95501368031983,131072,9516090,conventional,14636.828560971971,1000,2.34375,ed25519,gossip,kademlia,947.4354999999798,3,4,4,5
memo,1024,131072000,1024,131072000,0.01,1,8.962150328232804,131072,10204668,conventional,14625.173111311286,1000,2.34375,ed25519,gossipsub,kademlia,1019.3207999999995,3,4,4,5
memo,1024,131072000,1024,131072000,0.01,1,8.854002801864892,131072,3900376,conventional,14803.812798928919,1000,2.34375,ed25519,plumtree,kademlia,380.62914999999987,6,8,9,14
memo,1024,131072000,1024,131072000,0.01,1,290.50319633512737,131072,9449320,conventional,451.1929701757667,1000,300.0,ed25519,gossip,kademlia,949.57749999998,3,4,4,5
memo,1024,131072000,1024,131072000,0.01,1,297.62275552213424,131072,10210920,conventional,440.39979325523075,1000,300.0,ed25519,gossipsub,kademlia,1022.1035999999991,3,4,4,5
memo,1024,131072000,1024,131072000,0.01,1,295.60225747058377,131072,3895244,conventional,443.41001019940944,1000,300.0,ed25519,plumtree,kademlia,380.5483999999998,6,8,9,14
memo,1024,131072000,1024,131072000,0.01,1,43.514185257204005,131072,9489130,conventional,3012.190145012543,1000,37.5,ed25519,gossip,kademlia,947.1154999999782,3,4,4,6
memo,1024,131072000,1024,131072000,0.01,1,45.53430310072388,131072,10206276,conventional,2878.5550908742525,1000,37.5,ed25519,gossipsub,kademlia,1021.4963999999986,3,4,4,5
memo,1024,131072000,1024,131072000,0.01,1,43.67332722975026,131072,3892296,conventional,3001.2139746181992,1000,37.5,ed25519,plumtree,kademlia,380.66774999999984,6,8,9,14
memo,1024,131072000,1024,131072000,0.01,1,11.281436807256085,131072,9384000,conventional,11618.466888516845,1000,4.6875,ed25519,gossip,kademlia,939.6429999999808,3,4,4,5
memo,1024,131072000,1024,131072000,0.01,1,11.185124936701113,131072,10194576,conventional,11718.510141081897,1000,4.6875,ed25519,gossipsub,kademlia,1021.2641999999981,3,4,4,5
memo,1024,131072000,1024,131072000,0.01,1,11.130716228259754,131072,3921414,conventional,11775.792079508685,1000,4.6875,ed25519,plumtree,kademlia,380.61199999999997,6,8,9,13
memo,1024,131072000,1024,131072000,0.01,1,616.5924924630108,131072,9367950,conventional,212.57638002762906,1000,600.0,ed25519,gossip,kademlia,940.5944999999807,3,4,4,6
memo,1024,131072000,1024,131072000,0.01,1,598.4630831520738,131072,10206324,conventional,219.01601567409196,1000,600.0,ed25519,gossipsub,kademlia,1020.1781999999995,3,4,4,5
memo,1024,131072000,1024,131072000,0.01,1,611.3548719678367,131072,3872184,conventional,214.39757170512206,1000,600.0,ed25519,plumtree,kademlia,380.5113,6,8,9,14
memo,1024,131072000,1024,131072000,0.01,1,86.11705968749213,131072,9399520,conventional,1522.0329221137747,1000,75.0,ed25519,gossip,kademlia,938.3974999999808,3,4,4,5
memo,1024,131072000,1024,131072000,0.01,1,85.2400798281187,131072,10220148,conventional,1537.692131029212,1000,75.0,ed25519,gossipsub,kademlia,1023.0761999999985,3,4,4,5
memo,1024,131072000,1024,131072000,0.01,1,83.15061409953175,131072,3902709,conventional,1576.3323147933083,1000,75.0,ed25519,plumtree,kademlia,380.596800000001,6,8,9,14
memo,1024,131072000,1024,131072000,0.01,1,16.003554893614442,131072,9377250,conventional,8190.242784888955,1000,9.375,ed25519,gossip,kademlia,945.2834999999808,3,4,4,5
memo,1024,131072000,1024,131072000,0.01,1,15.858323041585379,131072,10218432,conventional,8265.249715009995,1000,9.375,ed25519,gossipsub,kademlia,1021.6313999999994,3,4,4,5
memo,1024,131072000,1024,131072000,0.01,1,15.78522744597776,131072,3917931,conventional,8303.523053346866,1000,9.375,ed25519,plumtree,kademlia,380.61534999999975,6,8,9,13
memo,1024,16384000,1024,16384000,0.01,1,0.9698136274046526,16384,9500800,conventional,16894.998726557795,1000,0.146484375,ed25519,gossip,kademlia,947.8859999999803,3,4,4,5
memo,1024,16384000,1024,16384000,0.01,1,0.9680318675744154,16384,10215804,conventional,16926.095667754904,1000,0.146484375,ed25519,gossipsub,kademlia,1021.6541999999982,3,4,4,5
memo,1024,16384000,1024,16384000,0.01,1,0.9741747734471431,16384,3809741,conventional,16819.363882746875,1000,0.146484375,ed25519,plumtree,kademlia,380.8509499999996,6,8,9,14
memo,1024,16384000,1024,16384000,0.01,1,1.1160679845646222,16384,9426090,conventional,14681.005303088039,1000,0.29296875,ed25519,gossip,kademlia,945.01699999998,3,4,4,5
memo,1024,16384000,1024,16384000,0.01,1,1.1224719024122076,16384,10201212,conventional,14597.247347384295,1000,0.29296875,ed25519,gossipsub,kademlia,1021.2455999999993,3,4,4,5
memo,1024,16384000,1024,16384000,0.01,1,1.1218797919107362,16384,3822599,conventional,14604.95154484759,1000,0.29296875,ed25519,plumtree,kademlia,380.87255,6,8,9,13
memo,1024,16384000,1024,16384000,0.01,1,1.4460943827289574,16384,9454510,conventional,11330.519083463621,1000,0.5859375,ed25519,gossip,kademlia,943.2364999999805,3,4,4,5
memo,1024,16384000,1024,16384000,0.01,1,1.445286835811439,16384,10244688,conventional,11336.8499553245,1000,0.5859375,ed25519,gossipsub,kademlia,1022.7587999999974,3,4,4,5
memo,1024,16384000,1024,16384000,0.01,1,1.4017717729778105,16384,3888769,conventional,11688.778669863663,1000,0.5859375,ed25519,plumtree,kademlia,380.6301999999999,6,8,9,14
memo,1024,16384000,1024,16384000,0.01,1,1149.7301991777663,16384,9442770,conventional,14.251169545444482,1000,1200.0,ed25519,gossip,kademlia,947.5399999999806,3,4,4,6
memo,1024,16384000,1024,16384000,0.01,1,1168.4884658402934,16384,10201560,conventional,14.022389162581147,1000,1200.0,ed25519,gossipsub,kademlia,1020.8759999999996,3,4,4,5
memo,1024,16384000,1024,16384000,0.01,1,1264.408915188338,16384,3895031,conventional,12.958624226055381,1000,1200.0,ed25519,plumtree,kademlia,380.30589999999944,6,8,9,15
memo,1024,16384000,1024,16384000,0.01,1,148.57111230849733,16384,9511040,conventional,110.28388860667418,1000,150.0,ed25519,gossip,kademlia,948.2339999999791,3,4,4,6
memo,1024,16384000,1024,16384000,0.01,1,150.02904697812124,16384,10215492,conventional,109.21218477372203,1000,150.0,ed25519,gossipsub,kademlia,1022.584199999998,3,4,4,5
memo,1024,16384000,1024,16384000,0.01,1,149.26330617010973,16384,3863842,conventional,109.7724579497565,1000,150.0,ed25519,plumtree,kademlia,380.68790000000047,6,8,9,13
memo,1024,16384000,1024,16384000,0.01,1,20.418277139390696,16384,9514600,conventional,802.4673133851364,1000,18.75,ed25519,gossip,kademlia,947.9929999999795,3,4,4,6
memo,1024,16384000,1024,16384000,0.01,1,20.34687279614673,16384,10195980,conventional,805.2834538338969,1000,18.75,ed25519,gossipsub,kademlia,1020.7505999999993,3,4,4,5
memo,1024,16384000,1024,16384000,0.01,1,20.04453619005911,16384,3888656,conventional,817.4297396876651,1000,18.75,ed25519,plumtree,kademlia,380.5714999999993,6,8,9,13
memo,1024,16384000,1024,16384000,0.01,1,1.9879813681820164,16384,9484120,conventional,8242.028955726015,1000,1.171875,ed25519,gossip,kademlia,950.4674999999801,3,4,4,6
memo,1024,16384000,1024,16384000,0.01,1,1.9814317004255,16384,10228848,conventional,8269.273170748922,1000,1.171875,ed25519,gossipsub,kademlia,1022.9339999999978,3,4,4,5
memo,1024,16384000,1024,16384000,0.01,1,2.022562430387627,16384,3907522,conventional,8101.109638855395,1000,1.171875,ed25519,plumtree,kademlia,380.69214999999946,6,8,9,14
memo,1024,16384000,1024,16384000,0.01,1,3.2543711866302063,16384,9501630,conventional,5034.766798364548,1000,2.34375,ed25519,gossip,kademlia,946.2389999999801,3,4,4,5
memo,1024,16384000,1024,16384000,0.01,1,3.055230842255237,16384,10213692,conventional,5362.933554279425,1000,2.34375,ed25519,gossipsub,kademlia,1020.6989999999983,3,4,4,5
memo,1024,16384000,1024,16384000,0.01,1,3.0280251431891103,16384,3929729,conventional,5411.117551931339,1000,2.34375,ed25519,plumtree,kademlia,380.6612000000003,6,8,9,15
memo,1024,16384000,1024,16384000,0.01,1,292.6380334146069,16384,9418270,conventional,55.990671509146864,1000,300.0,ed25519,gossip,kademlia,938.0284999999802,3,4,4,5
memo,1024,16384000,1024,16384000,0.01,1,308.10935156954594,16384,10208796,conventional,53.17917134463089,1000,300.0,ed25519,gossipsub,kademlia,1021.5371999999992,3,4,4,5
memo,1024,16384000,1024,16384000,0.01,1,303.4839063253748,16384,3836416,conventional,53.989683335738796,1000,300.0,ed25519,plumtree,kademlia,380.5189499999996,6,8,9,15
memo,1024,16384000,1024,16384000,0.01,1,39.90512581539691,16384,9521040,conventional,410.5988808504908,1000,37.5,ed25519,gossip,kademlia,949.38499999998,3,4,4,6
memo,1024,16384000,1024,16384000,0.01,1,38.58309089889771,16384,10198464,conventional,424.66789513921776,1000,37.5,ed25519,gossipsub,kademlia,1020.6665999999997,3,4,4,5
memo,1024,16384000,1024,16384000,0.01,1,39.001937598040925,16384,3842443,conventional,420.10733335522855,1000,37.5,ed25519,plumtree,kademlia,380.6396500000009,6,8,9,14
memo,1024,16384000,1024,16384000,0.01,1,5.678068495835214,16384,9493230,conventional,2885.664379008139,1000,4.6875,ed25519,gossip,kademlia,939.4564999999801,3,4,4,5
memo,1024,16384000,1024,16384000,0.01,1,5.501943199211641,16384,10235364,conventional,2978.0387413573744,1000,4.6875,ed25519,gossipsub,kademlia,1023.7871999999986,3,4,4,5
memo,1024,16384000,1024,16384000,0.01,1,5.685926255743707,16384,3893205,conventional,2881.6764873530487,1000,4.6875,ed25519,plumtree,kademlia,380.60454999999973,6,8,9,15
memo,1024,16384000,1024,16384000,0.01,1,602.0730735033152,16384,9377680,conventional,27.214304577116714,1000,600.0,ed25519,gossip,kademlia,941.1294999999806,3,4,4,6
memo,1024,16384000,1024,16384000,0.01,1,632.7618112864836,16384,10197996,conventional,25.894419839729665,1000,600.0,ed25519,gossipsub,kademlia,1020.1967999999993,3,4,4,5
memo,1024,16384000,1024,16384000,0.01,1,576.5978775739667,16384,3893616,conventional,28.41668455135462,1000,600.0,ed25519,plumtree,kademlia,380.61085,6,8,9,14
memo,1024,16384000,1024,16384000,0.01,1,74.2349781562778,16384,9479280,conventional,220.71805511286965,1000,75.0,ed25519,gossip,kademlia,945.3699999999807,3,4,4,5
memo,1024,16384000,1024,16384000,0.01,1,73.57821412355965,16384,10226016,conventional,222.68819915205776,1000,75.0,ed25519,gossipsub,kademlia,1022.760599999998,3,4,4,5
memo,1024,16384000,1024,16384000,0.01,1,74.98339541037622,16384,3895647,conventional,218.5150447019186,1000,75.0,ed25519,plumtree,kademlia,380.5917500000003,6,8,9,14
memo,1024,16384000,1024,16384000,0.01,1,9.767294969767308,16384,9439890,conventional,1677.5371329233387,1000,9.375,ed25519,gossip,kademlia,943.8379999999803,3,4,4,6
memo,1024,16384000,1024,16384000,0.01,1,10.690731190105312,16384,10196184,conventional,1532.6360478659265,1000,9.375,ed25519,gossipsub,kademlia,1020.4967999999978,3,4,4,5
memo,1024,16384000,1024,16384000,0.01,1,10.582812117097491,16384,3920952,conventional,1548.265226548674,1000,9.375,ed25519,plumtree,kademlia,380.6654999999995,6,8,9,16
memo,1024,2048000,1024,2048000,0.01,1,0.24945920432864477,2048,9462190,conventional,8213.76788046108,1000,0.146484375,ed25519,gossip,kademlia,952.2679999999796,3,4,4,5
memo,1024,2048000,1024,2048000,0.01,1,0.25126011823235767,2048,10251624,conventional,8154.895470140421,1000,0.146484375,ed25519,gossipsub,kademlia,1022.6051999999983,3,4,4,5
memo,1024,2048000,1024,2048000,0.01,1,0.25508325234549195,2048,3874770,conventional,8032.671612735974,1000,0.146484375,ed25519,plumtree,kademlia,380.7366500000003,6,8,9,15
memo,1024,2048000,1024,2048000,0.01,1,0.3958851039010103,2048,9407810,conventional,5175.744123255381,1000,0.29296875,ed25519,gossip,kademlia,940.8014999999804,3,4,4,5
memo,1024,2048000,1024,2048000,0.01,1,0.3974879640555252,2048,10245468,conventional,5154.873066077982,1000,0.29296875,ed25519,gossipsub,kademlia,1023.0731999999988,3,4,4,5
memo,1024,2048000,1024,2048000,0.01,1,0.4089181188843822,2048,3860113,conventional,5010.78310149259,1000,0.29296875,ed25519,plumtree,kademlia,380.66995000000065,6,8,9,13
memo,1024,2048000,1024,2048000,0.01,1,0.6514014014296352,2048,9506370,conventional,3145.5259314810273,1000,0.5859375,ed25519,gossip,kademlia,946.7134999999803,3,4,4,5
memo,1024,2048000,1024,2048000,0.01,1,0.6575210971015342,2048,10204392,conventional,3116.2498192565126,1000,0.5859375,ed25519,gossipsub,kademlia,1020.0204000000009,3,4,4,5
memo,1024,2048000,1024,2048000,0.01,1,0.7218657717895566,2048,3885899,conventional,2838.4778446003656,1000,0.5859375,ed25519,plumtree,kademlia,380.64260000000036,6,8,9,15
memo,1024,2048000,1024,2048000,0.01,1,1172.7876656864382,2048,9470200,conventional,1.7471193293977136,1000,1200.0,ed25519,gossip,kademlia,944.9109999999798,3,4,4,5
memo,1024,2048000,1024,2048000,0.01,1,1216.0980837277812,2048,10210668,conventional,1.6848969893275982,1000,1200.0,ed25519,gossipsub,kademlia,1020.0641999999993,3,4,4,5
memo,1024,2048000,1024,2048000,0.01,1,1176.9549427749546,2048,3886009,conventional,1.7409332554133206,1000,1200.0,ed25519,plumtree,kademlia,380.4840499999999,6,8,9,14
memo,1024,2048000,1024,2048000,0.01,1,146.11779733233084,2048,9519360,conventional,14.022932438132413,1000,150.0,ed25519,gossip,kademlia,951.1659999999807,3,4,4,5
memo,1024,2048000,1024,2048000,0.01,1,146.75881910176426,2048,10205832,conventional,13.961682252152762,1000,150.0,ed25519,gossipsub,kademlia,1020.2507999999997,3,4,4,5
memo,1024,2048000,1024,2048000,0.01,1,151.65881752219008,2048,3893246,conventional,13.51058931802761,1000,150.0,ed25519,plumtree,kademlia,380.42929999999933,6,8,9,16
memo,1024,2048000,1024,2048000,0.01,1,18.95292687472533,2048,9446300,conventional,108.10995122512942,1000,18.75,ed25519,gossip,kademlia,943.5314999999808,3,4,4,5
memo,1024,2048000,1024,2048000,0.01,1,17.940081489135906,2048,10189344,conventional,114.2135280288903,1000,18.75,ed25519,gossipsub,kademlia,1019.5614000000014,3,4,4,5
memo,1024,2048000,1024,2048000,0.01,1,17.880476402843122,2048,3883477,conventional,114.59426213465959,1000,18.75,ed25519,plumtree,kademlia,380.630799999999,6,8,9,14
memo,1024,2048000,1024,2048000,0.01,1,1.3509953628495788,2048,9443290,conventional,1516.65953588335,1000,1.171875,ed25519,gossip,kademlia,947.3814999999797,3,4,4,6
memo,1024,2048000,1024,2048000,0.01,1,1.2675574000664782,2048,10199712,conventional,1616.494842673427,1000,1.171875,ed25519,gossipsub,kademlia,1019.595599999999,3,4,4,5
memo,1024,2048000,1024,2048000,0.01,1,1.3316951884404278,2048,3854786,conventional,1538.640386918887,1000,1.171875,ed25519,plumtree,kademlia,380.60025000000013,6,8,9,15
memo,1024,2048000,1024,2048000,0.01,1,2.3972028987379823,2048,9486150,conventional,854.7461714979174,1000,2.34375,ed25519,gossip,kademlia,948.1184999999807,3,4,4,6
memo,1024,2048000,1024,2048000,0.01,1,2.5635846481555684,2048,10209660,conventional,799.2714426161825,1000,2.34375,ed25519,gossipsub,kademlia,1020.520199999998,3,4,4,5
memo,1024,2048000,1024,2048000,0.01,1,2.3729099944129453,2048,3885460,conventional,863.4967212512921,1000,2.34375,ed25519,plumtree,kademlia,380.5506000000004,6,8,9,14
memo,1024,2048000,1024,2048000,0.01,1,305.61135755031074,2048,9417040,conventional,6.704593757326859,1000,300.0,ed25519,gossip,kademlia,940.4174999999804,3,4,4,6
memo,1024,2048000,1024,2048000,0.01,1,309.3315477749166,2048,10199580,conventional,6.62396064914447,1000,300.0,ed25519,gossipsub,kademlia,1020.4307999999982,3,4,4,5
memo,1024,2048000,1024,2048000,0.01,1,311.7762521476973,2048,3845499,conventional,6.572020754901276,1000,300.0,ed25519,plumtree,kademlia,380.55785,6,8,9,14
memo,1024,2048000,1024,2048000,0.01,1,35.940385614052914,2048,9417740,conventional,57.01107444987535,1000,37.5,ed25519,gossip,kademlia,944.272499999981,3,4,4,5
memo,1024,2048000,1024,2048000,0.01,1,38.376632558280974,2048,10229052,conventional,53.39186539851484,1000,37.5,ed25519,gossipsub,kademlia,1021.6614,3,4,4,5
memo,1024,2048000,1024,2048000,0.01,1,37.37362213617102,2048,3916902,conventional,54.82476364036796,1000,37.5,ed25519,plumtree,kademlia,380.63109999999995,6,8,9,14
memo,1024,2048000,1024,2048000,0.01,1,4.5882715097313405,2048,9438680,conventional,446.5733982076349,1000,4.6875,ed25519,gossip,kademlia,946.5129999999791,3,4,4,6
memo,1024,2048000,1024,2048000,0.01,1,4.941607130331124,2048,10237728,conventional,414.642432301716,1000,4.6875,ed25519,gossipsub,kademlia,1022.8169999999992,3,4,4,5
memo,1024,2048000,1024,2048000,0.01,1,4.761970018620554,2048,3906057,conventional,430.28410342523614,1000,4.6875,ed25519,plumtree,kademlia,380.64850000000024,6,8,9,14
memo,1024,2048000,1024,2048000,0.01,1,591.1362367023216,2048,9517520,conventional,3.466206049946172,1000,600.0,ed25519,gossip,kademlia,948.1404999999806,3,4,4,5
memo,1024,2048000,1024,2048000,0.01,1,599.3630945861545,2048,10187784,conventional,3.418628905429662,1000,600.0,ed25519,gossipsub,kademlia,1021.215600000001,3,4,4,5
memo,1024,2048000,1024,2048000,0.01,1,611.4384570980935,2048,3896617,conventional,3.351114042980907,1000,600.0,ed25519,plumtree,kademlia,380.6349000000005,6,8,9,14
memo,1024,2048000,1024,2048000,0.01,1,70.32933382504861,2048,9405230,conventional,29.1343581484377,1000,75.0,ed25519,gossip,kademlia,943.7014999999792,3,4,4,5
memo,1024,2048000,1024,2048000,0.01,1,76.0955863442626,2048,10251792,conventional,26.926660249783186,1000,75.0,ed25519,gossipsub,kademlia,1023.7259999999989,3,4,4,5
memo,1024,2048000,1024,2048000,0.01,1,72.77319096235584,2048,3897227,conventional,28.155973001924675,1000,75.0,ed25519,plumtree,kademlia,380.53520000000054,6,8,9,14
memo,1024,2048000,1024,2048000,0.01,1,9.493318079546953,2048,9483280,conventional,215.8360209603115,1000,9.375,ed25519,gossip,kademlia,945.6209999999808,3,4,4,6
memo,1024,2048000,1024,2048000,0.01,1,9.695169934148113,2048,10232868,conventional,211.34235025453836,1000,9.375,ed25519,gossipsub,kademlia,1022.230799999998,3,4,4,5
memo,1024,2048000,1024,2048000,0.01,1,9.488788714228274,2048,3883816,conventional,215.93904782889305,1000,9.375,ed25519,plumtree,kademlia,380.5637500000003,6,8,9,13
memo,1024,262144000,1024,262144000,0.01,1,13.25822277151393,262144,9470400,conventional,19772.257904976064,1000,0.146484375,ed25519,gossip,kademlia,948.9889999999793,3,4,4,5
memo,1024,262144000,1024,262144000,0.01,1,13.254097557565924,262144,10218348,conventional,19778.411835391846,1000,0.146484375,ed25519,gossipsub,kademlia,1020.7925999999993,3,4,4,5
memo,1024,262144000,1024,262144000,0.01,1,13.26085631189037,262144,3919180,conventional,19768.3312324972,1000,0.146484375,ed25519,plumtree,kademlia,380.75830000000013,6,8,9,14
memo,1024,262144000,1024,262144000,0.01,1,13.403147816713894,262144,9392010,conventional,19558.46518928202,1000,0.29296875,ed25519,gossip,kademlia,939.5794999999796,3,4,4,6
memo,1024,262144000,1024,262144000,0.01,1,13.395067965571569,262144,10216740,conventional,19570.262776849915,1000,0.29296875,ed25519,gossipsub,kademlia,1019.9028000000005,3,4,4,5
memo,1024,262144000,1024,262144000,0.01,1,13.413520452143828,262144,3904052,conventional,19543.340686382035,1000,0.29296875,ed25519,plumtree,kademlia,380.6623,6,8,9,14
memo,1024,262144000,1024,262144000,0.01,1,13.671192274530561,262144,9483260,conventional,19174.99181752979,1000,0.5859375,ed25519,gossip,kademlia,944.2119999999805,3,4,4,5
memo,1024,262144000,1024,262144000,0.01,1,13.711674229588706,262144,10228092,conventional,19118.380119789595,1000,0.5859375,ed25519,gossipsub,kademlia,1022.1089999999981,3,4,4,5
memo,1024,262144000,1024,262144000,0.01,1,13.703351548047971,262144,3935774,conventional,19129.99159956181,1000,0.5859375,ed25519,plumtree,kademlia,380.7852500000008,6,8,9,14
memo,1024,262144000,1024,262144000,0.01,1,1153.8769229471184,262144,9463390,conventional,227.186275058223,1000,1200.0,ed25519,gossip,kademlia,942.4474999999815,3,4,4,6
memo,1024,262144000,1024,262144000,0.01,1,1203.2746871150114,262144,10219644,conventional,217.8596481810173,1000,1200.0,ed25519,gossipsub,kademlia,1020.0317999999968,3,4,4,5
memo,1024,262144000,1024,262144000,0.01,1,1243.4934458767777,262144,3981994,conventional,210.81333469768597,1000,1200.0,ed25519,plumtree,kademlia,380.47084999999936,6,8,9,14
memo,1024,262144000,1024,262144000,0.01,1,160.13994104382635,262144,9458280,conventional,1636.97450049802,1000,150.0,ed25519,gossip,kademlia,942.6834999999807,3,4,4,5
memo,1024,262144000,1024,262144000,0.01,1,163.99372376656703,262144,10227768,conventional,1598.5062963332916,1000,150.0,ed25519,gossipsub,kademlia,1021.3446000000006,3,4,4,5
memo,1024,262144000,1024,262144000,0.01,1,164.87811924982486,262144,3915196,conventional,1589.9320127663236,1000,150.0,ed25519,plumtree,kademlia,380.5668499999999,6,8,9,13
memo,1024,262144000,1024,262144000,0.01,1,32.6508048654598,262144,9449140,conventional,8028.745419299434,1000,18.75,ed25519,gossip,kademlia,944.4654999999789,3,4,4,6
memo,1024,262144000,1024,262144000,0.01,1,31.709820402404212,262144,10212324,conventional,8266.997311032526,1000,18.75,ed25519,gossipsub,kademlia,1020.7541999999981,3,4,4,5
memo,1024,262144000,1024,262144000,0.01,1,31.361169668812725,262144,3922734,conventional,8358.903789889298,1000,18.75,ed25519,plumtree,kademlia,380.6218999999998,6,8,9,15
memo,1024,262144000,1024,262144000,0.01,1,14.279298285831578,262144,9505150,conventional,18358.395122266582,1000,1.171875,ed25519,gossip,kademlia,947.2494999999802,3,4,4,6
memo,1024,262144000,1024,262144000,0.01,1,14.254912970660527,262144,10186836,conventional,18389.800101869932,1000,1.171875,ed25519,gossipsub,kademlia,1021.0289999999987,3,4,4,5
memo,1024,262144000,1024,262144000,0.01,1,14.27350651787894,262144,3893048,conventional,18365.84441753245,1000,1.171875,ed25519,plumtree,kademlia,380.59730000000013,6,8,9,13
memo,1024,262144000,1024,262144000,0.01,1,15.467983820095311,262144,9390920,conventional,16947.586902659736,1000,2.34375,ed25519,gossip,kademlia,937.1649999999813,3,4,4,6
memo,1024,262144000,1024,262144000,0.01,1,15.433900989265998,262144,10225260,conventional,16985.012420535622,1000,2.34375,ed25519,gossipsub,kademlia,1022.0304000000002,3,4,4,5
memo,1024,262144000,1024,262144000,0.01,1,15.488604520211178,262144,3886164,conventional,16925.023791389685,1000,2.34375,ed25519,plumtree,kademlia,380.382499999999,6,8,9,14
memo,1024,262144000,1024,262144000,0.01,1,304.5306666353264,262144,9532520,conventional,860.8164258015993,1000,300.0,ed25519,gossip,kademlia,951.4399999999794,3,4,4,6
memo,1024,262144000,1024,262144000,0.01,1,311.43199953912057,262144,10229400,conventional,841.7407343752118,1000,300.0,ed25519,gossipsub,kademlia,1022.6405999999981,3,4,4,5
memo,1024,262144000,1024,262144000,0.01,1,314.0392857750219,262144,3909073,conventional,834.7522487610069,1000,300.0,ed25519,plumtree,kademlia,380.60099999999966,6,8,9,14
memo,1024,262144000,1024,262144000,0.01,1,50.18357287189307,262144,9536050,conventional,5223.721329471597,1000,37.5,ed25519,gossip,kademlia,945.1589999999793,3,4,4,5
memo,1024,262144000,1024,262144000,0.01,1,53.50565857497328,262144,10225932,conventional,4899.388344742581,1000,37.5,ed25519,gossipsub,kademlia,1024.6967999999977,3,4,4,5
memo,1024,262144000,1024,262144000,0.01,1,51.95921040013714,262144,3900114,conventional,5045.207538398391,1000,37.5,ed25519,plumtree,kademlia,380.5096000000004,6,8,9,14
memo,1024,262144000,1024,262144000,0.01,1,17.741312681310045,262144,9410080,conventional,14775.964141377322,1000,4.6875,ed25519,gossip,kademlia,940.8964999999804,3,4,4,5
memo,1024,262144000,1024,262144000,0.01,1,17.545307928904148,262144,10221048,conventional,14941.031588744145,1000,4.6875,ed25519,gossipsub,kademlia,1022.4491999999964,3,4,4,5
memo,1024,262144000,1024,262144000,0.01,1,17.702616991359886,262144,3841731,conventional,14808.262536999195,1000,4.6875,ed25519,plumtree,kademlia,380.65385000000015,6,8,9,14
memo,1024,262144000,1024,262144000,0.01,1,653.8515346687379,262144,9410150,conventional,400.9243476545651,1000,600.0,ed25519,gossip,kademlia,945.02199999998,3,4,4,5
memo,1024,262144000,1024,262144000,0.01,1,610.9438100403052,262144,10205844,conventional,429.08201325864286,1000,600.0,ed25519,gossipsub,kademlia,1021.5731999999985,3,4,4,5
memo,1024,262144000,1024,262144000,0.01,1,606.1179424613845,262144,3898046,conventional,432.4983334686568,1000,600.0,ed25519,plumtree,kademlia,380.2704000000003,6,8,9,14
memo,1024,262144000,1024,262144000,0.01,1,91.2522414495375,262144,9475890,conventional,2872.7513520308016,1000,75.0,ed25519,gossip,kademlia,946.800499999981,3,4,4,6
memo,1024,262144000,1024,262144000,0.01,1,87.14280220893603,262144,10230960,conventional,3008.2232078270076,1000,75.0,ed25519,gossipsub,kademlia,1023.4001999999975,3,4,4,5
memo,1024,262144000,1024,262144000,0.01,1,85.44483441416236,262144,3911083,conventional,3068.002902660548,1000,75.0,ed25519,plumtree,kademlia,380.55684999999977,6,8,9,14
memo,1024,262144000,1024,262144000,0.01,1,22.464587779566774,262144,9452390,conventional,11669.254854453218,1000,9.375,ed25519,gossip,kademlia,944.3144999999805,3,4,4,6
memo,1024,262144000,1024,262144000,0.01,1,22.05506613326434,262144,10225872,conventional,11885.931260238769,1000,9.375,ed25519,gossipsub,kademlia,1021.4477999999991,3,4,4,5
memo,1024,262144000,1024,262144000,0.01,1,22.599116643547326,262144,3914200,conventional,11599.789679162068,1000,9.375,ed25519,plumtree,kademlia,380.80644999999936,6,8,9,14
memo,1024,32768000,1024,32768000,0.01,1,1.7900591223414615,32768,9439590,conventional,18306.099274049102,1000,0.146484375,ed25519,gossip,kademlia,945.41749999998,3,4,4,5
memo,1024,32768000,1024,32768000,0.01,1,1.7883804059548902,32768,10203492,conventional,18323.28283786093,1000,0.146484375,ed25519,gossipsub,kademlia,1022.0531999999988,3,4,4,5
memo,1024,32768000,1024,32768000,0.01,1,1.795145564410804,32768,3842504,conventional,18254.22999095637,1000,0.146484375,ed25519,plumtree,kademlia,380.71484999999973,6,8,9,15
memo,1024,32768000,1024,32768000,0.01,1,1.9345800093728194,32768,9455970,conventional,16938.56022559829,1000,0.29296875,ed25519,gossip,kademlia,944.2579999999814,3,4,4,6
memo,1024,32768000,1024,32768000,0.01,1,1.942873229669995,32768,10205328,conventional,16866.2574065967,1000,0.29296875,ed25519,gossipsub,kademlia,1020.5069999999984,3,4,4,5
memo,1024,32768000,1024,32768000,0.01,1,1.9500628485996465,32768,3891089,conventional,16804.07378845848,1000,0.29296875,ed25519,plumtree,kademlia,380.54839999999996,6,8,9,13
memo,1024,32768000,1024,32768000,0.01,1,2.2589086577349935,32768,9456770,conventional,14506.562665910298,1000,0.5859375,ed25519,gossip,kademlia,945.2814999999813,3,4,4,5
memo,1024,32768000,1024,32768000,0.01,1,2.227966765771351,32768,10186692,conventional,14708.029088869709,1000,0.5859375,ed25519,gossipsub,kademlia,1021.0439999999983,3,4,4,5
memo,1024,32768000,1024,32768000,0.01,1,2.222335286702198,32768,3910701,conventional,14745.29977365705,1000,0.5859375,ed25519,plumtree,kademlia,380.4999499999999,6,8,9,14
memo,1024,32768000,1024,32768000,0.01,1,1163.124816405831,32768,9513960,conventional,28.173244640467217,1000,1200.0,ed25519,gossip,kademlia,945.6194999999808,3,4,4,6
memo,1024,32768000,1024,32768000,0.01,1,1187.6194642508995,32768,10222836,conventional,27.592171555279545,1000,1200.0,ed25519,gossipsub,kademlia,1021.7105999999989,3,4,4,5
memo,1024,32768000,1024,32768000,0.01,1,1186.2177945014714,32768,3839856,conventional,27.624775274739275,1000,1200.0,ed25519,plumtree,kademlia,380.7509000000014,6,8,9,16
memo,1024,32768000,1024,32768000,0.01,1,156.4288519740586,32768,9399940,conventional,209.48181608744562,1000,150.0,ed25519,gossip,kademlia,943.8929999999815,3,4,4,6
memo,1024,32768000,1024,32768000,0.01,1,147.69734272478124,32768,10212024,conventional,221.8658737893589,1000,150.0,ed25519,gossipsub,kademlia,1021.1117999999988,3,4,4,5
memo,1024,32768000,1024,32768000,0.01,1,147.59200132413903,32768,3881981,conventional,222.0242269635824,1000,150.0,ed25519,plumtree,kademlia,380.6468500000002,6,8,9,14
memo,1024,32768000,1024,32768000,0.01,1,20.758359126244002,32768,9379430,conventional,1578.592980336842,1000,18.75,ed25519,gossip,kademlia,940.9239999999799,3,4,4,6
memo,1024,32768000,1024,32768000,0.01,1,19.51458236140868,32768,10195980,conventional,1679.2058058492078,1000,18.75,ed25519,gossipsub,kademlia,1020.9443999999996,3,4,4,5
memo,1024,32768000,1024,32768000,0.01,1,19.899196618476136,32768,3897208,conventional,1646.7498979116788,1000,18.75,ed25519,plumtree,kademlia,380.4716500000004,6,8,9,13
memo,1024,32768000,1024,32768000,0.01,1,2.8504488036518714,32768,9513790,conventional,11496.0843913484,1000,1.171875,ed25519,gossip,kademlia,945.9039999999817,3,4,4,5
memo,1024,32768000,1024,32768000,0.01,1,2.837765869672459,32768,10208712,conventional,11547.464274697993,1000,1.171875,ed25519,gossipsub,kademlia,1021.1592000000006,3,4,4,5
memo,1024,32768000,1024,32768000,0.01,1,2.8711952106275223,32768,3902386,conventional,11413.017087346729,1000,1.171875,ed25519,plumtree,kademlia,380.6117000000002,6,8,9,14
memo,1024,32768000,1024,32768000,0.01,1,3.9908171965731887,32768,9422880,conventional,8211.100229832098,1000,2.34375,ed25519,gossip,kademlia,942.0029999999803,3,4,4,6
memo,1024,32768000,1024,32768000,0.01,1,3.9382829823614847,32768,10228188,conventional,8320.631134624804,1000,2.34375,ed25519,gossipsub,kademlia,1022.7401999999979,3,4,4,5
memo,1024,32768000,1024,32768000,0.01,1,4.006617886612028,32768,3931283,conventional,8178.718542014315,1000,2.34375,ed25519,plumtree,kademlia,380.7110000000007,6,8,9,16
memo,1024,32768000,1024,32768000,0.01,1,309.94971933088226,32768,9498740,conventional,105.72359952685726,1000,300.0,ed25519,gossip,kademlia,944.9909999999802,3,4,4,5
memo,1024,32768000,1024,32768000,0.01,1,304.5929053537583,32768,10207236,conventional,107.58293914279336,1000,300.0,ed25519,gossipsub,kademlia,1020.3947999999987,3,4,4,5
memo,1024,32768000,1024,32768000,0.01,1,298.1736255416728,32768,3847213,conventional,109.89905609683176,1000,300.0,ed25519,plumtree,kademlia,380.7020000000008,6,8,9,14
memo,1024,32768000,1024,32768000,0.01,1,39.674147171796506,32768,9420100,conventional,825.9534819514603,1000,37.5,ed25519,gossip,kademlia,939.1584999999809,3,4,4,6
memo,1024,32768000,1024,32768000,0.01,1,37.0045588083173,32768,10213380,conventional,885.5395404048082,1000,37.5,ed25519,gossipsub,kademlia,1020.9923999999994,3,4,4,5
memo,1024,32768000,1024,32768000,0.01,1,39.74795975181916,32768,3906117,conventional,824.4196734777123,1000,37.5,ed25519,plumtree,kademlia,380.6263500000003,6,8,9,15
memo,1024,32768000,1024,32768000,0.01,1,6.3067592380368325,32768,9507480,conventional,5195.853966069638,1000,4.6875,ed25519,gossip,kademlia,950.1549999999801,3,4,4,6
memo,1024,32768000,1024,32768000,0.01,1,6.445959089769104,32768,10218396,conventional,5083.650011370735,1000,4.6875,ed25519,gossipsub,kademlia,1020.4949999999999,3,4,4,5
memo,1024,32768000,1024,32768000,0.01,1,6.3047842116751704,32768,3871697,conventional,5197.481610761319,1000,4.6875,ed25519,plumtree,kademlia,380.4673499999998,6,8,9,14
memo,1024,32768000,1024,32768000,0.01,1,567.2679629669234,32768,9419870,conventional,57.76635054201134,1000,600.0,ed25519,gossip,kademlia,941.5654999999811,3,4,4,5
memo,1024,32768000,1024,32768000,0.01,1,613.544683408972,32768,10237956,conventional,53.409312941853145,1000,600.0,ed25519,gossipsub,kademlia,1022.2283999999984,3,4,4,5
memo,1024,32768000,1024,32768000,0.01,1,576.8846267303346,32768,3877731,conventional,56.80338577529456,1000,600.0,ed25519,plumtree,kademlia,380.69864999999925,6,8,9,14
memo,1024,32768000,1024,32768000,0.01,1,77.36843707497775,32768,9502310,conventional,423.54481024663284,1000,75.0,ed25519,gossip,kademlia,947.0129999999799,3,4,4,6
memo,1024,32768000,1024,32768000,0.01,1,80.11166896736144,32768,10226616,conventional,409.041534428031,1000,75.0,ed25519,gossipsub,kademlia,1020.6737999999988,3,4,4,5
memo,1024,32768000,1024,32768000,0.01,1,71.93929862299635,32768,3877163,conventional,455.5090281284027,1000,75.0,ed25519,plumtree,kademlia,380.6496500000002,6,8,9,14
memo,1024,32768000,1024,32768000,0.01,1,11.365636313156896,32768,9423340,conventional,2883.1645758422255,1000,9.375,ed25519,gossip,kademlia,942.2624999999817,3,4,4,6
memo,1024,32768000,1024,32768000,0.01,1,11.188922535878035,32768,10220868,conventional,2928.700229617641,1000,9.375,ed25519,gossipsub,kademlia,1021.1381999999987,3,4,4,5
memo,1024,32768000,1024,32768000,0.01,1,10.986315397975648,32768,3925164,conventional,2982.710655297413,1000,9.375,ed25519,plumtree,kademlia,380.53325,6,8,9,14
memo,1024,4096000,1024,4096000,0.01,1,0.35288623344410935,4096,9395360,conventional,11609.974013477318,1000,0.146484375,ed25519,gossip,kademlia,941.8689999999808,3,4,4,5
memo,1024,4096000,1024,4096000,0.01,1,0.362717189372874,4096,10228176,conventional,11295.301463610194,1000,0.146484375,ed25519,gossipsub,kademlia,1021.7789999999986,3,4,4,5
memo,1024,4096000,1024,4096000,0.01,1,0.35551077720709945,4096,3891078,conventional,11524.26385547612,1000,0.146484375,ed25519,plumtree,kademlia,380.49215000000004,6,8,9,14
memo,1024,4096000,1024,4096000,0.01,1,0.48073265243433505,4096,9469100,conventional,8522.408409858583,1000,0.29296875,ed25519,gossip,kademlia,947.116999999981,3,4,4,6
memo,1024,4096000,1024,4096000,0.01,1,0.50168073477458,4096,10247136,conventional,8166.548396244284,1000,0.29296875,ed25519,gossipsub,kademlia,1022.9501999999992,3,4,4,5
memo,1024,4096000,1024,4096000,0.01,1,0.4948841160538858,4096,3847076,conventional,8278.705796154296,1000,0.29296875,ed25519,plumtree,kademlia,380.7350500000003,6,8,9,14
memo,1024,4096000,1024,4096000,0.01,1,0.7764844498918821,4096,9494630,conventional,5276.3451999205745,1000,0.5859375,ed25519,gossip,kademlia,949.1214999999796,3,4,4,6
memo,1024,4096000,1024,4096000,0.01,1,0.8309839441228628,4096,10205352,conventional,4930.299831875271,1000,0.5859375,ed25519,gossipsub,kademlia,1020.7440000000003,3,4,4,5
memo,1024,4096000,1024,4096000,0.01,1,0.8045698273808299,4096,3887526,conventional,5092.162122630473,1000,0.5859375,ed25519,plumtree,kademlia,380.4396499999999,6,8,9,14
memo,1024,4096000,1024,4096000,0.01,1,1234.5351573078008,4096,9442410,conventional,3.3186580193750728,1000,1200.0,ed25519,gossip,kademlia,945.629999999981,3,4,4,5
memo,1024,4096000,1024,4096000,0.01,1,1232.968345683749,4096,10212024,conventional,3.32287525007626,1000,1200.0,ed25519,gossipsub,kademlia,1023.2477999999993,3,4,4,5
memo,1024,4096000,1024,4096000,0.01,1,1205.7314399140344,4096,3852329,conventional,3.397937438118148,1000,1200.0,ed25519,plumtree,kademlia,380.65755000000047,6,8,9,14
memo,1024,4096000,1024,4096000,0.01,1,150.70650435031192,4096,9467240,conventional,27.18528982980502,1000,150.0,ed25519,gossip,kademlia,945.6119999999776,3,4,4,5
memo,1024,4096000,1024,4096000,0.01,1,149.27230291873965,4096,10242600,conventional,27.446484846089035,1000,150.0,ed25519,gossipsub,kademlia,1021.5971999999999,3,4,4,5
memo,1024,4096000,1024,4096000,0.01,1,145.4948962231288,4096,3921733,conventional,28.15906335103949,1000,150.0,ed25519,plumtree,kademlia,380.49735000000055,6,8,9,14
memo,1024,4096000,1024,4096000,0.01,1,19.113291208162032,4096,9398750,conventional,214.35345463948357,1000,18.75,ed25519,gossip,kademlia,941.9659999999801,3,4,4,6
memo,1024,4096000,1024,4096000,0.01,1,18.706420885281393,4096,10196892,conventional,219.01570723363795,1000,18.75,ed25519,gossipsub,kademlia,1020.7235999999998,3,4,4,5
memo,1024,4096000,1024,4096000,0.01,1,18.383427628172317,4096,3903156,conventional,222.86377072148454,1000,18.75,ed25519,plumtree,kademlia,380.59625000000074,6,8,9,14
memo,1024,4096000,1024,4096000,0.01,1,1.320140109899747,4096,9421290,conventional,3103.4584657162877,1000,1.171875,ed25519,gossip,kademlia,943.5054999999809,3,4,4,5
memo,1024,4096000,1024,4096000,0.01,1,1.3935367178696458,4096,10219500,conventional,2940.001470691956,1000,1.171875,ed25519,gossipsub,kademlia,1021.4027999999993,3,4,4,5
memo,1024,4096000,1024,4096000,0.01,1,1.4282267844094376,4096,3883691,conventional,2868.5920504523256,1000,1.171875,ed25519,plumtree,kademlia,380.4718000000001,6,8,9,14
memo,1024,4096000,1024,4096000,0.01,1,2.6089458744103755,4096,9497460,conventional,1570.3660394740564,1000,2.34375,ed25519,gossip,kademlia,948.6359999999805,3,4,4,6
memo,1024,4096000,1024,4096000,0.01,1,2.5089174526530833,4096,10199928,conventional,1632.9752083583223,1000,2.34375,ed25519,gossipsub,kademlia,1020.3336000000006,3,4,4,5
memo,1024,4096000,1024,4096000,0.01,1,2.630619580369977,4096,3861412,conventional,1557.4277750277324,1000,2.34375,ed25519,plumtree,kademlia,380.6999499999999,6,8,9,14
memo,1024,4096000,1024,4096000,0.01,1,302.2140535523915,4096,9443240,conventional,13.556616417541115,1000,300.0,ed25519,gossip,kademlia,945.8679999999813,3,4,4,5
memo,1024,4096000,1024,4096000,0.01,1,306.6597690833421,4096,10193328,conventional,13.360083105281875,1000,300.0,ed25519,gossipsub,kademlia,1020.0456000000005,3,4,4,5
memo,1024,4096000,1024,4096000,0.01,1,295.20294365699516,4096,3914579,conventional,13.878587893623525,1000,300.0,ed25519,plumtree,kademlia,380.6802500000001,6,8,9,14
memo,1024,4096000,1024,4096000,0.01,1,38.402315581233914,4096,9463820,conventional,106.68627498082651,1000,37.5,ed25519,gossip,kademlia,944.337499999981,3,4,4,5
memo,1024,4096000,1024,4096000,0.01,1,38.79896323542884,4096,10202640,conventional,105.59560509748029,1000,37.5,ed25519,gossipsub,kademlia,1020.8993999999991,3,4,4,5
memo,1024,4096000,1024,4096000,0.01,1,35.7476802292116,4096,3880429,conventional,114.60883541897894,1000,37.5,ed25519,plumtree,kademlia,380.57634999999954,6,8,9,15
memo,1024,4096000,1024,4096000,0.01,1,4.782359074337049,4096,9450480,conventional,856.6901682446218,1000,4.6875,ed25519,gossip,kademlia,943.6274999999807,3,4,4,6
memo,1024,4096000,1024,4096000,0.01,1,5.034886506319265,4096,10259832,conventional,813.7224135753353,1000,4.6875,ed25519,gossipsub,kademlia,1023.2525999999992,3,4,4,5
memo,1024,4096000,1024,4096000,0.01,1,5.026948147326415,4096,3896443,conventional,815.0074120376578,1000,4.6875,ed25519,plumtree,kademlia,380.49670000000117,6,8,9,15
memo,1024,4096000,1024,4096000,0.01,1,601.8926934956932,4096,9454740,conventional,6.806861163582668,1000,600.0,ed25519,gossip,kademlia,948.8884999999796,3,4,4,5
memo,1024,4096000,1024,4096000,0.01,1,605.614320881665,4096,10220184,conventional,6.765031569985843,1000,600.0,ed25519,gossipsub,kademlia,1021.4159999999997,3,4,4,5
memo,1024,4096000,1024,4096000,0.01,1,618.0812297727933,4096,3865590,conventional,6.628578579398143,1000,600.0,ed25519,plumtree,kademlia,380.63669999999985,6,8,9,14
memo,1024,4096000,1024,4096000,0.01,1,80.7720743642144,4096,9391530,conventional,50.72297613066072,1000,75.0,ed25519,gossip,kademlia,941.7834999999808,3,4,4,5
memo,1024,4096000,1024,4096000,0.01,1,74.05872934909482,4096,10219032,conventional,55.320959946365534,1000,75.0,ed25519,gossipsub,kademlia,1021.5569999999977,3,4,4,5
memo,1024,4096000,1024,4096000,0.01,1,71.72857046867009,4096,3904804,conventional,57.118104727731954,1000,75.0,ed25519,plumtree,kademlia,380.6675500000001,6,8,9,14
memo,1024,4096000,1024,4096000,0.01,1,9.930063665269241,4096,9419980,conventional,412.58547156443785,1000,9.375,ed25519,gossip,kademlia,939.2154999999817,3,4,4,5
memo,1024,4096000,1024,4096000,0.01,1,9.186857722180376,4096,10219980,conventional,445.9631490872412,1000,9.375,ed25519,gossipsub,kademlia,1021.0194000000001,3,4,4,5
memo,1024,4096000,1024,4096000,0.01,1,9.802746321546378,4096,3895720,conventional,417.94410113366075,1000,9.375,ed25519,plumtree,kademlia,380.54529999999943,6,8,9,14
memo,1024,524288000,1024,524288000,0.01,1,26.365597822316463,524288,9481560,conventional,19885.3446651693,1000,0.146484375,ed25519,gossip,kademlia,945.994499999981,3,4,4,5
memo,1024,524288000,1024,524288000,0.01,1,26.368838474708934,524288,10250796,conventional,19882.900815022997,1000,0.146484375,ed25519,gossipsub,kademlia,1021.8281999999992,3,4,4,5
memo,1024,524288000,1024,524288000,0.01,1,26.36947803624123,524288,3888205,conventional,19882.41857800282,1000,0.146484375,ed25519,plumtree,kademlia,380.5917500000008,6,8,9,14
memo,1024,524288000,1024,524288000,0.01,1,26.505490700300655,524288,9496590,conventional,19780.392143204233,1000,0.29296875,ed25519,gossip,kademlia,948.0449999999794,3,4,4,5
memo,1024,524288000,1024,524288000,0.01,1,26.50701041524225,524288,10203924,conventional,19779.25808255312,1000,0.29296875,ed25519,gossipsub,kademlia,1021.0710000000007,3,4,4,5
memo,1024,524288000,1024,524288000,0.01,1,26.515514698375835,524288,3885732,conventional,19772.91430937656,1000,0.29296875,ed25519,plumtree,kademlia,380.46270000000084,6,8,9,15
memo,1024,524288000,1024,524288000,0.01,1,26.80561878245082,524288,9460200,conventional,19558.921741558268,1000,0.5859375,ed25519,gossip,kademlia,943.3509999999796,3,4,4,6
memo,1024,524288000,1024,524288000,0.01,1,26.81652917230071,524288,10228452,conventional,19550.964132284047,1000,0.5859375,ed25519,gossipsub,kademlia,1023.0383999999999,3,4,4,5
memo,1024,524288000,1024,524288000,0.01,1,26.819812928888297,524288,3886624,conventional,19548.570356927252,1000,0.5859375,ed25519,plumtree,kademlia,380.4222999999998,6,8,9,14
memo,1024,524288000,1024,524288000,0.01,1,1178.6835559489646,524288,9422530,conventional,444.80895432353094,1000,1200.0,ed25519,gossip,kademlia,942.6984999999802,3,4,4,5
memo,1024,524288000,1024,524288000,0.01,1,1223.1330863371718,524288,10226592,conventional,428.64427907027715,1000,1200.0,ed25519,gossipsub,kademlia,1021.9745999999988,3,4,4,5
memo,1024,524288000,1024,524288000,0.01,1,1255.55878967268,524288,3850821,conventional,417.5742341278025,1000,1200.0,ed25519,plumtree,kademlia,380.7308500000001,6,8,9,15
memo,1024,524288000,1024,524288000,0.01,1,172.0242123758015,524288,9534790,conventional,3047.762828029383,1000,150.0,ed25519,gossip,kademlia,948.2494999999811,3,4,4,5
memo,1024,524288000,1024,524288000,0.01,1,182.01500815425086,524288,10230036,conventional,2880.4712606758494,1000,150.0,ed25519,gossipsub,kademlia,1023.1026000000012,3,4,4,5
memo,1024,524288000,1024,524288000,0.01,1,179.78900328021496,524288,3903876,conventional,2916.1349717415997,1000,150.0,ed25519,plumtree,kademlia,380.5711500000002,6,8,9,14
memo,1024,524288000,1024,524288000,0.01,1,45.746978099430706,524288,9569340,conventional,11460.625855121225,1000,18.75,ed25519,gossip,kademlia,949.1199999999793,3,4,4,6
memo,1024,524288000,1024,524288000,0.01,1,45.00881677556856,524288,10238568,conventional,11648.584378796459,1000,18.75,ed25519,gossipsub,kademlia,1022.4467999999978,3,4,4,5
memo,1024,524288000,1024,524288000,0.01,1,44.93968786007074,524288,3885191,conventional,11666.502927934993,1000,18.75,ed25519,plumtree,kademlia,380.5590999999999,6,8,9,15
memo,1024,524288000,1024,524288000,0.01,1,27.356987265470433,524288,9455730,conventional,19164.719963946816,1000,1.171875,ed25519,gossip,kademlia,946.78849999998,3,4,4,6
memo,1024,524288000,1024,524288000,0.01,1,27.363035809944538,524288,10214940,conventional,19160.483640834103,1000,1.171875,ed25519,gossipsub,kademlia,1022.4102000000006,3,4,4,5
memo,1024,524288000,1024,524288000,0.01,1,27.380771097223473,524288,3849612,conventional,19148.07286246095,1000,1.171875,ed25519,plumtree,kademlia,380.6617499999999,6,8,9,14
memo,1024,524288000,1024,524288000,0.01,1,28.547253002776387,524288,9379010,conventional,18365.655005369863,1000,2.34375,ed25519,gossip,kademlia,941.3034999999804,3,4,4,6
memo,1024,524288000,1024,524288000,0.01,1,28.583626494789904,524288,10224552,conventional,18342.28417781645,1000,2.34375,ed25519,gossipsub,kademlia,1022.8895999999992,3,4,4,5
memo,1024,524288000,1024,524288000,0.01,1,28.56335182365091,524288,3830129,conventional,18355.303790568458,1000,2.34375,ed25519,plumtree,kademlia,380.5230499999997,6,8,9,14
memo,1024,524288000,1024,524288000,0.01,1,328.1163858448488,524288,9426100,conventional,1597.8750913339397,1000,300.0,ed25519,gossip,kademlia,945.88949999998,3,4,4,5
memo,1024,524288000,1024,524288000,0.01,1,346.23175474457315,524288,10235076,conventional,1514.2718506186288,1000,300.0,ed25519,gossipsub,kademlia,1021.9745999999972,3,4,4,5
memo,1024,524288000,1024,524288000,0.01,1,327.74752219418116,524288,3856179,conventional,1599.673420839391,1000,300.0,ed25519,plumtree,kademlia,380.71965000000057,6,8,9,14
memo,1024,524288000,1024,524288000,0.01,1,62.52458796476754,524288,9439820,conventional,8385.325150730072,1000,37.5,ed25519,gossip,kademlia,943.2464999999812,3,4,4,6
memo,1024,524288000,1024,524288000,0.01,1,63.31942158022793,524288,10218384,conventional,8280.066161623214,1000,37.5,ed25519,gossipsub,kademlia,1021.8419999999988,3,4,4,5
memo,1024,524288000,1024,524288000,0.01,1,63.94171049690104,524288,3840182,conventional,8199.483497167468,1000,37.5,ed25519,plumtree,kademlia,380.6621500000008,6,8,9,14
memo,1024,524288000,1024,524288000,0.01,1,30.63464404919092,524288,9470860,conventional,17114.251406288065,1000,4.6875,ed25519,gossip,kademlia,943.6394999999804,3,4,4,6
memo,1024,524288000,1024,524288000,0.01,1,31.056325614982395,524288,10213524,conventional,16881.874774879005,1000,4.6875,ed25519,gossipsub,kademlia,1020.5273999999995,3,4,4,5
memo,1024,524288000,1024,524288000,0.01,1,30.85941464612562,524288,3880842,conventional,16989.596400715403,1000,4.6875,ed25519,plumtree,kademlia,380.42385,6,8,9,14
memo,1024,524288000,1024,524288000,0.01,1,616.0237476956461,524288,9474720,conventional,851.0856959024755,1000,600.0,ed25519,gossip,kademlia,944.7659999999796,3,4,4,6
memo,1024,524288000,1024,524288000,0.01,1,660.3190931003975,524288,10219044,conventional,793.9933972502671,1000,600.0,ed25519,gossipsub,kademlia,1021.1868000000004,3,4,4,5
memo,1024,524288000,1024,524288000,0.01,1,624.5629250759075,524288,3907957,conventional,839.4494436830036,1000,600.0,ed25519,plumtree,kademlia,380.6230499999999,6,8,9,13
memo,1024,524288000,1024,524288000,0.01,1,102.18818496706032,524288,9427150,conventional,5130.62248995812,1000,75.0,ed25519,gossip,kademlia,940.7689999999799,3,4,4,5
memo,1024,524288000,1024,524288000,0.01,1,99.43913606995065,524288,10192176,conventional,5272.461333847349,1000,75.0,ed25519,gossipsub,kademlia,1020.3816000000012,3,4,4,5
memo,1024,524288000,1024,524288000,0.01,1,104.33928939245745,524288,3842084,conventional,5024.847332704761,1000,75.0,ed25519,plumtree,kademlia,380.58139999999963,6,8,9,14
memo,1024,524288000,1024,524288000,0.01,1,35.39926198414008,524288,9387880,conventional,14810.732501567321,1000,9.375,ed25519,gossip,kademlia,940.3564999999808,3,4,4,5
memo,1024,524288000,1024,524288000,0.01,1,35.77636396175478,524288,10188672,conventional,14654.619473361494,1000,9.375,ed25519,gossipsub,kademlia,1021.2923999999977,3,4,4,5
memo,1024,524288000,1024,524288000,0.01,1,35.42754945522786,524288,3818177,conventional,14798.906728295693,1000,9.375,ed25519,plumtree,kademlia,380.8112000000004,6,8,9,14
memo,1024,65536000,1024,65536000,0.01,1,3.4287796389377214,65536,9445050,conventional,19113.797590184062,1000,0.146484375,ed25519,gossip,kademlia,945.2364999999808,3,4,4,5
memo,1024,65536000,1024,65536000,0.01,1,3.4271174272170684,65536,10239468,conventional,19123.06811535728,1000,0.146484375,ed25519,gossipsub,kademlia,1023.3137999999991,3,4,4,5
memo,1024,65536000,1024,65536000,0.01,1,3.4369332488905413,65536,3889065,conventional,19068.45296490866,1000,0.146484375,ed25519,plumtree,kademlia,380.56014999999917,6,8,9,15
memo,1024,65536000,1024,65536000,0.01,1,3.5672879854518746,65536,9476430,conventional,18371.65944192709,1000,0.29296875,ed25519,gossip,kademlia,944.3919999999812,3,4,4,5
memo,1024,65536000,1024,65536000,0.01,1,3.5755516006288635,65536,10225320,conventional,18329.199888619543,1000,0.29296875,ed25519,gossipsub,kademlia,1022.0568,3,4,4,5
memo,1024,65536000,1024,65536000,0.01,1,3.5854838883492226,65536,3871402,conventional,18278.425462448144,1000,0.29296875,ed25519,plumtree,kademlia,380.6085499999998,6,8,9,14
memo,1024,65536000,1024,65536000,0.01,1,3.8842427612931325,65536,9486520,conventional,16872.529351945446,1000,0.5859375,ed25519,gossip,kademlia,947.5959999999795,3,4,4,6
memo,1024,65536000,1024,65536000,0.01,1,3.854385068007745,65536,10201776,conventional,17003.23108450469,1000,0.5859375,ed25519,gossipsub,kademlia,1020.6725999999996,3,4,4,5
memo,1024,65536000,1024,65536000,0.01,1,3.8850043904093265,65536,3890947,conventional,16869.22160546001,1000,0.5859375,ed25519,plumtree,kademlia,380.47020000000026,6,8,9,14
memo,1024,65536000,1024,65536000,0.01,1,1184.1915720883226,65536,9465470,conventional,55.3432413679701,1000,1200.0,ed25519,gossip,kademlia,949.2764999999788,3,4,4,5
memo,1024,65536000,1024,65536000,0.01,1,1200.7663290962803,65536,10210776,conventional,54.57931190436061,1000,1200.0,ed25519,gossipsub,kademlia,1021.0133999999987,3,4,4,5
memo,1024,65536000,1024,65536000,0.01,1,1213.537467431815,65536,3894213,conventional,54.004925071406845,1000,1200.0,ed25519,plumtree,kademlia,380.60480000000047,6,8,9,13
memo,1024,65536000,1024,65536000,0.01,1,152.974410168494,65536,9491580,conventional,428.41805977754143,1000,150.0,ed25519,gossip,kademlia,944.9984999999793,3,4,4,5
memo,1024,65536000,1024,65536000,0.01,1,154.4155446900688,65536,10222416,conventional,424.41970548717035,1000,150.0,ed25519,gossipsub,kademlia,1021.3380000000008,3,4,4,5
memo,1024,65536000,1024,65536000,0.01,1,151.68868382818272,65536,3933018,conventional,432.0493681271145,1000,150.0,ed25519,plumtree,kademlia,380.8811000000014,6,8,9,14
memo,1024,65536000,1024,65536000,0.01,1,22.222134618030758,65536,9498880,conventional,2949.176626210522,1000,18.75,ed25519,gossip,kademlia,947.8544999999804,3,4,4,5
memo,1024,65536000,1024,65536000,0.01,1,21.73724797759339,65536,10180392,conventional,3014.963074790107,1000,18.75,ed25519,gossipsub,kademlia,1017.9761999999996,3,4,4,5
memo,1024,65536000,1024,65536000,0.01,1,22.53980865772563,65536,3807556,conventional,2907.611195605109,1000,18.75,ed25519,plumtree,kademlia,380.78780000000097,6,8,9,14
memo,1024,65536000,1024,65536000,0.01,1,4.454585383726229,65536,9362640,conventional,14712.25587894754,1000,1.171875,ed25519,gossip,kademlia,939.5469999999799,3,4,4,6
memo,1024,65536000,1024,65536000,0.01,1,4.4891833243293995,65536,10192404,conventional,14598.869162864943,1000,1.171875,ed25519,gossipsub,kademlia,1020.9834000000001,3,4,4,5
memo,1024,65536000,1024,65536000,0.01,1,4.437532466125373,65536,3905241,conventional,14768.79335538103,1000,1.171875,ed25519,plumtree,kademlia,380.61590000000024,6,8,9,14
memo,1024,65536000,1024,65536000,0.01,1,5.583683222430028,65536,9430320,conventional,11737.234615447649,1000,2.34375,ed25519,gossip,kademlia,940.465499999981,3,4,4,6
memo,1024,65536000,1024,65536000,0.01,1,5.675225576496043,65536,10234884,conventional,11547.911024263354,1000,2.34375,ed25519,gossipsub,kademlia,1023.262799999998,3,4,4,5
memo,1024,65536000,1024,65536000,0.01,1,5.657628611541818,65536,3922243,conventional,11583.828579044859,1000,2.34375,ed25519,plumtree,kademlia,380.64710000000014,6,8,9,15
memo,1024,65536000,1024,65536000,0.01,1,313.1192635165563,65536,9424040,conventional,209.30363486414726,1000,300.0,ed25519,gossip,kademlia,938.9529999999806,3,4,4,5
memo,1024,65536000,1024,65536000,0.01,1,309.0698174448017,65536,10206264,conventional,212.04594011094136,1000,300.0,ed25519,gossipsub,kademlia,1021.4669999999992,3,4,4,5
memo,1024,65536000,1024,65536000,0.01,1,308.7889932751654,65536,3914660,conventional,212.23878255789782,1000,300.0,ed25519,plumtree,kademlia,380.51625000000155,6,8,9,14
memo,1024,65536000,1024,65536000,0.01,1,40.97025748193887,65536,9516540,conventional,1599.6238253784713,1000,37.5,ed25519,gossip,kademlia,949.1934999999798,3,4,4,5
memo,1024,65536000,1024,65536000,0.01,1,39.68689987342995,65536,10197288,conventional,1651.3509548241755,1000,37.5,ed25519,gossipsub,kademlia,1018.8456000000007,3,4,4,5
memo,1024,65536000,1024,65536000,0.01,1,38.82281249017462,65536,3929608,conventional,1688.1054152525987,1000,37.5,ed25519,plumtree,kademlia,380.72915000000023,6,8,9,14
memo,1024,65536000,1024,65536000,0.01,1,8.13954205039923,65536,9494160,conventional,8051.681482103226,1000,4.6875,ed25519,gossip,kademlia,948.1179999999805,3,4,4,5
memo,1024,65536000,1024,65536000,0.01,1,8.256924361166215,65536,10203864,conventional,7937.216950688343,1000,4.6875,ed25519,gossipsub,kademlia,1019.4768,3,4,4,5
memo,1024,65536000,1024,65536000,0.01,1,8.21601717728779,65536,3823910,conventional,7976.7360006463105,1000,4.6875,ed25519,plumtree,kademlia,380.7706499999993,6,8,9,15
memo,1024,65536000,1024,65536000,0.01,1,579.9007600320091,65536,9459780,conventional,113.0141646932529,1000,600.0,ed25519,gossip,kademlia,949.5894999999792,3,4,4,6
memo,1024,65536000,1024,65536000,0.01,1,605.994979025539,65536,10194996,conventional,108.1477607378625,1000,600.0,ed25519,gossipsub,kademlia,1020.4164000000007,3,4,4,5
memo,1024,65536000,1024,65536000,0.01,1,598.2134403625416,65536,3889585,conventional,109.55454287399816,1000,600.0,ed25519,plumtree,kademlia,380.60874999999965,6,8,9,13
memo,1024,65536000,1024,65536000,0.01,1,80.7105748727583,65536,9408190,conventional,812.00016358848,1000,75.0,ed25519,gossip,kademlia,941.4799999999798,3,4,4,6
memo,1024,65536000,1024,65536000,0.01,1,77.00384148212434,65536,10228980,conventional,851.0874099081634,1000,75.0,ed25519,gossipsub,kademlia,1021.5545999999994,3,4,4,5
memo,1024,65536000,1024,65536000,0.01,1,75.88729074996249,65536,3888796,conventional,863.6096947502688,1000,75.0,ed25519,plumtree,kademlia,380.5874999999999,6,8,9,14
memo,1024,65536000,1024,65536000,0.01,1,12.602749827651065,65536,9483660,conventional,5200.214310071326,1000,9.375,ed25519,gossip,kademlia,946.01599999998,3,4,4,5
memo,1024,65536000,1024,65536000,0.01,1,12.894631681122428,65536,10201620,conventional,5082.502674034909,1000,9.375,ed25519,gossipsub,kademlia,1020.5646000000011,3,4,4,5
memo,1024,65536000,1024,65536000,0.01,1,12.690346030647618,65536,3843289,conventional,5164.319384335614,1000,9.375,ed25519,plumtree,kademlia,380.7294499999999,6,8,9,14
memo,1024,8192000,1024,8192000,0.01,1,0.5622045592005435,8192,9524190,conventional,14572.987475680506,1000,0.146484375,ed25519,gossip,kademlia,946.8684999999809,3,4,4,5
memo,1024,8192000,1024,8192000,0.01,1,0.5599055377091899,8192,10218588,conventional,14632.825446808445,1000,0.146484375,ed25519,gossipsub,kademlia,1023.3137999999991,3,4,4,5
memo,1024,8192000,1024,8192000,0.01,1,0.5628238966475132,8192,3894442,conventional,14556.951204101297,1000,0.146484375,ed25519,plumtree,kademlia,380.66359999999935,6,8,9,15
memo,1024,8192000,1024,8192000,0.01,1,0.716100616130713,8192,9474850,conventional,11441.129661735265,1000,0.29296875,ed25519,gossip,kademlia,945.68999999998,3,4,4,5
memo,1024,8192000,1024,8192000,0.01,1,0.7054315245037923,8192,10236876,conventional,11614.16766249997,1000,0.29296875,ed25519,gossipsub,kademlia,1021.6967999999977,3,4,4,5
memo,1024,8192000,1024,8192000,0.01,1,0.6999843844578413,8192,3890812,conventional,11704.546818348987,1000,0.29296875,ed25519,plumtree,kademlia,380.52785000000006,6,8,9,15
memo,1024,8192000,1024,8192000,0.01,1,1.0076612423295985,8192,9520580,conventional,8130.708670563446,1000,0.5859375,ed25519,gossip,kademlia,947.9579999999795,3,4,4,5
memo,1024,8192000,1024,8192000,0.01,1,0.9925700047502163,8192,10219812,conventional,8254.329629940608,1000,0.5859375,ed25519,gossipsub,kademlia,1021.8342000000009,3,4,4,5
memo,1024,8192000,1024,8192000,0.01,1,0.9567292683303341,8192,3928246,conventional,8563.551122772975,1000,0.5859375,ed25519,plumtree,kademlia,380.69354999999945,6,8,9,15
memo,1024,8192000,1024,8192000,0.01,1,1288.4581702636824,8192,9459300,conventional,6.358762891249551,1000,1200.0,ed25519,gossip,kademlia,946.5834999999797,3,4,4,5
memo,1024,8192000,1024,8192000,0.01,1,1209.1523591962816,8192,10226028,conventional,6.77582104330165,1000,1200.0,ed25519,gossipsub,kademlia,1023.2291999999977,3,4,4,5
memo,1024,8192000,1024,8192000,0.01,1,1235.7674064287103,8192,3914420,conventional,6.629888405680849,1000,1200.0,ed25519,plumtree,kademlia,380.6354000000005,6,8,9,14
memo,1024,8192000,1024,8192000,0.01,1,151.91605294371954,8192,9505760,conventional,53.93110103403798,1000,150.0,ed25519,gossip,kademlia,946.2699999999791,3,4,4,5
memo,1024,8192000,1024,8192000,0.01,1,157.81799638872155,8192,10204572,conventional,51.914231503863604,1000,150.0,ed25519,gossipsub,kademlia,1021.9217999999986,3,4,4,5
memo,1024,8192000,1024,8192000,0.01,1,143.05175863823945,8192,3845980,conventional,57.27297642470167,1000,150.0,ed25519,plumtree,kademlia,380.77165000000036,6,8,9,13
memo,1024,8192000,1024,8192000,0.01,1,19.363544634999315,8192,9544720,conventional,423.11468041813356,1000,18.75,ed25519,gossip,kademlia,951.8969999999798,3,4,4,5
memo,1024,8192000,1024,8192000,0.01,1,19.031869151410227,8192,10212024,conventional,430.488457797794,1000,18.75,ed25519,gossipsub,kademlia,1020.3384000000005,3,4,4,5
memo,1024,8192000,1024,8192000,0.01,1,18.8325990647219,8192,3911106,conventional,435.04351002446117,1000,18.75,ed25519,plumtree,kademlia,380.70884999999925,6,8,9,16
memo,1024,8192000,1024,8192000,0.01,1,1.5768017286181755,8192,9404450,conventional,5195.960818218981,1000,1.171875,ed25519,gossip,kademlia,941.5899999999807,3,4,4,5
memo,1024,8192000,1024,8192000,0.01,1,1.5843120749821153,8192,10219164,conventional,5171.3296448191795,1000,1.171875,ed25519,gossipsub,kademlia,1021.1435999999994,3,4,4,5
memo,1024,8192000,1024,8192000,0.01,1,1.6930956515376223,8192,3889593,conventional,4839.065053743033,1000,1.171875,ed25519,plumtree,kademlia,380.44395000000037,6,8,9,14
memo,1024,8192000,1024,8192000,0.01,1,2.8564029323088644,8192,9479160,conventional,2868.292812379065,1000,2.34375,ed25519,gossip,kademlia,952.8699999999793,3,4,4,6
memo,1024,8192000,1024,8192000,0.01,1,2.8037772669582166,8192,10243560,conventional,2922.1294061237913,1000,2.34375,ed25519,gossipsub,kademlia,1021.5024,3,4,4,5
memo,1024,8192000,1024,8192000,0.01,1,2.929482309795624,8192,3850303,conventional,2796.7398787847897,1000,2.34375,ed25519,plumtree,kademlia,380.62895000000054,6,8,9,16
memo,1024,8192000,1024,8192000,0.01,1,293.46008147160325,8192,9459630,conventional,27.918618296958382,1000,300.0,ed25519,gossip,kademlia,941.2554999999795,3,4,4,6
memo,1024,8192000,1024,8192000,0.01,1,302.28121986373304,8192,10211088,conventional,27.103900148654176,1000,300.0,ed25519,gossipsub,kademlia,1021.9805999999984,3,4,4,5
memo,1024,8192000,1024,8192000,0.01,1,290.21913136401935,8192,3879685,conventional,28.230392536471314,1000,300.0,ed25519,plumtree,kademlia,380.5862000000006,6,8,9,15
memo,1024,8192000,1024,8192000,0.01,1,37.70659959919765,8192,9500190,conventional,217.28291829779147,1000,37.5,ed25519,gossip,kademlia,946.1029999999812,3,4,4,6
memo,1024,8192000,1024,8192000,0.01,1,33.82068288288142,8192,10212024,conventional,242.2482132714992,1000,37.5,ed25519,gossipsub,kademlia,1020.9089999999971,3,4,4,5
memo,1024,8192000,1024,8192000,0.01,1,35.713250549558445,8192,3887172,conventional,229.4106493787443,1000,37.5,ed25519,plumtree,kademlia,380.50795000000056,6,8,9,15
memo,1024,8192000,1024,8192000,0.01,1,4.964607670250355,8192,9507730,conventional,1650.2814611304107,1000,4.6875,ed25519,gossip,kademlia,949.9119999999787,3,4,4,6
memo,1024,8192000,1024,8192000,0.01,1,4.9813690962767385,8192,10182072,conventional,1644.7285558750814,1000,4.6875,ed25519,gossipsub,kademlia,1020.3702000000025,3,4,4,5
memo,1024,8192000,1024,8192000,0.01,1,5.3526839847213505,8192,3912922,conventional,1530.6339816409898,1000,4.6875,ed25519,plumtree,kademlia,380.53624999999994,6,8,9,14
memo,1024,8192000,1024,8192000,0.01,1,605.3969820523564,8192,9386480,conventional,13.533268653280878,1000,600.0,ed25519,gossip,kademlia,939.73899999998,3,4,4,5
memo,1024,8192000,1024,8192000,0.01,1,597.9866637820579,8192,10216320,conventional,13.700974446791372,1000,600.0,ed25519,gossipsub,kademlia,1021.6211999999995,3,4,4,5
memo,1024,8192000,1024,8192000,0.01,1,616.880555396869,8192,3893410,conventional,13.281339358685164,1000,600.0,ed25519,plumtree,kademlia,380.5448499999998,6,8,9,15
memo,1024,8192000,1024,8192000,0.01,1,75.91927548850079,8192,9450890,conventional,107.9172574722603,1000,75.0,ed25519,gossip,kademlia,946.76599999998,3,4,4,6
memo,1024,8192000,1024,8192000,0.01,1,71.90421150725467,8192,10223316,conventional,113.94325628858859,1000,75.0,ed25519,gossipsub,kademlia,1022.2421999999981,3,4,4,5
memo,1024,8192000,1024,8192000,0.01,1,71.9117165573395,8192,3890047,conventional,113.9313646263364,1000,75.0,ed25519,plumtree,kademlia,380.3864500000002,6,8,9,15
memo,1024,8192000,1024,8192000,0.01,1,10.25820026978286,8192,9542880,conventional,798.6781096615719,1000,9.375,ed25519,gossip,kademlia,947.0929999999805,3,4,4,6
memo,1024,8192000,1024,8192000,0.01,1,9.48320578357168,8192,10222968,conventional,863.9483511148961,1000,9.375,ed25519,gossipsub,kademlia,1023.0941999999991,3,4,4,5
memo,1024,8192000,1024,8192000,0.01,1,9.621512103205323,8192,3890367,conventional,851.5293554815124,1000,9.375,ed25519,plumtree,kademlia,380.6446500000002,6,8,9,15
memo,1024,1024000,1024,1024000,0.01,256,0.3526067327680408,1024,13502594,sharded,2900.7840887509756,1000,0.146484375,ed25519,gossip,kademlia,944.6589999999796,3,4,4,5
memo,1024,1024000,1024,1024000,0.01,256,0.3531087773236882,1024,14320836,sharded,2896.342616435411,1000,0.146484375,ed25519,gossipsub,kademlia,1022.489399999999,3,4,4,5
memo,1024,1024000,1024,1024000,0.01,256,0.35705428757582613,1024,7985808,sharded,2864.281526889136,1000,0.146484375,ed25519,plumtree,kademlia,380.6462500000004,6,8,9,14
memo,1024,1024000,1024,1024000,0.01,256,0.487029877895534,1024,13550406,sharded,2100.1668407279853,1000,0.29296875,ed25519,gossip,kademlia,947.1944999999802,3,4,4,5
memo,1024,1024000,1024,1024000,0.01,256,0.487342953499997,1024,14307368,sharded,2098.5386013178627,1000,0.29296875,ed25519,gossipsub,kademlia,1022.2158000000002,3,4,4,5
memo,1024,1024000,1024,1024000,0.01,256,0.49204597332508654,1024,7969243,sharded,2078.20418301524,1000,0.29296875,ed25519,plumtree,kademlia,380.4180000000002,6,8,9,14
memo,1024,1024000,1024,1024000,0.01,256,0.7602279622290408,1024,13535690,sharded,1345.2280773801476,1000,0.5859375,ed25519,gossip,kademlia,943.6004999999811,3,4,4,5
memo,1024,1024000,1024,1024000,0.01,256,0.7579136081705201,1024,14274368,sharded,1349.4519546479648,1000,0.5859375,ed25519,gossipsub,kademlia,1020.6360000000033,3,4,4,5
memo,1024,1024000,1024,1024000,0.01,256,0.7622362187054005,1024,7963382,sharded,1341.7048086969291,1000,0.5859375,ed25519,plumtree,kademlia,380.3664500000001,6,8,9,14
memo,1024,1024000,1024,1024000,0.01,256,1103.4197783736481,1024,13517982,sharded,0.926871187235214,1000,1200.0,ed25519,gossip,kademlia,946.036999999981,3,4,4,5
memo,1024,1024000,1024,1024000,0.01,256,1105.8239405385996,1024,14277288,sharded,0.9248741707489739,1000,1200.0,ed25519,gossipsub,kademlia,1019.6669999999993,3,4,4,5
memo,1024,1024000,1024,1024000,0.01,256,1104.2137257818738,1024,7972973,sharded,0.926277201703654,1000,1200.0,ed25519,plumtree,kademlia,380.68365000000085,6,8,9,15
memo,1024,1024000,1024,1024000,0.01,256,139.15560120206615,1024,13515540,sharded,7.349183153001357,1000,150.0,ed25519,gossip,kademlia,946.0514999999813,3,4,4,5
memo,1024,1024000,1024,1024000,0.01,256,137.412041275538,1024,14280928,sharded,7.44383090815849,1000,150.0,ed25519,gossipsub,kademlia,1020.7523999999992,3,4,4,5
memo,1024,1024000,1024,1024000,0.01,256,137.70739943086562,1024,7976600,sharded,7.426790457352631,1000,150.0,ed25519,plumtree,kademlia,380.5959000000002,6,8,9,15
memo,1024,1024000,1024,1024000,0.01,256,17.40276177744065,1024,13542418,sharded,58.77411948061634,1000,18.75,ed25519,gossip,kademlia,941.6139999999795,3,4,4,5
memo,1024,1024000,1024,1024000,0.01,256,17.367221047562925,1024,14275352,sharded,58.903839433975136,1000,18.75,ed25519,gossipsub,kademlia,1020.2280000000002,3,4,4,5
memo,1024,1024000,1024,1024000,0.01,256,17.32396655411759,1024,8006925,sharded,59.04259840289791,1000,18.75,ed25519,plumtree,kademlia,380.6936499999995,6,8,9,14
memo,1024,1024000,1024,1024000,0.01,256,1.2883261517165958,1024,13658366,sharded,793.9169740807989,1000,1.171875,ed25519,gossip,kademlia,953.9499999999802,3,4,4,5
memo,1024,1024000,1024,1024000,0.01,256,1.2962933151841696,1024,14268832,sharded,788.9634143910531,1000,1.171875,ed25519,gossipsub,kademlia,1019.9880000000002,3,4,4,5
memo,1024,1024000,1024,1024000,0.01,256,1.3039985867315858,1024,7989418,sharded,784.350543326571,1000,1.171875,ed25519,plumtree,kademlia,380.6239500000002,6,8,9,14
memo,1024,1024000,1024,1024000,0.01,256,2.3703936110697343,1024,13578556,sharded,431.4743320365418,1000,2.34375,ed25519,gossip,kademlia,945.2204999999799,3,4,4,5
memo,1024,1024000,1024,1024000,0.01,256,2.3695185142037483,1024,14269748,sharded,431.6303054267067,1000,2.34375,ed25519,gossipsub,kademlia,1020.8333999999986,3,4,4,5
memo,1024,1024000,1024,1024000,0.01,256,2.3789100632757103,1024,7999519,sharded,429.8640859889801,1000,2.34375,ed25519,plumtree,kademlia,380.78940000000017,6,8,9,14
memo,1024,1024000,1024,1024000,0.01,256,276.6651298737558,1024,13559468,sharded,3.696642220386355,1000,300.0,ed25519,gossip,kademlia,941.6514999999793,3,4,4,6
memo,1024,1024000,1024,1024000,0.01,256,276.68950979381793,1024,14309940,sharded,3.6962875851784487,1000,300.0,ed25519,gossipsub,kademlia,1023.0251999999991,3,4,4,5
memo,1024,1024000,1024,1024000,0.01,256,276.20185536535814,1024,7972722,sharded,3.7031177746689496,1000,300.0,ed25519,plumtree,kademlia,380.47645000000057,6,8,9,14
memo,1024,1024000,1024,1024000,0.01,256,34.87211891417091,1024,13501834,sharded,29.328186294535513,1000,37.5,ed25519,gossip,kademlia,937.8544999999816,3,4,4,5
memo,1024,1024000,1024,1024000,0.01,256,34.90129224763409,1024,14291884,sharded,29.301379236733688,1000,37.5,ed25519,gossipsub,kademlia,1021.029599999998,3,4,4,5
memo,1024,1024000,1024,1024000,0.01,256,34.76164699535384,1024,7980191,sharded,29.419434589410777,1000,37.5,ed25519,plumtree,kademlia,380.61724999999996,6,8,9,14
memo,1024,1024000,1024,1024000,0.01,256,4.544540171374561,1024,13589510,sharded,225.05247207236184,1000,4.6875,ed25519,gossip,kademlia,950.0884999999805,3,4,4,5
memo,1024,1024000,1024,1024000,0.01,256,4.547317462264472,1024,14313748,sharded,224.92117792248274,1000,4.6875,ed25519,gossipsub,kademlia,1021.5569999999983,3,4,4,5
memo,1024,1024000,1024,1024000,0.01,256,4.5284158475383345,1024,8016815,sharded,225.83703317705135,1000,4.6875,ed25519,plumtree,kademlia,380.60724999999985,6,8,9,14
memo,1024,1024000,1024,1024000,0.01,256,547.8886469319625,1024,13518464,sharded,1.8670509157803914,1000,600.0,ed25519,gossip,kademlia,945.4399999999811,3,4,4,5
memo,1024,1024000,1024,1024000,0.01,256,551.5800353942564,1024,14280844,sharded,1.8543528307164157,1000,600.0,ed25519,gossipsub,kademlia,1021.3769999999995,3,4,4,5
memo,1024,1024000,1024,1024000,0.01,256,553.7015637848583,1024,7968706,sharded,1.8467999133145372,1000,600.0,ed25519,plumtree,kademlia,380.5154000000013,6,8,9,15
memo,1024,1024000,1024,1024000,0.01,256,69.06955144615598,1024,13507758,sharded,14.809304224270118,1000,75.0,ed25519,gossip,kademlia,944.8089999999808,3,4,4,5
memo,1024,1024000,1024,1024000,0.01,256,69.1178325532027,1024,14284552,sharded,14.79722326669818,1000,75.0,ed25519,gossipsub,kademlia,1020.9486000000019,3,4,4,5
memo,1024,1024000,1024,1024000,0.01,256,69.13923582397338,1024,7951815,sharded,14.793163213489814,1000,75.0,ed25519,plumtree,kademlia,380.4982499999998,6,8,9,15
memo,1024,1024000,1024,1024000,0.01,256,8.8448448986681,1024,13500220,sharded,115.6447638956368,1000,9.375,ed25519,gossip,kademlia,945.4174999999796,3,4,4,5
memo,1024,1024000,1024,1024000,0.01,256,8.865482313718639,1024,14284504,sharded,115.3742079454857,1000,9.375,ed25519,gossipsub,kademlia,1021.1099999999971,3,4,4,5
memo,1024,1024000,1024,1024000,0.01,256,8.86861841591883,1024,7953792,sharded,115.3189766473949,1000,9.375,ed25519,plumtree,kademlia,380.66290000000043,6,8,9,15
memo,1024,131072000,1024,131072000,0.01,256,0.3712860877194874,131072,13459940,sharded,352245.14013789064,1000,0.146484375,ed25519,gossip,kademlia,941.60749999998,3,4,4,6
memo,1024,131072000,1024,131072000,0.01,256,0.37023358695991765,131072,14303296,sharded,353271.39569906157,1000,0.146484375,ed25519,gossipsub,kademlia,1022.7659999999996,3,4,4,5
memo,1024,131072000,1024,131072000,0.01,256,0.37390275083604585,131072,7973174,sharded,349814.27579106926,1000,0.146484375,ed25519,plumtree,kademlia,380.52920000000046,6,8,9,13
memo,1024,131072000,1024,131072000,0.01,256,0.5041297918641284,131072,13466236,sharded,259430.7936382567,1000,0.29296875,ed25519,gossip,kademlia,943.2429999999807,3,4,4,6
memo,1024,131072000,1024,131072000,0.01,256,0.5038134162805311,131072,14276404,sharded,259541.87755728685,1000,0.29296875,ed25519,gossipsub,kademlia,1020.5028000000012,3,4,4,5
memo,1024,131072000,1024,131072000,0.01,256,0.5068076661539751,131072,7963706,sharded,258077.18536022017,1000,0.29296875,ed25519,plumtree,kademlia,380.55340000000086,6,8,9,15
memo,1024,131072000,1024,131072000,0.01,256,0.7741710995798172,131072,13510540,sharded,168907.41603628962,1000,0.5859375,ed25519,gossip,kademlia,943.4194999999795,3,4,4,6
memo,1024,131072000,1024,131072000,0.01,256,0.7719301431668002,131072,14288220,sharded,169415.67207557723,1000,0.5859375,ed25519,gossipsub,kademlia,1020.146999999999,3,4,4,5
memo,1024,131072000,1024,131072000,0.01,256,0.7752333948936136,131072,8001444,sharded,168724.1763081555,1000,0.5859375,ed25519,plumtree,kademlia,380.60475000000037,6,8,9,14
memo,1024,131072000,1024,131072000,0.01,256,1105.311685289726,131072,13605500,sharded,118.315984296973,1000,1200.0,ed25519,gossip,kademlia,948.275499999981,3,4,4,5
memo,1024,131072000,1024,131072000,0.01,256,1107.141330357197,131072,14275392,sharded,118.1255440602203,1000,1200.0,ed25519,gossipsub,kademlia,1021.8011999999995,3,4,4,5
memo,1024,131072000,1024,131072000,0.01,256,1107.3888525706675,131072,7949130,sharded,118.10700071288075,1000,1200.0,ed25519,plumtree,kademlia,380.7820999999991,6,8,9,14
memo,1024,131072000,1024,131072000,0.01,256,138.43916968569084,131072,13496364,sharded,944.6980092189749,1000,150.0,ed25519,gossip,kademlia,948.1949999999787,3,4,4,6
memo,1024,131072000,1024,131072000,0.01,256,137.33807422932688,131072,14294816,sharded,952.4137041676144,1000,150.0,ed25519,gossipsub,kademlia,1021.6848000000012,3,4,4,5
memo,1024,131072000,1024,131072000,0.01,256,138.6572371726261,131072,7908414,sharded,943.1273452909753,1000,150.0,ed25519,plumtree,kademlia,380.36885000000035,6,8,9,13
memo,1024,131072000,1024,131072000,0.01,256,17.48821862125273,131072,13536610,sharded,7478.975579654028,1000,18.75,ed25519,gossip,kademlia,949.4939999999806,3,4,4,6
memo,1024,131072000,1024,131072000,0.01,256,17.545582632107198,131072,14326564,sharded,7453.939988329306,1000,18.75,ed25519,gossipsub,kademlia,1022.6237999999995,3,4,4,5
memo,1024,131072000,1024,131072000,0.01,256,17.40792365695163,131072,7971964,sharded,7513.737455286188,1000,18.75,ed25519,plumtree,kademlia,380.58144999999985,6,8,9,14
memo,1024,131072000,1024,131072000,0.01,256,1.3117929771910146,131072,13639048,sharded,99695.71287082494,1000,1.171875,ed25519,gossip,kademlia,948.7334999999794,3,4,4,5
memo,1024,131072000,1024,131072000,0.01,256,1.3119722387655706,131072,14296388,sharded,99677.01765019375,1000,1.171875,ed25519,gossipsub,kademlia,1020.2141999999999,3,4,4,5
memo,1024,131072000,1024,131072000,0.01,256,1.3113044088621983,131072,7928748,sharded,99744.18076843735,1000,1.171875,ed25519,plumtree,kademlia,380.6032499999992,6,8,9,15
memo,1024,131072000,1024,131072000,0.01,256,2.399751113183954,131072,13559222,sharded,54502.495396894126,1000,2.34375,ed25519,gossip,kademlia,949.1599999999788,3,4,4,6
memo,1024,131072000,1024,131072000,0.01,256,2.375179547449344,131072,14302568,sharded,55062.235669907495,1000,2.34375,ed25519,gossipsub,kademlia,1022.3411999999997,3,4,4,5
memo,1024,131072000,1024,131072000,0.01,256,2.3889345757740004,131072,7921743,sharded,54750.98452942049,1000,2.34375,ed25519,plumtree,kademlia,380.71394999999956,6,8,9,13
memo,1024,131072000,1024,131072000,0.01,256,276.95615047380534,131072,13603974,sharded,472.1885676713608,1000,300.0,ed25519,gossip,kademlia,946.7804999999807,3,4,4,5
memo,1024,131072000,1024,131072000,0.01,256,275.9386659788929,131072,14294556,sharded,473.9797937923072,1000,300.0,ed25519,gossipsub,kademlia,1019.0021999999974,3,4,4,5
memo,1024,131072000,1024,131072000,0.01,256,274.40696063328494,131072,7936147,sharded,476.6684041036462,1000,300.0,ed25519,plumtree,kademlia,380.7154000000007,6,8,9,13
memo,1024,131072000,1024,131072000,0.01,256,34.708359718444065,131072,13575596,sharded,3768.532799044748,1000,37.5,ed25519,gossip,kademlia,945.834999999978,3,4,4,6
memo,1024,131072000,1024,131072000,0.01,256,34.82785891322492,131072,14323096,sharded,3754.926202205941,1000,37.5,ed25519,gossipsub,kademlia,1022.8481999999991,3,4,4,5
memo,1024,131072000,1024,131072000,0.01,256,34.73160189070749,131072,8005753,sharded,3765.598155004531,1000,37.5,ed25519,plumtree,kademlia,380.4649500000002,6,8,9,15
memo,1024,131072000,1024,131072000,0.01,256,4.531703423469756,131072,13537086,sharded,28860.96899515535,1000,4.6875,ed25519,gossip,kademlia,949.3029999999793,3,4,4,6
memo,1024,131072000,1024,131072000,0.01,256,4.549481684304487,131072,14286564,sharded,28745.14880479019,1000,4.6875,ed25519,gossipsub,kademlia,1021.0409999999988,3,4,4,5
memo,1024,131072000,1024,131072000,0.01,256,4.572626843400991,131072,7925419,sharded,28601.441683075704,1000,4.6875,ed25519,plumtree,kademlia,380.70834999999994,6,8,9,14
memo,1024,131072000,1024,131072000,0.01,256,551.5274708449372,131072,13441516,sharded,237.1587979101308,1000,600.0,ed25519,gossip,kademlia,938.0509999999806,3,4,4,6
memo,1024,131072000,1024,131072000,0.01,256,552.374424323117,131072,14272628,sharded,236.77569822366314,1000,600.0,ed25519,gossipsub,kademlia,1020.3575999999996,3,4,4,5
memo,1024,131072000,1024,131072000,0.01,256,552.9890057506218,131072,7997594,sharded,236.49495856157526,1000,600.0,ed25519,plumtree,kademlia,380.65300000000053,6,8,9,14
memo,1024,131072000,1024,131072000,0.01,256,69.57416637300713,131072,13437006,sharded,1879.5607452759182,1000,75.0,ed25519,gossip,kademlia,942.6909999999798,3,4,4,5
memo,1024,131072000,1024,131072000,0.01,256,69.13750020611354,131072,14275572,sharded,1891.5948018096792,1000,75.0,ed25519,gossipsub,kademlia,1019.235,3,4,4,5
memo,1024,131072000,1024,131072000,0.01,256,69.28461234993387,131072,7907841,sharded,1887.6670528145753,1000,75.0,ed25519,plumtree,kademlia,380.65650000000034,6,8,9,14
memo,1024,131072000,1024,131072000,0.01,256,8.870446672874124,131072,13507782,sharded,14745.027936414046,1000,9.375,ed25519,gossip,kademlia,942.8704999999811,3,4,4,6
memo,1024,131072000,1024,131072000,0.01,256,8.854446374774001,131072,14289144,sharded,14771.904020180871,1000,9.375,ed25519,gossipsub,kademlia,1020.7104000000002,3,4,4,5
memo,1024,131072000,1024,131072000,0.01,256,8.853177987426346,131072,7993225,sharded,14774.48303713867,1000,9.375,ed25519,plumtree,kademlia,380.52994999999953,6,8,9,14
memo,1024,16384000,1024,16384000,0.01,256,0.3553083382003247,16384,13525682,sharded,46013.4656079542,1000,0.146484375,ed25519,gossip,kademlia,942.9539999999798,3,4,4,6
memo,1024,16384000,1024,16384000,0.01,256,0.35528920748991916,16384,14281288,sharded,46012.88093014716,1000,0.146484375,ed25519,gossipsub,kademlia,1022.9459999999982,3,4,4,5
memo,1024,16384000,1024,16384000,0.01,256,0.358034605000123,16384,7977069,sharded,45659.16191255977,1000,0.146484375,ed25519,plumtree,kademlia,380.62524999999937,6,8,9,13
memo,1024,16384000,1024,16384000,0.01,256,0.4899328679841999,16384,13460278,sharded,33363.41174098804,1000,0.29296875,ed25519,gossip,kademlia,939.4889999999813,3,4,4,5
memo,1024,16384000,1024,16384000,0.01,256,0.48885996672884696,16384,14277216,sharded,33441.4783632053,1000,0.29296875,ed25519,gossipsub,kademlia,1020.2639999999985,3,4,4,5
memo,1024,16384000,1024,16384000,0.01,256,0.49299751243028295,16384,7977607,sharded,33164.1916799978,1000,0.29296875,ed25519,plumtree,kademlia,380.5067000000001,6,8,9,14
memo,1024,16384000,1024,16384000,0.01,256,0.7563781542650315,16384,13478886,sharded,21617.684101265877,1000,0.5859375,ed25519,gossip,kademlia,944.1284999999792,3,4,4,6
memo,1024,16384000,1024,16384000,0.01,256,0.7554134123784644,16384,14318976,sharded,21643.428263368896,1000,0.5859375,ed25519,gossipsub,kademlia,1023.8268000000015,3,4,4,5
memo,1024,16384000,1024,16384000,0.01,256,0.7624572702582131,16384,7982241,sharded,21446.248383810806,1000,0.5859375,ed25519,plumtree,kademlia,380.53720000000015,6,8,9,15
memo,1024,16384000,1024,16384000,0.01,256,1100.9796771600043,16384,13492698,sharded,14.85040309025057,1000,1200.0,ed25519,gossip,kademlia,941.5204999999811,3,4,4,6
memo,1024,16384000,1024,16384000,0.01,256,1110.2897254845905,16384,14267908,sharded,14.72414958434819,1000,1200.0,ed25519,gossipsub,kademlia,1020.2370000000009,3,4,4,5
memo,1024,16384000,1024,16384000,0.01,256,1099.9044964323707,16384,7965349,sharded,14.866490729911668,1000,1200.0,ed25519,plumtree,kademlia,380.50689999999946,6,8,9,14
memo,1024,16384000,1024,16384000,0.01,256,138.26608454723967,16384,13522084,sharded,118.23446113724759,1000,150.0,ed25519,gossip,kademlia,947.2659999999806,3,4,4,6
memo,1024,16384000,1024,16384000,0.01,256,138.53673643880745,16384,14285476,sharded,117.99700512809855,1000,150.0,ed25519,gossipsub,kademlia,1021.4027999999988,3,4,4,5
memo,1024,16384000,1024,16384000,0.01,256,138.46482958995747,16384,7967499,sharded,118.09202415099018,1000,150.0,ed25519,plumtree,kademlia,380.52470000000017,6,8,9,14
memo,1024,16384000,1024,16384000,0.01,256,17.437769084878422,16384,13566368,sharded,937.6561829906809,1000,18.75,ed25519,gossip,kademlia,947.7144999999795,3,4,4,5
memo,1024,16384000,1024,16384000,0.01,256,17.46124450106356,16384,14311540,sharded,936.3809091043942,1000,18.75,ed25519,gossipsub,kademlia,1023.9011999999999,3,4,4,5
memo,1024,16384000,1024,16384000,0.01,256,17.450132594578704,16384,7983546,sharded,936.9111616423634,1000,18.75,ed25519,plumtree,kademlia,380.46034999999995,6,8,9,15
memo,1024,16384000,1024,16384000,0.01,256,1.2990063704192065,16384,13470852,sharded,12585.995243983189,1000,1.171875,ed25519,gossip,kademlia,942.2209999999802,3,4,4,6
memo,1024,16384000,1024,16384000,0.01,256,1.3017129528451583,16384,14328180,sharded,12560.612510049215,1000,1.171875,ed25519,gossipsub,kademlia,1024.322399999999,3,4,4,5
memo,1024,16384000,1024,16384000,0.01,256,1.298737704578137,16384,7991433,sharded,12590.175785580452,1000,1.171875,ed25519,plumtree,kademlia,380.51994999999994,6,8,9,14
memo,1024,16384000,1024,16384000,0.01,256,2.3813928219986122,16384,13513172,sharded,6865.2965814682075,1000,2.34375,ed25519,gossip,kademlia,947.5314999999798,3,4,4,6
memo,1024,16384000,1024,16384000,0.01,256,2.3652697436240087,16384,14295616,sharded,6911.959214829764,1000,2.34375,ed25519,gossipsub,kademlia,1021.5539999999991,3,4,4,5
memo,1024,16384000,1024,16384000,0.01,256,2.3721915487694196,16384,7974819,sharded,6893.112829983114,1000,2.34375,ed25519,plumtree,kademlia,380.4602499999999,6,8,9,15
memo,1024,16384000,1024,16384000,0.01,256,276.20905804249537,16384,13575622,sharded,59.18708139356104,1000,300.0,ed25519,gossip,kademlia,951.32749999998,3,4,4,6
memo,1024,16384000,1024,16384000,0.01,256,274.5354420109093,16384,14282068,sharded,59.56211657127395,1000,300.0,ed25519,gossipsub,kademlia,1019.8451999999985,3,4,4,5
memo,1024,16384000,1024,16384000,0.01,256,275.0636597645458,16384,7974855,sharded,59.44610790824508,1000,300.0,ed25519,plumtree,kademlia,380.5169999999998,6,8,9,14
memo,1024,16384000,1024,16384000,0.01,256,34.61334856694946,16384,13548864,sharded,472.4089600395776,1000,37.5,ed25519,gossip,kademlia,944.7999999999807,3,4,4,5
memo,1024,16384000,1024,16384000,0.01,256,34.595660026611874,16384,14310948,sharded,472.617200753585,1000,37.5,ed25519,gossipsub,kademlia,1021.6284,3,4,4,5
memo,1024,16384000,1024,16384000,0.01,256,34.834531122460774,16384,7937786,sharded,469.2183150833626,1000,37.5,ed25519,plumtree,kademlia,380.71294999999986,6,8,9,14
memo,1024,16384000,1024,16384000,0.01,256,4.552025784040419,16384,13580882,sharded,3591.369815460351,1000,4.6875,ed25519,gossip,kademlia,949.8579999999797,3,4,4,6
memo,1024,16384000,1024,16384000,0.01,256,4.530868541788931,16384,14296612,sharded,3608.8321365298425,1000,4.6875,ed25519,gossipsub,kademlia,1021.4123999999988,3,4,4,5
memo,1024,16384000,1024,16384000,0.01,256,4.527600634455476,16384,7953899,sharded,3610.829072596899,1000,4.6875,ed25519,plumtree,kademlia,380.62469999999934,6,8,9,14
memo,1024,16384000,1024,16384000,0.01,256,549.2394532262681,16384,13465356,sharded,29.769937144817625,1000,600.0,ed25519,gossip,kademlia,940.0394999999811,3,4,4,5
memo,1024,16384000,1024,16384000,0.01,256,553.7111670501679,16384,14292924,sharded,29.529287059725448,1000,600.0,ed25519,gossipsub,kademlia,1020.8118,3,4,4,5
memo,1024,16384000,1024,16384000,0.01,256,550.1136968071185,16384,7933732,sharded,29.719020076921026,1000,600.0,ed25519,plumtree,kademlia,380.61624999999987,6,8,9,13
memo,1024,16384000,1024,16384000,0.01,256,69.30104857043894,16384,13532436,sharded,235.89749848277734,1000,75.0,ed25519,gossip,kademlia,946.1964999999792,3,4,4,6
memo,1024,16384000,1024,16384000,0.01,256,68.93941887032148,16384,14285852,sharded,237.17113181293277,1000,75.0,ed25519,gossipsub,kademlia,1020.2742000000009,3,4,4,5
memo,1024,16384000,1024,16384000,0.01,256,69.32644774401076,16384,7997230,sharded,235.8101494016376,1000,75.0,ed25519,plumtree,kademlia,380.5960500000001,6,8,9,16
memo,1024,16384000,1024,16384000,0.01,256,8.884353397587793,16384,13520936,sharded,1840.0465704615683,1000,9.375,ed25519,gossip,kademlia,940.2229999999811,3,4,4,6
memo,1024,16384000,1024,16384000,0.01,256,8.891123965481302,16384,14313744,sharded,1838.7317580398865,1000,9.375,ed25519,gossipsub,kademlia,1021.9181999999973,3,4,4,5
memo,1024,16384000,1024,16384000,0.01,256,8.789078175156616,16384,7889515,sharded,1860.211466341709,1000,9.375,ed25519,plumtree,kademlia,380.9103000000008,6,8,9,16
memo,1024,2048000,1024,2048000,0.01,256,0.35278623941403686,2048,13419444,sharded,5795.668230699836,1000,0.146484375,ed25519,gossip,kademlia,940.2659999999796,3,4,4,5
memo,1024,2048000,1024,2048000,0.01,256,0.3520921632973033,2048,14290080,sharded,5806.638752915574,1000,0.146484375,ed25519,gossipsub,kademlia,1022.7798000000001,3,4,4,5
memo,1024,2048000,1024,2048000,0.01,256,0.3564575291582444,2048,7972959,sharded,5735.370507751036,1000,0.146484375,ed25519,plumtree,kademlia,380.36304999999993,6,8,9,13
memo,1024,2048000,1024,2048000,0.01,256,0.48707778875866287,2048,13579764,sharded,4197.834611204358,1000,0.29296875,ed25519,gossip,kademlia,953.619499999979,3,4,4,6
memo,1024,2048000,1024,2048000,0.01,256,0.4888239612160488,2048,14289604,sharded,4181.808099002998,1000,0.29296875,ed25519,gossipsub,kademlia,1020.0983999999984,3,4,4,5
memo,1024,2048000,1024,2048000,0.01,256,0.4905076716950018,2048,7954820,sharded,4167.8777274480535,1000,0.29296875,ed25519,plumtree,kademlia,380.76024999999987,6,8,9,14
memo,1024,2048000,1024,2048000,0.01,256,0.75789633132113,2048,13490280,sharded,2697.0443258867,1000,0.5859375,ed25519,gossip,kademlia,942.40949999998,3,4,4,6
memo,1024,2048000,1024,2048000,0.01,256,0.7548503167230102,2048,14285660,sharded,2708.690656548111,1000,0.5859375,ed25519,gossipsub,kademlia,1020.3731999999999,3,4,4,5
memo,1024,2048000,1024,2048000,0.01,256,0.7592823908048725,2048,7983964,sharded,2692.6055770011944,1000,0.5859375,ed25519,plumtree,kademlia,380.66889999999967,6,8,9,13
memo,1024,2048000,1024,2048000,0.01,256,1098.6063106684667,2048,13501104,sharded,1.8611871970368152,1000,1200.0,ed25519,gossip,kademlia,942.6794999999801,3,4,4,6
memo,1024,2048000,1024,2048000,0.01,256,1103.8132860284263,2048,14300180,sharded,1.8521610727807,1000,1200.0,ed25519,gossipsub,kademlia,1020.6971999999988,3,4,4,5
memo,1024,2048000,1024,2048000,0.01,256,1107.5280294439126,2048,7971375,sharded,1.8459126501985585,1000,1200.0,ed25519,plumtree,kademlia,380.37639999999993,6,8,9,16
memo,1024,2048000,1024,2048000,0.01,256,137.99183281258374,2048,13445520,sharded,14.816818925631003,1000,150.0,ed25519,gossip,kademlia,938.4484999999802,3,4,4,6
memo,1024,2048000,1024,2048000,0.01,256,138.18138322502716,2048,14285540,sharded,14.796551838465636,1000,150.0,ed25519,gossipsub,kademlia,1022.5481999999994,3,4,4,5
memo,1024,2048000,1024,2048000,0.01,256,137.84425656668608,2048,7970315,sharded,14.833204160456491,1000,150.0,ed25519,plumtree,kademlia,380.51400000000046,6,8,9,15
memo,1024,2048000,1024,2048000,0.01,256,17.482463050237534,2048,13542562,sharded,116.94782332013686,1000,18.75,ed25519,gossip,kademlia,944.7014999999807,3,4,4,6
memo,1024,2048000,1024,2048000,0.01,256,17.54903698607999,2048,14292876,sharded,116.5018913357871,1000,18.75,ed25519,gossipsub,kademlia,1021.3230000000012,3,4,4,5
memo,1024,2048000,1024,2048000,0.01,256,17.42342980388799,2048,8009838,sharded,117.34819280781052,1000,18.75,ed25519,plumtree,kademlia,380.6342000000009,6,8,9,15
memo,1024,2048000,1024,2048000,0.01,256,1.2968428537480219,2048,13567322,sharded,1576.5487654044287,1000,1.171875,ed25519,gossip,kademlia,944.3314999999811,3,4,4,6
memo,1024,2048000,1024,2048000,0.01,256,1.2987292409200373,2048,14273988,sharded,1574.006294454305,1000,1.171875,ed25519,gossipsub,kademlia,1021.2360000000016,3,4,4,5
memo,1024,2048000,1024,2048000,0.01,256,1.2995631166391761,2048,7944229,sharded,1573.2302447051204,1000,1.171875,ed25519,plumtree,kademlia,380.75955000000033,6,8,9,14
memo,1024,2048000,1024,2048000,0.01,256,2.366986990347089,2048,13586666,sharded,863.9033540696178,1000,2.34375,ed25519,gossip,kademlia,952.0674999999785,3,4,4,5
memo,1024,2048000,1024,2048000,0.01,256,2.3756251872545877,2048,14280096,sharded,860.6340810701689,1000,2.34375,ed25519,gossipsub,kademlia,1021.5233999999992,3,4,4,5
memo,1024,2048000,1024,2048000,0.01,256,2.372078863127004,2048,7954019,sharded,861.9612238796495,1000,2.34375,ed25519,plumtree,kademlia,380.5656500000006,6,8,9,15
memo,1024,2048000,1024,2048000,0.01,256,277.93281495800784,2048,13590318,sharded,7.354525590325966,1000,300.0,ed25519,gossip,kademlia,945.2659999999798,3,4,4,6
memo,1024,2048000,1024,2048000,0.01,256,276.08949923868215,2048,14276992,sharded,7.405656519491174,1000,300.0,ed25519,gossipsub,kademlia,1020.3798000000004,3,4,4,5
memo,1024,2048000,1024,2048000,0.01,256,276.65456880679324,2048,8011701,sharded,7.389518303699893,1000,300.0,ed25519,plumtree,kademlia,380.7483999999999,6,8,9,13
memo,1024,2048000,1024,2048000,0.01,256,34.84689261389099,2048,13520176,sharded,58.661414165380556,1000,37.5,ed25519,gossip,kademlia,945.4709999999794,3,4,4,5
memo,1024,2048000,1024,2048000,0.01,256,34.71508825144708,2048,14303084,sharded,58.897502584190335,1000,37.5,ed25519,gossipsub,kademlia,1021.1705999999998,3,4,4,5
memo,1024,2048000,1024,2048000,0.01,256,34.68392081802738,2048,7920340,sharded,58.9488140838249,1000,37.5,ed25519,plumtree,kademlia,380.8055000000006,6,8,9,14
memo,1024,2048000,1024,2048000,0.01,256,4.51951435584387,2048,13555036,sharded,452.42206109072407,1000,4.6875,ed25519,gossip,kademlia,946.1814999999802,3,4,4,6
memo,1024,2048000,1024,2048000,0.01,256,4.539971995645041,2048,14274432,sharded,450.33229323026194,1000,4.6875,ed25519,gossipsub,kademlia,1019.7155999999999,3,4,4,5
memo,1024,2048000,1024,2048000,0.01,256,4.573861682051333,2048,7908875,sharded,446.9536120915553,1000,4.6875,ed25519,plumtree,kademlia,380.8736000000009,6,8,9,13
memo,1024,2048000,1024,2048000,0.01,256,551.6915898605116,2048,13472636,sharded,3.705345590852405,1000,600.0,ed25519,gossip,kademlia,943.3994999999817,3,4,4,5
memo,1024,2048000,1024,2048000,0.01,256,549.5911319000595,2048,14265004,sharded,3.720613163699737,1000,600.0,ed25519,gossipsub,kademlia,1020.1433999999998,3,4,4,5
memo,1024,2048000,1024,2048000,0.01,256,552.4849081172692,2048,7931405,sharded,3.7004015312687177,1000,600.0,ed25519,plumtree,kademlia,380.59450000000066,6,8,9,14
memo,1024,2048000,1024,2048000,0.01,256,69.3858289077367,2048,13550384,sharded,29.46584385002615,1000,75.0,ed25519,gossip,kademlia,946.5209999999805,3,4,4,6
memo,1024,2048000,1024,2048000,0.01,256,68.8219844234896,2048,14303516,sharded,29.712133660913064,1000,75.0,ed25519,gossipsub,kademlia,1021.3776000000015,3,4,4,5
memo,1024,2048000,1024,2048000,0.01,256,69.09639117028769,2048,7962084,sharded,29.589736386683814,1000,75.0,ed25519,plumtree,kademlia,380.73259999999976,6,8,9,14
memo,1024,2048000,1024,2048000,0.01,256,8.874259762378674,2048,13533322,sharded,230.38496221030036,1000,9.375,ed25519,gossip,kademlia,942.5354999999806,3,4,4,5
memo,1024,2048000,1024,2048000,0.01,256,8.83379132378161,2048,14302764,sharded,231.43222712270426,1000,9.375,ed25519,gossipsub,kademlia,1020.7992000000012,3,4,4,5
memo,1024,2048000,1024,2048000,0.01,256,8.849831668831131,2048,7952705,sharded,231.0190833573257,1000,9.375,ed25519,plumtree,kademlia,380.5505000000001,6,8,9,16
memo,1024,262144000,1024,262144000,0.01,256,0.39536928456567666,262144,13585304,sharded,661637.1736802076,1000,0.146484375,ed25519,gossip,kademlia,951.2379999999802,3,4,4,5
memo,1024,262144000,1024,262144000,0.01,256,0.3942679132412297,262144,14306040,sharded,663311.4164681963,1000,0.146484375,ed25519,gossipsub,kademlia,1022.2434000000013,3,4,4,5
memo,1024,262144000,1024,262144000,0.01,256,0.3978491286204345,262144,7968100,sharded,657518.2529796899,1000,0.146484375,ed25519,plumtree,kademlia,380.5373000000001,6,8,9,14
memo,1024,262144000,1024,262144000,0.01,256,0.5240807812433569,262144,13547254,sharded,499113.2385725424,1000,0.29296875,ed25519,gossip,kademlia,944.8204999999799,3,4,4,5
memo,1024,262144000,1024,262144000,0.01,256,0.5231125454631713,262144,14310600,sharded,500070.3314587529,1000,0.29296875,ed25519,gossipsub,kademlia,1021.7622000000002,3,4,4,5
memo,1024,262144000,1024,262144000,0.01,256,0.5270163455447079,262144,7927008,sharded,496290.3526828314,1000,0.29296875,ed25519,plumtree,kademlia,380.56425000000013,6,8,9,13
memo,1024,262144000,1024,262144000,0.01,256,0.7908009564803805,262144,13547924,sharded,330786.0136692815,1000,0.5859375,ed25519,gossip,kademlia,943.5129999999798,3,4,4,5
memo,1024,262144000,1024,262144000,0.01,256,0.7900802797957351,262144,14291804,sharded,331068.30114482244,1000,0.5859375,ed25519,gossipsub,kademlia,1022.1558,3,4,4,5
memo,1024,262144000,1024,262144000,0.01,256,0.7940831828753302,262144,7927281,sharded,329441.9698610737,1000,0.5859375,ed25519,plumtree,kademlia,380.5909500000005,6,8,9,16
memo,1024,262144000,1024,262144000,0.01,256,1104.4241259976998,262144,13615762,sharded,236.82772029605658,1000,1200.0,ed25519,gossip,kademlia,950.213499999978,3,4,4,5
memo,1024,262144000,1024,262144000,0.01,256,1110.7052430100232,262144,14285800,sharded,235.48752078560204,1000,1200.0,ed25519,gossipsub,kademlia,1020.4386000000003,3,4,4,5
memo,1024,262144000,1024,262144000,0.01,256,1109.2255254096399,262144,7967863,sharded,235.82012675321252,1000,1200.0,ed25519,plumtree,kademlia,380.4718500000005,6,8,9,16
memo,1024,262144000,1024,262144000,0.01,256,138.8851576110219,262144,13489016,sharded,1883.0782820758734,1000,150.0,ed25519,gossip,kademlia,942.9619999999809,3,4,4,5
memo,1024,262144000,1024,262144000,0.01,256,138.47350191338288,262144,14289472,sharded,1889.1052250821883,1000,150.0,ed25519,gossipsub,kademlia,1021.2329999999976,3,4,4,5
memo,1024,262144000,1024,262144000,0.01,256,138.1276076474871,262144,7933655,sharded,1893.7913749117113,1000,150.0,ed25519,plumtree,kademlia,380.53210000000087,6,8,9,14
memo,1024,262144000,1024,262144000,0.01,256,17.557547301490867,262144,13509698,sharded,14894.922822038681,1000,18.75,ed25519,gossip,kademlia,942.5104999999792,3,4,4,6
memo,1024,262144000,1024,262144000,0.01,256,17.46850433191564,262144,14291680,sharded,14975.361085840175,1000,18.75,ed25519,gossipsub,kademlia,1021.6056000000001,3,4,4,5
memo,1024,262144000,1024,262144000,0.01,256,17.54213751397399,262144,7961181,sharded,14910.167007392654,1000,18.75,ed25519,plumtree,kademlia,380.6909499999996,6,8,9,15
memo,1024,262144000,1024,262144000,0.01,256,1.3260449840936237,262144,13554886,sharded,197273.14468053562,1000,1.171875,ed25519,gossip,kademlia,946.2019999999804,3,4,4,5
memo,1024,262144000,1024,262144000,0.01,256,1.3236255233747865,262144,14290636,sharded,197622.91024206366,1000,1.171875,ed25519,gossipsub,kademlia,1021.1171999999991,3,4,4,5
memo,1024,262144000,1024,262144000,0.01,256,1.3314098694788432,262144,7951836,sharded,196435.93606706095,1000,1.171875,ed25519,plumtree,kademlia,380.6132999999997,6,8,9,15
memo,1024,262144000,1024,262144000,0.01,256,2.4022818880035364,262144,13463534,sharded,108892.72291745926,1000,2.34375,ed25519,gossip,kademlia,946.0894999999805,3,4,4,5
memo,1024,262144000,1024,262144000,0.01,256,2.4036853747375937,262144,14290696,sharded,108831.69767114722,1000,2.34375,ed25519,gossipsub,kademlia,1021.8131999999983,3,4,4,5
memo,1024,262144000,1024,262144000,0.01,256,2.410496026951859,262144,7923773,sharded,108507.63538936281,1000,2.34375,ed25519,plumtree,kademlia,380.5954999999998,6,8,9,13
memo,1024,262144000,1024,262144000,0.01,256,276.36592305044536,262144,13474986,sharded,946.4533872805143,1000,300.0,ed25519,gossip,kademlia,945.2794999999802,3,4,4,5
memo,1024,262144000,1024,262144000,0.01,256,277.3467363195257,262144,14288136,sharded,942.999263199144,1000,300.0,ed25519,gossipsub,kademlia,1020.2159999999993,3,4,4,5
memo,1024,262144000,1024,262144000,0.01,256,276.1842420688458,262144,7948447,sharded,947.113064961886,1000,300.0,ed25519,plumtree,kademlia,380.57915000000037,6,8,9,14
memo,1024,262144000,1024,262144000,0.01,256,34.84247929665017,262144,13549444,sharded,7506.790024128578,1000,37.5,ed25519,gossip,kademlia,949.3674999999802,3,4,4,6
memo,1024,262144000,1024,262144000,0.01,256,34.65755529292456,262144,14281840,sharded,7547.523932058822,1000,37.5,ed25519,gossipsub,kademlia,1021.2276000000018,3,4,4,5
memo,1024,262144000,1024,262144000,0.01,256,34.794071910724064,262144,7974609,sharded,7518.263935051926,1000,37.5,ed25519,plumtree,kademlia,380.5593499999996,6,8,9,14
memo,1024,262144000,1024,262144000,0.01,256,4.548860093835455,262144,13544590,sharded,57507.16324612961,1000,4.6875,ed25519,gossip,kademlia,945.9009999999806,3,4,4,6
memo,1024,262144000,1024,262144000,0.01,256,4.572871695105313,262144,14303644,sharded,57198.93000277503,1000,4.6875,ed25519,gossipsub,kademlia,1022.0154000000009,3,4,4,5
memo,1024,262144000,1024,262144000,0.01,256,4.564343172157809,262144,7980223,sharded,57303.787672115235,1000,4.6875,ed25519,plumtree,kademlia,380.50344999999965,6,8,9,14
memo,1024,262144000,1024,262144000,0.01,256,548.1420425116016,262144,13507528,sharded,477.25832304582445,1000,600.0,ed25519,gossip,kademlia,946.3919999999806,3,4,4,6
memo,1024,262144000,1024,262144000,0.01,256,551.0332693462161,262144,14288920,sharded,474.72817078789024,1000,600.0,ed25519,gossipsub,kademlia,1022.731799999999,3,4,4,5
memo,1024,262144000,1024,262144000,0.01,256,554.7961199491444,262144,7970694,sharded,471.4363900453651,1000,600.0,ed25519,plumtree,kademlia,380.4848500000008,6,8,9,14
memo,1024,262144000,1024,262144000,0.01,256,69.59726934985481,262144,13591402,sharded,3757.653287880691,1000,75.0,ed25519,gossip,kademlia,945.7359999999813,3,4,4,6
memo,1024,262144000,1024,262144000,0.01,256,69.25016823116681,262144,14310940,sharded,3776.9460880859583,1000,75.0,ed25519,gossipsub,kademlia,1022.322599999999,3,4,4,5
memo,1024,262144000,1024,262144000,0.01,256,68.92378464589949,262144,8000880,sharded,3795.306966149931,1000,75.0,ed25519,plumtree,kademlia,380.6041499999996,6,8,9,16
memo,1024,262144000,1024,262144000,0.01,256,8.895220739099148,262144,13533536,sharded,29408.846803558135,1000,9.375,ed25519,gossip,kademlia,947.9874999999815,3,4,4,5
memo,1024,262144000,1024,262144000,0.01,256,8.895219196624817,262144,14296312,sharded,29404.247182491545,1000,9.375,ed25519,gossipsub,kademlia,1022.1713999999989,3,4,4,5
memo,1024,262144000,1024,262144000,0.01,256,8.898393393497543,262144,7986823,sharded,29393.297917254215,1000,9.375,ed25519,plumtree,kademlia,380.73015000000026,6,8,9,14
memo,1024,32768000,1024,32768000,0.01,256,0.3569218292148909,32768,13504248,sharded,91599.50813856245,1000,0.146484375,ed25519,gossip,kademlia,941.0654999999814,3,4,4,5
memo,1024,32768000,1024,32768000,0.01,256,0.3562966041514106,32768,14288332,sharded,91765.99389116168,1000,0.146484375,ed25519,gossipsub,kademlia,1020.1853999999998,3,4,4,5
memo,1024,32768000,1024,32768000,0.01,256,0.3602042496932473,32768,7997783,sharded,90783.27095765252,1000,0.146484375,ed25519,plumtree,kademlia,380.56804999999986,6,8,9,15
memo,1024,32768000,1024,32768000,0.01,256,0.49069678455820315,32768,13450166,sharded,66639.94757870957,1000,0.29296875,ed25519,gossip,kademlia,940.6819999999814,3,4,4,5
memo,1024,32768000,1024,32768000,0.01,256,0.4893176230192986,32768,14279500,sharded,66827.25179246267,1000,0.29296875,ed25519,gossipsub,kademlia,1020.7571999999997,3,4,4,5
memo,1024,32768000,1024,32768000,0.01,256,0.49409490374532883,32768,7937164,sharded,66179.30230030051,1000,0.29296875,ed25519,plumtree,kademlia,380.7133499999993,6,8,9,13
memo,1024,32768000,1024,32768000,0.01,256,0.7582177931068177,32768,13489750,sharded,43118.00685399404,1000,0.5859375,ed25519,gossip,kademlia,942.9279999999801,3,4,4,6
memo,1024,32768000,1024,32768000,0.01,256,0.7606634159593838,32768,14299748,sharded,42986.61315104702,1000,0.5859375,ed25519,gossipsub,kademlia,1022.125799999999,3,4,4,5
memo,1024,32768000,1024,32768000,0.01,256,0.7611393760099994,32768,7968899,sharded,42958.55533240792,1000,0.5859375,ed25519,plumtree,kademlia,380.4732500000009,6,8,9,14
memo,1024,32768000,1024,32768000,0.01,256,1104.2778640609754,32768,13543328,sharded,29.607135182232263,1000,1200.0,ed25519,gossip,kademlia,946.9664999999811,3,4,4,5
memo,1024,32768000,1024,32768000,0.01,256,1104.4806765631142,32768,14284348,sharded,29.601930295184932,1000,1200.0,ed25519,gossipsub,kademlia,1021.5191999999982,3,4,4,5
memo,1024,32768000,1024,32768000,0.01,256,1096.5318232750085,32768,7991708,sharded,29.827373274325137,1000,1200.0,ed25519,plumtree,kademlia,380.82909999999987,6,8,9,14
memo,1024,32768000,1024,32768000,0.01,256,137.94912271728305,32768,13520464,sharded,237.03747697630894,1000,150.0,ed25519,gossip,kademlia,945.18649999998,3,4,4,6
memo,1024,32768000,1024,32768000,0.01,256,138.8811649276645,32768,14284448,sharded,235.40246092425818,1000,150.0,ed25519,gossipsub,kademlia,1020.8916000000003,3,4,4,5
memo,1024,32768000,1024,32768000,0.01,256,138.06842877637598,32768,7924191,sharded,236.81689065179373,1000,150.0,ed25519,plumtree,kademlia,380.7740999999997,6,8,9,15
memo,1024,32768000,1024,32768000,0.01,256,17.515675670334225,32768,13474322,sharded,1866.7972971993304,1000,18.75,ed25519,gossip,kademlia,945.1774999999809,3,4,4,6
memo,1024,32768000,1024,32768000,0.01,256,17.428222589044967,32768,14284080,sharded,1876.157355286096,1000,18.75,ed25519,gossipsub,kademlia,1020.1931999999987,3,4,4,5
memo,1024,32768000,1024,32768000,0.01,256,17.460812055258664,32768,7997645,sharded,1872.8315668543842,1000,18.75,ed25519,plumtree,kademlia,380.6425999999999,6,8,9,16
memo,1024,32768000,1024,32768000,0.01,256,1.2921751528492122,32768,13552310,sharded,25307.559836523236,1000,1.171875,ed25519,gossip,kademlia,949.5954999999798,3,4,4,5
memo,1024,32768000,1024,32768000,0.01,256,1.2985746453114733,32768,14314140,sharded,25179.096263778803,1000,1.171875,ed25519,gossipsub,kademlia,1021.9295999999988,3,4,4,5
memo,1024,32768000,1024,32768000,0.01,256,1.3064528279900456,32768,7990813,sharded,25028.142845620707,1000,1.171875,ed25519,plumtree,kademlia,380.7447000000001,6,8,9,15
memo,1024,32768000,1024,32768000,0.01,256,2.380556722531069,32768,13481902,sharded,13732.307107239427,1000,2.34375,ed25519,gossip,kademlia,942.3329999999816,3,4,4,6
memo,1024,32768000,1024,32768000,0.01,256,2.3755353515701016,32768,14299756,sharded,13765.213798391682,1000,2.34375,ed25519,gossipsub,kademlia,1022.1083999999975,3,4,4,5
memo,1024,32768000,1024,32768000,0.01,256,2.374217826673722,32768,7976282,sharded,13770.803854929149,1000,2.34375,ed25519,plumtree,kademlia,380.5014500000008,6,8,9,15
memo,1024,32768000,1024,32768000,0.01,256,275.68684641064146,32768,13581354,sharded,118.61890556537529,1000,300.0,ed25519,gossip,kademlia,937.7589999999813,3,4,4,6
memo,1024,32768000,1024,32768000,0.01,256,277.59701947520483,32768,14324056,sharded,117.77777752012328,1000,300.0,ed25519,gossipsub,kademlia,1023.7920000000004,3,4,4,5
memo,1024,32768000,1024,32768000,0.01,256,276.435255410823,32768,7980094,sharded,118.26673826901458,1000,300.0,ed25519,plumtree,kademlia,380.6688499999999,6,8,9,14
memo,1024,32768000,1024,32768000,0.01,256,34.87077102366245,32768,13499674,sharded,937.6859484354978,1000,37.5,ed25519,gossip,kademlia,943.9104999999803,3,4,4,6
memo,1024,32768000,1024,32768000,0.01,256,34.5703059115782,32768,14314124,sharded,945.9283375634767,1000,37.5,ed25519,gossipsub,kademlia,1023.1373999999983,3,4,4,5
memo,1024,32768000,1024,32768000,0.01,256,34.654177481214056,32768,8017242,sharded,943.5244572670928,1000,37.5,ed25519,plumtree,kademlia,380.8470000000001,6,8,9,14
memo,1024,32768000,1024,32768000,0.01,256,4.534311576408164,32768,13539114,sharded,7209.789501474087,1000,4.6875,ed25519,gossip,kademlia,946.782499999981,3,4,4,6
memo,1024,32768000,1024,32768000,0.01,256,4.529539901764434,32768,14295580,sharded,7218.967203989661,1000,4.6875,ed25519,gossipsub,kademlia,1022.3957999999989,3,4,4,5
memo,1024,32768000,1024,32768000,0.01,256,4.55792523691265,32768,7996856,sharded,7172.296670259424,1000,4.6875,ed25519,plumtree,kademlia,380.65005000000065,6,8,9,14
memo,1024,32768000,1024,32768000,0.01,256,553.2583521363063,32768,13590596,sharded,59.096311648531255,1000,600.0,ed25519,gossip,kademlia,944.9079999999803,3,4,4,6
memo,1024,32768000,1024,32768000,0.01,256,553.5825467240029,32768,14294924,sharded,59.05707864792851,1000,600.0,ed25519,gossipsub,kademlia,1023.5369999999984,3,4,4,5
memo,1024,32768000,1024,32768000,0.01,256,552.1570719204548,32768,7966323,sharded,59.22090228106458,1000,600.0,ed25519,plumtree,kademlia,380.4537000000007,6,8,9,14
memo,1024,32768000,1024,32768000,0.01,256,69.2159296846142,32768,13551598,sharded,472.3829348097016,1000,75.0,ed25519,gossip,kademlia,947.6044999999798,3,4,4,5
memo,1024,32768000,1024,32768000,0.01,256,69.03101492396927,32768,14305688,sharded,473.6427537102186,1000,75.0,ed25519,gossipsub,kademlia,1021.0758000000018,3,4,4,5
memo,1024,32768000,1024,32768000,0.01,256,69.30875045478386,32768,7987477,sharded,471.6690430211558,1000,75.0,ed25519,plumtree,kademlia,380.38915000000014,6,8,9,15
memo,1024,32768000,1024,32768000,0.01,256,8.852341383421303,32768,13536396,sharded,3693.5050947349932,1000,9.375,ed25519,gossip,kademlia,945.6414999999811,3,4,4,5
memo,1024,32768000,1024,32768000,0.01,256,8.805498928678222,32768,14264708,sharded,3713.2696585209987,1000,9.375,ed25519,gossipsub,kademlia,1019.3910000000016,3,4,4,5
memo,1024,32768000,1024,32768000,0.01,256,8.82187386281625,32768,7948439,sharded,3706.652861794732,1000,9.375,ed25519,plumtree,kademlia,380.6683500000005,6,8,9,14
memo,1024,4096000,1024,4096000,0.01,256,0.35324168974279335,4096,13465336,sharded,11572.518529668818,1000,0.146484375,ed25519,gossip,kademlia,941.892499999981,3,4,4,6
memo,1024,4096000,1024,4096000,0.01,256,0.35210610857233327,4096,14286260,sharded,11611.704257496822,1000,0.146484375,ed25519,gossipsub,kademlia,1021.7093999999976,3,4,4,5
memo,1024,4096000,1024,4096000,0.01,256,0.3568587308461755,4096,7898667,sharded,11456.432606555114,1000,0.146484375,ed25519,plumtree,kademlia,380.84305,6,8,9,14
memo,1024,4096000,1024,4096000,0.01,256,0.4880259596157616,4096,13524558,sharded,8377.111748766003,1000,0.29296875,ed25519,gossip,kademlia,946.8104999999797,3,4,4,6
memo,1024,4096000,1024,4096000,0.01,256,0.48682092119077786,4096,14285476,sharded,8398.143592513807,1000,0.29296875,ed25519,gossipsub,kademlia,1022.1443999999993,3,4,4,5
memo,1024,4096000,1024,4096000,0.01,256,0.4904867133541898,4096,7969910,sharded,8335.410294891479,1000,0.29296875,ed25519,plumtree,kademlia,380.70445000000007,6,8,9,14
memo,1024,4096000,1024,4096000,0.01,256,0.7546114479980442,4096,13610400,sharded,5417.092479639396,1000,0.5859375,ed25519,gossip,kademlia,950.2529999999799,3,4,4,6
memo,1024,4096000,1024,4096000,0.01,256,0.7600503258242797,4096,14283936,sharded,5378.391221090132,1000,0.5859375,ed25519,gossipsub,kademlia,1020.7151999999995,3,4,4,5
memo,1024,4096000,1024,4096000,0.01,256,0.762025714942019,4096,7996206,sharded,5365.351745788642,1000,0.5859375,ed25519,plumtree,kademlia,380.5287000000001,6,8,9,14
memo,1024,4096000,1024,4096000,0.01,256,1105.626334188409,4096,13487226,sharded,3.6975023781437515,1000,1200.0,ed25519,gossip,kademlia,941.8674999999814,3,4,4,5
memo,1024,4096000,1024,4096000,0.01,256,1107.6462793210412,4096,14289556,sharded,3.6906294692794757,1000,1200.0,ed25519,gossipsub,kademlia,1020.6810000000012,3,4,4,5
memo,1024,4096000,1024,4096000,0.01,256,1104.4590132146352,4096,7914185,sharded,3.701439302940924,1000,1200.0,ed25519,plumtree,kademlia,380.7299999999996,6,8,9,14
memo,1024,4096000,1024,4096000,0.01,256,137.85723339617627,4096,13604854,sharded,29.65752249104255,1000,150.0,ed25519,gossip,kademlia,951.2669999999794,3,4,4,5
memo,1024,4096000,1024,4096000,0.01,256,138.54283805051261,4096,14331104,sharded,29.50486692433449,1000,150.0,ed25519,gossipsub,kademlia,1023.4763999999993,3,4,4,5
memo,1024,4096000,1024,4096000,0.01,256,138.19619735915373,4096,7938573,sharded,29.58223220408468,1000,150.0,ed25519,plumtree,kademlia,380.55315,6,8,9,14
memo,1024,4096000,1024,4096000,0.01,256,17.550041078381398,4096,13615552,sharded,232.91067990918856,1000,18.75,ed25519,gossip,kademlia,946.9744999999805,3,4,4,6
memo,1024,4096000,1024,4096000,0.01,256,17.482987509785467,4096,14295764,sharded,233.83692276344627,1000,18.75,ed25519,gossipsub,kademlia,1021.6667999999969,3,4,4,5
memo,1024,4096000,1024,4096000,0.01,256,17.42398895877499,4096,7963295,sharded,234.59381256904672,1000,18.75,ed25519,plumtree,kademlia,380.5701499999996,6,8,9,15
memo,1024,4096000,1024,4096000,0.01,256,1.2920955473209688,4096,13506752,sharded,3163.5988596008865,1000,1.171875,ed25519,gossip,kademlia,941.1589999999793,3,4,4,5
memo,1024,4096000,1024,4096000,0.01,256,1.299279171616466,4096,14301640,sharded,3146.181428364086,1000,1.171875,ed25519,gossipsub,kademlia,1021.6524000000006,3,4,4,5
memo,1024,4096000,1024,4096000,0.01,256,1.3029834412426862,4096,7970781,sharded,3137.2616647387076,1000,1.171875,ed25519,plumtree,kademlia,380.4386500000011,6,8,9,15
memo,1024,4096000,1024,4096000,0.01,256,2.390972889119383,4096,13477152,sharded,1709.6270805084396,1000,2.34375,ed25519,gossip,kademlia,944.6884999999805,3,4,4,6
memo,1024,4096000,1024,4096000,0.01,256,2.376175402801347,4096,14290112,sharded,1720.3612137305483,1000,2.34375,ed25519,gossipsub,kademlia,1021.1669999999996,3,4,4,5
memo,1024,4096000,1024,4096000,0.01,256,2.362649354983748,4096,7931575,sharded,1730.4065841916363,1000,2.34375,ed25519,plumtree,kademlia,380.7467500000004,6,8,9,13
memo,1024,4096000,1024,4096000,0.01,256,276.22058336892457,4096,13590812,sharded,14.800605914801407,1000,300.0,ed25519,gossip,kademlia,949.0714999999788,3,4,4,5
memo,1024,4096000,1024,4096000,0.01,256,277.23008906093213,4096,14275432,sharded,14.746941841155769,1000,300.0,ed25519,gossipsub,kademlia,1020.2315999999975,3,4,4,5
memo,1024,4096000,1024,4096000,0.01,256,277.10376717086393,4096,7964875,sharded,14.751932251716473,1000,300.0,ed25519,plumtree,kademlia,380.54100000000005,6,8,9,14
memo,1024,4096000,1024,4096000,0.01,256,34.687747626192085,4096,13544670,sharded,117.86178924205947,1000,37.5,ed25519,gossip,kademlia,947.3109999999809,3,4,4,6
memo,1024,4096000,1024,4096000,0.01,256,34.77777662975316,4096,14300516,sharded,117.5525406216578,1000,37.5,ed25519,gossipsub,kademlia,1021.6229999999986,3,4,4,5
memo,1024,4096000,1024,4096000,0.01,256,34.79833456920193,4096,7957170,sharded,117.47711637953124,1000,37.5,ed25519,plumtree,kademlia,380.4859000000005,6,8,9,13
memo,1024,4096000,1024,4096000,0.01,256,4.505788582089613,4096,13561398,sharded,907.4566916550192,1000,4.6875,ed25519,gossip,kademlia,947.8514999999817,3,4,4,5
memo,1024,4096000,1024,4096000,0.01,256,4.537091740767313,4096,14317748,sharded,900.9701001348221,1000,4.6875,ed25519,gossipsub,kademlia,1021.7303999999983,3,4,4,5
memo,1024,4096000,1024,4096000,0.01,256,4.5310167752027946,4096,7960625,sharded,902.2169201342308,1000,4.6875,ed25519,plumtree,kademlia,380.47585000000066,6,8,9,14
memo,1024,4096000,1024,4096000,0.01,256,554.5949368985847,4096,13520900,sharded,7.370352176055777,1000,600.0,ed25519,gossip,kademlia,946.83699999998,3,4,4,5
memo,1024,4096000,1024,4096000,0.01,256,550.022328301574,4096,14295956,sharded,7.433865480744883,1000,600.0,ed25519,gossipsub,kademlia,1020.9335999999986,3,4,4,5
memo,1024,4096000,1024,4096000,0.01,256,551.9988976633234,4096,7995767,sharded,7.405797397974802,1000,600.0,ed25519,plumtree,kademlia,380.52960000000064,6,8,9,15
memo,1024,4096000,1024,4096000,0.01,256,68.8947339662662,4096,13556862,sharded,59.348396671392145,1000,75.0,ed25519,gossip,kademlia,945.8979999999799,3,4,4,6
memo,1024,4096000,1024,4096000,0.01,256,68.93967536105372,4096,14285448,sharded,59.301584734609534,1000,75.0,ed25519,gossipsub,kademlia,1021.1957999999981,3,4,4,5
memo,1024,4096000,1024,4096000,0.01,256,69.11124098461669,4096,7965442,sharded,59.15946439031631,1000,75.0,ed25519,plumtree,kademlia,380.5713500000001,6,8,9,16
memo,1024,4096000,1024,4096000,0.01,256,8.793054577188732,4096,13490846,sharded,464.95514887468306,1000,9.375,ed25519,gossip,kademlia,941.3604999999793,3,4,4,6
memo,1024,4096000,1024,4096000,0.01,256,8.842139119205262,4096,14304552,sharded,462.3958009345915,1000,9.375,ed25519,gossipsub,kademlia,1022.974800000001,3,4,4,5
memo,1024,4096000,1024,4096000,0.01,256,8.896113147087533,4096,8005332,sharded,459.5058462513255,1000,9.375,ed25519,plumtree,kademlia,380.64979999999997,6,8,9,15
memo,1024,524288000,1024,524288000,0.01,256,0.4462172225433661,524288,13531908,sharded,1172567.793366941,1000,0.146484375,ed25519,gossip,kademlia,946.8549999999806,3,4,4,6
memo,1024,524288000,1024,524288000,0.01,256,0.44521166423419506,524288,14321328,sharded,1174930.959861009,1000,0.146484375,ed25519,gossipsub,kademlia,1021.5996000000001,3,4,4,5
memo,1024,524288000,1024,524288000,0.01,256,0.4505269945779614,524288,8041684,sharded,1161287.2886564943,1000,0.146484375,ed25519,plumtree,kademlia,380.3019500000003,6,8,9,14
memo,1024,524288000,1024,524288000,0.01,256,0.5737845509149356,524288,13543088,sharded,911750.3480458077,1000,0.29296875,ed25519,gossip,kademlia,948.7589999999801,3,4,4,5
memo,1024,524288000,1024,524288000,0.01,256,0.5715580434113758,524288,14278516,sharded,915294.9101679771,1000,0.29296875,ed25519,gossipsub,kademlia,1019.3886000000024,3,4,4,5
memo,1024,524288000,1024,524288000,0.01,256,0.5749364423168688,524288,7950579,sharded,909945.019125552,1000,0.29296875,ed25519,plumtree,kademlia,380.7356000000001,6,8,9,14
memo,1024,524288000,1024,524288000,0.01,256,0.8327706922405373,524288,13521976,sharded,628197.1410311053,1000,0.5859375,ed25519,gossip,kademlia,942.1854999999798,3,4,4,5
memo,1024,524288000,1024,524288000,0.01,256,0.8306213668343675,524288,14312688,sharded,629812.808685329,1000,0.5859375,ed25519,gossipsub,kademlia,1022.0153999999989,3,4,4,5
memo,1024,524288000,1024,524288000,0.01,256,0.8335024528965259,524288,7910139,sharded,627699.6812449101,1000,0.5859375,ed25519,plumtree,kademlia,380.68829999999974,6,8,9,15
memo,1024,524288000,1024,524288000,0.01,256,1097.9847213716262,524288,13422410,sharded,476.50327897679267,1000,1200.0,ed25519,gossip,kademlia,936.7784999999815,3,4,4,5
memo,1024,524288000,1024,524288000,0.01,256,1099.015062813641,524288,14279400,sharded,476.0714586208726,1000,1200.0,ed25519,gossipsub,kademlia,1021.4585999999995,3,4,4,5
memo,1024,524288000,1024,524288000,0.01,256,1106.119106268102,524288,7971515,sharded,472.92872262637405,1000,1200.0,ed25519,plumtree,kademlia,380.46059999999966,6,8,9,14
memo,1024,524288000,1024,524288000,0.01,256,138.87873225319126,524288,13467768,sharded,3766.058168261984,1000,150.0,ed25519,gossip,kademlia,942.7464999999795,3,4,4,6
memo,1024,524288000,1024,524288000,0.01,256,138.31362648128297,524288,14295084,sharded,3782.4667699736483,1000,150.0,ed25519,gossipsub,kademlia,1020.3678000000003,3,4,4,5
memo,1024,524288000,1024,524288000,0.01,256,138.10172658534842,524288,7967541,sharded,3788.137027212969,1000,150.0,ed25519,plumtree,kademlia,380.74235000000004,6,8,9,13
memo,1024,524288000,1024,524288000,0.01,256,17.5412519246417,524288,13560850,sharded,29818.863684707278,1000,18.75,ed25519,gossip,kademlia,946.3469999999792,3,4,4,6
memo,1024,524288000,1024,524288000,0.01,256,17.477492298468814,524288,14294824,sharded,29931.395595341248,1000,18.75,ed25519,gossipsub,kademlia,1022.201999999997,3,4,4,5
memo,1024,524288000,1024,524288000,0.01,256,17.548574322632092,524288,7949616,sharded,29808.405308764795,1000,18.75,ed25519,plumtree,kademlia,380.6799500000004,6,8,9,14
memo,1024,524288000,1024,524288000,0.01,256,1.3606388471910635,524288,13500942,sharded,384500.77849830483,1000,1.171875,ed25519,gossip,kademlia,943.28799999998,3,4,4,5
memo,1024,524288000,1024,524288000,0.01,256,1.354837183314715,524288,14273936,sharded,386150.3053230513,1000,1.171875,ed25519,gossipsub,kademlia,1019.9753999999997,3,4,4,5
memo,1024,524288000,1024,524288000,0.01,256,1.3617853417838408,524288,7980919,sharded,384216.1667819243,1000,1.171875,ed25519,plumtree,kademlia,380.4944500000012,6,8,9,14
memo,1024,524288000,1024,524288000,0.01,256,2.4402261671470757,524288,13474894,sharded,214360.81583026182,1000,2.34375,ed25519,gossip,kademlia,943.589999999979,3,4,4,6
memo,1024,524288000,1024,524288000,0.01,256,2.4354295626668887,524288,14281964,sharded,214763.66059515564,1000,2.34375,ed25519,gossipsub,kademlia,1021.7645999999988,3,4,4,5
memo,1024,524288000,1024,524288000,0.01,256,2.435769789819088,524288,7957296,sharded,214783.26982569927,1000,2.34375,ed25519,plumtree,kademlia,380.6865499999998,6,8,9,15
memo,1024,524288000,1024,524288000,0.01,256,276.1485659424702,524288,13408050,sharded,1894.3114848873752,1000,300.0,ed25519,gossip,kademlia,940.9429999999804,3,4,4,5
memo,1024,524288000,1024,524288000,0.01,256,276.52449167830207,524288,14286644,sharded,1891.9510124572862,1000,300.0,ed25519,gossipsub,kademlia,1021.2647999999996,3,4,4,5
memo,1024,524288000,1024,524288000,0.01,256,275.8378444965899,524288,8004548,sharded,1896.8388654388154,1000,300.0,ed25519,plumtree,kademlia,380.70470000000023,6,8,9,14
memo,1024,524288000,1024,524288000,0.01,256,34.73076911198533,524288,13506478,sharded,15060.898372662012,1000,37.5,ed25519,gossip,kademlia,945.8304999999813,3,4,4,6
memo,1024,524288000,1024,524288000,0.01,256,34.80101053775414,524288,14287624,sharded,15032.441872125037,1000,37.5,ed25519,gossipsub,kademlia,1021.6619999999999,3,4,4,5
memo,1024,524288000,1024,524288000,0.01,256,34.65730958433748,524288,7904717,sharded,15094.298728728058,1000,37.5,ed25519,plumtree,kademlia,380.6172500000006,6,8,9,14
memo,1024,524288000,1024,524288000,0.01,256,4.603375654035599,524288,13529474,sharded,113660.50292708825,1000,4.6875,ed25519,gossip,kademlia,945.20499999998,3,4,4,6
memo,1024,524288000,1024,524288000,0.01,256,4.579447860353124,524288,14259976,sharded,114234.70600660163,1000,4.6875,ed25519,gossipsub,kademlia,1019.4857999999975,3,4,4,5
memo,1024,524288000,1024,524288000,0.01,256,4.605608797907709,524288,7980163,sharded,113598.27700469928,1000,4.6875,ed25519,plumtree,kademlia,380.5624000000005,6,8,9,15
memo,1024,524288000,1024,524288000,0.01,256,550.253758025318,524288,13567098,sharded,950.6097439064331,1000,600.0,ed25519,gossip,kademlia,946.8039999999793,3,4,4,6
memo,1024,524288000,1024,524288000,0.01,256,555.3049753604975,524288,14291332,sharded,941.9627181629785,1000,600.0,ed25519,gossipsub,kademlia,1021.7903999999976,3,4,4,5
memo,1024,524288000,1024,524288000,0.01,256,552.9856763884675,524288,7997140,sharded,946.0578787803671,1000,600.0,ed25519,plumtree,kademlia,380.69344999999976,6,8,9,15
memo,1024,524288000,1024,524288000,0.01,256,68.84736626921165,524288,13520102,sharded,7599.976649128418,1000,75.0,ed25519,gossip,kademlia,940.2569999999813,3,4,4,6
memo,1024,524288000,1024,524288000,0.01,256,69.37390022750162,524288,14271740,sharded,7540.611646231488,1000,75.0,ed25519,gossipsub,kademlia,1019.619000000001,3,4,4,5
memo,1024,524288000,1024,524288000,0.01,256,69.22185261173186,524288,7981580,sharded,7557.115625526337,1000,75.0,ed25519,plumtree,kademlia,380.62755000000107,6,8,9,14
memo,1024,524288000,1024,524288000,0.01,256,8.868916753075576,524288,13560118,sharded,58994.79706115824,1000,9.375,ed25519,gossip,kademlia,950.9669999999784,3,4,4,6
memo,1024,524288000,1024,524288000,0.01,256,8.866478187185432,524288,14330868,sharded,59003.63108726823,1000,9.375,ed25519,gossipsub,kademlia,1025.093999999999,3,4,4,5
memo,1024,524288000,1024,524288000,0.01,256,8.921771414954824,524288,7977699,sharded,58635.427390923454,1000,9.375,ed25519,plumtree,kademlia,380.53484999999995,6,8,9,15
memo,1024,65536000,1024,65536000,0.01,256,0.36120884382658996,65536,13492618,sharded,181057.3830562055,1000,0.146484375,ed25519,gossip,kademlia,945.3984999999818,3,4,4,5
memo,1024,65536000,1024,65536000,0.01,256,0.36060833524389124,65536,14269668,sharded,181325.52581119983,1000,0.146484375,ed25519,gossipsub,kademlia,1021.9715999999994,3,4,4,5
memo,1024,65536000,1024,65536000,0.01,256,0.3643947311499867,65536,7985796,sharded,179457.54537565954,1000,0.146484375,ed25519,plumtree,kademlia,380.42045000000064,6,8,9,15
memo,1024,65536000,1024,65536000,0.01,256,0.49547000342216035,65536,13472358,sharded,131961.34488144008,1000,0.29296875,ed25519,gossip,kademlia,948.3314999999818,3,4,4,6
memo,1024,65536000,1024,65536000,0.01,256,0.4954035314165008,65536,14327496,sharded,132006.95564888697,1000,0.29296875,ed25519,gossipsub,kademlia,1022.269200000002,3,4,4,5
memo,1024,65536000,1024,65536000,0.01,256,0.49828324190807755,65536,7978934,sharded,131237.88741035707,1000,0.29296875,ed25519,plumtree,kademlia,380.4855500000004,6,8,9,13
memo,1024,65536000,1024,65536000,0.01,256,0.7602884390064175,65536,13589092,sharded,86022.39445528113,1000,0.5859375,ed25519,gossip,kademlia,946.6569999999818,3,4,4,5
memo,1024,65536000,1024,65536000,0.01,256,0.763716980200117,65536,14306124,sharded,85630.51718827029,1000,0.5859375,ed25519,gossipsub,kademlia,1020.9174000000003,3,4,4,5
memo,1024,65536000,1024,65536000,0.01,256,0.7679461018521697,65536,7983112,sharded,85168.27918294512,1000,0.5859375,ed25519,plumtree,kademlia,380.67795000000046,6,8,9,14
memo,1024,65536000,1024,65536000,0.01,256,1106.313242579402,65536,13523288,sharded,59.10905291844288,1000,1200.0,ed25519,gossip,kademlia,941.5974999999803,3,4,4,5
memo,1024,65536000,1024,65536000,0.01,256,1108.2659791030374,65536,14295064,sharded,59.00421129314515,1000,1200.0,ed25519,gossipsub,kademlia,1021.3980000000003,3,4,4,5
memo,1024,65536000,1024,65536000,0.01,256,1112.0722741648176,65536,7990869,sharded,58.79028685352363,1000,1200.0,ed25519,plumtree,kademlia,380.68499999999887,6,8,9,16
memo,1024,65536000,1024,65536000,0.01,256,138.59340740211653,65536,13545126,sharded,471.7936965809922,1000,150.0,ed25519,gossip,kademlia,946.1279999999804,3,4,4,6
memo,1024,65536000,1024,65536000,0.01,256,138.3759638657385,65536,14292576,sharded,472.5905726188886,1000,150.0,ed25519,gossipsub,kademlia,1021.684200000002,3,4,4,5
memo,1024,65536000,1024,65536000,0.01,256,138.56023164735308,65536,7959264,sharded,471.9639338250865,1000,150.0,ed25519,plumtree,kademlia,380.63460000000003,6,8,9,13
memo,1024,65536000,1024,65536000,0.01,256,17.39402431667438,65536,13464540,sharded,3759.6199021816174,1000,18.75,ed25519,gossip,kademlia,938.4079999999817,3,4,4,6
memo,1024,65536000,1024,65536000,0.01,256,17.451880469496224,65536,14278292,sharded,3747.420119815195,1000,18.75,ed25519,gossipsub,kademlia,1020.608399999998,3,4,4,5
memo,1024,65536000,1024,65536000,0.01,256,17.4636286578934,65536,7964846,sharded,3744.4886902381118,1000,18.75,ed25519,plumtree,kademlia,380.42544999999905,6,8,9,14
memo,1024,65536000,1024,65536000,0.01,256,1.3025290694197962,65536,13492414,sharded,50207.88060348688,1000,1.171875,ed25519,gossip,kademlia,938.5739999999798,3,4,4,6
memo,1024,65536000,1024,65536000,0.01,256,1.3039021156846333,65536,14316092,sharded,50153.243263711876,1000,1.171875,ed25519,gossipsub,kademlia,1021.2713999999992,3,4,4,5
memo,1024,65536000,1024,65536000,0.01,256,1.3035887908289137,65536,7976939,sharded,50177.47349484894,1000,1.171875,ed25519,plumtree,kademlia,380.5605000000004,6,8,9,14
memo,1024,65536000,1024,65536000,0.01,256,2.3806070380932245,65536,13528690,sharded,27473.07680497533,1000,2.34375,ed25519,gossip,kademlia,945.5079999999799,3,4,4,5
memo,1024,65536000,1024,65536000,0.01,256,2.384339098009433,65536,14275332,sharded,27425.350720705796,1000,2.34375,ed25519,gossipsub,kademlia,1019.2157999999971,3,4,4,5
memo,1024,65536000,1024,65536000,0.01,256,2.3996297618426152,65536,8014162,sharded,27248.033442372525,1000,2.34375,ed25519,plumtree,kademlia,380.76719999999995,6,8,9,14
memo,1024,65536000,1024,65536000,0.01,256,275.76828653125494,65536,13554596,sharded,237.12884763704892,1000,300.0,ed25519,gossip,kademlia,945.5749999999797,3,4,4,5
memo,1024,65536000,1024,65536000,0.01,256,276.2849660823777,65536,14293168,sharded,236.67334827224508,1000,300.0,ed25519,gossipsub,kademlia,1022.6885999999982,3,4,4,5
memo,1024,65536000,1024,65536000,0.01,256,276.0202348920578,65536,7976240,sharded,236.92352854338398,1000,300.0,ed25519,plumtree,kademlia,380.52585000000056,6,8,9,14
memo,1024,65536000,1024,65536000,0.01,256,34.7009684441674,65536,13529184,sharded,1884.3723080872915,1000,37.5,ed25519,gossip,kademlia,942.6424999999797,3,4,4,5
memo,1024,65536000,1024,65536000,0.01,256,34.51478973370019,65536,14275016,sharded,1894.8484549550433,1000,37.5,ed25519,gossipsub,kademlia,1019.756999999999,3,4,4,5
memo,1024,65536000,1024,65536000,0.01,256,34.740017791276905,65536,8015452,sharded,1882.438414191621,1000,37.5,ed25519,plumtree,kademlia,380.8001000000003,6,8,9,14
memo,1024,65536000,1024,65536000,0.01,256,4.562318776131882,65536,13503778,sharded,14331.626352386633,1000,4.6875,ed25519,gossip,kademlia,947.6359999999808,3,4,4,5
memo,1024,65536000,1024,65536000,0.01,256,4.523134989229095,65536,14322060,sharded,14457.591948000967,1000,4.6875,ed25519,gossipsub,kademlia,1022.5991999999987,3,4,4,5
memo,1024,65536000,1024,65536000,0.01,256,4.545502346928013,65536,7969556,sharded,14385.604716317524,1000,4.6875,ed25519,plumtree,kademlia,380.60515000000026,6,8,9,15
memo,1024,65536000,1024,65536000,0.01,256,551.7374504375891,65536,13596184,sharded,118.52960850878029,1000,600.0,ed25519,gossip,kademlia,954.5299999999797,3,4,4,5
memo,1024,65536000,1024,65536000,0.01,256,549.8344050518409,65536,14315484,sharded,118.95428768927856,1000,600.0,ed25519,gossipsub,kademlia,1022.546399999999,3,4,4,5
memo,1024,65536000,1024,65536000,0.01,256,554.0837712261108,65536,7925836,sharded,118.00596840313806,1000,600.0,ed25519,plumtree,kademlia,380.74124999999964,6,8,9,15
memo,1024,65536000,1024,65536000,0.01,256,68.99517886856147,65536,13442648,sharded,947.8298204658814,1000,75.0,ed25519,gossip,kademlia,939.4389999999809,3,4,4,5
memo,1024,65536000,1024,65536000,0.01,256,69.3117225030945,65536,14271180,sharded,943.3386105370681,1000,75.0,ed25519,gossipsub,kademlia,1019.7005999999993,3,4,4,5
memo,1024,65536000,1024,65536000,0.01,256,69.22034711588996,65536,7969478,sharded,944.6837342569322,1000,75.0,ed25519,plumtree,kademlia,380.560249999999,6,8,9,13
memo,1024,65536000,1024,65536000,0.01,256,8.847764971269187,65536,13526530,sharded,7391.846439453778,1000,9.375,ed25519,gossip,kademlia,942.3744999999808,3,4,4,5
memo,1024,65536000,1024,65536000,0.01,256,8.81524847424502,65536,14312548,sharded,7418.618793453909,1000,9.375,ed25519,gossipsub,kademlia,1022.219999999998,3,4,4,5
memo,1024,65536000,1024,65536000,0.01,256,8.896531661091737,65536,7959608,sharded,7349.514899829655,1000,9.375,ed25519,plumtree,kademlia,380.29694999999975,6,8,9,15
memo,1024,8192000,1024,8192000,0.01,256,0.354011631429103,8192,13618386,sharded,23094.585810628472,1000,0.146484375,ed25519,gossip,kademlia,953.5719999999798,3,4,4,6
memo,1024,8192000,1024,8192000,0.01,256,0.35255817024495717,8192,14300144,sharded,23191.066581492585,1000,0.146484375,ed25519,gossipsub,kademlia,1023.0419999999996,3,4,4,5
memo,1024,8192000,1024,8192000,0.01,256,0.3571308300742567,8192,7955876,sharded,22888.754796947538,1000,0.146484375,ed25519,plumtree,kademlia,380.7082500000003,6,8,9,13
memo,1024,8192000,1024,8192000,0.01,256,0.4884719430446752,8192,13526382,sharded,16735.50367917925,1000,0.29296875,ed25519,gossip,kademlia,942.4754999999782,3,4,4,5
memo,1024,8192000,1024,8192000,0.01,256,0.48909859904817743,8192,14267860,sharded,16714.25764847621,1000,0.29296875,ed25519,gossipsub,kademlia,1020.4769999999972,3,4,4,5
memo,1024,8192000,1024,8192000,0.01,256,0.4922462783482077,8192,7913316,sharded,16609.0031750664,1000,0.29296875,ed25519,plumtree,kademlia,380.82029999999963,6,8,9,15
memo,1024,8192000,1024,8192000,0.01,256,0.7575701099740981,8192,13604382,sharded,10791.904131855901,1000,0.5859375,ed25519,gossip,kademlia,948.7514999999796,3,4,4,6
memo,1024,8192000,1024,8192000,0.01,256,0.7587670299354992,8192,14278504,sharded,10773.699538176972,1000,0.5859375,ed25519,gossipsub,kademlia,1020.1985999999978,3,4,4,5
memo,1024,8192000,1024,8192000,0.01,256,0.7609885395222364,8192,7999337,sharded,10742.24850367951,1000,0.5859375,ed25519,plumtree,kademlia,380.60659999999945,6,8,9,13
memo,1024,8192000,1024,8192000,0.01,256,1099.695273504864,8192,13528402,sharded,7.434590469724192,1000,1200.0,ed25519,gossip,kademlia,944.261499999979,3,4,4,5
memo,1024,8192000,1024,8192000,0.01,256,1108.0399400233653,8192,14250404,sharded,7.376896540234495,1000,1200.0,ed25519,gossipsub,kademlia,1018.9962000000002,3,4,4,5
memo,1024,8192000,1024,8192000,0.01,256,1105.339824834205,8192,7900461,sharded,7.395814225029112,1000,1200.0,ed25519,plumtree,kademlia,380.8425000000006,6,8,9,14
memo,1024,8192000,1024,8192000,0.01,256,138.31301341002094,8192,13529720,sharded,59.09870516498902,1000,150.0,ed25519,gossip,kademlia,944.1074999999796,3,4,4,5
memo,1024,8192000,1024,8192000,0.01,256,138.2157620487517,8192,14320064,sharded,59.14630776420793,1000,150.0,ed25519,gossipsub,kademlia,1021.5354000000003,3,4,4,5
memo,1024,8192000,1024,8192000,0.01,256,137.83629018042387,8192,7962070,sharded,59.30960554219162,1000,150.0,ed25519,plumtree,kademlia,380.4982000000008,6,8,9,14
memo,1024,8192000,1024,8192000,0.01,256,17.4862408462805,8192,13567744,sharded,467.51317632336713,1000,18.75,ed25519,gossip,kademlia,948.0949999999812,3,4,4,5
memo,1024,8192000,1024,8192000,0.01,256,17.377475724942443,8192,14287500,sharded,470.4632668981661,1000,18.75,ed25519,gossipsub,kademlia,1021.3289999999992,3,4,4,5
memo,1024,8192000,1024,8192000,0.01,256,17.422679025072018,8192,7951052,sharded,469.2408089614224,1000,18.75,ed25519,plumtree,kademlia,380.7012999999994,6,8,9,16
memo,1024,8192000,1024,8192000,0.01,256,1.293576425967689,8192,13590316,sharded,6320.393473376593,1000,1.171875,ed25519,gossip,kademlia,946.1699999999796,3,4,4,6
memo,1024,8192000,1024,8192000,0.01,256,1.2963911807939361,8192,14303792,sharded,6305.189452919667,1000,1.171875,ed25519,gossipsub,kademlia,1020.1985999999994,3,4,4,5
memo,1024,8192000,1024,8192000,0.01,256,1.298743038383174,8192,7918655,sharded,6294.165788312191,1000,1.171875,ed25519,plumtree,kademlia,380.61895000000055,6,8,9,14
memo,1024,8192000,1024,8192000,0.01,256,2.3713712371837232,8192,13515822,sharded,3447.4332284256457,1000,2.34375,ed25519,gossip,kademlia,943.5109999999795,3,4,4,6
memo,1024,8192000,1024,8192000,0.01,256,2.373761767695463,8192,14301932,sharded,3444.0827682286817,1000,2.34375,ed25519,gossipsub,kademlia,1022.1773999999994,3,4,4,5
memo,1024,8192000,1024,8192000,0.01,256,2.3750539013111744,8192,7970047,sharded,3441.993461911305,1000,2.34375,ed25519,plumtree,kademlia,380.51190000000133,6,8,9,14
memo,1024,8192000,1024,8192000,0.01,256,276.4636116613296,8192,13438182,sharded,29.56867976540087,1000,300.0,ed25519,gossip,kademlia,937.4254999999822,3,4,4,6
memo,1024,8192000,1024,8192000,0.01,256,276.30145813522256,8192,14308884,sharded,29.58858073054018,1000,300.0,ed25519,gossipsub,kademlia,1022.4281999999996,3,4,4,5
memo,1024,8192000,1024,8192000,0.01,256,275.5225903878388,8192,7994734,sharded,29.67373378891137,1000,300.0,ed25519,plumtree,kademlia,380.7391500000003,6,8,9,14
memo,1024,8192000,1024,8192000,0.01,256,34.913265433795516,8192,13544956,sharded,234.15947773497174,1000,37.5,ed25519,gossip,kademlia,941.6604999999812,3,4,4,6
memo,1024,8192000,1024,8192000,0.01,256,34.7627055087154,8192,14298420,sharded,235.16811710614456,1000,37.5,ed25519,gossipsub,kademlia,1021.9572,3,4,4,5
memo,1024,8192000,1024,8192000,0.01,256,34.69841270789418,8192,7931749,sharded,235.60754979838237,1000,37.5,ed25519,plumtree,kademlia,380.7967499999997,6,8,9,14
memo,1024,8192000,1024,8192000,0.01,256,4.538867060998052,8192,13574896,sharded,1801.0996775486985,1000,4.6875,ed25519,gossip,kademlia,944.0164999999807,3,4,4,5
memo,1024,8192000,1024,8192000,0.01,256,4.499326338950277,8192,14293632,sharded,1817.1058029783762,1000,4.6875,ed25519,gossipsub,kademlia,1021.0992,3,4,4,5
memo,1024,8192000,1024,8192000,0.01,256,4.542065769686563,8192,7979306,sharded,1799.7255906235148,1000,4.6875,ed25519,plumtree,kademlia,380.62510000000015,6,8,9,16
memo,1024,8192000,1024,8192000,0.01,256,549.5455094168645,8192,13591326,sharded,14.87729743925208,1000,600.0,ed25519,gossip,kademlia,948.3519999999803,3,4,4,5
memo,1024,8192000,1024,8192000,0.01,256,552.9373041694256,8192,14286668,sharded,14.784417579276115,1000,600.0,ed25519,gossipsub,kademlia,1020.9684000000011,3,4,4,5
memo,1024,8192000,1024,8192000,0.01,256,552.6727790004456,8192,7976005,sharded,14.79201493293269,1000,600.0,ed25519,plumtree,kademlia,380.57059999999996,6,8,9,14
memo,1024,8192000,1024,8192000,0.01,256,69.15241039818426,8192,13609478,sharded,118.22199620990594,1000,75.0,ed25519,gossip,kademlia,949.4919999999798,3,4,4,6
memo,1024,8192000,1024,8192000,0.01,256,68.70647662500414,8192,14300636,sharded,118.98930641750846,1000,75.0,ed25519,gossipsub,kademlia,1020.9515999999996,3,4,4,5
memo,1024,8192000,1024,8192000,0.01,256,69.25938094708766,8192,7967624,sharded,118.03570705094153,1000,75.0,ed25519,plumtree,kademlia,380.5900499999999,6,8,9,14
memo,1024,8192000,1024,8192000,0.01,256,8.848258945194466,8192,13569068,sharded,923.9304648108179,1000,9.375,ed25519,gossip,kademlia,943.8819999999802,3,4,4,5
memo,1024,8192000,1024,8192000,0.01,256,8.820693435441482,8192,14277432,sharded,926.7634182993063,1000,9.375,ed25519,gossipsub,kademlia,1021.4243999999974,3,4,4,5
memo,1024,8192000,1024,8192000,0.01,256,8.81192852165084,8192,8000287,sharded,927.8668091679256,1000,9.375,ed25519,plumtree,kademlia,380.54645,6,8,9,14
memo,1024,1024000,1024,1024000,0.01,2,0.1336729719859047,1024,9429630,sharded,6212.475025149936,1000,0.146484375,ed25519,gossip,kademlia,941.3694999999798,3,4,4,6
memo,1024,1024000,1024,1024000,0.01,2,0.13167517024732694,1024,10223308,sharded,6345.615490229163,1000,0.146484375,ed25519,gossipsub,kademlia,1021.6152000000004,3,4,4,5
memo,1024,1024000,1024,1024000,0.01,2,0.13506038431739045,1024,3853210,sharded,6160.029857792092,1000,0.146484375,ed25519,plumtree,kademlia,380.65385000000043,6,8,9,15
memo,1024,1024000,1024,1024000,0.01,2,0.2402471373002256,1024,9462082,sharded,3469.394097122577,1000,0.29296875,ed25519,gossip,kademlia,946.1414999999796,3,4,4,5
memo,1024,1024000,1024,1024000,0.01,2,0.24119731659228447,1024,10241202,sharded,3517.2862284950384,1000,0.29296875,ed25519,gossipsub,kademlia,1022.1023999999998,3,4,4,5
memo,1024,1024000,1024,1024000,0.01,2,0.24403238325181353,1024,3882019,sharded,3459.639203411852,1000,0.29296875,ed25519,plumtree,kademlia,380.46960000000036,6,8,9,14
memo,1024,1024000,1024,1024000,0.01,2,0.47319063966355973,1024,9452130,sharded,1749.5696884211945,1000,0.5859375,ed25519,gossip,kademlia,943.88199999998,3,4,4,6
memo,1024,1024000,1024,1024000,0.01,2,0.45690808770651,1024,10205300,sharded,1830.9678084257741,1000,0.5859375,ed25519,gossipsub,kademlia,1021.7915999999993,3,4,4,5
memo,1024,1024000,1024,1024000,0.01,2,0.4772207945572124,1024,3898895,sharded,1742.3046302319472,1000,0.5859375,ed25519,plumtree,kademlia,380.5914500000003,6,8,9,15
memo,1024,1024000,1024,1024000,0.01,2,883.0196638705818,1024,9417122,sharded,0.9526311071180039,1000,1200.0,ed25519,gossip,kademlia,946.0194999999791,3,4,4,5
memo,1024,1024000,1024,1024000,0.01,2,916.683399592517,1024,10225790,sharded,0.9075936145127411,1000,1200.0,ed25519,gossipsub,kademlia,1022.2433999999987,3,4,4,5
memo,1024,1024000,1024,1024000,0.01,2,904.4592145561032,1024,3827545,sharded,0.9187279941725404,1000,1200.0,ed25519,plumtree,kademlia,380.7073000000005,6,8,9,13
memo,1024,1024000,1024,1024000,0.01,2,111.74974923329913,1024,9416354,sharded,7.600768733957043,1000,150.0,ed25519,gossip,kademlia,942.7274999999809,3,4,4,5
memo,1024,1024000,1024,1024000,0.01,2,116.70846486102103,1024,10202920,sharded,7.1067338687702435,1000,150.0,ed25519,gossipsub,kademlia,1020.538799999999,3,4,4,5
memo,1024,1024000,1024,1024000,0.01,2,116.63305896650567,1024,3898066,sharded,7.146447219903282,1000,150.0,ed25519,plumtree,kademlia,380.6868499999999,6,8,9,13
memo,1024,1024000,1024,1024000,0.01,2,14.204391999601947,1024,9364400,sharded,59.184511383771905,1000,18.75,ed25519,gossip,kademlia,945.1944999999795,3,4,4,5
memo,1024,1024000,1024,1024000,0.01,2,14.124092041522406,1024,10206916,sharded,60.028495814631654,1000,18.75,ed25519,gossipsub,kademlia,1020.5549999999996,3,4,4,5
memo,1024,1024000,1024,1024000,0.01,2,14.501915682582295,1024,3827164,sharded,57.40538134557423,1000,18.75,ed25519,plumtree,kademlia,380.75040000000024,6,8,9,14
memo,1024,1024000,1024,1024000,0.01,2,0.9284360589340487,1024,9429144,sharded,887.2813502588415,1000,1.171875,ed25519,gossip,kademlia,944.6179999999816,3,4,4,6
memo,1024,1024000,1024,1024000,0.01,2,0.8884164127979094,1024,10211106,sharded,951.4547320641183,1000,1.171875,ed25519,gossipsub,kademlia,1019.1306000000026,3,4,4,5
memo,1024,1024000,1024,1024000,0.01,2,0.9274940922940923,1024,3890189,sharded,905.2952541435268,1000,1.171875,ed25519,plumtree,kademlia,380.3604000000002,6,8,9,15
memo,1024,1024000,1024,1024000,0.01,2,1.8061262356736574,1024,9399256,sharded,462.05851147980854,1000,2.34375,ed25519,gossip,kademlia,942.91399999998,3,4,4,6
memo,1024,1024000,1024,1024000,0.01,2,1.743531566485573,1024,10216354,sharded,481.87713727117773,1000,2.34375,ed25519,gossipsub,kademlia,1020.4229999999988,3,4,4,5
memo,1024,1024000,1024,1024000,0.01,2,1.7722670920534573,1024,3891653,sharded,479.8418950580779,1000,2.34375,ed25519,plumtree,kademlia,380.57160000000005,6,8,9,14
memo,1024,1024000,1024,1024000,0.01,2,222.18209698679195,1024,9460922,sharded,3.843658024574173,1000,300.0,ed25519,gossip,kademlia,945.5804999999791,3,4,4,6
memo,1024,1024000,1024,1024000,0.01,2,227.86191589498864,1024,10196122,sharded,3.660216744532089,1000,300.0,ed25519,gossipsub,kademlia,1020.2999999999989,3,4,4,5
memo,1024,1024000,1024,1024000,0.01,2,227.38541012599651,1024,3872914,sharded,3.701662298973375,1000,300.0,ed25519,plumtree,kademlia,380.4675,6,8,9,14
memo,1024,1024000,1024,1024000,0.01,2,27.998850286440053,1024,9480328,sharded,30.281529110165494,1000,37.5,ed25519,gossip,kademlia,945.0929999999822,3,4,4,5
memo,1024,1024000,1024,1024000,0.01,2,28.21453058940231,1024,10237770,sharded,29.30603425706385,1000,37.5,ed25519,gossipsub,kademlia,1022.5908000000005,3,4,4,5
memo,1024,1024000,1024,1024000,0.01,2,28.233007640662787,1024,3928055,sharded,29.812764219555902,1000,37.5,ed25519,plumtree,kademlia,380.6738000000003,6,8,9,13
memo,1024,1024000,1024,1024000,0.01,2,3.602547842154533,1024,9424668,sharded,231.79372949023565,1000,4.6875,ed25519,gossip,kademlia,942.6349999999799,3,4,4,6
memo,1024,1024000,1024,1024000,0.01,2,3.6025681828333886,1024,10195652,sharded,233.92423327771738,1000,4.6875,ed25519,gossipsub,kademlia,1020.4367999999973,3,4,4,5
memo,1024,1024000,1024,1024000,0.01,2,3.544919016472685,1024,3895414,sharded,239.75046991219432,1000,4.6875,ed25519,plumtree,kademlia,380.5452500000002,6,8,9,15
memo,1024,1024000,1024,1024000,0.01,2,461.55819471295433,1024,9446548,sharded,1.8091933142240517,1000,600.0,ed25519,gossip,kademlia,946.1824999999801,3,4,4,6
memo,1024,1024000,1024,1024000,0.01,2,451.50934266990157,1024,10208054,sharded,1.8766743451851167,1000,600.0,ed25519,gossipsub,kademlia,1021.0848000000005,3,4,4,5
memo,1024,1024000,1024,1024000,0.01,2,457.89760720503983,1024,3855562,sharded,1.8359563072002598,1000,600.0,ed25519,plumtree,kademlia,380.46234999999996,6,8,9,14
memo,1024,1024000,1024,1024000,0.01,2,56.14201979002382,1024,9388858,sharded,15.056244915331739,1000,75.0,ed25519,gossip,kademlia,942.489999999981,3,4,4,6
memo,1024,1024000,1024,1024000,0.01,2,57.38281843079007,1024,10208902,sharded,14.587920616161945,1000,75.0,ed25519,gossipsub,kademlia,1019.6454000000004,3,4,4,5
memo,1024,1024000,1024,1024000,0.01,2,56.95420946666231,1024,3894221,sharded,14.697702028328342,1000,75.0,ed25519,plumtree,kademlia,380.5827500000009,6,8,9,14
memo,1024,1024000,1024,1024000,0.01,2,7.083276745306403,1024,9418100,sharded,118.68518345793287,1000,9.375,ed25519,gossip,kademlia,942.4794999999799,3,4,4,5
memo,1024,1024000,1024,1024000,0.01,2,7.019146765567861,1024,10222224,sharded,118.89422288386709,1000,9.375,ed25519,gossipsub,kademlia,1021.5696000000005,3,4,4,5
memo,1024,1024000,1024,1024000,0.01,2,7.069205231325022,1024,3894358,sharded,119.1387111337463,1000,9.375,ed25519,plumtree,kademlia,380.49184999999966,6,8,9,13
memo,1024,131072000,1024,131072000,0.01,2,3.360236763902763,131072,9489054,sharded,31732.30920673468,1000,0.146484375,ed25519,gossip,kademlia,946.2904999999795,3,4,4,5
memo,1024,131072000,1024,131072000,0.01,2,3.3572490053457305,131072,10205588,sharded,31975.277326486295,1000,0.146484375,ed25519,gossipsub,kademlia,1020.6888000000002,3,4,4,5
memo,1024,131072000,1024,131072000,0.01,2,3.365461631937006,131072,3900222,sharded,31624.62557588063,1000,0.146484375,ed25519,plumtree,kademlia,380.4679500000007,6,8,9,16
memo,1024,131072000,1024,131072000,0.01,2,3.4340858064087847,131072,9441678,sharded,31374.342422932063,1000,0.29296875,ed25519,gossip,kademlia,942.6619999999801,3,4,4,5
memo,1024,131072000,1024,131072000,0.01,2,3.43276398198438,131072,10187996,sharded,31271.87553918132,1000,0.29296875,ed25519,gossipsub,kademlia,1019.2758000000016,3,4,4,5
memo,1024,131072000,1024,131072000,0.01,2,3.4391021809827667,131072,3886498,sharded,30909.34389440657,1000,0.29296875,ed25519,plumtree,kademlia,380.52925000000033,6,8,9,16
memo,1024,131072000,1024,131072000,0.01,2,3.588316057876413,131072,9503490,sharded,30044.098195687162,1000,0.5859375,ed25519,gossip,kademlia,946.1744999999797,3,4,4,5
memo,1024,131072000,1024,131072000,0.01,2,3.5796015240027814,131072,10204716,sharded,29915.850488367596,1000,0.5859375,ed25519,gossipsub,kademlia,1020.8694000000004,3,4,4,5
memo,1024,131072000,1024,131072000,0.01,2,3.5869932435613157,131072,3910882,sharded,30219.61198130901,1000,0.5859375,ed25519,plumtree,kademlia,380.5348500000002,6,8,9,16
memo,1024,131072000,1024,131072000,0.01,2,901.5538461805618,131072,9497288,sharded,118.41682496534816,1000,1200.0,ed25519,gossip,kademlia,945.4064999999792,3,4,4,5
memo,1024,131072000,1024,131072000,0.01,2,909.393919149743,131072,10213068,sharded,116.45907650121538,1000,1200.0,ed25519,gossipsub,kademlia,1021.0373999999987,3,4,4,5
memo,1024,131072000,1024,131072000,0.01,2,915.3338989220581,131072,3895129,sharded,118.63884002098663,1000,1200.0,ed25519,plumtree,kademlia,380.4798999999997,6,8,9,13
memo,1024,131072000,1024,131072000,0.01,2,114.13439775832268,131072,9461384,sharded,939.9745747742984,1000,150.0,ed25519,gossip,kademlia,948.2914999999787,3,4,4,5
memo,1024,131072000,1024,131072000,0.01,2,117.81471499682468,131072,10201118,sharded,896.1486347681234,1000,150.0,ed25519,gossipsub,kademlia,1020.1625999999994,3,4,4,5
memo,1024,131072000,1024,131072000,0.01,2,115.37026402796573,131072,3861154,sharded,922.520763012218,1000,150.0,ed25519,plumtree,kademlia,380.4543000000003,6,8,9,14
memo,1024,131072000,1024,131072000,0.01,2,16.295005425847133,131072,9466442,sharded,6479.255038021027,1000,18.75,ed25519,gossip,kademlia,949.4974999999793,3,4,4,6
memo,1024,131072000,1024,131072000,0.01,2,16.305268672256577,131072,10214982,sharded,6579.678885177944,1000,18.75,ed25519,gossipsub,kademlia,1021.0061999999997,3,4,4,5
memo,1024,131072000,1024,131072000,0.01,2,16.331089073994356,131072,3904582,sharded,6476.977960302598,1000,18.75,ed25519,plumtree,kademlia,380.7271500000001,6,8,9,13
memo,1024,131072000,1024,131072000,0.01,2,3.901958269339508,131072,9479770,sharded,27881.0670157206,1000,1.171875,ed25519,gossip,kademlia,946.8334999999804,3,4,4,5
memo,1024,131072000,1024,131072000,0.01,2,3.90653522613862,131072,10239992,sharded,27177.361486368092,1000,1.171875,ed25519,gossipsub,kademlia,1022.5343999999994,3,4,4,5
memo,1024,131072000,1024,131072000,0.01,2,3.901625385241543,131072,3891338,sharded,27110.779112754717,1000,1.171875,ed25519,plumtree,kademlia,380.5679000000003,6,8,9,15
memo,1024,131072000,1024,131072000,0.01,2,4.545958253113228,131072,9459980,sharded,23787.1520104579,1000,2.34375,ed25519,gossip,kademlia,942.5259999999809,3,4,4,6
memo,1024,131072000,1024,131072000,0.01,2,4.521741593278574,131072,10217002,sharded,23842.078937074326,1000,2.34375,ed25519,gossipsub,kademlia,1021.4231999999987,3,4,4,5
memo,1024,131072000,1024,131072000,0.01,2,4.500203823170071,131072,3901427,sharded,23795.994183340124,1000,2.34375,ed25519,plumtree,kademlia,380.5637999999997,6,8,9,14
memo,1024,131072000,1024,131072000,0.01,2,226.9566069148275,131072,9462904,sharded,468.3731989344224,1000,300.0,ed25519,gossip,kademlia,940.8109999999821,3,4,4,5
memo,1024,131072000,1024,131072000,0.01,2,231.3198970908285,131072,10210890,sharded,465.488050765129,1000,300.0,ed25519,gossipsub,kademlia,1021.8737999999985,3,4,4,5
memo,1024,131072000,1024,131072000,0.01,2,233.73450405583094,131072,3895913,sharded,461.80084723057075,1000,300.0,ed25519,plumtree,kademlia,380.3543499999994,6,8,9,13
memo,1024,131072000,1024,131072000,0.01,2,30.673106567044528,131072,9443258,sharded,3501.9114795306436,1000,37.5,ed25519,gossip,kademlia,945.0379999999798,3,4,4,6
memo,1024,131072000,1024,131072000,0.01,2,30.72213362225083,131072,10209572,sharded,3468.5916450418977,1000,37.5,ed25519,gossipsub,kademlia,1020.3335999999996,3,4,4,5
memo,1024,131072000,1024,131072000,0.01,2,30.7618834614876,131072,3894521,sharded,3438.5444614412704,1000,37.5,ed25519,plumtree,kademlia,380.4731500000003,6,8,9,14
memo,1024,131072000,1024,131072000,0.01,2,5.898581568219249,131072,9562802,sharded,18287.9993694088,1000,4.6875,ed25519,gossip,kademlia,952.3609999999808,3,4,4,6
memo,1024,131072000,1024,131072000,0.01,2,5.833508533574893,131072,10213284,sharded,18694.22207447602,1000,4.6875,ed25519,gossipsub,kademlia,1022.592,3,4,4,5
memo,1024,131072000,1024,131072000,0.01,2,5.919840652441368,131072,3892581,sharded,18399.453362833367,1000,4.6875,ed25519,plumtree,kademlia,380.42825,6,8,9,14
memo,1024,131072000,1024,131072000,0.01,2,460.1051144900056,131072,9424754,sharded,233.88375527900706,1000,600.0,ed25519,gossip,kademlia,948.3924999999796,3,4,4,5
memo,1024,131072000,1024,131072000,0.01,2,459.8897206480147,131072,10200926,sharded,231.2857261739259,1000,600.0,ed25519,gossipsub,kademlia,1019.863799999998,3,4,4,5
memo,1024,131072000,1024,131072000,0.01,2,454.7973741394225,131072,3884052,sharded,237.9102038676898,1000,600.0,ed25519,plumtree,kademlia,380.40324999999996,6,8,9,14
memo,1024,131072000,1024,131072000,0.01,2,58.77428353925513,131072,9389428,sharded,1822.0013507859624,1000,75.0,ed25519,gossip,kademlia,938.2579999999807,3,4,4,6
memo,1024,131072000,1024,131072000,0.01,2,58.623892613665106,131072,10218794,sharded,1827.7933317417242,1000,75.0,ed25519,gossipsub,kademlia,1022.8397999999996,3,4,4,5
memo,1024,131072000,1024,131072000,0.01,2,58.854141326268085,131072,3920771,sharded,1811.734392808297,1000,75.0,ed25519,plumtree,kademlia,380.69660000000016,6,8,9,16
memo,1024,131072000,1024,131072000,0.01,2,9.256121557524258,131072,9387694,sharded,11661.34123554774,1000,9.375,ed25519,gossip,kademlia,942.9834999999798,3,4,4,5
memo,1024,131072000,1024,131072000,0.01,2,9.158686576680688,131072,10207098,sharded,11713.844676501847,1000,9.375,ed25519,gossipsub,kademlia,1021.4027999999984,3,4,4,5
memo,1024,131072000,1024,131072000,0.01,2,9.329708203861019,131072,3873536,sharded,11309.459813151923,1000,9.375,ed25519,plumtree,kademlia,380.7514500000002,6,8,9,15
memo,1024,16384000,1024,16384000,0.01,2,0.49466356327740796,16384,9437718,sharded,27476.30714894166,1000,0.146484375,ed25519,gossip,kademlia,942.0704999999818,3,4,4,5
memo,1024,16384000,1024,16384000,0.01,2,0.4926919420582262,16384,10199202,sharded,27519.7518826026,1000,0.146484375,ed25519,gossipsub,kademlia,1020.2561999999976,3,4,4,5
memo,1024,16384000,1024,16384000,0.01,2,0.49496249813657145,16384,3888220,sharded,27360.408214731753,1000,0.146484375,ed25519,plumtree,kademlia,380.4406499999998,6,8,9,14
memo,1024,16384000,1024,16384000,0.01,2,0.5665416567579487,16384,9484738,sharded,23484.2537019028,1000,0.29296875,ed25519,gossip,kademlia,949.1564999999782,3,4,4,6
memo,1024,16384000,1024,16384000,0.01,2,0.5695083656431125,16384,10213534,sharded,23491.377488182112,1000,0.29296875,ed25519,gossipsub,kademlia,1020.4452000000009,3,4,4,5
memo,1024,16384000,1024,16384000,0.01,2,0.5652755627063928,16384,3850789,sharded,23652.78968718595,1000,0.29296875,ed25519,plumtree,kademlia,380.61605000000037,6,8,9,14
memo,1024,16384000,1024,16384000,0.01,2,0.7388243897702838,16384,9330070,sharded,18074.60634069218,1000,0.5859375,ed25519,gossip,kademlia,943.1104999999803,3,4,4,5
memo,1024,16384000,1024,16384000,0.01,2,0.739390462571917,16384,10220174,sharded,18315.594649265306,1000,0.5859375,ed25519,gossipsub,kademlia,1021.384799999999,3,4,4,5
memo,1024,16384000,1024,16384000,0.01,2,0.7482282848076189,16384,3892054,sharded,18033.56578997721,1000,0.5859375,ed25519,plumtree,kademlia,380.565400000001,6,8,9,15
memo,1024,16384000,1024,16384000,0.01,2,900.4307678175636,16384,9436934,sharded,14.939809345481589,1000,1200.0,ed25519,gossip,kademlia,940.4799999999807,3,4,4,5
memo,1024,16384000,1024,16384000,0.01,2,916.7714909763669,16384,10264750,sharded,14.700326234672817,1000,1200.0,ed25519,gossipsub,kademlia,1023.4901999999985,3,4,4,5
memo,1024,16384000,1024,16384000,0.01,2,906.4003470118109,16384,3891614,sharded,14.76007378428957,1000,1200.0,ed25519,plumtree,kademlia,380.4782000000002,6,8,9,14
memo,1024,16384000,1024,16384000,0.01,2,116.16730350374428,16384,9443192,sharded,114.31987830871839,1000,150.0,ed25519,gossip,kademlia,945.79749999998,3,4,4,5
memo,1024,16384000,1024,16384000,0.01,2,114.13573939313787,16384,10205820,sharded,118.14907470438445,1000,150.0,ed25519,gossipsub,kademlia,1021.5593999999988,3,4,4,5
memo,1024,16384000,1024,16384000,0.01,2,111.45323219802002,16384,3919713,sharded,119.30220180941703,1000,150.0,ed25519,plumtree,kademlia,380.68945000000093,6,8,9,15
memo,1024,16384000,1024,16384000,0.01,2,14.404779720755574,16384,9458696,sharded,931.6002229915465,1000,18.75,ed25519,gossip,kademlia,947.5209999999809,3,4,4,6
memo,1024,16384000,1024,16384000,0.01,2,14.54971621618551,16384,10202000,sharded,922.3201195547565,1000,18.75,ed25519,gossipsub,kademlia,1021.0535999999978,3,4,4,5
memo,1024,16384000,1024,16384000,0.01,2,14.109209947503672,16384,3868203,sharded,969.1150709979497,1000,18.75,ed25519,plumtree,kademlia,380.7689500000007,6,8,9,14
memo,1024,16384000,1024,16384000,0.01,2,1.137267683296845,16384,9462892,sharded,11929.427169398261,1000,1.171875,ed25519,gossip,kademlia,947.5279999999792,3,4,4,6
memo,1024,16384000,1024,16384000,0.01,2,1.1634179292739026,16384,10227344,sharded,11407.800813490276,1000,1.171875,ed25519,gossipsub,kademlia,1021.9319999999996,3,4,4,5
memo,1024,16384000,1024,16384000,0.01,2,1.1550929686803741,16384,3898804,sharded,11780.793727405546,1000,1.171875,ed25519,plumtree,kademlia,380.5339,6,8,9,15
memo,1024,16384000,1024,16384000,0.01,2,2.0755880379418894,16384,9469252,sharded,6437.7669150809115,1000,2.34375,ed25519,gossip,kademlia,946.7274999999798,3,4,4,6
memo,1024,16384000,1024,16384000,0.01,2,2.038687588018008,16384,10208862,sharded,6626.620027217563,1000,2.34375,ed25519,gossipsub,kademlia,1021.3349999999991,3,4,4,5
memo,1024,16384000,1024,16384000,0.01,2,1.983991155632248,16384,3882229,sharded,6867.115289966239,1000,2.34375,ed25519,plumtree,kademlia,380.5531000000002,6,8,9,14
memo,1024,16384000,1024,16384000,0.01,2,231.71224360464024,16384,9459000,sharded,57.27811268637777,1000,300.0,ed25519,gossip,kademlia,941.9744999999812,3,4,4,5
memo,1024,16384000,1024,16384000,0.01,2,225.25688641716866,16384,10206760,sharded,59.71965702787364,1000,300.0,ed25519,gossipsub,kademlia,1021.7154000000002,3,4,4,5
memo,1024,16384000,1024,16384000,0.01,2,224.4073216612151,16384,3896863,sharded,60.128269880474534,1000,300.0,ed25519,plumtree,kademlia,380.5822500000005,6,8,9,13
memo,1024,16384000,1024,16384000,0.01,2,28.71817279675395,16384,9379892,sharded,463.8593163387369,1000,37.5,ed25519,gossip,kademlia,939.5054999999821,3,4,4,5
memo,1024,16384000,1024,16384000,0.01,2,28.48385356698381,16384,10202884,sharded,472.27682758462083,1000,37.5,ed25519,gossipsub,kademlia,1021.2461999999985,3,4,4,5
memo,1024,16384000,1024,16384000,0.01,2,27.708093928900343,16384,3891942,sharded,488.1603200389038,1000,37.5,ed25519,plumtree,kademlia,380.54320000000047,6,8,9,14
memo,1024,16384000,1024,16384000,0.01,2,3.8770566422279047,16384,9449340,sharded,3423.2257159837054,1000,4.6875,ed25519,gossip,kademlia,945.82149999998,3,4,4,6
memo,1024,16384000,1024,16384000,0.01,2,3.874097842612139,16384,10231860,sharded,3430.069280604483,1000,4.6875,ed25519,gossipsub,kademlia,1022.1257999999991,3,4,4,5
memo,1024,16384000,1024,16384000,0.01,2,3.82930857475163,16384,3866129,sharded,3515.1139526208194,1000,4.6875,ed25519,plumtree,kademlia,380.72465000000074,6,8,9,14
memo,1024,16384000,1024,16384000,0.01,2,458.9776632913853,16384,9527792,sharded,28.577408115987037,1000,600.0,ed25519,gossip,kademlia,946.8899999999801,3,4,4,6
memo,1024,16384000,1024,16384000,0.01,2,459.9770619382291,16384,10199392,sharded,28.711222999579746,1000,600.0,ed25519,gossipsub,kademlia,1019.7779999999988,3,4,4,5
memo,1024,16384000,1024,16384000,0.01,2,428.2922087949366,16384,3850060,sharded,32.59496136826536,1000,600.0,ed25519,plumtree,kademlia,380.52514999999954,6,8,9,14
memo,1024,16384000,1024,16384000,0.01,2,58.44980172990192,16384,9516054,sharded,228.74917628950587,1000,75.0,ed25519,gossip,kademlia,949.6094999999802,3,4,4,5
memo,1024,16384000,1024,16384000,0.01,2,56.32667456810854,16384,10214930,sharded,238.68037840124626,1000,75.0,ed25519,gossipsub,kademlia,1021.0607999999999,3,4,4,5
memo,1024,16384000,1024,16384000,0.01,2,56.2366752518673,16384,3912213,sharded,241.53874565244638,1000,75.0,ed25519,plumtree,kademlia,380.5905500000004,6,8,9,14
memo,1024,16384000,1024,16384000,0.01,2,7.46883763029526,16384,9416482,sharded,1794.537873689208,1000,9.375,ed25519,gossip,kademlia,943.6979999999804,3,4,4,6
memo,1024,16384000,1024,16384000,0.01,2,7.4043970104611825,16384,10209488,sharded,1772.539206292848,1000,9.375,ed25519,gossipsub,kademlia,1022.1629999999998,3,4,4,5
memo,1024,16384000,1024,16384000,0.01,2,7.531436503280856,16384,3912944,sharded,1776.359130714575,1000,9.375,ed25519,plumtree,kademlia,380.7838000000008,6,8,9,14
memo,1024,2048000,1024,2048000,0.01,2,0.15045785152814417,2048,9410868,sharded,10991.357268521526,1000,0.146484375,ed25519,gossip,kademlia,942.1539999999812,3,4,4,6
memo,1024,2048000,1024,2048000,0.01,2,0.15099241959321974,2048,10238712,sharded,11088.079815598769,1000,0.146484375,ed25519,gossipsub,kademlia,1023.2459999999985,3,4,4,5
memo,1024,2048000,1024,2048000,0.01,2,0.1523982814957066,2048,3905748,sharded,10945.47775492464,1000,0.146484375,ed25519,plumtree,kademlia,380.4757499999997,6,8,9,15
memo,1024,2048000,1024,2048000,0.01,2,0.25637705188087323,2048,9483930,sharded,6534.28217428137,1000,0.29296875,ed25519,gossip,kademlia,944.12899999998,3,4,4,6
memo,1024,2048000,1024,2048000,0.01,2,0.2572359372368264,2048,10176444,sharded,6508.484071020835,1000,0.29296875,ed25519,gossipsub,kademlia,1019.1840000000003,3,4,4,5
memo,1024,2048000,1024,2048000,0.01,2,0.26039639257725444,2048,3851670,sharded,6496.341916480769,1000,0.29296875,ed25519,plumtree,kademlia,380.6050999999994,6,8,9,14
memo,1024,2048000,1024,2048000,0.01,2,0.48701912385485996,2048,9487994,sharded,3391.423291402888,1000,0.5859375,ed25519,gossip,kademlia,946.918499999979,3,4,4,5
memo,1024,2048000,1024,2048000,0.01,2,0.4915573365373386,2048,10190902,sharded,3366.3621250301585,1000,0.5859375,ed25519,gossipsub,kademlia,1018.8773999999981,3,4,4,5
memo,1024,2048000,1024,2048000,0.01,2,0.4829056476985598,2048,3908698,sharded,3539.0598725546797,1000,0.5859375,ed25519,plumtree,kademlia,380.3484499999999,6,8,9,13
memo,1024,2048000,1024,2048000,0.01,2,933.1251092801348,2048,9457044,sharded,1.802982240289198,1000,1200.0,ed25519,gossip,kademlia,942.364999999979,3,4,4,6
memo,1024,2048000,1024,2048000,0.01,2,882.7933838614861,2048,10228130,sharded,1.8767789046547272,1000,1200.0,ed25519,gossipsub,kademlia,1023.4403999999997,3,4,4,5
memo,1024,2048000,1024,2048000,0.01,2,875.8792060465837,2048,3934892,sharded,1.9605717182748934,1000,1200.0,ed25519,plumtree,kademlia,380.74175000000054,6,8,9,14
memo,1024,2048000,1024,2048000,0.01,2,112.8773668691047,2048,9463496,sharded,14.913813518986034,1000,150.0,ed25519,gossip,kademlia,943.1684999999804,3,4,4,5
memo,1024,2048000,1024,2048000,0.01,2,112.25896514507636,2048,10219958,sharded,14.81353402688958,1000,150.0,ed25519,gossipsub,kademlia,1022.7779999999988,3,4,4,5
memo,1024,2048000,1024,2048000,0.01,2,115.94701972892204,2048,3884475,sharded,14.448323069593526,1000,150.0,ed25519,plumtree,kademlia,380.54759999999936,6,8,9,14
memo,1024,2048000,1024,2048000,0.01,2,13.887826480706726,2048,9422572,sharded,121.06890897116375,1000,18.75,ed25519,gossip,kademlia,946.7264999999794,3,4,4,5
memo,1024,2048000,1024,2048000,0.01,2,14.045125108622354,2048,10206886,sharded,120.4420741657549,1000,18.75,ed25519,gossipsub,kademlia,1019.785200000001,3,4,4,5
memo,1024,2048000,1024,2048000,0.01,2,14.216983704022159,2048,3891579,sharded,118.48195335016433,1000,18.75,ed25519,plumtree,kademlia,380.5593500000004,6,8,9,15
memo,1024,2048000,1024,2048000,0.01,2,0.9381654337559526,2048,9521750,sharded,1791.1126753760961,1000,1.171875,ed25519,gossip,kademlia,949.01449999998,3,4,4,5
memo,1024,2048000,1024,2048000,0.01,2,0.937996641090327,2048,10173652,sharded,1760.8677127884791,1000,1.171875,ed25519,gossipsub,kademlia,1019.1167999999974,3,4,4,5
memo,1024,2048000,1024,2048000,0.01,2,0.9467324920023478,2048,3850886,sharded,1751.1092246276141,1000,1.171875,ed25519,plumtree,kademlia,380.6608499999999,6,8,9,14
memo,1024,2048000,1024,2048000,0.01,2,1.762197095595582,2048,9406390,sharded,962.276015684208,1000,2.34375,ed25519,gossip,kademlia,944.5519999999811,3,4,4,6
memo,1024,2048000,1024,2048000,0.01,2,1.8195404056686015,2048,10215046,sharded,916.1918003065355,1000,2.34375,ed25519,gossipsub,kademlia,1020.8712000000002,3,4,4,5
memo,1024,2048000,1024,2048000,0.01,2,1.8424782639730983,2048,3930561,sharded,910.3434394841196,1000,2.34375,ed25519,plumtree,kademlia,380.66234999999966,6,8,9,14
memo,1024,2048000,1024,2048000,0.01,2,230.14213595574844,2048,9391706,sharded,7.292502057609758,1000,300.0,ed25519,gossip,kademlia,944.1704999999804,3,4,4,5
memo,1024,2048000,1024,2048000,0.01,2,224.70833497006822,2048,10222416,sharded,7.3959339346329696,1000,300.0,ed25519,gossipsub,kademlia,1020.2975999999999,3,4,4,5
memo,1024,2048000,1024,2048000,0.01,2,228.688430388347,2048,3853383,sharded,7.307514407974853,1000,300.0,ed25519,plumtree,kademlia,380.5165000000001,6,8,9,15
memo,1024,2048000,1024,2048000,0.01,2,28.53797490904796,2048,9437116,sharded,58.98918915463298,1000,37.5,ed25519,gossip,kademlia,942.6434999999809,3,4,4,5
memo,1024,2048000,1024,2048000,0.01,2,28.473218334463954,2048,10214578,sharded,59.411057089828866,1000,37.5,ed25519,gossipsub,kademlia,1020.9809999999992,3,4,4,5
memo,1024,2048000,1024,2048000,0.01,2,28.77245062605317,2048,3913228,sharded,58.22375096833381,1000,37.5,ed25519,plumtree,kademlia,380.6101999999995,6,8,9,14
memo,1024,2048000,1024,2048000,0.01,2,3.6331018621979,2048,9479494,sharded,456.03125451530525,1000,4.6875,ed25519,gossip,kademlia,946.2479999999808,3,4,4,6
memo,1024,2048000,1024,2048000,0.01,2,3.5405596258077843,2048,10234302,sharded,473.7352783932636,1000,4.6875,ed25519,gossipsub,kademlia,1022.0352000000009,3,4,4,5
memo,1024,2048000,1024,2048000,0.01,2,3.5333015716979714,2048,3920806,sharded,477.89637135008144,1000,4.6875,ed25519,plumtree,kademlia,380.79155000000014,6,8,9,14
memo,1024,2048000,1024,2048000,0.01,2,455.3220529701028,2048,9493996,sharded,3.6522544628629974,1000,600.0,ed25519,gossip,kademlia,947.9239999999794,3,4,4,6
memo,1024,2048000,1024,2048000,0.01,2,442.9695715393499,2048,10212584,sharded,3.7749048861056087,1000,600.0,ed25519,gossipsub,kademlia,1021.4057999999978,3,4,4,5
memo,1024,2048000,1024,2048000,0.01,2,456.5966516031044,2048,3846966,sharded,3.662243238379085,1000,600.0,ed25519,plumtree,kademlia,380.60115000000036,6,8,9,14
memo,1024,2048000,1024,2048000,0.01,2,56.71211145819364,2048,9453058,sharded,29.61159365822507,1000,75.0,ed25519,gossip,kademlia,947.2504999999794,3,4,4,5
memo,1024,2048000,1024,2048000,0.01,2,57.67748637007775,2048,10233370,sharded,29.115970644504635,1000,75.0,ed25519,gossipsub,kademlia,1021.7135999999991,3,4,4,5
memo,1024,2048000,1024,2048000,0.01,2,56.894651252406256,2048,3904218,sharded,29.714568290433085,1000,75.0,ed25519,plumtree,kademlia,380.51535000000007,6,8,9,15
memo,1024,2048000,1024,2048000,0.01,2,7.05379898566862,2048,9506412,sharded,236.91403786743925,1000,9.375,ed25519,gossip,kademlia,947.7574999999806,3,4,4,5
memo,1024,2048000,1024,2048000,0.01,2,7.122402800024292,2048,10193844,sharded,234.20073910932285,1000,9.375,ed25519,gossipsub,kademlia,1021.1778000000002,3,4,4,5
memo,1024,2048000,1024,2048000,0.01,2,7.282686235800286,2048,3914748,sharded,227.78078668903552,1000,9.375,ed25519,plumtree,kademlia,380.36829999999935,6,8,9,15
memo,1024,262144000,1024,262144000,0.01,2,6.634291663804843,262144,9491580,sharded,32302.42667339927,1000,0.146484375,ed25519,gossip,kademlia,947.3034999999801,3,4,4,6
memo,1024,262144000,1024,262144000,0.01,2,6.634843393215994,262144,10209034,sharded,32378.76092443383,1000,0.146484375,ed25519,gossipsub,kademlia,1022.052,3,4,4,5
memo,1024,262144000,1024,262144000,0.01,2,6.638697930774844,262144,3853939,sharded,32280.986758948267,1000,0.146484375,ed25519,plumtree,kademlia,380.57860000000096,6,8,9,14
memo,1024,262144000,1024,262144000,0.01,2,6.713268010587527,262144,9419610,sharded,31531.92747051881,1000,0.29296875,ed25519,gossip,kademlia,944.6334999999808,3,4,4,5
memo,1024,262144000,1024,262144000,0.01,2,6.711167760251715,262144,10200662,sharded,31815.22137840161,1000,0.29296875,ed25519,gossipsub,kademlia,1020.7583999999995,3,4,4,5
memo,1024,262144000,1024,262144000,0.01,2,6.7176116278469715,262144,3859383,sharded,31882.261116759946,1000,0.29296875,ed25519,plumtree,kademlia,380.7155499999999,6,8,9,14
memo,1024,262144000,1024,262144000,0.01,2,6.888833122896144,262144,9517638,sharded,30423.893896255104,1000,0.5859375,ed25519,gossip,kademlia,951.8124999999783,3,4,4,6
memo,1024,262144000,1024,262144000,0.01,2,6.871243722722872,262144,10233696,sharded,31283.867764599978,1000,0.5859375,ed25519,gossipsub,kademlia,1020.9503999999981,3,4,4,5
memo,1024,262144000,1024,262144000,0.01,2,6.874456965039392,262144,3885789,sharded,31269.245133570817,1000,0.5859375,ed25519,plumtree,kademlia,380.65134999999964,6,8,9,13
memo,1024,262144000,1024,262144000,0.01,2,899.6344320770955,262144,9434102,sharded,236.17227667625795,1000,1200.0,ed25519,gossip,kademlia,945.0959999999802,3,4,4,5
memo,1024,262144000,1024,262144000,0.01,2,927.4589479298838,262144,10223828,sharded,227.2497089714141,1000,1200.0,ed25519,gossipsub,kademlia,1022.1851999999988,3,4,4,5
memo,1024,262144000,1024,262144000,0.01,2,918.4460658943366,262144,3904704,sharded,234.04649220276605,1000,1200.0,ed25519,plumtree,kademlia,380.5834000000003,6,8,9,14
memo,1024,262144000,1024,262144000,0.01,2,115.66752161781271,262144,9426350,sharded,1875.4197977610484,1000,150.0,ed25519,gossip,kademlia,940.264999999981,3,4,4,6
memo,1024,262144000,1024,262144000,0.01,2,116.59004436583606,262144,10232042,sharded,1851.5867729033776,1000,150.0,ed25519,gossipsub,kademlia,1020.5465999999976,3,4,4,5
memo,1024,262144000,1024,262144000,0.01,2,118.06432120161315,262144,3899950,sharded,1791.8301299403015,1000,150.0,ed25519,plumtree,kademlia,380.3379000000008,6,8,9,14
memo,1024,262144000,1024,262144000,0.01,2,18.65732085674125,262144,9478018,sharded,11514.408185909419,1000,18.75,ed25519,gossip,kademlia,949.4874999999785,3,4,4,5
memo,1024,262144000,1024,262144000,0.01,2,18.288883714210524,262144,10212656,sharded,11825.205046930101,1000,18.75,ed25519,gossipsub,kademlia,1020.9107999999991,3,4,4,5
memo,1024,262144000,1024,262144000,0.01,2,18.72584248932238,262144,3894959,sharded,11311.285573440962,1000,18.75,ed25519,plumtree,kademlia,380.59885000000025,6,8,9,14
memo,1024,262144000,1024,262144000,0.01,2,7.189274242142144,262144,9494484,sharded,30301.064705954348,1000,1.171875,ed25519,gossip,kademlia,946.3834999999793,3,4,4,5
memo,1024,262144000,1024,262144000,0.01,2,7.182521474279842,262144,10229564,sharded,30001.075356562786,1000,1.171875,ed25519,gossipsub,kademlia,1021.1705999999971,3,4,4,5
memo,1024,262144000,1024,262144000,0.01,2,7.191825049134156,262144,3891078,sharded,30108.06610570552,1000,1.171875,ed25519,plumtree,kademlia,380.5656500000002,6,8,9,14
memo,1024,262144000,1024,262144000,0.01,2,7.816402107843634,262144,9445330,sharded,27249.493700722607,1000,2.34375,ed25519,gossip,kademlia,942.45699999998,3,4,4,6
memo,1024,262144000,1024,262144000,0.01,2,7.811364378134402,262144,10223622,sharded,27468.42339100369,1000,2.34375,ed25519,gossipsub,kademlia,1021.4441999999985,3,4,4,5
memo,1024,262144000,1024,262144000,0.01,2,7.803639602801882,262144,3925509,sharded,27428.429155435213,1000,2.34375,ed25519,plumtree,kademlia,380.66274999999985,6,8,9,14
memo,1024,262144000,1024,262144000,0.01,2,233.39445993612293,262144,9563452,sharded,921.5735114658138,1000,300.0,ed25519,gossip,kademlia,948.1264999999795,3,4,4,5
memo,1024,262144000,1024,262144000,0.01,2,235.29058027007616,262144,10229532,sharded,910.2474385254346,1000,300.0,ed25519,gossipsub,kademlia,1021.6241999999995,3,4,4,5
memo,1024,262144000,1024,262144000,0.01,2,232.33209618625656,262144,3925483,sharded,908.8627678489947,1000,300.0,ed25519,plumtree,kademlia,380.6618999999999,6,8,9,15
memo,1024,262144000,1024,262144000,0.01,2,32.744431068589336,262144,9390324,sharded,6552.743687943506,1000,37.5,ed25519,gossip,kademlia,941.3854999999805,3,4,4,6
memo,1024,262144000,1024,262144000,0.01,2,32.3684567543383,262144,10215468,sharded,6568.116163632224,1000,37.5,ed25519,gossipsub,kademlia,1020.5796,3,4,4,5
memo,1024,262144000,1024,262144000,0.01,2,32.52104061368741,262144,3852068,sharded,6561.481796809119,1000,37.5,ed25519,plumtree,kademlia,380.581600000001,6,8,9,15
memo,1024,262144000,1024,262144000,0.01,2,9.084875731923592,262144,9546946,sharded,23704.484503103075,1000,4.6875,ed25519,gossip,kademlia,946.2044999999787,3,4,4,5
memo,1024,262144000,1024,262144000,0.01,2,9.014884827795745,262144,10231168,sharded,23612.273707998935,1000,4.6875,ed25519,gossipsub,kademlia,1021.7772000000002,3,4,4,5
memo,1024,262144000,1024,262144000,0.01,2,9.113149420280386,262144,3875495,sharded,23645.323703402,1000,4.6875,ed25519,plumtree,kademlia,380.6760500000001,6,8,9,15
memo,1024,262144000,1024,262144000,0.01,2,455.1625668624836,262144,9490444,sharded,469.96506209753386,1000,600.0,ed25519,gossip,kademlia,942.0989999999805,3,4,4,5
memo,1024,262144000,1024,262144000,0.01,2,437.9239711438839,262144,10205156,sharded,493.8523904847917,1000,600.0,ed25519,gossipsub,kademlia,1019.6922000000002,3,4,4,5
memo,1024,262144000,1024,262144000,0.01,2,464.2730105413044,262144,3885897,sharded,458.4843899321659,1000,600.0,ed25519,plumtree,kademlia,380.4392500000005,6,8,9,13
memo,1024,262144000,1024,262144000,0.01,2,61.57404679836002,262144,9411882,sharded,3482.5515480933323,1000,75.0,ed25519,gossip,kademlia,943.4729999999817,3,4,4,6
memo,1024,262144000,1024,262144000,0.01,2,60.92688630329902,262144,10194986,sharded,3569.0228270901434,1000,75.0,ed25519,gossipsub,kademlia,1018.9464000000022,3,4,4,5
memo,1024,262144000,1024,262144000,0.01,2,60.59308987531797,262144,3907685,sharded,3584.3576296720466,1000,75.0,ed25519,plumtree,kademlia,380.7009999999996,6,8,9,14
memo,1024,262144000,1024,262144000,0.01,2,11.892652652446582,262144,9451842,sharded,18196.1819893463,1000,9.375,ed25519,gossip,kademlia,943.4934999999801,3,4,4,5
memo,1024,262144000,1024,262144000,0.01,2,11.82259483067353,262144,10202396,sharded,17893.80512737642,1000,9.375,ed25519,gossipsub,kademlia,1021.5311999999985,3,4,4,5
memo,1024,262144000,1024,262144000,0.01,2,11.803798187482844,262144,3913302,sharded,18133.279864694494,1000,9.375,ed25519,plumtree,kademlia,380.62329999999986,6,8,9,15
memo,1024,32768000,1024,32768000,0.01,2,0.899482157274639,32768,9509384,sharded,29454.645415396055,1000,0.146484375,ed25519,gossip,kademlia,950.981999999979,3,4,4,5
memo,1024,32768000,1024,32768000,0.01,2,0.9011950616947318,32768,10202270,sharded,29725.906342210263,1000,0.146484375,ed25519,gossipsub,kademlia,1020.9612000000001,3,4,4,5
memo,1024,32768000,1024,32768000,0.01,2,0.9054530033847112,32768,3895898,sharded,30020.39409929575,1000,0.146484375,ed25519,plumtree,kademlia,380.43820000000045,6,8,9,14
memo,1024,32768000,1024,32768000,0.01,2,0.9758018650621273,32768,9472436,sharded,27923.283379116314,1000,0.29296875,ed25519,gossip,kademlia,948.31799999998,3,4,4,6
memo,1024,32768000,1024,32768000,0.01,2,0.9757325377146588,32768,10211022,sharded,27589.43763733787,1000,0.29296875,ed25519,gossipsub,kademlia,1022.0675999999997,3,4,4,5
memo,1024,32768000,1024,32768000,0.01,2,0.9910938208385401,32768,3819180,sharded,27145.288805491276,1000,0.29296875,ed25519,plumtree,kademlia,380.7731000000006,6,8,9,14
memo,1024,32768000,1024,32768000,0.01,2,1.14144620683861,32768,9437244,sharded,22851.99937038127,1000,0.5859375,ed25519,gossip,kademlia,945.4964999999795,3,4,4,6
memo,1024,32768000,1024,32768000,0.01,2,1.134880361084436,32768,10203770,sharded,23518.369790535304,1000,0.5859375,ed25519,gossipsub,kademlia,1021.4177999999989,3,4,4,5
memo,1024,32768000,1024,32768000,0.01,2,1.1257523320612262,32768,3894214,sharded,23621.74276051487,1000,0.5859375,ed25519,plumtree,kademlia,380.62399999999934,6,8,9,14
memo,1024,32768000,1024,32768000,0.01,2,911.7405912225151,32768,9422588,sharded,29.63366582568447,1000,1200.0,ed25519,gossip,kademlia,942.0904999999805,3,4,4,6
memo,1024,32768000,1024,32768000,0.01,2,890.2337842528984,32768,10204418,sharded,30.091915712322372,1000,1200.0,ed25519,gossipsub,kademlia,1020.7493999999989,3,4,4,5
memo,1024,32768000,1024,32768000,0.01,2,911.4670147322587,32768,3822530,sharded,29.534707855453945,1000,1200.0,ed25519,plumtree,kademlia,380.81239999999923,6,8,9,14
memo,1024,32768000,1024,32768000,0.01,2,115.10213083587897,32768,9454162,sharded,232.17036735926322,1000,150.0,ed25519,gossip,kademlia,947.1354999999803,3,4,4,5
memo,1024,32768000,1024,32768000,0.01,2,112.67612020346156,32768,10218804,sharded,238.4778598293846,1000,150.0,ed25519,gossipsub,kademlia,1021.0955999999986,3,4,4,5
memo,1024,32768000,1024,32768000,0.01,2,112.61587170300938,32768,3900799,sharded,241.22418615771429,1000,150.0,ed25519,plumtree,kademlia,380.592750000001,6,8,9,14
memo,1024,32768000,1024,32768000,0.01,2,14.510376501943455,32768,9378106,sharded,1855.218022523018,1000,18.75,ed25519,gossip,kademlia,939.5519999999806,3,4,4,5
memo,1024,32768000,1024,32768000,0.01,2,14.733799442735853,32768,10215324,sharded,1823.7495429767089,1000,18.75,ed25519,gossipsub,kademlia,1021.543199999999,3,4,4,5
memo,1024,32768000,1024,32768000,0.01,2,15.111268395161181,32768,3823386,sharded,1758.677518328635,1000,18.75,ed25519,plumtree,kademlia,380.8613499999997,6,8,9,14
memo,1024,32768000,1024,32768000,0.01,2,1.4657769810065713,32768,9477182,sharded,18287.382287578595,1000,1.171875,ed25519,gossip,kademlia,945.2064999999817,3,4,4,6
memo,1024,32768000,1024,32768000,0.01,2,1.503029927782567,32768,10206324,sharded,17550.70841398183,1000,1.171875,ed25519,gossipsub,kademlia,1021.2011999999982,3,4,4,5
memo,1024,32768000,1024,32768000,0.01,2,1.4889725139328929,32768,3868155,sharded,17903.46547740333,1000,1.171875,ed25519,plumtree,kademlia,380.70860000000005,6,8,9,14
memo,1024,32768000,1024,32768000,0.01,2,2.3187915689625322,32768,9395988,sharded,11545.865682088219,1000,2.34375,ed25519,gossip,kademlia,946.0139999999798,3,4,4,5
memo,1024,32768000,1024,32768000,0.01,2,2.296612677794453,32768,10217608,sharded,11586.026785131886,1000,2.34375,ed25519,gossipsub,kademlia,1021.3229999999971,3,4,4,5
memo,1024,32768000,1024,32768000,0.01,2,2.3416320640618764,32768,3923493,sharded,11496.217707791284,1000,2.34375,ed25519,plumtree,kademlia,380.7554499999995,6,8,9,14
memo,1024,32768000,1024,32768000,0.01,2,224.15280393727522,32768,9443066,sharded,120.82718361880879,1000,300.0,ed25519,gossip,kademlia,945.3339999999796,3,4,4,6
memo,1024,32768000,1024,32768000,0.01,2,227.96218550640913,32768,10199372,sharded,119.02370535589185,1000,300.0,ed25519,gossipsub,kademlia,1022.2002000000015,3,4,4,5
memo,1024,32768000,1024,32768000,0.01,2,228.56182370920047,32768,3895335,sharded,116.91936810059802,1000,300.0,ed25519,plumtree,kademlia,380.48165000000034,6,8,9,14
memo,1024,32768000,1024,32768000,0.01,2,29.230744619230734,32768,9413596,sharded,915.3400759554152,1000,37.5,ed25519,gossip,kademlia,943.3369999999808,3,4,4,5
memo,1024,32768000,1024,32768000,0.01,2,29.028070480997958,32768,10232002,sharded,914.9579548315508,1000,37.5,ed25519,gossipsub,kademlia,1020.711599999998,3,4,4,5
memo,1024,32768000,1024,32768000,0.01,2,28.573852727522652,32768,3890381,sharded,946.1307251002933,1000,37.5,ed25519,plumtree,kademlia,380.57635000000045,6,8,9,14
memo,1024,32768000,1024,32768000,0.01,2,4.11056372868138,32768,9486660,sharded,6556.930333408576,1000,4.6875,ed25519,gossip,kademlia,951.1204999999794,3,4,4,6
memo,1024,32768000,1024,32768000,0.01,2,4.039382564580665,32768,10210920,sharded,6676.531269030644,1000,4.6875,ed25519,gossipsub,kademlia,1021.4280000000005,3,4,4,5
memo,1024,32768000,1024,32768000,0.01,2,4.0432217718026395,32768,3900711,sharded,6645.878340732193,1000,4.6875,ed25519,plumtree,kademlia,380.6214999999991,6,8,9,15
memo,1024,32768000,1024,32768000,0.01,2,453.9119107701496,32768,9481618,sharded,59.16208709843358,1000,600.0,ed25519,gossip,kademlia,946.0554999999804,3,4,4,6
memo,1024,32768000,1024,32768000,0.01,2,445.68849187484443,32768,10192314,sharded,60.40073389994438,1000,600.0,ed25519,gossipsub,kademlia,1020.4278,3,4,4,5
memo,1024,32768000,1024,32768000,0.01,2,458.91260447749096,32768,3894281,sharded,58.231793459729964,1000,600.0,ed25519,plumtree,kademlia,380.3629000000006,6,8,9,14
memo,1024,32768000,1024,32768000,0.01,2,57.49011921306514,32768,9458542,sharded,467.6828708660889,1000,75.0,ed25519,gossip,kademlia,946.6249999999801,3,4,4,5
memo,1024,32768000,1024,32768000,0.01,2,57.89536387832811,32768,10232702,sharded,454.2215168604172,1000,75.0,ed25519,gossipsub,kademlia,1022.5169999999998,3,4,4,5
memo,1024,32768000,1024,32768000,0.01,2,56.94130810718221,32768,3899196,sharded,472.765956646586,1000,75.0,ed25519,plumtree,kademlia,380.6607999999999,6,8,9,16
memo,1024,32768000,1024,32768000,0.01,2,7.604093063495622,32768,9462306,sharded,3550.96022293909,1000,9.375,ed25519,gossip,kademlia,942.5834999999814,3,4,4,5
memo,1024,32768000,1024,32768000,0.01,2,7.6002639964505665,32768,10229522,sharded,3524.7249322537714,1000,9.375,ed25519,gossipsub,kademlia,1022.519999999998,3,4,4,5
memo,1024,32768000,1024,32768000,0.01,2,7.537878570857365,32768,3934307,sharded,3599.5411367994325,1000,9.375,ed25519,plumtree,kademlia,380.67590000000047,6,8,9,14
memo,1024,4096000,1024,4096000,0.01,2,0.18741845889481676,4096,9402906,sharded,17849.810630859476,1000,0.146484375,ed25519,gossip,kademlia,942.4574999999811,3,4,4,5
memo,1024,4096000,1024,4096000,0.01,2,0.18777194938188854,4096,10237742,sharded,18034.34437969694,1000,0.146484375,ed25519,gossipsub,kademlia,1022.800199999998,3,4,4,5
memo,1024,4096000,1024,4096000,0.01,2,0.19425975505516294,4096,3894963,sharded,17189.56146656199,1000,0.146484375,ed25519,plumtree,kademlia,380.4937500000003,6,8,9,14
memo,1024,4096000,1024,4096000,0.01,2,0.29445665286752853,4096,9497430,sharded,11340.344894507349,1000,0.29296875,ed25519,gossip,kademlia,951.5164999999802,3,4,4,5
memo,1024,4096000,1024,4096000,0.01,2,0.2901310057312822,4096,10247198,sharded,11629.422341454374,1000,0.29296875,ed25519,gossipsub,kademlia,1023.0857999999994,3,4,4,5
memo,1024,4096000,1024,4096000,0.01,2,0.3009709258615095,4096,3919772,sharded,11217.375865579455,1000,0.29296875,ed25519,plumtree,kademlia,380.61534999999907,6,8,9,14
memo,1024,4096000,1024,4096000,0.01,2,0.5076709969330855,4096,9474744,sharded,6605.8057684197875,1000,0.5859375,ed25519,gossip,kademlia,944.6364999999803,3,4,4,6
memo,1024,4096000,1024,4096000,0.01,2,0.5105718251399188,4096,10209082,sharded,6552.22994156252,1000,0.5859375,ed25519,gossipsub,kademlia,1020.113999999999,3,4,4,5
memo,1024,4096000,1024,4096000,0.01,2,0.5198318974826609,4096,3904704,sharded,6486.727760126482,1000,0.5859375,ed25519,plumtree,kademlia,380.57805000000053,6,8,9,13
memo,1024,4096000,1024,4096000,0.01,2,909.5116041171929,4096,9498558,sharded,3.6692132182735673,1000,1200.0,ed25519,gossip,kademlia,946.8134999999808,3,4,4,6
memo,1024,4096000,1024,4096000,0.01,2,924.721487110208,4096,10221220,sharded,3.6243647916884254,1000,1200.0,ed25519,gossipsub,kademlia,1022.1204000000002,3,4,4,5
memo,1024,4096000,1024,4096000,0.01,2,901.0230308360242,4096,3901112,sharded,3.7265107384486575,1000,1200.0,ed25519,plumtree,kademlia,380.60745000000003,6,8,9,15
memo,1024,4096000,1024,4096000,0.01,2,112.3723229877249,4096,9498094,sharded,29.752308318527977,1000,150.0,ed25519,gossip,kademlia,946.1609999999797,3,4,4,6
memo,1024,4096000,1024,4096000,0.01,2,111.70154530496526,4096,10224502,sharded,30.389337862178248,1000,150.0,ed25519,gossipsub,kademlia,1021.3974000000007,3,4,4,5
memo,1024,4096000,1024,4096000,0.01,2,115.33402117656001,4096,3921799,sharded,28.863989706070974,1000,150.0,ed25519,plumtree,kademlia,380.7000500000006,6,8,9,13
memo,1024,4096000,1024,4096000,0.01,2,14.650820073137591,4096,9494300,sharded,226.52383849044574,1000,18.75,ed25519,gossip,kademlia,946.7569999999798,3,4,4,6
memo,1024,4096000,1024,4096000,0.01,2,14.145856415228714,4096,10213002,sharded,237.07125970752182,1000,18.75,ed25519,gossipsub,kademlia,1022.1383999999989,3,4,4,5
memo,1024,4096000,1024,4096000,0.01,2,14.390292954177662,4096,3891453,sharded,232.61736301401726,1000,18.75,ed25519,plumtree,kademlia,380.5715500000005,6,8,9,13
memo,1024,4096000,1024,4096000,0.01,2,0.9585956065466938,4096,9385304,sharded,3498.4262154936605,1000,1.171875,ed25519,gossip,kademlia,946.2389999999809,3,4,4,5
memo,1024,4096000,1024,4096000,0.01,2,0.9634333768341695,4096,10196300,sharded,3406.4586912945356,1000,1.171875,ed25519,gossipsub,kademlia,1019.4378000000008,3,4,4,5
memo,1024,4096000,1024,4096000,0.01,2,0.9680586479991347,4096,3864278,sharded,3426.147792652088,1000,1.171875,ed25519,plumtree,kademlia,380.73279999999994,6,8,9,14
memo,1024,4096000,1024,4096000,0.01,2,1.8479530565435633,4096,9503028,sharded,1805.8857004960555,1000,2.34375,ed25519,gossip,kademlia,950.6234999999803,3,4,4,6
memo,1024,4096000,1024,4096000,0.01,2,1.842013543139537,4096,10227184,sharded,1812.8205476212638,1000,2.34375,ed25519,gossipsub,kademlia,1022.0753999999971,3,4,4,5
memo,1024,4096000,1024,4096000,0.01,2,1.8328753521525305,4096,3823678,sharded,1818.5066409920396,1000,2.34375,ed25519,plumtree,kademlia,380.72279999999967,6,8,9,14
memo,1024,4096000,1024,4096000,0.01,2,228.77370803996573,4096,9530656,sharded,14.66787433201803,1000,300.0,ed25519,gossip,kademlia,947.042999999979,3,4,4,5
memo,1024,4096000,1024,4096000,0.01,2,222.76329615158068,4096,10227496,sharded,15.155566730807884,1000,300.0,ed25519,gossipsub,kademlia,1021.5713999999986,3,4,4,5
memo,1024,4096000,1024,4096000,0.01,2,225.32142152075582,4096,3870389,sharded,14.910788230095177,1000,300.0,ed25519,plumtree,kademlia,380.8169000000011,6,8,9,15
memo,1024,4096000,1024,4096000,0.01,2,28.435470867872798,4096,9503894,sharded,119.01670331837809,1000,37.5,ed25519,gossip,kademlia,948.8814999999795,3,4,4,6
memo,1024,4096000,1024,4096000,0.01,2,28.21577472452772,4096,10224084,sharded,117.76589629174602,1000,37.5,ed25519,gossipsub,kademlia,1022.9843999999979,3,4,4,5
memo,1024,4096000,1024,4096000,0.01,2,29.10439430728921,4096,3874634,sharded,113.67767922149748,1000,37.5,ed25519,plumtree,kademlia,380.6744500000006,6,8,9,16
memo,1024,4096000,1024,4096000,0.01,2,3.597569892754288,4096,9501708,sharded,933.316683231796,1000,4.6875,ed25519,gossip,kademlia,946.0249999999808,3,4,4,5
memo,1024,4096000,1024,4096000,0.01,2,3.6341162379476897,4096,10202214,sharded,926.1850143518852,1000,4.6875,ed25519,gossipsub,kademlia,1021.590599999998,3,4,4,5
memo,1024,4096000,1024,4096000,0.01,2,3.514749832224584,4096,3894153,sharded,952.3955216696934,1000,4.6875,ed25519,plumtree,kademlia,380.7434500000003,6,8,9,14
memo,1024,4096000,1024,4096000,0.01,2,455.0017901562192,4096,9420038,sharded,7.311953649364176,1000,600.0,ed25519,gossip,kademlia,945.6414999999796,3,4,4,5
memo,1024,4096000,1024,4096000,0.01,2,452.75550987364414,4096,10208288,sharded,7.492980043350067,1000,600.0,ed25519,gossipsub,kademlia,1019.4923999999994,3,4,4,5
memo,1024,4096000,1024,4096000,0.01,2,458.48656754852055,4096,3937969,sharded,7.336782008655063,1000,600.0,ed25519,plumtree,kademlia,380.76670000000104,6,8,9,15
memo,1024,4096000,1024,4096000,0.01,2,57.40395550761581,4096,9495594,sharded,58.42064314810291,1000,75.0,ed25519,gossip,kademlia,948.41749999998,3,4,4,6
memo,1024,4096000,1024,4096000,0.01,2,57.31422209415813,4096,10232080,sharded,58.26197892931637,1000,75.0,ed25519,gossipsub,kademlia,1022.7816000000012,3,4,4,5
memo,1024,4096000,1024,4096000,0.01,2,55.98269388553799,4096,3919442,sharded,59.61113637766719,1000,75.0,ed25519,plumtree,kademlia,380.5480000000003,6,8,9,13
memo,1024,4096000,1024,4096000,0.01,2,7.417714768996533,4096,9437050,sharded,443.2685944925873,1000,9.375,ed25519,gossip,kademlia,941.6769999999794,3,4,4,5
memo,1024,4096000,1024,4096000,0.01,2,7.2138171431287565,4096,10201836,sharded,460.6238187178141,1000,9.375,ed25519,gossipsub,kademlia,1020.3198000000004,3,4,4,5
memo,1024,4096000,1024,4096000,0.01,2,7.20074415687875,4096,3912930,sharded,464.30423400144934,1000,9.375,ed25519,plumtree,kademlia,380.64590000000055,6,8,9,14
memo,1024,524288000,1024,524288000,0.01,2,13.189674938820673,524288,9427162,sharded,32117.979098420266,1000,0.146484375,ed25519,gossip,kademlia,944.487999999981,3,4,4,5
memo,1024,524288000,1024,524288000,0.01,2,13.185188430412266,524288,10203358,sharded,32347.60657771382,1000,0.146484375,ed25519,gossipsub,kademlia,1020.8783999999976,3,4,4,5
memo,1024,524288000,1024,524288000,0.01,2,13.19460687924231,524288,3836009,sharded,32821.20429683224,1000,0.146484375,ed25519,plumtree,kademlia,380.64550000000077,6,8,9,14
memo,1024,524288000,1024,524288000,0.01,2,13.267018706886097,524288,9437280,sharded,32701.34229740819,1000,0.29296875,ed25519,gossip,kademlia,943.4484999999813,3,4,4,6
memo,1024,524288000,1024,524288000,0.01,2,13.2679394561923,524288,10220592,sharded,32165.61497051608,1000,0.29296875,ed25519,gossipsub,kademlia,1021.4339999999976,3,4,4,5
memo,1024,524288000,1024,524288000,0.01,2,13.267600263826905,524288,3866834,sharded,32126.920884263458,1000,0.29296875,ed25519,plumtree,kademlia,380.6601999999997,6,8,9,14
memo,1024,524288000,1024,524288000,0.01,2,13.4215156923941,524288,9473952,sharded,31856.153492581667,1000,0.5859375,ed25519,gossip,kademlia,945.0804999999799,3,4,4,5
memo,1024,524288000,1024,524288000,0.01,2,13.418259834204385,524288,10175270,sharded,31590.374104954408,1000,0.5859375,ed25519,gossipsub,kademlia,1019.8217999999973,3,4,4,5
memo,1024,524288000,1024,524288000,0.01,2,13.426878613500127,524288,3874498,sharded,32019.14401517993,1000,0.5859375,ed25519,plumtree,kademlia,380.71739999999994,6,8,9,14
memo,1024,524288000,1024,524288000,0.01,2,899.9403593780386,524288,9498102,sharded,479.46513288748247,1000,1200.0,ed25519,gossip,kademlia,945.3219999999812,3,4,4,5
memo,1024,524288000,1024,524288000,0.01,2,919.959712624616,524288,10203020,sharded,459.91298335543956,1000,1200.0,ed25519,gossipsub,kademlia,1020.2598000000024,3,4,4,5
memo,1024,524288000,1024,524288000,0.01,2,930.1730101980537,524288,3901891,sharded,452.8903799415803,1000,1200.0,ed25519,plumtree,kademlia,380.65504999999996,6,8,9,13
memo,1024,524288000,1024,524288000,0.01,2,123.02835232619638,524288,9453434,sharded,3466.7560764299005,1000,150.0,ed25519,gossip,kademlia,945.8094999999792,3,4,4,5
memo,1024,524288000,1024,524288000,0.01,2,122.42635593558101,524288,10220624,sharded,3571.5936218021425,1000,150.0,ed25519,gossipsub,kademlia,1021.1387999999984,3,4,4,5
memo,1024,524288000,1024,524288000,0.01,2,122.23916571047282,524288,3901146,sharded,3454.8254771328025,1000,150.0,ed25519,plumtree,kademlia,380.64375000000086,6,8,9,15
memo,1024,524288000,1024,524288000,0.01,2,23.3260842361918,524288,9449840,sharded,18430.7471261275,1000,18.75,ed25519,gossip,kademlia,948.0689999999794,3,4,4,6
memo,1024,524288000,1024,524288000,0.01,2,23.568973275707883,524288,10230348,sharded,18374.2788849589,1000,18.75,ed25519,gossipsub,kademlia,1021.8947999999968,3,4,4,5
memo,1024,524288000,1024,524288000,0.01,2,23.82000183917472,524288,3847474,sharded,18125.614385551144,1000,18.75,ed25519,plumtree,kademlia,380.65295,6,8,9,14
memo,1024,524288000,1024,524288000,0.01,2,13.718310905182793,524288,9436954,sharded,31186.055700076682,1000,1.171875,ed25519,gossip,kademlia,941.269999999982,3,4,4,5
memo,1024,524288000,1024,524288000,0.01,2,13.754038577745872,524288,10210314,sharded,30857.273927288654,1000,1.171875,ed25519,gossipsub,kademlia,1022.3658000000011,3,4,4,5
memo,1024,524288000,1024,524288000,0.01,2,13.742858521647625,524288,3856488,sharded,31530.924320979542,1000,1.171875,ed25519,plumtree,kademlia,380.7130500000008,6,8,9,14
memo,1024,524288000,1024,524288000,0.01,2,14.360628566914063,524288,9302236,sharded,29900.70176937051,1000,2.34375,ed25519,gossip,kademlia,940.0909999999818,3,4,4,5
memo,1024,524288000,1024,524288000,0.01,2,14.401029128690961,524288,10196542,sharded,29507.3650780558,1000,2.34375,ed25519,gossipsub,kademlia,1019.8001999999993,3,4,4,5
memo,1024,524288000,1024,524288000,0.01,2,14.32789748104842,524288,3874499,sharded,30023.896009096952,1000,2.34375,ed25519,plumtree,kademlia,380.6339000000005,6,8,9,15
memo,1024,524288000,1024,524288000,0.01,2,238.7811141464924,524288,9473182,sharded,1757.6496596063193,1000,300.0,ed25519,gossip,kademlia,947.7009999999802,3,4,4,5
memo,1024,524288000,1024,524288000,0.01,2,237.561082502567,524288,10214668,sharded,1798.6772728036497,1000,300.0,ed25519,gossipsub,kademlia,1021.4897999999998,3,4,4,5
memo,1024,524288000,1024,524288000,0.01,2,236.7940030934814,524288,3834869,sharded,1796.754590242038,1000,300.0,ed25519,plumtree,kademlia,380.5339999999999,6,8,9,15
memo,1024,524288000,1024,524288000,0.01,2,37.24181083336247,524288,9469130,sharded,11649.522681409013,1000,37.5,ed25519,gossip,kademlia,945.0019999999801,3,4,4,5
memo,1024,524288000,1024,524288000,0.01,2,37.16376680662459,524288,10215248,sharded,11638.717954792954,1000,37.5,ed25519,gossipsub,kademlia,1021.4358000000004,3,4,4,5
memo,1024,524288000,1024,524288000,0.01,2,36.697285014502526,524288,3895081,sharded,11565.21894827574,1000,37.5,ed25519,plumtree,kademlia,380.47644999999994,6,8,9,14
memo,1024,524288000,1024,524288000,0.01,2,15.551764510398577,524288,9437308,sharded,27711.693789591387,1000,4.6875,ed25519,gossip,kademlia,942.1404999999788,3,4,4,5
memo,1024,524288000,1024,524288000,0.01,2,15.52733710129643,524288,10241000,sharded,27451.400147962984,1000,4.6875,ed25519,gossipsub,kademlia,1021.7837999999981,3,4,4,5
memo,1024,524288000,1024,524288000,0.01,2,15.54479262562145,524288,3896249,sharded,27488.029611647362,1000,4.6875,ed25519,plumtree,kademlia,380.506150000001,6,8,9,15
memo,1024,524288000,1024,524288000,0.01,2,470.9627453621006,524288,9403802,sharded,893.9226470584421,1000,600.0,ed25519,gossip,kademlia,939.8264999999794,3,4,4,6
memo,1024,524288000,1024,524288000,0.01,2,457.09871147848213,524288,10254220,sharded,938.2406321226065,1000,600.0,ed25519,gossipsub,kademlia,1022.7509999999999,3,4,4,5
memo,1024,524288000,1024,524288000,0.01,2,452.13486101782405,524288,3892677,sharded,960.1371215277436,1000,600.0,ed25519,plumtree,kademlia,380.5143500000004,6,8,9,15
memo,1024,524288000,1024,524288000,0.01,2,63.86743466941244,524288,9464602,sharded,6776.548114704192,1000,75.0,ed25519,gossip,kademlia,948.1899999999796,3,4,4,5
memo,1024,524288000,1024,524288000,0.01,2,66.36265736087222,524288,10234394,sharded,6411.146402507593,1000,75.0,ed25519,gossipsub,kademlia,1022.8169999999996,3,4,4,5
memo,1024,524288000,1024,524288000,0.01,2,65.54056889137816,524288,3921785,sharded,6547.5587908186735,1000,75.0,ed25519,plumtree,kademlia,380.54075000000006,6,8,9,13
memo,1024,524288000,1024,524288000,0.01,2,18.188116279672442,524288,9392236,sharded,23608.4301088344,1000,9.375,ed25519,gossip,kademlia,940.7299999999802,3,4,4,6
memo,1024,524288000,1024,524288000,0.01,2,18.180258428980373,524288,10215298,sharded,23892.59810012291,1000,9.375,ed25519,gossipsub,kademlia,1021.5089999999988,3,4,4,5
memo,1024,524288000,1024,524288000,0.01,2,17.995782351344694,524288,3900086,sharded,23817.049552612163,1000,9.375,ed25519,plumtree,kademlia,380.57714999999996,6,8,9,14
memo,1024,65536000,1024,65536000,0.01,2,1.7186668770339744,65536,9489358,sharded,31344.98762958069,1000,0.146484375,ed25519,gossip,kademlia,948.9789999999795,3,4,4,5
memo,1024,65536000,1024,65536000,0.01,2,1.7209529376414177,65536,10230900,sharded,30998.700099906848,1000,0.146484375,ed25519,gossipsub,kademlia,1021.1964000000002,3,4,4,5
memo,1024,65536000,1024,65536000,0.01,2,1.7208849509340203,65536,3850592,sharded,30866.635199041015,1000,0.146484375,ed25519,plumtree,kademlia,380.5507000000007,6,8,9,14
memo,1024,65536000,1024,65536000,0.01,2,1.800382518387012,65536,9494184,sharded,29794.899390635506,1000,0.29296875,ed25519,gossip,kademlia,944.4724999999797,3,4,4,6
memo,1024,65536000,1024,65536000,0.01,2,1.7957068516231172,65536,10254858,sharded,29981.9672411094,1000,0.29296875,ed25519,gossipsub,kademlia,1022.5367999999988,3,4,4,5
memo,1024,65536000,1024,65536000,0.01,2,1.8021304552133965,65536,3923128,sharded,29675.0858658939,1000,0.29296875,ed25519,plumtree,kademlia,380.6622500000003,6,8,9,14
memo,1024,65536000,1024,65536000,0.01,2,1.9665562416151923,65536,9413282,sharded,27260.571991558674,1000,0.5859375,ed25519,gossip,kademlia,942.43199999998,3,4,4,5
memo,1024,65536000,1024,65536000,0.01,2,1.9572432235015271,65536,10236098,sharded,27674.896686113236,1000,0.5859375,ed25519,gossipsub,kademlia,1023.6912000000011,3,4,4,5
memo,1024,65536000,1024,65536000,0.01,2,1.965638227373289,65536,3874652,sharded,27473.348476827574,1000,0.5859375,ed25519,plumtree,kademlia,380.6892500000007,6,8,9,15
memo,1024,65536000,1024,65536000,0.01,2,900.2723290389611,65536,9498892,sharded,60.45798170660479,1000,1200.0,ed25519,gossip,kademlia,946.8019999999802,3,4,4,5
memo,1024,65536000,1024,65536000,0.01,2,940.4334630035088,65536,10191516,sharded,55.471926566064106,1000,1200.0,ed25519,gossipsub,kademlia,1019.2302000000005,3,4,4,5
memo,1024,65536000,1024,65536000,0.01,2,904.9602861795958,65536,3918726,sharded,58.44295358338398,1000,1200.0,ed25519,plumtree,kademlia,380.709600000001,6,8,9,14
memo,1024,65536000,1024,65536000,0.01,2,115.15839612712895,65536,9460200,sharded,463.82063137658645,1000,150.0,ed25519,gossip,kademlia,947.5384999999791,3,4,4,5
memo,1024,65536000,1024,65536000,0.01,2,115.7095670074222,65536,10217822,sharded,457.9297751291486,1000,150.0,ed25519,gossipsub,kademlia,1021.0811999999999,3,4,4,5
memo,1024,65536000,1024,65536000,0.01,2,113.97956837107303,65536,3892735,sharded,472.6425338321611,1000,150.0,ed25519,plumtree,kademlia,380.5235000000003,6,8,9,14
memo,1024,65536000,1024,65536000,0.01,2,15.309983158356477,65536,9526414,sharded,3482.3379913974577,1000,18.75,ed25519,gossip,kademlia,947.4659999999802,3,4,4,6
memo,1024,65536000,1024,65536000,0.01,2,15.349688245131576,65536,10210790,sharded,3516.025546454828,1000,18.75,ed25519,gossipsub,kademlia,1021.3607999999974,3,4,4,5
memo,1024,65536000,1024,65536000,0.01,2,15.467634726378652,65536,3912027,sharded,3398.1195528468347,1000,18.75,ed25519,plumtree,kademlia,380.69860000000034,6,8,9,13
memo,1024,65536000,1024,65536000,0.01,2,2.2685324223440015,65536,9511764,sharded,23935.1112927432,1000,1.171875,ed25519,gossip,kademlia,949.3439999999796,3,4,4,6
memo,1024,65536000,1024,65536000,0.01,2,2.271140757299919,65536,10194874,sharded,23734.486656866233,1000,1.171875,ed25519,gossipsub,kademlia,1021.7069999999965,3,4,4,5
memo,1024,65536000,1024,65536000,0.01,2,2.288324940439432,65536,3921629,sharded,23456.014944141927,1000,1.171875,ed25519,plumtree,kademlia,380.6591000000007,6,8,9,14
memo,1024,65536000,1024,65536000,0.01,2,2.930658437051803,65536,9477808,sharded,18382.078006399814,1000,2.34375,ed25519,gossip,kademlia,944.79399999998,3,4,4,5
memo,1024,65536000,1024,65536000,0.01,2,2.9850600927560293,65536,10220864,sharded,17981.207189180324,1000,2.34375,ed25519,gossipsub,kademlia,1020.5861999999986,3,4,4,5
memo,1024,65536000,1024,65536000,0.01,2,2.967035723926324,65536,3919419,sharded,18046.264683710826,1000,2.34375,ed25519,plumtree,kademlia,380.79249999999996,6,8,9,15
memo,1024,65536000,1024,65536000,0.01,2,229.60732644111275,65536,9538434,sharded,232.198757880984,1000,300.0,ed25519,gossip,kademlia,945.7264999999799,3,4,4,6
memo,1024,65536000,1024,65536000,0.01,2,225.45258027597305,65536,10209084,sharded,240.11140583858355,1000,300.0,ed25519,gossipsub,kademlia,1021.6715999999976,3,4,4,5
memo,1024,65536000,1024,65536000,0.01,2,227.65976746068503,65536,3865809,sharded,235.91235552533405,1000,300.0,ed25519,plumtree,kademlia,380.6539000000008,6,8,9,15
memo,1024,65536000,1024,65536000,0.01,2,29.561528071374916,65536,9452328,sharded,1816.812441844182,1000,37.5,ed25519,gossip,kademlia,946.1599999999797,3,4,4,6
memo,1024,65536000,1024,65536000,0.01,2,29.517126815088684,65536,10234338,sharded,1823.9859298391623,1000,37.5,ed25519,gossipsub,kademlia,1022.6273999999993,3,4,4,5
memo,1024,65536000,1024,65536000,0.01,2,29.603028242018272,65536,3892107,sharded,1814.2654717927708,1000,37.5,ed25519,plumtree,kademlia,380.46700000000067,6,8,9,14
memo,1024,65536000,1024,65536000,0.01,2,4.68234774092177,65536,9447756,sharded,11358.290102035495,1000,4.6875,ed25519,gossip,kademlia,944.9634999999809,3,4,4,5
memo,1024,65536000,1024,65536000,0.01,2,4.649049147871903,65536,10232896,sharded,11700.431264509141,1000,4.6875,ed25519,gossipsub,kademlia,1023.0995999999993,3,4,4,5
memo,1024,65536000,1024,65536000,0.01,2,4.700763944616854,65536,3855774,sharded,11425.324188317132,1000,4.6875,ed25519,plumtree,kademlia,380.37735,6,8,9,15
memo,1024,65536000,1024,65536000,0.01,2,444.39846267980187,65536,9522144,sharded,120.7074742710132,1000,600.0,ed25519,gossip,kademlia,950.8764999999803,3,4,4,5
memo,1024,65536000,1024,65536000,0.01,2,455.4584059335441,65536,10225566,sharded,116.91298108958287,1000,600.0,ed25519,gossipsub,kademlia,1021.5125999999982,3,4,4,5
memo,1024,65536000,1024,65536000,0.01,2,465.19700414359784,65536,3934511,sharded,113.83153272340085,1000,600.0,ed25519,plumtree,kademlia,380.81619999999987,6,8,9,14
memo,1024,65536000,1024,65536000,0.01,2,58.046609385570555,65536,9433406,sharded,913.3974328771013,1000,75.0,ed25519,gossip,kademlia,943.1629999999819,3,4,4,6
memo,1024,65536000,1024,65536000,0.01,2,57.61489942531315,65536,10230366,sharded,937.8725388568412,1000,75.0,ed25519,gossipsub,kademlia,1021.0151999999988,3,4,4,5
memo,1024,65536000,1024,65536000,0.01,2,58.43528000326448,65536,3852834,sharded,911.2474518309017,1000,75.0,ed25519,plumtree,kademlia,380.58890000000014,6,8,9,14
memo,1024,65536000,1024,65536000,0.01,2,8.106654613567892,65536,9388078,sharded,6604.933175564798,1000,9.375,ed25519,gossip,kademlia,934.5534999999803,3,4,4,6
memo,1024,65536000,1024,65536000,0.01,2,8.237221127176527,65536,10225506,sharded,6536.042090987831,1000,9.375,ed25519,gossipsub,kademlia,1020.878999999999,3,4,4,5
memo,1024,65536000,1024,65536000,0.01,2,8.075269710780592,65536,3903064,sharded,6610.3144429636695,1000,9.375,ed25519,plumtree,kademlia,380.5557500000002,6,8,9,15
memo,1024,8192000,1024,8192000,0.01,2,0.28735340507057544,8192,9503864,sharded,23337.645845376133,1000,0.146484375,ed25519,gossip,kademlia,948.8724999999802,3,4,4,6
memo,1024,8192000,1024,8192000,0.01,2,0.28517810617994865,8192,10207476,sharded,23127.86240272657,1000,0.146484375,ed25519,gossipsub,kademlia,1021.1406000000011,3,4,4,5
memo,1024,8192000,1024,8192000,0.01,2,0.29244317053523716,8192,3900974,sharded,22791.409311426865,1000,0.146484375,ed25519,plumtree,kademlia,380.47674999999924,6,8,9,14
memo,1024,8192000,1024,8192000,0.01,2,0.37198315553520384,8192,9542614,sharded,18303.387932187296,1000,0.29296875,ed25519,gossip,kademlia,948.8884999999799,3,4,4,6
memo,1024,8192000,1024,8192000,0.01,2,0.37717793551698736,8192,10236142,sharded,17736.371537297164,1000,0.29296875,ed25519,gossipsub,kademlia,1022.5986000000004,3,4,4,5
memo,1024,8192000,1024,8192000,0.01,2,0.37729659191989184,8192,3846883,sharded,17654.80034183371,1000,0.29296875,ed25519,plumtree,kademlia,380.7036499999994,6,8,9,14
memo,1024,8192000,1024,8192000,0.01,2,0.575183184918951,8192,9489168,sharded,11530.976867716628,1000,0.5859375,ed25519,gossip,kademlia,946.5824999999792,3,4,4,6
memo,1024,8192000,1024,8192000,0.01,2,0.5797834422289839,8192,10214232,sharded,11630.232098516644,1000,0.5859375,ed25519,gossipsub,kademlia,1022.5157999999975,3,4,4,5
memo,1024,8192000,1024,8192000,0.01,2,0.5864349356701931,8192,3848967,sharded,11365.612098779287,1000,0.5859375,ed25519,plumtree,kademlia,380.60560000000066,6,8,9,15
memo,1024,8192000,1024,8192000,0.01,2,894.9365337301538,8192,9432270,sharded,7.46140061146887,1000,1200.0,ed25519,gossip,kademlia,947.1539999999802,3,4,4,6
memo,1024,8192000,1024,8192000,0.01,2,918.6504732053345,8192,10208600,sharded,7.304462573873994,1000,1200.0,ed25519,gossipsub,kademlia,1019.3981999999988,3,4,4,5
memo,1024,8192000,1024,8192000,0.01,2,930.7211193574377,8192,3944304,sharded,7.0997078099635305,1000,1200.0,ed25519,plumtree,kademlia,380.49405,6,8,9,14
memo,1024,8192000,1024,8192000,0.01,2,112.33338377480085,8192,9461632,sharded,59.844507252420456,1000,150.0,ed25519,gossip,kademlia,945.3849999999793,3,4,4,6
memo,1024,8192000,1024,8192000,0.01,2,113.07619871466254,8192,10190672,sharded,60.21207006773158,1000,150.0,ed25519,gossipsub,kademlia,1018.9770000000002,3,4,4,5
memo,1024,8192000,1024,8192000,0.01,2,111.56574706087764,8192,3891531,sharded,60.770264876194034,1000,150.0,ed25519,plumtree,kademlia,380.43655000000035,6,8,9,15
memo,1024,8192000,1024,8192000,0.01,2,14.590391005027461,8192,9464114,sharded,459.6279837661128,1000,18.75,ed25519,gossip,kademlia,947.3904999999809,3,4,4,5
memo,1024,8192000,1024,8192000,0.01,2,14.786486730076644,8192,10217032,sharded,451.5934124106429,1000,18.75,ed25519,gossipsub,kademlia,1021.6367999999965,3,4,4,5
memo,1024,8192000,1024,8192000,0.01,2,14.569605105529407,8192,3877970,sharded,457.7535184854732,1000,18.75,ed25519,plumtree,kademlia,380.6519500000004,6,8,9,14
memo,1024,8192000,1024,8192000,0.01,2,1.0463084532157207,8192,9436522,sharded,6385.8568469602515,1000,1.171875,ed25519,gossip,kademlia,946.3989999999798,3,4,4,6
memo,1024,8192000,1024,8192000,0.01,2,1.027804676098861,8192,10190458,sharded,6532.704273622287,1000,1.171875,ed25519,gossipsub,kademlia,1020.3792000000002,3,4,4,5
memo,1024,8192000,1024,8192000,0.01,2,1.0001677663539994,8192,3887888,sharded,6811.505258597517,1000,1.171875,ed25519,plumtree,kademlia,380.5446000000001,6,8,9,13
memo,1024,8192000,1024,8192000,0.01,2,1.9147690809790872,8192,9476460,sharded,3540.8342798877943,1000,2.34375,ed25519,gossip,kademlia,942.9699999999805,3,4,4,5
memo,1024,8192000,1024,8192000,0.01,2,1.9479624360301016,8192,10189834,sharded,3396.3899291011603,1000,2.34375,ed25519,gossipsub,kademlia,1020.3857999999991,3,4,4,5
memo,1024,8192000,1024,8192000,0.01,2,1.9242830978419114,8192,3879456,sharded,3455.213012813268,1000,2.34375,ed25519,plumtree,kademlia,380.62939999999986,6,8,9,15
memo,1024,8192000,1024,8192000,0.01,2,222.34981150924463,8192,9335170,sharded,30.49195299056106,1000,300.0,ed25519,gossip,kademlia,939.0749999999817,3,4,4,6
memo,1024,8192000,1024,8192000,0.01,2,224.49175130563881,8192,10229622,sharded,29.872598707957756,1000,300.0,ed25519,gossipsub,kademlia,1022.6525999999991,3,4,4,5
memo,1024,8192000,1024,8192000,0.01,2,228.77226887426943,8192,3901952,sharded,29.456891926458237,1000,300.0,ed25519,plumtree,kademlia,380.6366500000009,6,8,9,15
memo,1024,8192000,1024,8192000,0.01,2,28.24506169742895,8192,9452522,sharded,240.1827290261335,1000,37.5,ed25519,gossip,kademlia,940.8749999999814,3,4,4,6
memo,1024,8192000,1024,8192000,0.01,2,29.038511821782514,8192,10211550,sharded,230.0936095143823,1000,37.5,ed25519,gossipsub,kademlia,1020.4529999999991,3,4,4,5
memo,1024,8192000,1024,8192000,0.01,2,29.46364687733187,8192,3855431,sharded,225.24435035589124,1000,37.5,ed25519,plumtree,kademlia,380.4509500000012,6,8,9,15
memo,1024,8192000,1024,8192000,0.01,2,3.6054948477790694,8192,9340108,sharded,1873.613549652183,1000,4.6875,ed25519,gossip,kademlia,937.5484999999815,3,4,4,5
memo,1024,8192000,1024,8192000,0.01,2,3.62557843109556,8192,10221128,sharded,1871.1430821122935,1000,4.6875,ed25519,gossipsub,kademlia,1021.4747999999998,3,4,4,5
memo,1024,8192000,1024,8192000,0.01,2,3.6410718440938417,8192,3899417,sharded,1840.6821636522664,1000,4.6875,ed25519,plumtree,kademlia,380.5589500000001,6,8,9,14
memo,1024,8192000,1024,8192000,0.01,2,459.2845756486586,8192,9437678,sharded,14.306999077248877,1000,600.0,ed25519,gossip,kademlia,939.3339999999805,3,4,4,5
memo,1024,8192000,1024,8192000,0.01,2,448.0493512027599,8192,10212514,sharded,14.876021987550518,1000,600.0,ed25519,gossipsub,kademlia,1021.8167999999972,3,4,4,5
memo,1024,8192000,1024,8192000,0.01,2,461.6867711361394,8192,3886886,sharded,14.321276703963237,1000,600.0,ed25519,plumtree,kademlia,380.4500999999996,6,8,9,14
memo,1024,8192000,1024,8192000,0.01,2,56.53257096673655,8192,9542452,sharded,119.27665564630968,1000,75.0,ed25519,gossip,kademlia,946.0834999999795,3,4,4,5
memo,1024,8192000,1024,8192000,0.01,2,55.52452095863306,8192,10206952,sharded,121.14705149840883,1000,75.0,ed25519,gossipsub,kademlia,1021.2264000000001,3,4,4,5
memo,1024,8192000,1024,8192000,0.01,2,56.429509354756036,8192,3916604,sharded,119.27674149505458,1000,75.0,ed25519,plumtree,kademlia,380.6539500000004,6,8,9,14
memo,1024,8192000,1024,8192000,0.01,2,7.260995889485003,8192,9477342,sharded,925.8421437388812,1000,9.375,ed25519,gossip,kademlia,944.9379999999801,3,4,4,5
memo,1024,8192000,1024,8192000,0.01,2,7.14296538385821,8192,10225462,sharded,943.4345034386868,1000,9.375,ed25519,gossipsub,kademlia,1021.7795999999997,3,4,4,5
memo,1024,8192000,1024,8192000,0.01,2,7.276368541904085,8192,3903525,sharded,918.8198703099897,1000,9.375,ed25519,plumtree,kademlia,380.7120000000001,6,8,9,14
memo,1024,1024000,1024,1024000,0.01,32,0.15479177092682747,1024,9697430,sharded,6508.097904482364,1000,0.146484375,ed25519,gossip,kademlia,940.6099999999799,3,4,4,5
memo,1024,1024000,1024,1024000,0.01,32,0.15512658190093095,1024,10534168,sharded,6495.701688595982,1000,0.146484375,ed25519,gossipsub,kademlia,1021.346399999998,3,4,4,5
memo,1024,1024000,1024,1024000,0.01,32,0.15824234646743604,1024,4208654,sharded,6370.835762394737,1000,0.146484375,ed25519,plumtree,kademlia,380.47780000000023,6,8,9,15
memo,1024,1024000,1024,1024000,0.01,32,0.284064092609039,1024,9763400,sharded,3544.692997808198,1000,0.29296875,ed25519,gossip,kademlia,947.1424999999799,3,4,4,6
memo,1024,1024000,1024,1024000,0.01,32,0.2834152557129773,1024,10528622,sharded,3557.550201253448,1000,0.29296875,ed25519,gossipsub,kademlia,1021.7525999999993,3,4,4,5
memo,1024,1024000,1024,1024000,0.01,32,0.2879713478528404,1024,4165550,sharded,3500.0426518650215,1000,0.29296875,ed25519,plumtree,kademlia,380.7352,6,8,9,16
memo,1024,1024000,1024,1024000,0.01,32,0.541386398118579,1024,9811130,sharded,1862.8469490641053,1000,0.5859375,ed25519,gossip,kademlia,946.3624999999794,3,4,4,6
memo,1024,1024000,1024,1024000,0.01,32,0.544162325640269,1024,10515972,sharded,1849.756869543767,1000,0.5859375,ed25519,gossipsub,kademlia,1021.7861999999999,3,4,4,5
memo,1024,1024000,1024,1024000,0.01,32,0.5419870496074038,1024,4195731,sharded,1859.7197123623505,1000,0.5859375,ed25519,plumtree,kademlia,380.5359999999993,6,8,9,15
memo,1024,1024000,1024,1024000,0.01,32,1058.5840024358345,1024,9779880,sharded,0.9515276989660113,1000,1200.0,ed25519,gossip,kademlia,945.2684999999809,3,4,4,5
memo,1024,1024000,1024,1024000,0.01,32,1050.4258396551152,1024,10495836,sharded,0.9598926092022377,1000,1200.0,ed25519,gossipsub,kademlia,1020.6665999999985,3,4,4,5
memo,1024,1024000,1024,1024000,0.01,32,1052.2040743011037,1024,4192264,sharded,0.9585440929507169,1000,1200.0,ed25519,plumtree,kademlia,380.54064999999974,6,8,9,15
memo,1024,1024000,1024,1024000,0.01,32,133.30586251829178,1024,9805480,sharded,7.54601471380878,1000,150.0,ed25519,gossip,kademlia,945.21549999998,3,4,4,6
memo,1024,1024000,1024,1024000,0.01,32,131.64896080501978,1024,10566348,sharded,7.651682123734548,1000,150.0,ed25519,gossipsub,kademlia,1023.7427999999993,3,4,4,5
memo,1024,1024000,1024,1024000,0.01,32,131.3317412357319,1024,4204920,sharded,7.675768176944952,1000,150.0,ed25519,plumtree,kademlia,380.4207500000012,6,8,9,14
memo,1024,1024000,1024,1024000,0.01,32,16.52242585281459,1024,9718770,sharded,60.88839550329253,1000,18.75,ed25519,gossip,kademlia,940.7579999999792,3,4,4,5
memo,1024,1024000,1024,1024000,0.01,32,16.566646818542413,1024,10512090,sharded,60.78767846205605,1000,18.75,ed25519,gossipsub,kademlia,1021.2797999999981,3,4,4,5
memo,1024,1024000,1024,1024000,0.01,32,16.503421145998097,1024,4209081,sharded,61.032193936603555,1000,18.75,ed25519,plumtree,kademlia,380.5399000000003,6,8,9,14
memo,1024,1024000,1024,1024000,0.01,32,1.0487492492062565,1024,9867400,sharded,961.427148351359,1000,1.171875,ed25519,gossip,kademlia,952.3524999999789,3,4,4,5
memo,1024,1024000,1024,1024000,0.01,32,1.0532440504770797,1024,10513004,sharded,956.8380657298866,1000,1.171875,ed25519,gossipsub,kademlia,1021.2078000000005,3,4,4,5
memo,1024,1024000,1024,1024000,0.01,32,1.0532229088359568,1024,4218330,sharded,957.5864629783566,1000,1.171875,ed25519,plumtree,kademlia,380.61299999999994,6,8,9,13
memo,1024,1024000,1024,1024000,0.01,32,2.110813850024378,1024,9673760,sharded,476.710914128396,1000,2.34375,ed25519,gossip,kademlia,940.28699999998,3,4,4,6
memo,1024,1024000,1024,1024000,0.01,32,2.09753056758515,1024,10543510,sharded,479.98919088893274,1000,2.34375,ed25519,gossipsub,kademlia,1022.7443999999991,3,4,4,5
memo,1024,1024000,1024,1024000,0.01,32,2.0941168677580437,1024,4214766,sharded,481.1231003925092,1000,2.34375,ed25519,plumtree,kademlia,380.5766499999993,6,8,9,14
memo,1024,1024000,1024,1024000,0.01,32,262.896650053367,1024,9736430,sharded,3.8299765318257406,1000,300.0,ed25519,gossip,kademlia,946.9369999999801,3,4,4,5
memo,1024,1024000,1024,1024000,0.01,32,264.09676680825345,1024,10515120,sharded,3.8120875623250425,1000,300.0,ed25519,gossipsub,kademlia,1021.5876000000005,3,4,4,5
memo,1024,1024000,1024,1024000,0.01,32,265.7356116313197,1024,4199214,sharded,3.7877347105304917,1000,300.0,ed25519,plumtree,kademlia,380.4781000000004,6,8,9,14
memo,1024,1024000,1024,1024000,0.01,32,33.009384471267836,1024,9766420,sharded,30.531196389839607,1000,37.5,ed25519,gossip,kademlia,943.4529999999801,3,4,4,5
memo,1024,1024000,1024,1024000,0.01,32,33.30294041493758,1024,10520890,sharded,30.196733005261414,1000,37.5,ed25519,gossipsub,kademlia,1020.4158000000006,3,4,4,5
memo,1024,1024000,1024,1024000,0.01,32,32.876421976361115,1024,4196567,sharded,30.68776768729348,1000,37.5,ed25519,plumtree,kademlia,380.6127000000003,6,8,9,14
memo,1024,1024000,1024,1024000,0.01,32,4.134282335813702,1024,9830720,sharded,243.91754555909492,1000,4.6875,ed25519,gossip,kademlia,948.036499999981,3,4,4,5
memo,1024,1024000,1024,1024000,0.01,32,4.155714307318223,1024,10531148,sharded,242.45940059585615,1000,4.6875,ed25519,gossipsub,kademlia,1023.1865999999995,3,4,4,5
memo,1024,1024000,1024,1024000,0.01,32,4.1398033001301,1024,4161273,sharded,243.5690603870748,1000,4.6875,ed25519,plumtree,kademlia,380.6436000000006,6,8,9,14
memo,1024,1024000,1024,1024000,0.01,32,524.8338978832904,1024,9841170,sharded,1.9192205458954394,1000,600.0,ed25519,gossip,kademlia,949.48199999998,3,4,4,6
memo,1024,1024000,1024,1024000,0.01,32,523.9296204827588,1024,10528362,sharded,1.9265030273912815,1000,600.0,ed25519,gossipsub,kademlia,1021.2743999999986,3,4,4,5
memo,1024,1024000,1024,1024000,0.01,32,534.4238337795437,1024,4182834,sharded,1.883344148186316,1000,600.0,ed25519,plumtree,kademlia,380.2566000000004,6,8,9,15
memo,1024,1024000,1024,1024000,0.01,32,65.77412832209517,1024,9785160,sharded,15.303889624666574,1000,75.0,ed25519,gossip,kademlia,944.0374999999801,3,4,4,5
memo,1024,1024000,1024,1024000,0.01,32,66.30589341270684,1024,10520140,sharded,15.173915141111538,1000,75.0,ed25519,gossipsub,kademlia,1022.1210000000013,3,4,4,5
memo,1024,1024000,1024,1024000,0.01,32,65.66929756849788,1024,4150479,sharded,15.334167370218053,1000,75.0,ed25519,plumtree,kademlia,380.66870000000023,6,8,9,15
memo,1024,1024000,1024,1024000,0.01,32,8.319877031400688,1024,9802940,sharded,120.93736436277645,1000,9.375,ed25519,gossip,kademlia,944.9699999999806,3,4,4,5
memo,1024,1024000,1024,1024000,0.01,32,8.399057235399685,1024,10502396,sharded,119.85059415446376,1000,9.375,ed25519,gossipsub,kademlia,1020.5982000000029,3,4,4,5
memo,1024,1024000,1024,1024000,0.01,32,8.265918402424237,1024,4219366,sharded,121.86232079239699,1000,9.375,ed25519,plumtree,kademlia,380.78030000000115,6,8,9,15
memo,1024,131072000,1024,131072000,0.01,32,0.34652951676390026,131072,9779610,sharded,371826.54223301896,1000,0.146484375,ed25519,gossip,kademlia,940.881999999981,3,4,4,5
memo,1024,131072000,1024,131072000,0.01,32,0.34599137960887627,131072,10537312,sharded,372558.76185619587,1000,0.146484375,ed25519,gossipsub,kademlia,1020.7469999999993,3,4,4,5
memo,1024,131072000,1024,131072000,0.01,32,0.3495470924984725,131072,4242756,sharded,368112.75722615916,1000,0.146484375,ed25519,plumtree,kademlia,380.7183999999996,6,8,9,14
memo,1024,131072000,1024,131072000,0.01,32,0.460428872164361,131072,9803390,sharded,279560.66133500665,1000,0.29296875,ed25519,gossip,kademlia,945.2904999999805,3,4,4,6
memo,1024,131072000,1024,131072000,0.01,32,0.46074195645205623,131072,10532514,sharded,279335.1336853829,1000,0.29296875,ed25519,gossipsub,kademlia,1021.1177999999998,3,4,4,5
memo,1024,131072000,1024,131072000,0.01,32,0.4663504636600379,131072,4200591,sharded,276529.07855584205,1000,0.29296875,ed25519,plumtree,kademlia,380.42025000000007,6,8,9,14
memo,1024,131072000,1024,131072000,0.01,32,0.698172265319514,131072,9729070,sharded,184451.9560528017,1000,0.5859375,ed25519,gossip,kademlia,944.270499999981,3,4,4,5
memo,1024,131072000,1024,131072000,0.01,32,0.6992500147583899,131072,10511154,sharded,184161.80376413057,1000,0.5859375,ed25519,gossipsub,kademlia,1020.8639999999999,3,4,4,5
memo,1024,131072000,1024,131072000,0.01,32,0.6949225415060166,131072,4144357,sharded,185332.20655195127,1000,0.5859375,ed25519,plumtree,kademlia,380.80245,6,8,9,14
memo,1024,131072000,1024,131072000,0.01,32,1055.7155096733804,131072,9795490,sharded,122.02169885697205,1000,1200.0,ed25519,gossip,kademlia,947.9489999999806,3,4,4,5
memo,1024,131072000,1024,131072000,0.01,32,1060.6599852533413,131072,10512248,sharded,121.45287065697211,1000,1200.0,ed25519,gossipsub,kademlia,1020.082800000001,3,4,4,5
memo,1024,131072000,1024,131072000,0.01,32,1058.2938398774836,131072,4198552,sharded,121.76312016983674,1000,1200.0,ed25519,plumtree,kademlia,380.6379999999999,6,8,9,14
memo,1024,131072000,1024,131072000,0.01,32,132.42825001266746,131072,9731380,sharded,972.9711899664529,1000,150.0,ed25519,gossip,kademlia,943.5204999999804,3,4,4,5
memo,1024,131072000,1024,131072000,0.01,32,132.04528836663732,131072,10554546,sharded,976.3513836406881,1000,150.0,ed25519,gossipsub,kademlia,1021.916999999998,3,4,4,5
memo,1024,131072000,1024,131072000,0.01,32,131.61029153678783,131072,4193297,sharded,978.6758656635652,1000,150.0,ed25519,plumtree,kademlia,380.5980000000006,6,8,9,14
memo,1024,131072000,1024,131072000,0.01,32,16.69283343494272,131072,9827120,sharded,7713.660865414478,1000,18.75,ed25519,gossip,kademlia,951.5029999999799,3,4,4,6
memo,1024,131072000,1024,131072000,0.01,32,16.514134203851015,131072,10526254,sharded,7810.771936800695,1000,18.75,ed25519,gossipsub,kademlia,1022.1059999999987,3,4,4,5
memo,1024,131072000,1024,131072000,0.01,32,16.483170083695295,131072,4203585,sharded,7821.9657593374495,1000,18.75,ed25519,plumtree,kademlia,380.50835000000035,6,8,9,13
memo,1024,131072000,1024,131072000,0.01,32,1.1885213619111854,131072,9719270,sharded,108417.96212462954,1000,1.171875,ed25519,gossip,kademlia,941.9859999999802,3,4,4,6
memo,1024,131072000,1024,131072000,0.01,32,1.1963403106768675,131072,10533812,sharded,107575.84514324808,1000,1.171875,ed25519,gossipsub,kademlia,1021.417199999999,3,4,4,5
memo,1024,131072000,1024,131072000,0.01,32,1.1969369023339225,131072,4235424,sharded,107583.82313128428,1000,1.171875,ed25519,plumtree,kademlia,380.78099999999927,6,8,9,14
memo,1024,131072000,1024,131072000,0.01,32,2.206232873329359,131072,9791040,sharded,58366.93377053871,1000,2.34375,ed25519,gossip,kademlia,950.1594999999801,3,4,4,6
memo,1024,131072000,1024,131072000,0.01,32,2.200123906449258,131072,10559238,sharded,58575.54096032102,1000,2.34375,ed25519,gossipsub,kademlia,1022.7977999999983,3,4,4,5
memo,1024,131072000,1024,131072000,0.01,32,2.220751566597409,131072,4192261,sharded,58009.32348204172,1000,2.34375,ed25519,plumtree,kademlia,380.62465000000043,6,8,9,15
memo,1024,131072000,1024,131072000,0.01,32,263.96930613574506,131072,9749170,sharded,488.0430754845056,1000,300.0,ed25519,gossip,kademlia,947.3979999999797,3,4,4,5
memo,1024,131072000,1024,131072000,0.01,32,263.09473652772084,131072,10513972,sharded,489.94564353976847,1000,300.0,ed25519,gossipsub,kademlia,1019.6267999999993,3,4,4,5
memo,1024,131072000,1024,131072000,0.01,32,264.23702362863594,131072,4194068,sharded,487.4555966124698,1000,300.0,ed25519,plumtree,kademlia,380.63494999999983,6,8,9,17
memo,1024,131072000,1024,131072000,0.01,32,33.12389371001209,131072,9765410,sharded,3888.91792516119,1000,37.5,ed25519,gossip,kademlia,948.6834999999805,3,4,4,5
memo,1024,131072000,1024,131072000,0.01,32,33.34946150190449,131072,10534880,sharded,3859.789340006256,1000,37.5,ed25519,gossipsub,kademlia,1022.1137999999995,3,4,4,5
memo,1024,131072000,1024,131072000,0.01,32,33.20044754915847,131072,4202781,sharded,3879.2105982699163,1000,37.5,ed25519,plumtree,kademlia,380.4256000000009,6,8,9,14
memo,1024,131072000,1024,131072000,0.01,32,4.255400228285337,131072,9772450,sharded,30267.357496452998,1000,4.6875,ed25519,gossip,kademlia,945.1259999999797,3,4,4,6
memo,1024,131072000,1024,131072000,0.01,32,4.294225760761894,131072,10543550,sharded,29978.438762185528,1000,4.6875,ed25519,gossipsub,kademlia,1021.7807999999999,3,4,4,5
memo,1024,131072000,1024,131072000,0.01,32,4.302393753374219,131072,4227386,sharded,29916.765265627833,1000,4.6875,ed25519,plumtree,kademlia,380.65039999999965,6,8,9,15
memo,1024,131072000,1024,131072000,0.01,32,528.3267945797463,131072,9746090,sharded,243.71820116074838,1000,600.0,ed25519,gossip,kademlia,944.6474999999803,3,4,4,6
memo,1024,131072000,1024,131072000,0.01,32,529.4520654856618,131072,10513472,sharded,243.35494070046133,1000,600.0,ed25519,gossipsub,kademlia,1020.9575999999993,3,4,4,5
memo,1024,131072000,1024,131072000,0.01,32,526.601755887551,131072,4199662,sharded,244.53990621994484,1000,600.0,ed25519,plumtree,kademlia,380.4473000000007,6,8,9,15
memo,1024,131072000,1024,131072000,0.01,32,65.82669349849,131072,9730880,sharded,1958.7021791236962,1000,75.0,ed25519,gossip,kademlia,945.5199999999804,3,4,4,6
memo,1024,131072000,1024,131072000,0.01,32,66.52780127923347,131072,10519380,sharded,1933.6273486638543,1000,75.0,ed25519,gossipsub,kademlia,1021.6824000000003,3,4,4,5
memo,1024,131072000,1024,131072000,0.01,32,66.15451948063695,131072,4203789,sharded,1948.748248979931,1000,75.0,ed25519,plumtree,kademlia,380.6003999999996,6,8,9,14
memo,1024,131072000,1024,131072000,0.01,32,8.411831527561759,131072,9789410,sharded,15317.57638961511,1000,9.375,ed25519,gossip,kademlia,945.2724999999809,3,4,4,5
memo,1024,131072000,1024,131072000,0.01,32,8.450436989405055,131072,10510194,sharded,15230.149181795283,1000,9.375,ed25519,gossipsub,kademlia,1020.0270000000007,3,4,4,5
memo,1024,131072000,1024,131072000,0.01,32,8.430049745618373,131072,4197595,sharded,15282.044102641294,1000,9.375,ed25519,plumtree,kademlia,380.3858999999996,6,8,9,13
memo,1024,16384000,1024,16384000,0.01,32,0.17137030686934906,16384,9704130,sharded,93950.5115800179,1000,0.146484375,ed25519,gossip,kademlia,943.1844999999806,3,4,4,6
memo,1024,16384000,1024,16384000,0.01,32,0.17078463457422124,16384,10547468,sharded,94182.75853738842,1000,0.146484375,ed25519,gossipsub,kademlia,1022.4815999999968,3,4,4,5
memo,1024,16384000,1024,16384000,0.01,32,0.1749729662651787,16384,4224501,sharded,92027.79345694004,1000,0.146484375,ed25519,plumtree,kademlia,380.64085000000034,6,8,9,14
memo,1024,16384000,1024,16384000,0.01,32,0.29974497547857487,16384,9784960,sharded,53764.66435932607,1000,0.29296875,ed25519,gossip,kademlia,943.1644999999806,3,4,4,6
memo,1024,16384000,1024,16384000,0.01,32,0.3021277621162261,16384,10544924,sharded,53259.29629005718,1000,0.29296875,ed25519,gossipsub,kademlia,1021.2107999999996,3,4,4,5
memo,1024,16384000,1024,16384000,0.01,32,0.302964091261685,16384,4156787,sharded,53169.733524908996,1000,0.29296875,ed25519,plumtree,kademlia,380.4845499999995,6,8,9,14
memo,1024,16384000,1024,16384000,0.01,32,0.5557405857331527,16384,9733870,sharded,28946.066587485442,1000,0.5859375,ed25519,gossip,kademlia,941.7354999999807,3,4,4,6
memo,1024,16384000,1024,16384000,0.01,32,0.5546386500196273,16384,10521970,sharded,29033.115523828274,1000,0.5859375,ed25519,gossipsub,kademlia,1020.1811999999991,3,4,4,5
memo,1024,16384000,1024,16384000,0.01,32,0.5611592009459265,16384,4193943,sharded,28687.5453041912,1000,0.5859375,ed25519,plumtree,kademlia,380.4157999999999,6,8,9,15
memo,1024,16384000,1024,16384000,0.01,32,1044.5918019984524,16384,9742440,sharded,15.409602075379727,1000,1200.0,ed25519,gossip,kademlia,946.0824999999793,3,4,4,6
memo,1024,16384000,1024,16384000,0.01,32,1055.0094282720556,16384,10544782,sharded,15.272000010833235,1000,1200.0,ed25519,gossipsub,kademlia,1023.3245999999989,3,4,4,5
memo,1024,16384000,1024,16384000,0.01,32,1051.1456073636878,16384,4198787,sharded,15.346646446498074,1000,1200.0,ed25519,plumtree,kademlia,380.4026000000007,6,8,9,14
memo,1024,16384000,1024,16384000,0.01,32,132.40505685694572,16384,9758520,sharded,121.56037225519061,1000,150.0,ed25519,gossip,kademlia,943.35249999998,3,4,4,6
memo,1024,16384000,1024,16384000,0.01,32,132.02137150132066,16384,10521806,sharded,121.94080259073023,1000,150.0,ed25519,gossipsub,kademlia,1020.9587999999991,3,4,4,5
memo,1024,16384000,1024,16384000,0.01,32,132.29550868420216,16384,4210821,sharded,121.70360248913465,1000,150.0,ed25519,plumtree,kademlia,380.72445000000096,6,8,9,13
memo,1024,16384000,1024,16384000,0.01,32,16.536403846315523,16384,9793340,sharded,973.6603042376369,1000,18.75,ed25519,gossip,kademlia,943.9184999999798,3,4,4,6
memo,1024,16384000,1024,16384000,0.01,32,16.592387566901078,16384,10515640,sharded,969.8505374899154,1000,18.75,ed25519,gossipsub,kademlia,1021.4573999999986,3,4,4,5
memo,1024,16384000,1024,16384000,0.01,32,16.644788321606427,16384,4211280,sharded,966.3973905345258,1000,18.75,ed25519,plumtree,kademlia,380.67859999999985,6,8,9,14
memo,1024,16384000,1024,16384000,0.01,32,1.0647897014972723,16384,9795750,sharded,15127.87734268039,1000,1.171875,ed25519,gossip,kademlia,946.8924999999791,3,4,4,6
memo,1024,16384000,1024,16384000,0.01,32,1.0713868808207367,16384,10526414,sharded,15017.521950310394,1000,1.171875,ed25519,gossipsub,kademlia,1021.0739999999977,3,4,4,5
memo,1024,16384000,1024,16384000,0.01,32,1.0822747945237494,16384,4173955,sharded,14866.442498164388,1000,1.171875,ed25519,plumtree,kademlia,380.7664499999999,6,8,9,15
memo,1024,16384000,1024,16384000,0.01,32,2.10718330245371,16384,9735990,sharded,7638.743141736526,1000,2.34375,ed25519,gossip,kademlia,942.9924999999809,3,4,4,5
memo,1024,16384000,1024,16384000,0.01,32,2.0909350125228983,16384,10492678,sharded,7705.693339822799,1000,2.34375,ed25519,gossipsub,kademlia,1021.7789999999983,3,4,4,5
memo,1024,16384000,1024,16384000,0.01,32,2.0941348406576616,16384,4182953,sharded,7691.718645462893,1000,2.34375,ed25519,plumtree,kademlia,380.59475000000134,6,8,9,14
memo,1024,16384000,1024,16384000,0.01,32,260.90373271682404,16384,9819750,sharded,61.77460104602291,1000,300.0,ed25519,gossip,kademlia,948.11149999998,3,4,4,5
memo,1024,16384000,1024,16384000,0.01,32,262.43892947107594,16384,10522620,sharded,61.41518726845887,1000,300.0,ed25519,gossipsub,kademlia,1023.1739999999982,3,4,4,5
memo,1024,16384000,1024,16384000,0.01,32,264.4216752320382,16384,4201418,sharded,60.84042840240951,1000,300.0,ed25519,plumtree,kademlia,380.51070000000027,6,8,9,17
memo,1024,16384000,1024,16384000,0.01,32,33.03321130146597,16384,9742130,sharded,488.04918943150204,1000,37.5,ed25519,gossip,kademlia,941.9759999999793,3,4,4,6
memo,1024,16384000,1024,16384000,0.01,32,32.98901536521419,16384,10543646,sharded,488.3771104301764,1000,37.5,ed25519,gossipsub,kademlia,1021.2905999999989,3,4,4,5
memo,1024,16384000,1024,16384000,0.01,32,33.21379880830346,16384,4206074,sharded,484.42444337254193,1000,37.5,ed25519,plumtree,kademlia,380.5452000000007,6,8,9,14
memo,1024,16384000,1024,16384000,0.01,32,4.1527760324050345,16384,9689990,sharded,3878.113308863663,1000,4.6875,ed25519,gossip,kademlia,940.56899999998,3,4,4,5
memo,1024,16384000,1024,16384000,0.01,32,4.165084822802171,16384,10518124,sharded,3868.0047791106426,1000,4.6875,ed25519,gossipsub,kademlia,1020.8526000000016,3,4,4,5
memo,1024,16384000,1024,16384000,0.01,32,4.16701804523365,16384,4210309,sharded,3862.4013203901427,1000,4.6875,ed25519,plumtree,kademlia,380.61860000000036,6,8,9,13
memo,1024,16384000,1024,16384000,0.01,32,526.7379386360644,16384,9704510,sharded,30.5816589587441,1000,600.0,ed25519,gossip,kademlia,945.6059999999795,3,4,4,5
memo,1024,16384000,1024,16384000,0.01,32,527.47892268183,16384,10518800,sharded,30.511520570667145,1000,600.0,ed25519,gossipsub,kademlia,1020.7205999999992,3,4,4,5
memo,1024,16384000,1024,16384000,0.01,32,529.1400856518503,16384,4202323,sharded,30.413798607177448,1000,600.0,ed25519,plumtree,kademlia,380.35130000000004,6,8,9,15
memo,1024,16384000,1024,16384000,0.01,32,66.9591362304599,16384,9752020,sharded,240.11361115327773,1000,75.0,ed25519,gossip,kademlia,945.2599999999807,3,4,4,6
memo,1024,16384000,1024,16384000,0.01,32,66.2617690982549,16384,10528752,sharded,242.54794610401174,1000,75.0,ed25519,gossipsub,kademlia,1021.196399999999,3,4,4,5
memo,1024,16384000,1024,16384000,0.01,32,66.26994964702595,16384,4151474,sharded,243.0820015074953,1000,75.0,ed25519,plumtree,kademlia,380.55100000000004,6,8,9,14
memo,1024,16384000,1024,16384000,0.01,32,8.23170582135041,16384,9690540,sharded,1957.2604208245257,1000,9.375,ed25519,gossip,kademlia,941.2959999999802,3,4,4,5
memo,1024,16384000,1024,16384000,0.01,32,8.280334978975752,16384,10528704,sharded,1945.023726804853,1000,9.375,ed25519,gossipsub,kademlia,1021.816199999999,3,4,4,5
memo,1024,16384000,1024,16384000,0.01,32,8.309644142623283,16384,4203412,sharded,1935.5755461896877,1000,9.375,ed25519,plumtree,kademlia,380.4844499999992,6,8,9,13
memo,1024,2048000,1024,2048000,0.01,32,0.15626440760581076,2048,9838710,sharded,12891.22731698176,1000,0.146484375,ed25519,gossip,kademlia,945.2824999999808,3,4,4,5
memo,1024,2048000,1024,2048000,0.01,32,0.15691281105332058,2048,10536080,sharded,12826.537148175119,1000,0.146484375,ed25519,gossipsub,kademlia,1022.0076000000005,3,4,4,5
memo,1024,2048000,1024,2048000,0.01,32,0.1591491951534469,2048,4220067,sharded,12661.980464664357,1000,0.146484375,ed25519,plumtree,kademlia,380.3526499999997,6,8,9,14
memo,1024,2048000,1024,2048000,0.01,32,0.286455063081494,2048,9759160,sharded,7027.838776329373,1000,0.29296875,ed25519,gossip,kademlia,947.595999999979,3,4,4,6
memo,1024,2048000,1024,2048000,0.01,32,0.28534194920500977,2048,10528938,sharded,7055.0299582962825,1000,0.29296875,ed25519,gossipsub,kademlia,1023.2459999999998,3,4,4,5
memo,1024,2048000,1024,2048000,0.01,32,0.287831464921227,2048,4206180,sharded,6992.230681071644,1000,0.29296875,ed25519,plumtree,kademlia,380.4454500000009,6,8,9,14
memo,1024,2048000,1024,2048000,0.01,32,0.5413444797804086,2048,9732540,sharded,3722.7164500088315,1000,0.5859375,ed25519,gossip,kademlia,944.3599999999814,3,4,4,6
memo,1024,2048000,1024,2048000,0.01,32,0.5446258679503001,2048,10521192,sharded,3695.2339549608996,1000,0.5859375,ed25519,gossipsub,kademlia,1020.9785999999983,3,4,4,5
memo,1024,2048000,1024,2048000,0.01,32,0.5457175227159464,2048,4200618,sharded,3687.372892087637,1000,0.5859375,ed25519,plumtree,kademlia,380.46479999999985,6,8,9,14
memo,1024,2048000,1024,2048000,0.01,32,1045.137258709469,2048,9758240,sharded,1.9288490417892474,1000,1200.0,ed25519,gossip,kademlia,945.26899999998,3,4,4,5
memo,1024,2048000,1024,2048000,0.01,32,1050.4602612623014,2048,10535074,sharded,1.917003502426797,1000,1200.0,ed25519,gossipsub,kademlia,1022.4594000000002,3,4,4,5
memo,1024,2048000,1024,2048000,0.01,32,1055.0479040830267,2048,4216796,sharded,1.9082432107666318,1000,1200.0,ed25519,plumtree,kademlia,380.69895000000014,6,8,9,14
memo,1024,2048000,1024,2048000,0.01,32,132.8739903761759,2048,9779200,sharded,15.138854446269942,1000,150.0,ed25519,gossip,kademlia,941.2589999999808,3,4,4,5
memo,1024,2048000,1024,2048000,0.01,32,131.9101477294532,2048,10516472,sharded,15.26936353775509,1000,150.0,ed25519,gossipsub,kademlia,1021.7753999999983,3,4,4,5
memo,1024,2048000,1024,2048000,0.01,32,130.74044199708192,2048,4166373,sharded,15.416744575829009,1000,150.0,ed25519,plumtree,kademlia,380.6516000000006,6,8,9,14
memo,1024,2048000,1024,2048000,0.01,32,16.485568417874635,2048,9869010,sharded,122.2640280825607,1000,18.75,ed25519,gossip,kademlia,949.6699999999813,3,4,4,5
memo,1024,2048000,1024,2048000,0.01,32,16.481259559376166,2048,10546624,sharded,122.2183288081317,1000,18.75,ed25519,gossipsub,kademlia,1023.6209999999994,3,4,4,5
memo,1024,2048000,1024,2048000,0.01,32,16.56083839550383,2048,4241582,sharded,121.5151040026061,1000,18.75,ed25519,plumtree,kademlia,380.6165,6,8,9,14
memo,1024,2048000,1024,2048000,0.01,32,1.05819971820631,2048,9736880,sharded,1901.7128481295413,1000,1.171875,ed25519,gossip,kademlia,945.2664999999793,3,4,4,5
memo,1024,2048000,1024,2048000,0.01,32,1.0597511410369633,2048,10513134,sharded,1900.6801899067211,1000,1.171875,ed25519,gossipsub,kademlia,1020.5531999999994,3,4,4,5
memo,1024,2048000,1024,2048000,0.01,32,1.064132272936061,2048,4171925,sharded,1891.652054162397,1000,1.171875,ed25519,plumtree,kademlia,380.78815000000037,6,8,9,17
memo,1024,2048000,1024,2048000,0.01,32,2.0985259465947266,2048,9758010,sharded,959.0160194424624,1000,2.34375,ed25519,gossip,kademlia,944.5849999999804,3,4,4,6
memo,1024,2048000,1024,2048000,0.01,32,2.1074351962956506,2048,10502278,sharded,955.3565412302947,1000,2.34375,ed25519,gossipsub,kademlia,1021.5552000000017,3,4,4,5
memo,1024,2048000,1024,2048000,0.01,32,2.106143041882047,2048,4198903,sharded,954.8487258505148,1000,2.34375,ed25519,plumtree,kademlia,380.6310000000007,6,8,9,14
memo,1024,2048000,1024,2048000,0.01,32,262.53197623929736,2048,9802550,sharded,7.675316465691467,1000,300.0,ed25519,gossip,kademlia,948.4914999999803,3,4,4,5
memo,1024,2048000,1024,2048000,0.01,32,261.09466637309384,2048,10527816,sharded,7.716833239024872,1000,300.0,ed25519,gossipsub,kademlia,1021.6595999999998,3,4,4,5
memo,1024,2048000,1024,2048000,0.01,32,263.42220508816104,2048,4201091,sharded,7.6505927027887255,1000,300.0,ed25519,plumtree,kademlia,380.53430000000054,6,8,9,14
memo,1024,2048000,1024,2048000,0.01,32,32.979072697012256,2048,9786070,sharded,61.06102553278991,1000,37.5,ed25519,gossip,kademlia,943.1509999999791,3,4,4,6
memo,1024,2048000,1024,2048000,0.01,32,32.661222087452224,2048,10540264,sharded,61.76694780735219,1000,37.5,ed25519,gossipsub,kademlia,1022.3573999999998,3,4,4,5
memo,1024,2048000,1024,2048000,0.01,32,32.79744771990138,2048,4238224,sharded,61.47527140584654,1000,37.5,ed25519,plumtree,kademlia,380.66540000000043,6,8,9,16
memo,1024,2048000,1024,2048000,0.01,32,4.1859958291555985,2048,9763230,sharded,481.0649800399376,1000,4.6875,ed25519,gossip,kademlia,948.2784999999803,3,4,4,5
memo,1024,2048000,1024,2048000,0.01,32,4.18330875585906,2048,10512078,sharded,481.0374078130315,1000,4.6875,ed25519,gossipsub,kademlia,1021.5173999999988,3,4,4,5
memo,1024,2048000,1024,2048000,0.01,32,4.1683233111337765,2048,4135100,sharded,482.79748229333376,1000,4.6875,ed25519,plumtree,kademlia,380.66135000000054,6,8,9,14
memo,1024,2048000,1024,2048000,0.01,32,526.8251050121698,2048,9703240,sharded,3.820941676561712,1000,600.0,ed25519,gossip,kademlia,942.0444999999812,3,4,4,5
memo,1024,2048000,1024,2048000,0.01,32,531.3414395304469,2048,10523304,sharded,3.7861756120091266,1000,600.0,ed25519,gossipsub,kademlia,1021.2798000000009,3,4,4,5
memo,1024,2048000,1024,2048000,0.01,32,531.2552720160363,2048,4206923,sharded,3.791608490502089,1000,600.0,ed25519,plumtree,kademlia,380.458300000001,6,8,9,15
memo,1024,2048000,1024,2048000,0.01,32,65.47653517366635,2048,9777060,sharded,30.773650356660635,1000,75.0,ed25519,gossip,kademlia,943.9989999999814,3,4,4,6
memo,1024,2048000,1024,2048000,0.01,32,66.71779482783023,2048,10545202,sharded,30.17138089162868,1000,75.0,ed25519,gossipsub,kademlia,1020.9749999999987,3,4,4,5
memo,1024,2048000,1024,2048000,0.01,32,66.02153353571012,2048,4233107,sharded,30.498291877920444,1000,75.0,ed25519,plumtree,kademlia,380.7042500000006,6,8,9,15
memo,1024,2048000,1024,2048000,0.01,32,8.341558430416924,2048,9720510,sharded,241.2105623648354,1000,9.375,ed25519,gossip,kademlia,945.4564999999802,3,4,4,6
memo,1024,2048000,1024,2048000,0.01,32,8.313001372575231,2048,10540820,sharded,242.200850181777,1000,9.375,ed25519,gossipsub,kademlia,1020.8123999999985,3,4,4,5
memo,1024,2048000,1024,2048000,0.01,32,8.311005066995516,2048,4208803,sharded,242.45154271436894,1000,9.375,ed25519,plumtree,kademlia,380.50955000000033,6,8,9,13
memo,1024,262144000,1024,262144000,0.01,32,0.5502245063560555,262144,9787630,sharded,467961.25767866074,1000,0.146484375,ed25519,gossip,kademlia,947.5419999999814,3,4,4,5
memo,1024,262144000,1024,262144000,0.01,32,0.5508694269621881,262144,10523758,sharded,467056.4954363683,1000,0.146484375,ed25519,gossipsub,kademlia,1023.2909999999983,3,4,4,5
memo,1024,262144000,1024,262144000,0.01,32,0.5530658464046037,262144,4162277,sharded,465127.5895489082,1000,0.146484375,ed25519,plumtree,kademlia,380.55674999999957,6,8,9,13
memo,1024,262144000,1024,262144000,0.01,32,0.66636969004965,262144,9774110,sharded,386434.6350759344,1000,0.29296875,ed25519,gossip,kademlia,945.4344999999793,3,4,4,5
memo,1024,262144000,1024,262144000,0.01,32,0.665576278964754,262144,10566038,sharded,386833.75014576555,1000,0.29296875,ed25519,gossipsub,kademlia,1023.0425999999977,3,4,4,5
memo,1024,262144000,1024,262144000,0.01,32,0.6674697905502767,262144,4205182,sharded,385625.90194201755,1000,0.29296875,ed25519,plumtree,kademlia,380.5916500000007,6,8,9,13
memo,1024,262144000,1024,262144000,0.01,32,0.8982951401725073,262144,9768070,sharded,286763.70212860237,1000,0.5859375,ed25519,gossip,kademlia,947.4269999999809,3,4,4,6
memo,1024,262144000,1024,262144000,0.01,32,0.8965296752830625,262144,10501546,sharded,287364.95299908257,1000,0.5859375,ed25519,gossipsub,kademlia,1019.037000000001,3,4,4,5
memo,1024,262144000,1024,262144000,0.01,32,0.8987590654375721,262144,4154242,sharded,286351.3503195661,1000,0.5859375,ed25519,plumtree,kademlia,380.7023000000004,6,8,9,14
memo,1024,262144000,1024,262144000,0.01,32,1059.0064326053623,262144,9735190,sharded,242.912768119004,1000,1200.0,ed25519,gossip,kademlia,946.4009999999798,3,4,4,5
memo,1024,262144000,1024,262144000,0.01,32,1056.977779348472,262144,10511876,sharded,243.7975112010783,1000,1200.0,ed25519,gossipsub,kademlia,1020.0335999999983,3,4,4,5
memo,1024,262144000,1024,262144000,0.01,32,1053.1033584387312,262144,4195292,sharded,244.5155396539182,1000,1200.0,ed25519,plumtree,kademlia,380.47480000000024,6,8,9,14
memo,1024,262144000,1024,262144000,0.01,32,131.36365877494214,262144,9769650,sharded,1964.5112385467942,1000,150.0,ed25519,gossip,kademlia,944.035499999981,3,4,4,5
memo,1024,262144000,1024,262144000,0.01,32,131.62889359560373,262144,10505406,sharded,1959.2457625018992,1000,150.0,ed25519,gossipsub,kademlia,1021.155599999998,3,4,4,5
memo,1024,262144000,1024,262144000,0.01,32,131.64980036084083,262144,4187836,sharded,1957.1300776285839,1000,150.0,ed25519,plumtree,kademlia,380.5841999999995,6,8,9,14
memo,1024,262144000,1024,262144000,0.01,32,16.759495268360144,262144,9707080,sharded,15383.495736099618,1000,18.75,ed25519,gossip,kademlia,942.1319999999796,3,4,4,6
memo,1024,262144000,1024,262144000,0.01,32,16.858065742679578,262144,10496324,sharded,15279.940885973567,1000,18.75,ed25519,gossipsub,kademlia,1019.6375999999982,3,4,4,5
memo,1024,262144000,1024,262144000,0.01,32,16.7464343090033,262144,4247775,sharded,15377.883270443326,1000,18.75,ed25519,plumtree,kademlia,380.65230000000116,6,8,9,14
memo,1024,262144000,1024,262144000,0.01,32,1.3655661680951825,262144,9757630,sharded,188518.58373080046,1000,1.171875,ed25519,gossip,kademlia,944.45399999998,3,4,4,6
memo,1024,262144000,1024,262144000,0.01,32,1.3656318538878864,262144,10533906,sharded,188341.55286269097,1000,1.171875,ed25519,gossipsub,kademlia,1021.0649999999971,3,4,4,5
memo,1024,262144000,1024,262144000,0.01,32,1.3690380287755706,262144,4199397,sharded,188327.72397900006,1000,1.171875,ed25519,plumtree,kademlia,380.6592500000013,6,8,9,14
memo,1024,262144000,1024,262144000,0.01,32,2.3593878086333846,262144,9756980,sharded,109013.54286007758,1000,2.34375,ed25519,gossip,kademlia,943.4044999999809,3,4,4,6
memo,1024,262144000,1024,262144000,0.01,32,2.358088369409696,262144,10554784,sharded,109306.37347765046,1000,2.34375,ed25519,gossipsub,kademlia,1024.8419999999983,3,4,4,5
memo,1024,262144000,1024,262144000,0.01,32,2.3724048269512785,262144,4226124,sharded,108505.18135675945,1000,2.34375,ed25519,plumtree,kademlia,380.5319500000002,6,8,9,14
memo,1024,262144000,1024,262144000,0.01,32,264.60028827970984,262144,9731750,sharded,972.6092200169926,1000,300.0,ed25519,gossip,kademlia,937.8834999999805,3,4,4,6
memo,1024,262144000,1024,262144000,0.01,32,263.38364716227073,262144,10518106,sharded,977.9728497772059,1000,300.0,ed25519,gossipsub,kademlia,1021.1801999999994,3,4,4,5
memo,1024,262144000,1024,262144000,0.01,32,266.323355801693,262144,4185361,sharded,966.5626780088942,1000,300.0,ed25519,plumtree,kademlia,380.5600000000001,6,8,9,15
memo,1024,262144000,1024,262144000,0.01,32,33.21798930447201,262144,9791340,sharded,7761.939039618165,1000,37.5,ed25519,gossip,kademlia,947.4994999999806,3,4,4,6
memo,1024,262144000,1024,262144000,0.01,32,33.171090118680944,262144,10502876,sharded,7761.059135497513,1000,37.5,ed25519,gossipsub,kademlia,1019.9663999999992,3,4,4,5
memo,1024,262144000,1024,262144000,0.01,32,33.49998371351654,262144,4212219,sharded,7695.622845809975,1000,37.5,ed25519,plumtree,kademlia,380.6066500000007,6,8,9,15
memo,1024,262144000,1024,262144000,0.01,32,4.388394623301456,262144,9784280,sharded,58703.659564278765,1000,4.6875,ed25519,gossip,kademlia,943.0574999999798,3,4,4,6
memo,1024,262144000,1024,262144000,0.01,32,4.421667961246663,262144,10538170,sharded,58254.49994381221,1000,4.6875,ed25519,gossipsub,kademlia,1023.8345999999983,3,4,4,5
memo,1024,262144000,1024,262144000,0.01,32,4.4180579355750735,262144,4139676,sharded,58235.34859700983,1000,4.6875,ed25519,plumtree,kademlia,380.7152499999995,6,8,9,14
memo,1024,262144000,1024,262144000,0.01,32,523.5047693218179,262144,9833760,sharded,492.17466410818776,1000,600.0,ed25519,gossip,kademlia,952.4794999999795,3,4,4,6
memo,1024,262144000,1024,262144000,0.01,32,529.9896204094872,262144,10499276,sharded,485.84337142499766,1000,600.0,ed25519,gossipsub,kademlia,1019.3106,3,4,4,5
memo,1024,262144000,1024,262144000,0.01,32,529.9184354949582,262144,4179684,sharded,486.06322548378415,1000,600.0,ed25519,plumtree,kademlia,380.79189999999977,6,8,9,18
memo,1024,262144000,1024,262144000,0.01,32,66.58071254549296,262144,9746220,sharded,3865.642859020778,1000,75.0,ed25519,gossip,kademlia,942.9849999999808,3,4,4,5
memo,1024,262144000,1024,262144000,0.01,32,66.51475677497648,262144,10489740,sharded,3867.9980875580823,1000,75.0,ed25519,gossipsub,kademlia,1019.9525999999995,3,4,4,5
memo,1024,262144000,1024,262144000,0.01,32,65.9182231696109,262144,4151927,sharded,3911.2040889909485,1000,75.0,ed25519,plumtree,kademlia,380.6442999999998,6,8,9,14
memo,1024,262144000,1024,262144000,0.01,32,8.536577833724444,262144,9688410,sharded,30181.6016931448,1000,9.375,ed25519,gossip,kademlia,941.2119999999809,3,4,4,6
memo,1024,262144000,1024,262144000,0.01,32,8.479814700749046,262144,10485066,sharded,30406.820089738976,1000,9.375,ed25519,gossipsub,kademlia,1018.9799999999982,3,4,4,5
memo,1024,262144000,1024,262144000,0.01,32,8.539538869130768,262144,4184670,sharded,30116.45616248342,1000,9.375,ed25519,plumtree,kademlia,380.663149999999,6,8,9,14
memo,1024,32768000,1024,32768000,0.01,32,0.19369165266357424,32768,9757740,sharded,166490.31363272856,1000,0.146484375,ed25519,gossip,kademlia,948.8669999999797,3,4,4,6
memo,1024,32768000,1024,32768000,0.01,32,0.1926140621445005,32768,10488850,sharded,167102.77350286898,1000,0.146484375,ed25519,gossipsub,kademlia,1019.6027999999974,3,4,4,5
memo,1024,32768000,1024,32768000,0.01,32,0.19608012392914512,32768,4179481,sharded,164201.16100923342,1000,0.146484375,ed25519,plumtree,kademlia,380.7218000000004,6,8,9,15
memo,1024,32768000,1024,32768000,0.01,32,0.31775473226358425,32768,9750830,sharded,101225.36892170842,1000,0.29296875,ed25519,gossip,kademlia,946.4544999999805,3,4,4,6
memo,1024,32768000,1024,32768000,0.01,32,0.31660647794580205,32768,10525516,sharded,101728.3291516021,1000,0.29296875,ed25519,gossipsub,kademlia,1021.4705999999977,3,4,4,5
memo,1024,32768000,1024,32768000,0.01,32,0.3207746434208064,32768,4239877,sharded,100505.42541701676,1000,0.29296875,ed25519,plumtree,kademlia,380.9056000000009,6,8,9,13
memo,1024,32768000,1024,32768000,0.01,32,0.5742544332645448,32768,9816200,sharded,56029.31059163062,1000,0.5859375,ed25519,gossip,kademlia,946.1814999999791,3,4,4,5
memo,1024,32768000,1024,32768000,0.01,32,0.5746933069112459,32768,10529954,sharded,56013.25022038478,1000,0.5859375,ed25519,gossipsub,kademlia,1022.1431999999983,3,4,4,5
memo,1024,32768000,1024,32768000,0.01,32,0.5765756178876635,32768,4212841,sharded,55858.80325288917,1000,0.5859375,ed25519,plumtree,kademlia,380.2689000000009,6,8,9,15
memo,1024,32768000,1024,32768000,0.01,32,1047.6267610830166,32768,9834190,sharded,30.74069620625891,1000,1200.0,ed25519,gossip,kademlia,945.4229999999804,3,4,4,5
memo,1024,32768000,1024,32768000,0.01,32,1063.6826200349187,32768,10511912,sharded,30.242983568673854,1000,1200.0,ed25519,gossipsub,kademlia,1020.2339999999983,3,4,4,5
memo,1024,32768000,1024,32768000,0.01,32,1057.4287878874045,32768,4201588,sharded,30.45380300675998,1000,1200.0,ed25519,plumtree,kademlia,380.5156500000002,6,8,9,16
memo,1024,32768000,1024,32768000,0.01,32,130.86008113543963,32768,9772500,sharded,246.21821811842142,1000,150.0,ed25519,gossip,kademlia,945.6399999999807,3,4,4,6
memo,1024,32768000,1024,32768000,0.01,32,131.45319439445987,32768,10509772,sharded,245.3409835231758,1000,150.0,ed25519,gossipsub,kademlia,1020.7398000000013,3,4,4,5
memo,1024,32768000,1024,32768000,0.01,32,132.09793149916288,32768,4191495,sharded,243.7636958774336,1000,150.0,ed25519,plumtree,kademlia,380.5008499999999,6,8,9,14
memo,1024,32768000,1024,32768000,0.01,32,16.45514849206084,32768,9765570,sharded,1957.0623756775842,1000,18.75,ed25519,gossip,kademlia,943.2704999999805,3,4,4,5
memo,1024,32768000,1024,32768000,0.01,32,16.568702574316283,32768,10540284,sharded,1943.6495920881664,1000,18.75,ed25519,gossipsub,kademlia,1021.8432,3,4,4,5
memo,1024,32768000,1024,32768000,0.01,32,16.434828885586718,32768,4208538,sharded,1958.2982107118562,1000,18.75,ed25519,plumtree,kademlia,380.5813499999996,6,8,9,14
memo,1024,32768000,1024,32768000,0.01,32,1.0866619134449464,32768,9768420,sharded,29646.792255622895,1000,1.171875,ed25519,gossip,kademlia,946.966499999981,3,4,4,6
memo,1024,32768000,1024,32768000,0.01,32,1.0887333036080846,32768,10525922,sharded,29566.873625818385,1000,1.171875,ed25519,gossipsub,kademlia,1021.2179999999997,3,4,4,5
memo,1024,32768000,1024,32768000,0.01,32,1.0869814845480341,32768,4223770,sharded,29621.119087771523,1000,1.171875,ed25519,plumtree,kademlia,380.74305000000044,6,8,9,15
memo,1024,32768000,1024,32768000,0.01,32,2.103285653761118,32768,9799780,sharded,15318.95391497755,1000,2.34375,ed25519,gossip,kademlia,946.1949999999816,3,4,4,6
memo,1024,32768000,1024,32768000,0.01,32,2.1156574873543943,32768,10502432,sharded,15228.404499581053,1000,2.34375,ed25519,gossipsub,kademlia,1019.7264000000002,3,4,4,5
memo,1024,32768000,1024,32768000,0.01,32,2.115088675822238,32768,4224436,sharded,15224.753632365619,1000,2.34375,ed25519,plumtree,kademlia,380.6434500000002,6,8,9,14
memo,1024,32768000,1024,32768000,0.01,32,263.6553159389055,32768,9767110,sharded,122.12007895740992,1000,300.0,ed25519,gossip,kademlia,948.74149999998,3,4,4,6
memo,1024,32768000,1024,32768000,0.01,32,263.7729979185126,32768,10518764,sharded,122.18982327355937,1000,300.0,ed25519,gossipsub,kademlia,1021.5546000000003,3,4,4,5
memo,1024,32768000,1024,32768000,0.01,32,262.42746205484065,32768,4181630,sharded,122.78900899962281,1000,300.0,ed25519,plumtree,kademlia,380.7355499999995,6,8,9,14
memo,1024,32768000,1024,32768000,0.01,32,33.11673336743135,32768,9728140,sharded,973.0189159203097,1000,37.5,ed25519,gossip,kademlia,941.9449999999803,3,4,4,5
memo,1024,32768000,1024,32768000,0.01,32,33.45755035080317,32768,10517064,sharded,961.0566124195674,1000,37.5,ed25519,gossipsub,kademlia,1021.7897999999994,3,4,4,5
memo,1024,32768000,1024,32768000,0.01,32,33.13832934219406,32768,4185205,sharded,971.828593633856,1000,37.5,ed25519,plumtree,kademlia,380.71255000000104,6,8,9,14
memo,1024,32768000,1024,32768000,0.01,32,4.161588280433124,32768,9833290,sharded,7737.839937555897,1000,4.6875,ed25519,gossip,kademlia,946.1774999999802,3,4,4,6
memo,1024,32768000,1024,32768000,0.01,32,4.176296438710221,32768,10517824,sharded,7709.11750937466,1000,4.6875,ed25519,gossipsub,kademlia,1021.4015999999986,3,4,4,5
memo,1024,32768000,1024,32768000,0.01,32,4.193733642305613,32768,4195277,sharded,7676.331103923269,1000,4.6875,ed25519,plumtree,kademlia,380.4199000000004,6,8,9,13
memo,1024,32768000,1024,32768000,0.01,32,526.6317473355504,32768,9824790,sharded,61.1893076386599,1000,600.0,ed25519,gossip,kademlia,949.6219999999803,3,4,4,6
memo,1024,32768000,1024,32768000,0.01,32,528.2809844478192,32768,10537968,sharded,60.97114404688841,1000,600.0,ed25519,gossipsub,kademlia,1021.3613999999968,3,4,4,5
memo,1024,32768000,1024,32768000,0.01,32,535.3045175645364,32768,4188631,sharded,60.079343522675764,1000,600.0,ed25519,plumtree,kademlia,380.6128499999994,6,8,9,14
memo,1024,32768000,1024,32768000,0.01,32,65.9654515256527,32768,9688450,sharded,488.6724073656077,1000,75.0,ed25519,gossip,kademlia,942.6969999999791,3,4,4,5
memo,1024,32768000,1024,32768000,0.01,32,65.4223689426928,32768,10525826,sharded,493.07330996003293,1000,75.0,ed25519,gossipsub,kademlia,1020.852599999999,3,4,4,5
memo,1024,32768000,1024,32768000,0.01,32,65.4954439114836,32768,4196948,sharded,491.850884216265,1000,75.0,ed25519,plumtree,kademlia,380.73370000000017,6,8,9,14
memo,1024,32768000,1024,32768000,0.01,32,8.28915939389441,32768,9775040,sharded,3886.773853538279,1000,9.375,ed25519,gossip,kademlia,945.1614999999812,3,4,4,5
memo,1024,32768000,1024,32768000,0.01,32,8.305938856968341,32768,10527434,sharded,3876.332893179004,1000,9.375,ed25519,gossipsub,kademlia,1021.9991999999983,3,4,4,5
memo,1024,32768000,1024,32768000,0.01,32,8.255001402850091,32768,4142695,sharded,3904.8414926823443,1000,9.375,ed25519,plumtree,kademlia,380.60495,6,8,9,14
memo,1024,4096000,1024,4096000,0.01,32,0.15850932480739005,4096,9734630,sharded,25383.54134615817,1000,0.146484375,ed25519,gossip,kademlia,941.8904999999803,3,4,4,5
memo,1024,4096000,1024,4096000,0.01,32,0.15817775158309663,4096,10503858,sharded,25432.704408411242,1000,0.146484375,ed25519,gossipsub,kademlia,1020.1271999999992,3,4,4,5
memo,1024,4096000,1024,4096000,0.01,32,0.1614909454676432,4096,4232463,sharded,24937.868735228316,1000,0.146484375,ed25519,plumtree,kademlia,380.72419999999966,6,8,9,14
memo,1024,4096000,1024,4096000,0.01,32,0.2875291056639261,4096,9763460,sharded,13998.8054103456,1000,0.29296875,ed25519,gossip,kademlia,943.3604999999802,3,4,4,6
memo,1024,4096000,1024,4096000,0.01,32,0.2877714273022091,4096,10529516,sharded,13984.348751114203,1000,0.29296875,ed25519,gossipsub,kademlia,1022.4353999999988,3,4,4,5
memo,1024,4096000,1024,4096000,0.01,32,0.2923955146437948,4096,4219407,sharded,13763.193340713591,1000,0.29296875,ed25519,plumtree,kademlia,380.55384999999984,6,8,9,16
memo,1024,4096000,1024,4096000,0.01,32,0.5436445402713116,4096,9770330,sharded,7404.558864862429,1000,0.5859375,ed25519,gossip,kademlia,943.1504999999802,3,4,4,5
memo,1024,4096000,1024,4096000,0.01,32,0.5448910885461781,4096,10558620,sharded,7386.444896242616,1000,0.5859375,ed25519,gossipsub,kademlia,1023.1511999999989,3,4,4,5
memo,1024,4096000,1024,4096000,0.01,32,0.5517574204143004,4096,4199298,sharded,7295.916377485777,1000,0.5859375,ed25519,plumtree,kademlia,380.43209999999937,6,8,9,15
memo,1024,4096000,1024,4096000,0.01,32,1067.6587932725977,4096,9769890,sharded,3.76687386020822,1000,1200.0,ed25519,gossip,kademlia,948.38649999998,3,4,4,6
memo,1024,4096000,1024,4096000,0.01,32,1057.4396637749687,4096,10541146,sharded,3.807755787810948,1000,1200.0,ed25519,gossipsub,kademlia,1022.8619999999976,3,4,4,5
memo,1024,4096000,1024,4096000,0.01,32,1066.7340775844564,4096,4238563,sharded,3.7673794101527807,1000,1200.0,ed25519,plumtree,kademlia,380.5500500000009,6,8,9,14
memo,1024,4096000,1024,4096000,0.01,32,132.02306378112792,4096,9717390,sharded,30.4875821293837,1000,150.0,ed25519,gossip,kademlia,942.8704999999796,3,4,4,5
memo,1024,4096000,1024,4096000,0.01,32,132.92652135601486,4096,10525294,sharded,30.244739416842357,1000,150.0,ed25519,gossipsub,kademlia,1021.1399999999987,3,4,4,5
memo,1024,4096000,1024,4096000,0.01,32,132.689041019531,4096,4201904,sharded,30.369290252138136,1000,150.0,ed25519,plumtree,kademlia,380.61395000000033,6,8,9,14
memo,1024,4096000,1024,4096000,0.01,32,16.601789574463734,4096,9687490,sharded,242.67889807476615,1000,18.75,ed25519,gossip,kademlia,935.5059999999809,3,4,4,6
memo,1024,4096000,1024,4096000,0.01,32,16.572307551369153,4096,10518828,sharded,243.14151710677743,1000,18.75,ed25519,gossipsub,kademlia,1021.4687999999965,3,4,4,5
memo,1024,4096000,1024,4096000,0.01,32,16.694781578275073,4096,4196553,sharded,241.04346505716802,1000,18.75,ed25519,plumtree,kademlia,380.50594999999987,6,8,9,14
memo,1024,4096000,1024,4096000,0.01,32,1.0596977065623028,4096,9792620,sharded,3802.0578652286827,1000,1.171875,ed25519,gossip,kademlia,944.6349999999802,3,4,4,6
memo,1024,4096000,1024,4096000,0.01,32,1.0609934959423766,4096,10543838,sharded,3794.7603028649173,1000,1.171875,ed25519,gossipsub,kademlia,1022.2506000000004,3,4,4,5
memo,1024,4096000,1024,4096000,0.01,32,1.0732717268090515,4096,4209919,sharded,3751.7060213367413,1000,1.171875,ed25519,plumtree,kademlia,380.63079999999985,6,8,9,13
memo,1024,4096000,1024,4096000,0.01,32,2.073590305257404,4096,9820850,sharded,1940.9851549727334,1000,2.34375,ed25519,gossip,kademlia,949.7434999999787,3,4,4,5
memo,1024,4096000,1024,4096000,0.01,32,2.079630929277288,4096,10503742,sharded,1936.5166882758103,1000,2.34375,ed25519,gossipsub,kademlia,1019.309399999999,3,4,4,5
memo,1024,4096000,1024,4096000,0.01,32,2.0942611608675525,4096,4185273,sharded,1922.3772446470987,1000,2.34375,ed25519,plumtree,kademlia,380.79980000000023,6,8,9,14
memo,1024,4096000,1024,4096000,0.01,32,263.24891708291216,4096,9778470,sharded,15.293358258077827,1000,300.0,ed25519,gossip,kademlia,947.0554999999785,3,4,4,6
memo,1024,4096000,1024,4096000,0.01,32,268.07128113214657,4096,10520236,sharded,15.001532364884694,1000,300.0,ed25519,gossipsub,kademlia,1020.3917999999995,3,4,4,5
memo,1024,4096000,1024,4096000,0.01,32,261.2196278065613,4096,4187354,sharded,15.421475154168393,1000,300.0,ed25519,plumtree,kademlia,380.5425,6,8,9,13
memo,1024,4096000,1024,4096000,0.01,32,33.082993859794904,4096,9787980,sharded,121.69273485531394,1000,37.5,ed25519,gossip,kademlia,945.5409999999789,3,4,4,5
memo,1024,4096000,1024,4096000,0.01,32,32.87613277448605,4096,10508282,sharded,122.4662288480778,1000,37.5,ed25519,gossipsub,kademlia,1019.7833999999997,3,4,4,5
memo,1024,4096000,1024,4096000,0.01,32,33.35299469504949,4096,4189514,sharded,120.53874132617926,1000,37.5,ed25519,plumtree,kademlia,380.53170000000034,6,8,9,14
memo,1024,4096000,1024,4096000,0.01,32,4.1532785736231395,4096,9789990,sharded,969.1293104109578,1000,4.6875,ed25519,gossip,kademlia,948.5504999999802,3,4,4,5
memo,1024,4096000,1024,4096000,0.01,32,4.192046777145433,4096,10536722,sharded,959.7087565753626,1000,4.6875,ed25519,gossipsub,kademlia,1022.0873999999988,3,4,4,5
memo,1024,4096000,1024,4096000,0.01,32,4.191583331352655,4096,4162590,sharded,959.9980918669827,1000,4.6875,ed25519,plumtree,kademlia,380.67925000000025,6,8,9,14
memo,1024,4096000,1024,4096000,0.01,32,527.6073088501823,4096,9705620,sharded,7.633510628912903,1000,600.0,ed25519,gossip,kademlia,943.478999999981,3,4,4,5
memo,1024,4096000,1024,4096000,0.01,32,524.9143548865043,4096,10521964,sharded,7.677305759472594,1000,600.0,ed25519,gossipsub,kademlia,1020.725999999998,3,4,4,5
memo,1024,4096000,1024,4096000,0.01,32,525.2697225205812,4096,4202308,sharded,7.665044885282235,1000,600.0,ed25519,plumtree,kademlia,380.4746500000001,6,8,9,14
memo,1024,4096000,1024,4096000,0.01,32,66.79610691461905,4096,9740760,sharded,60.220635390348356,1000,75.0,ed25519,gossip,kademlia,948.3074999999795,3,4,4,5
memo,1024,4096000,1024,4096000,0.01,32,66.35258695917652,4096,10526578,sharded,60.65982027914518,1000,75.0,ed25519,gossipsub,kademlia,1022.474399999998,3,4,4,5
memo,1024,4096000,1024,4096000,0.01,32,66.33593572050448,4096,4182206,sharded,60.70591989486713,1000,75.0,ed25519,plumtree,kademlia,380.6318500000006,6,8,9,16
memo,1024,4096000,1024,4096000,0.01,32,8.27748495446674,4096,9770270,sharded,486.1892256087182,1000,9.375,ed25519,gossip,kademlia,944.2554999999808,3,4,4,5
memo,1024,4096000,1024,4096000,0.01,32,8.16831001887818,4096,10538812,sharded,493.8314033964629,1000,9.375,ed25519,gossipsub,kademlia,1022.7708000000015,3,4,4,5
memo,1024,4096000,1024,4096000,0.01,32,8.335325137637753,4096,4243716,sharded,482.69262848938365,1000,9.375,ed25519,plumtree,kademlia,380.74680000000023,6,8,9,14
memo,1024,524288000,1024,524288000,0.01,32,0.9607448584054852,524288,9691650,sharded,536178.0908772636,1000,0.146484375,ed25519,gossip,kademlia,938.4004999999804,3,4,4,6
memo,1024,524288000,1024,524288000,0.01,32,0.9590601758394224,524288,10547944,sharded,537102.8565013075,1000,0.146484375,ed25519,gossipsub,kademlia,1023.0948000000006,3,4,4,5
memo,1024,524288000,1024,524288000,0.01,32,0.9643397033430956,524288,4201215,sharded,534485.1551928901,1000,0.146484375,ed25519,plumtree,kademlia,380.52160000000003,6,8,9,15
memo,1024,524288000,1024,524288000,0.01,32,1.075360288010116,524288,9715310,sharded,478969.5265324459,1000,0.29296875,ed25519,gossip,kademlia,941.737999999981,3,4,4,5
memo,1024,524288000,1024,524288000,0.01,32,1.0765477663593714,524288,10534124,sharded,479004.306277906,1000,0.29296875,ed25519,gossipsub,kademlia,1021.8221999999985,3,4,4,5
memo,1024,524288000,1024,524288000,0.01,32,1.0803140661623374,524288,4214404,sharded,476348.56577223423,1000,0.29296875,ed25519,plumtree,kademlia,380.5723999999994,6,8,9,14
memo,1024,524288000,1024,524288000,0.01,32,1.3078322191296192,524288,9756250,sharded,393768.31405998574,1000,0.5859375,ed25519,gossip,kademlia,945.4034999999787,3,4,4,6
memo,1024,524288000,1024,524288000,0.01,32,1.308953294389065,524288,10548680,sharded,393731.4694185054,1000,0.5859375,ed25519,gossipsub,kademlia,1022.5158000000011,3,4,4,5
memo,1024,524288000,1024,524288000,0.01,32,1.3107531727061563,524288,4159363,sharded,393290.80923427676,1000,0.5859375,ed25519,plumtree,kademlia,380.6288999999998,6,8,9,14
memo,1024,524288000,1024,524288000,0.01,32,1052.5456548395816,524288,9709960,sharded,489.7250980325038,1000,1200.0,ed25519,gossip,kademlia,940.0039999999818,3,4,4,6
memo,1024,524288000,1024,524288000,0.01,32,1059.1266279321544,524288,10524100,sharded,486.72855766687644,1000,1200.0,ed25519,gossipsub,kademlia,1020.3797999999994,3,4,4,5
memo,1024,524288000,1024,524288000,0.01,32,1069.7633090367738,524288,4217380,sharded,481.36827618781064,1000,1200.0,ed25519,plumtree,kademlia,380.8012999999999,6,8,9,13
memo,1024,524288000,1024,524288000,0.01,32,132.3885672010259,524288,9811550,sharded,3887.8308820915427,1000,150.0,ed25519,gossip,kademlia,947.6639999999795,3,4,4,5
memo,1024,524288000,1024,524288000,0.01,32,132.98458315460005,524288,10495838,sharded,3867.6957869774574,1000,150.0,ed25519,gossipsub,kademlia,1020.1931999999987,3,4,4,5
memo,1024,524288000,1024,524288000,0.01,32,132.35784860224697,524288,4140181,sharded,3894.674909299249,1000,150.0,ed25519,plumtree,kademlia,380.5940499999999,6,8,9,14
memo,1024,524288000,1024,524288000,0.01,32,16.9974584698998,524288,9774630,sharded,30321.7383300386,1000,18.75,ed25519,gossip,kademlia,943.4249999999812,3,4,4,6
memo,1024,524288000,1024,524288000,0.01,32,16.94767829588427,524288,10515554,sharded,30435.9371823376,1000,18.75,ed25519,gossipsub,kademlia,1021.2390000000001,3,4,4,5
memo,1024,524288000,1024,524288000,0.01,32,16.999578188761518,524288,4133656,sharded,30266.87664168948,1000,18.75,ed25519,plumtree,kademlia,380.56414999999885,6,8,9,14
memo,1024,524288000,1024,524288000,0.01,32,1.7700036578983056,524288,9681860,sharded,291052.0041589645,1000,1.171875,ed25519,gossip,kademlia,940.4004999999811,3,4,4,5
memo,1024,524288000,1024,524288000,0.01,32,1.7728178033014266,524288,10540056,sharded,290913.4548624064,1000,1.171875,ed25519,gossipsub,kademlia,1023.7038,3,4,4,5
memo,1024,524288000,1024,524288000,0.01,32,1.7667104353018617,524288,4214738,sharded,291409.0626922882,1000,1.171875,ed25519,plumtree,kademlia,380.71894999999967,6,8,9,13
memo,1024,524288000,1024,524288000,0.01,32,2.704423734844471,524288,9756220,sharded,190846.48657311173,1000,2.34375,ed25519,gossip,kademlia,943.1704999999803,3,4,4,6
memo,1024,524288000,1024,524288000,0.01,32,2.7017991063649305,524288,10488640,sharded,190510.36873445354,1000,2.34375,ed25519,gossipsub,kademlia,1019.0327999999996,3,4,4,5
memo,1024,524288000,1024,524288000,0.01,32,2.72426885805409,524288,4210566,sharded,189203.6604522849,1000,2.34375,ed25519,plumtree,kademlia,380.71545000000003,6,8,9,15
memo,1024,524288000,1024,524288000,0.01,32,264.88177846350186,524288,9781010,sharded,1944.3845589815326,1000,300.0,ed25519,gossip,kademlia,946.2769999999798,3,4,4,5
memo,1024,524288000,1024,524288000,0.01,32,263.884172653063,524288,10512878,sharded,1953.2253519336539,1000,300.0,ed25519,gossipsub,kademlia,1021.7405999999995,3,4,4,5
memo,1024,524288000,1024,524288000,0.01,32,264.4731913864248,524288,4194141,sharded,1949.9903385159196,1000,300.0,ed25519,plumtree,kademlia,380.6914500000012,6,8,9,14
memo,1024,524288000,1024,524288000,0.01,32,33.5099448054031,524288,9830690,sharded,15376.862092500887,1000,37.5,ed25519,gossip,kademlia,946.2259999999811,3,4,4,5
memo,1024,524288000,1024,524288000,0.01,32,33.410816323496164,524288,10528196,sharded,15434.253716134266,1000,37.5,ed25519,gossipsub,kademlia,1021.1748000000007,3,4,4,5
memo,1024,524288000,1024,524288000,0.01,32,33.60117345341152,524288,4152784,sharded,15337.551252921368,1000,37.5,ed25519,plumtree,kademlia,380.8079500000008,6,8,9,14
memo,1024,524288000,1024,524288000,0.01,32,4.696116277288533,524288,9798240,sharded,109671.90963537464,1000,4.6875,ed25519,gossip,kademlia,949.7654999999792,3,4,4,5
memo,1024,524288000,1024,524288000,0.01,32,4.6817346183940645,524288,10542870,sharded,110064.79990887587,1000,4.6875,ed25519,gossipsub,kademlia,1022.6208,3,4,4,5
memo,1024,524288000,1024,524288000,0.01,32,4.690528462185565,524288,4234195,sharded,109928.30939133551,1000,4.6875,ed25519,plumtree,kademlia,380.6912499999998,6,8,9,13
memo,1024,524288000,1024,524288000,0.01,32,524.0585075632291,524288,9724310,sharded,983.745014267894,1000,600.0,ed25519,gossip,kademlia,945.8949999999808,3,4,4,6
memo,1024,524288000,1024,524288000,0.01,32,528.9413179194119,524288,10492678,sharded,973.9513525364055,1000,600.0,ed25519,gossipsub,kademlia,1019.965199999999,3,4,4,5
memo,1024,524288000,1024,524288000,0.01,32,527.6221657170554,524288,4218755,sharded,976.54167220167,1000,600.0,ed25519,plumtree,kademlia,380.73770000000104,6,8,9,13
memo,1024,524288000,1024,524288000,0.01,32,66.8003113048662,524288,9734860,sharded,7709.779280062766,1000,75.0,ed25519,gossip,kademlia,941.9069999999797,3,4,4,5
memo,1024,524288000,1024,524288000,0.01,32,66.29245737130954,524288,10536624,sharded,7778.234032144373,1000,75.0,ed25519,gossipsub,kademlia,1023.227399999999,3,4,4,5
memo,1024,524288000,1024,524288000,0.01,32,66.1605860802569,524288,4203646,sharded,7795.718728584716,1000,75.0,ed25519,plumtree,kademlia,380.4985,6,8,9,14
memo,1024,524288000,1024,524288000,0.01,32,8.791365275623882,524288,9728380,sharded,58613.670100680916,1000,9.375,ed25519,gossip,kademlia,939.2184999999818,3,4,4,5
memo,1024,524288000,1024,524288000,0.01,32,8.861957983910173,524288,10509608,sharded,58111.63728546289,1000,9.375,ed25519,gossipsub,kademlia,1022.2199999999983,3,4,4,5
memo,1024,524288000,1024,524288000,0.01,32,8.747742869671793,524288,4203601,sharded,58905.95913449996,1000,9.375,ed25519,plumtree,kademlia,380.58165,6,8,9,14
memo,1024,65536000,1024,65536000,0.01,32,0.24362645131786778,65536,9765440,sharded,264449.87254663865,1000,0.146484375,ed25519,gossip,kademlia,945.2184999999795,3,4,4,6
memo,1024,65536000,1024,65536000,0.01,32,0.24296618063263148,65536,10528574,sharded,265328.68003334757,1000,0.146484375,ed25519,gossipsub,kademlia,1022.0814000000001,3,4,4,5
memo,1024,65536000,1024,65536000,0.01,32,0.24668739873999218,65536,4207042,sharded,260944.37060341123,1000,0.146484375,ed25519,plumtree,kademlia,380.714,6,8,9,14
memo,1024,65536000,1024,65536000,0.01,32,0.3612685223061392,65536,9750870,sharded,178171.05013498754,1000,0.29296875,ed25519,gossip,kademlia,943.83149999998,3,4,4,6
memo,1024,65536000,1024,65536000,0.01,32,0.36094938985621106,65536,10523136,sharded,178266.16641638515,1000,0.29296875,ed25519,gossipsub,kademlia,1021.2378,3,4,4,5
memo,1024,65536000,1024,65536000,0.01,32,0.36407477165142926,65536,4224223,sharded,176837.1032905302,1000,0.29296875,ed25519,plumtree,kademlia,380.7108499999994,6,8,9,14
memo,1024,65536000,1024,65536000,0.01,32,0.6095820326084842,65536,9766330,sharded,105629.95061463007,1000,0.5859375,ed25519,gossip,kademlia,945.2574999999806,3,4,4,5
memo,1024,65536000,1024,65536000,0.01,32,0.6074347903858143,65536,10541564,sharded,106117.97845668037,1000,0.5859375,ed25519,gossipsub,kademlia,1021.9001999999982,3,4,4,5
memo,1024,65536000,1024,65536000,0.01,32,0.6111691724798978,65536,4195903,sharded,105395.85257323936,1000,0.5859375,ed25519,plumtree,kademlia,380.60300000000063,6,8,9,14
memo,1024,65536000,1024,65536000,0.01,32,1062.8062742729555,65536,9768370,sharded,60.54068136172396,1000,1200.0,ed25519,gossip,kademlia,940.2409999999794,3,4,4,6
memo,1024,65536000,1024,65536000,0.01,32,1060.8057502810632,65536,10538684,sharded,60.67222767499825,1000,1200.0,ed25519,gossipsub,kademlia,1023.4001999999992,3,4,4,5
memo,1024,65536000,1024,65536000,0.01,32,1065.3540812748045,65536,4210153,sharded,60.41896598638608,1000,1200.0,ed25519,plumtree,kademlia,380.57970000000023,6,8,9,14
memo,1024,65536000,1024,65536000,0.01,32,132.82523265905382,65536,9824600,sharded,485.14330229262805,1000,150.0,ed25519,gossip,kademlia,947.6459999999789,3,4,4,6
memo,1024,65536000,1024,65536000,0.01,32,131.8963317222553,65536,10517314,sharded,488.513419279029,1000,150.0,ed25519,gossipsub,kademlia,1021.6224000000014,3,4,4,5
memo,1024,65536000,1024,65536000,0.01,32,132.6056553044075,65536,4157476,sharded,485.06631072665925,1000,150.0,ed25519,plumtree,kademlia,380.58005,6,8,9,14
memo,1024,65536000,1024,65536000,0.01,32,16.76980598432776,65536,9746720,sharded,3837.814227555593,1000,18.75,ed25519,gossip,kademlia,943.1659999999797,3,4,4,6
memo,1024,65536000,1024,65536000,0.01,32,16.464130699954474,65536,10537248,sharded,3914.167663900907,1000,18.75,ed25519,gossipsub,kademlia,1022.0297999999984,3,4,4,5
memo,1024,65536000,1024,65536000,0.01,32,16.554427082106116,65536,4183202,sharded,3889.8486598551335,1000,18.75,ed25519,plumtree,kademlia,380.54054999999966,6,8,9,14
memo,1024,65536000,1024,65536000,0.01,32,1.1198902762330079,65536,9914850,sharded,57462.06513771969,1000,1.171875,ed25519,gossip,kademlia,953.2519999999798,3,4,4,5
memo,1024,65536000,1024,65536000,0.01,32,1.1174383326602948,65536,10525954,sharded,57650.46545936255,1000,1.171875,ed25519,gossipsub,kademlia,1019.9729999999994,3,4,4,5
memo,1024,65536000,1024,65536000,0.01,32,1.123760892940093,65536,4203227,sharded,57351.62382397993,1000,1.171875,ed25519,plumtree,kademlia,380.5296500000003,6,8,9,15
memo,1024,65536000,1024,65536000,0.01,32,2.1547838289528505,65536,9792620,sharded,29884.30446468189,1000,2.34375,ed25519,gossip,kademlia,948.0499999999802,3,4,4,6
memo,1024,65536000,1024,65536000,0.01,32,2.1567566774339975,65536,10542760,sharded,29855.069268457388,1000,2.34375,ed25519,gossipsub,kademlia,1021.7855999999992,3,4,4,5
memo,1024,65536000,1024,65536000,0.01,32,2.1514872804561262,65536,4164037,sharded,29928.189947908482,1000,2.34375,ed25519,plumtree,kademlia,380.36625,6,8,9,14
memo,1024,65536000,1024,65536000,0.01,32,261.5075311860368,65536,9803610,sharded,246.4929086655759,1000,300.0,ed25519,gossip,kademlia,949.4384999999784,3,4,4,5
memo,1024,65536000,1024,65536000,0.01,32,262.6088061596234,65536,10531122,sharded,245.18626371144057,1000,300.0,ed25519,gossipsub,kademlia,1021.1904000000015,3,4,4,5
memo,1024,65536000,1024,65536000,0.01,32,265.4996899806457,65536,4205721,sharded,242.69397830444612,1000,300.0,ed25519,plumtree,kademlia,380.6929999999999,6,8,9,14
memo,1024,65536000,1024,65536000,0.01,32,33.21206181632219,65536,9734990,sharded,1938.818744711424,1000,37.5,ed25519,gossip,kademlia,946.94699999998,3,4,4,6
memo,1024,65536000,1024,65536000,0.01,32,33.31050441748998,65536,10482116,sharded,1933.2733960698322,1000,37.5,ed25519,gossipsub,kademlia,1018.7556,3,4,4,5
memo,1024,65536000,1024,65536000,0.01,32,33.04952180737086,65536,4196559,sharded,1948.725805334836,1000,37.5,ed25519,plumtree,kademlia,380.5967000000002,6,8,9,13
memo,1024,65536000,1024,65536000,0.01,32,4.188088931739876,65536,9721330,sharded,15370.670740092652,1000,4.6875,ed25519,gossip,kademlia,944.9244999999804,3,4,4,5
memo,1024,65536000,1024,65536000,0.01,32,4.169869307873819,65536,10506104,sharded,15476.139714533421,1000,4.6875,ed25519,gossipsub,kademlia,1020.2963999999986,3,4,4,5
memo,1024,65536000,1024,65536000,0.01,32,4.266576316009454,65536,4199693,sharded,15079.753702888514,1000,4.6875,ed25519,plumtree,kademlia,380.6140000000001,6,8,9,15
memo,1024,65536000,1024,65536000,0.01,32,528.587576656352,65536,9722460,sharded,121.74955833636436,1000,600.0,ed25519,gossip,kademlia,946.6539999999803,3,4,4,5
memo,1024,65536000,1024,65536000,0.01,32,528.8912193240598,65536,10531410,sharded,121.76485002399124,1000,600.0,ed25519,gossipsub,kademlia,1021.4681999999988,3,4,4,5
memo,1024,65536000,1024,65536000,0.01,32,527.1164949600549,65536,4229702,sharded,122.1398469134966,1000,600.0,ed25519,plumtree,kademlia,380.6435499999996,6,8,9,14
memo,1024,65536000,1024,65536000,0.01,32,65.85372269559402,65536,9667490,sharded,978.5213251780427,1000,75.0,ed25519,gossip,kademlia,943.742999999981,3,4,4,5
memo,1024,65536000,1024,65536000,0.01,32,65.95349691691342,65536,10521652,sharded,977.0410215121572,1000,75.0,ed25519,gossipsub,kademlia,1020.8676,3,4,4,5
memo,1024,65536000,1024,65536000,0.01,32,66.38692925756895,65536,4235106,sharded,969.8599516509371,1000,75.0,ed25519,plumtree,kademlia,380.7316500000002,6,8,9,13
memo,1024,65536000,1024,65536000,0.01,32,8.297365135766437,65536,9739140,sharded,7767.9609063084035,1000,9.375,ed25519,gossip,kademlia,945.56599999998,3,4,4,6
memo,1024,65536000,1024,65536000,0.01,32,8.339793302393593,65536,10536444,sharded,7719.8469632960605,1000,9.375,ed25519,gossipsub,kademlia,1022.2350000000009,3,4,4,5
memo,1024,65536000,1024,65536000,0.01,32,8.382257951352967,65536,4190732,sharded,7674.141308144441,1000,9.375,ed25519,plumtree,kademlia,380.58245000000034,6,8,9,15
memo,1024,8192000,1024,8192000,0.01,32,0.16243612153943915,8192,9755250,sharded,49544.694392656995,1000,0.146484375,ed25519,gossip,kademlia,941.5424999999799,3,4,4,6
memo,1024,8192000,1024,8192000,0.01,32,0.16154461720767135,8192,10517504,sharded,49816.52833195013,1000,0.146484375,ed25519,gossipsub,kademlia,1023.2705999999982,3,4,4,5
memo,1024,8192000,1024,8192000,0.01,32,0.16517906813843258,8192,4153890,sharded,48763.80579438492,1000,0.146484375,ed25519,plumtree,kademlia,380.6103500000002,6,8,9,15
memo,1024,8192000,1024,8192000,0.01,32,0.2912092105557522,8192,9770440,sharded,27648.273846264718,1000,0.29296875,ed25519,gossip,kademlia,943.7514999999813,3,4,4,5
memo,1024,8192000,1024,8192000,0.01,32,0.29211126694298895,8192,10498270,sharded,27575.163684364456,1000,0.29296875,ed25519,gossipsub,kademlia,1019.8278,3,4,4,5
memo,1024,8192000,1024,8192000,0.01,32,0.2949598107759848,8192,4223498,sharded,27283.68986550497,1000,0.29296875,ed25519,plumtree,kademlia,380.5963499999995,6,8,9,14
memo,1024,8192000,1024,8192000,0.01,32,0.5497712665773372,8192,9769390,sharded,14652.508215190282,1000,0.5859375,ed25519,gossip,kademlia,944.6499999999807,3,4,4,5
memo,1024,8192000,1024,8192000,0.01,32,0.550811496283115,8192,10518020,sharded,14621.58298137701,1000,0.5859375,ed25519,gossipsub,kademlia,1022.1329999999981,3,4,4,5
memo,1024,8192000,1024,8192000,0.01,32,0.557175266091608,8192,4210806,sharded,14431.150284905132,1000,0.5859375,ed25519,plumtree,kademlia,380.4765500000001,6,8,9,14
memo,1024,8192000,1024,8192000,0.01,32,1056.364549835025,8192,9858440,sharded,7.6186805031055735,1000,1200.0,ed25519,gossip,kademlia,950.4209999999789,3,4,4,5
memo,1024,8192000,1024,8192000,0.01,32,1058.8124843638616,8192,10529540,sharded,7.610737613130319,1000,1200.0,ed25519,gossipsub,kademlia,1022.0147999999999,3,4,4,5
memo,1024,8192000,1024,8192000,0.01,32,1055.2314149388733,8192,4214655,sharded,7.637778676696118,1000,1200.0,ed25519,plumtree,kademlia,380.6439500000004,6,8,9,13
memo,1024,8192000,1024,8192000,0.01,32,133.02055514029166,8192,9835270,sharded,60.46806819830841,1000,150.0,ed25519,gossip,kademlia,948.1324999999806,3,4,4,6
memo,1024,8192000,1024,8192000,0.01,32,131.78453546436265,8192,10529872,sharded,61.14010245290785,1000,150.0,ed25519,gossipsub,kademlia,1022.2043999999996,3,4,4,5
memo,1024,8192000,1024,8192000,0.01,32,132.10437127295904,8192,4207633,sharded,60.980449945557325,1000,150.0,ed25519,plumtree,kademlia,380.46695000000085,6,8,9,16
memo,1024,8192000,1024,8192000,0.01,32,16.487163615014822,8192,9756200,sharded,488.22127249768084,1000,18.75,ed25519,gossip,kademlia,945.3214999999801,3,4,4,6
memo,1024,8192000,1024,8192000,0.01,32,16.49986417153319,8192,10552868,sharded,487.73686354850804,1000,18.75,ed25519,gossipsub,kademlia,1022.3262,3,4,4,5
memo,1024,8192000,1024,8192000,0.01,32,16.548413765276276,8192,4190577,sharded,487.35788906383766,1000,18.75,ed25519,plumtree,kademlia,380.53745000000066,6,8,9,14
memo,1024,8192000,1024,8192000,0.01,32,1.0705046588687144,8192,9849540,sharded,7516.13356685705,1000,1.171875,ed25519,gossip,kademlia,951.085499999978,3,4,4,5
memo,1024,8192000,1024,8192000,0.01,32,1.0731362837590135,8192,10567834,sharded,7500.326027376666,1000,1.171875,ed25519,gossipsub,kademlia,1024.307999999997,3,4,4,5
memo,1024,8192000,1024,8192000,0.01,32,1.0614310606389727,8192,4207886,sharded,7586.173326370007,1000,1.171875,ed25519,plumtree,kademlia,380.60959999999943,6,8,9,14
memo,1024,8192000,1024,8192000,0.01,32,2.104795297080043,8192,9785550,sharded,3820.9017338440794,1000,2.34375,ed25519,gossip,kademlia,952.0064999999787,3,4,4,6
memo,1024,8192000,1024,8192000,0.01,32,2.110155975288873,8192,10544762,sharded,3809.011321497066,1000,2.34375,ed25519,gossipsub,kademlia,1022.3675999999991,3,4,4,5
memo,1024,8192000,1024,8192000,0.01,32,2.11268985671836,8192,4178262,sharded,3810.1380448257096,1000,2.34375,ed25519,plumtree,kademlia,380.7544499999995,6,8,9,16
memo,1024,8192000,1024,8192000,0.01,32,264.8934320580253,8192,9757500,sharded,30.399817532040736,1000,300.0,ed25519,gossip,kademlia,943.0949999999801,3,4,4,5
memo,1024,8192000,1024,8192000,0.01,32,263.32886859624335,8192,10490732,sharded,30.60765818410151,1000,300.0,ed25519,gossipsub,kademlia,1020.2183999999992,3,4,4,5
memo,1024,8192000,1024,8192000,0.01,32,264.26416098563703,8192,4211148,sharded,30.5041741942379,1000,300.0,ed25519,plumtree,kademlia,380.5578500000004,6,8,9,14
memo,1024,8192000,1024,8192000,0.01,32,33.26646402128143,8192,9885860,sharded,241.61293472183073,1000,37.5,ed25519,gossip,kademlia,955.7639999999776,3,4,4,6
memo,1024,8192000,1024,8192000,0.01,32,32.99334242233141,8192,10512858,sharded,243.69061785501447,1000,37.5,ed25519,gossipsub,kademlia,1021.0013999999996,3,4,4,5
memo,1024,8192000,1024,8192000,0.01,32,33.01190392462823,8192,4199505,sharded,243.770732471942,1000,37.5,ed25519,plumtree,kademlia,380.5123500000004,6,8,9,13
memo,1024,8192000,1024,8192000,0.01,32,4.177522086515031,8192,9798840,sharded,1927.0160236820172,1000,4.6875,ed25519,gossip,kademlia,945.4679999999797,3,4,4,5
memo,1024,8192000,1024,8192000,0.01,32,4.157946483671873,8192,10524428,sharded,1935.472722316808,1000,4.6875,ed25519,gossipsub,kademlia,1022.5115999999989,3,4,4,5
memo,1024,8192000,1024,8192000,0.01,32,4.176687668660905,8192,4225661,sharded,1926.6041989153348,1000,4.6875,ed25519,plumtree,kademlia,380.6392499999999,6,8,9,14
memo,1024,8192000,1024,8192000,0.01,32,524.7143370776712,8192,9745310,sharded,15.35514360989787,1000,600.0,ed25519,gossip,kademlia,942.5574999999798,3,4,4,5
memo,1024,8192000,1024,8192000,0.01,32,529.4405714138551,8192,10555296,sharded,15.196311794758413,1000,600.0,ed25519,gossipsub,kademlia,1023.3233999999984,3,4,4,5
memo,1024,8192000,1024,8192000,0.01,32,524.7905533846697,8192,4160980,sharded,15.362182013384365,1000,600.0,ed25519,plumtree,kademlia,380.74345000000034,6,8,9,14
memo,1024,8192000,1024,8192000,0.01,32,65.96982487851773,8192,9807440,sharded,122.0665965815269,1000,75.0,ed25519,gossip,kademlia,946.815999999981,3,4,4,5
memo,1024,8192000,1024,8192000,0.01,32,66.52753698172111,8192,10537496,sharded,120.85088919208026,1000,75.0,ed25519,gossipsub,kademlia,1022.0297999999997,3,4,4,5
memo,1024,8192000,1024,8192000,0.01,32,65.68469942495842,8192,4196881,sharded,122.77184900896125,1000,75.0,ed25519,plumtree,kademlia,380.5897500000009,6,8,9,15
memo,1024,8192000,1024,8192000,0.01,32,8.206135501528435,8192,9776400,sharded,981.179021294534,1000,9.375,ed25519,gossip,kademlia,946.5604999999806,3,4,4,6
memo,1024,8192000,1024,8192000,0.01,32,8.288682039868977,8192,10498656,sharded,970.4809475508793,1000,9.375,ed25519,gossipsub,kademlia,1020.8094000000009,3,4,4,5
memo,1024,8192000,1024,8192000,0.01,32,8.311334950053958,8192,4225766,sharded,967.8050575915943,1000,9.375,ed25519,plumtree,kademlia,380.78150000000045,6,8,9,14
memo,1024,1024000,1024,1024000,0.01,4,0.1277666508840486,1024,9434356,sharded,6988.552911278331,1000,0.146484375,ed25519,gossip,kademlia,946.561499999979,3,4,4,6
memo,1024,1024000,1024,1024000,0.01,4,0.12827121387952117,1024,10239900,sharded,7034.906528970383,1000,0.146484375,ed25519,gossipsub,kademlia,1019.5865999999996,3,4,4,5
memo,1024,1024000,1024,1024000,0.01,4,0.1316131728455382,1024,3904894,sharded,6832.93306100467,1000,0.146484375,ed25519,plumtree,kademlia,380.4437500000003,6,8,9,13
memo,1024,1024000,1024,1024000,0.01,4,0.2478650829991485,1024,9345696,sharded,3555.9022244493704,1000,0.29296875,ed25519,gossip,kademlia,941.1334999999816,3,4,4,5
memo,1024,1024000,1024,1024000,0.01,4,0.24090187131789081,1024,10219720,sharded,3753.2626668842777,1000,0.29296875,ed25519,gossipsub,kademlia,1021.313999999999,3,4,4,5
memo,1024,1024000,1024,1024000,0.01,4,0.24500713691908224,1024,3896183,sharded,3673.656250663686,1000,0.29296875,ed25519,plumtree,kademlia,380.56324999999975,6,8,9,14
memo,1024,1024000,1024,1024000,0.01,4,0.47177526053025726,1024,9387646,sharded,1903.499558223243,1000,0.5859375,ed25519,gossip,kademlia,943.9649999999816,3,4,4,5
memo,1024,1024000,1024,1024000,0.01,4,0.4694536704180265,1024,10248916,sharded,1916.1848265005235,1000,0.5859375,ed25519,gossipsub,kademlia,1021.7280000000003,3,4,4,5
memo,1024,1024000,1024,1024000,0.01,4,0.48201646819424177,1024,3942867,sharded,1853.4968387013148,1000,0.5859375,ed25519,plumtree,kademlia,380.64774999999975,6,8,9,15
memo,1024,1024000,1024,1024000,0.01,4,941.4645591938464,1024,9559180,sharded,0.955490030097651,1000,1200.0,ed25519,gossip,kademlia,948.495499999981,3,4,4,5
memo,1024,1024000,1024,1024000,0.01,4,946.3497695548879,1024,10234416,sharded,0.9413601911891528,1000,1200.0,ed25519,gossipsub,kademlia,1022.4354000000001,3,4,4,5
memo,1024,1024000,1024,1024000,0.01,4,933.7990177638771,1024,3858716,sharded,0.9594955477095595,1000,1200.0,ed25519,plumtree,kademlia,380.53035000000057,6,8,9,14
memo,1024,1024000,1024,1024000,0.01,4,116.56912614830773,1024,9450740,sharded,7.738927362741463,1000,150.0,ed25519,gossip,kademlia,945.66699999998,3,4,4,6
memo,1024,1024000,1024,1024000,0.01,4,117.59514078843614,1024,10230492,sharded,7.608273556214671,1000,150.0,ed25519,gossipsub,kademlia,1021.4111999999997,3,4,4,5
memo,1024,1024000,1024,1024000,0.01,4,118.17370543401483,1024,3916865,sharded,7.568858035846497,1000,150.0,ed25519,plumtree,kademlia,380.6428500000001,6,8,9,17
memo,1024,1024000,1024,1024000,0.01,4,14.807088923725503,1024,9508916,sharded,60.30246759505129,1000,18.75,ed25519,gossip,kademlia,947.0384999999804,3,4,4,6
memo,1024,1024000,1024,1024000,0.01,4,14.690265898114554,1024,10214028,sharded,61.06084166353496,1000,18.75,ed25519,gossipsub,kademlia,1021.5059999999977,3,4,4,5
memo,1024,1024000,1024,1024000,0.01,4,14.3954305952041,1024,3872154,sharded,63.04055957189195,1000,18.75,ed25519,plumtree,kademlia,380.74435000000045,6,8,9,15
memo,1024,1024000,1024,1024000,0.01,4,0.9335436763311192,1024,9457286,sharded,964.6940178946392,1000,1.171875,ed25519,gossip,kademlia,946.0864999999806,3,4,4,6
memo,1024,1024000,1024,1024000,0.01,4,0.9237987561943245,1024,10219696,sharded,975.4245650991666,1000,1.171875,ed25519,gossipsub,kademlia,1019.8829999999998,3,4,4,5
memo,1024,1024000,1024,1024000,0.01,4,0.947774161223078,1024,3831715,sharded,940.4856520351987,1000,1.171875,ed25519,plumtree,kademlia,380.8521,6,8,9,14
memo,1024,1024000,1024,1024000,0.01,4,1.8617458648491492,1024,9568636,sharded,479.60573827961684,1000,2.34375,ed25519,gossip,kademlia,953.270999999979,3,4,4,6
memo,1024,1024000,1024,1024000,0.01,4,1.8113019060800266,1024,10238236,sharded,499.18127782285467,1000,2.34375,ed25519,gossipsub,kademlia,1021.0475999999998,3,4,4,5
memo,1024,1024000,1024,1024000,0.01,4,1.8306998233485028,1024,3908986,sharded,491.65460580735356,1000,2.34375,ed25519,plumtree,kademlia,380.61034999999964,6,8,9,16
memo,1024,1024000,1024,1024000,0.01,4,237.91413222822223,1024,9468530,sharded,3.748747464671214,1000,300.0,ed25519,gossip,kademlia,948.5099999999806,3,4,4,6
memo,1024,1024000,1024,1024000,0.01,4,232.29353510811495,1024,10232848,sharded,3.8592894958645885,1000,300.0,ed25519,gossipsub,kademlia,1021.3535999999996,3,4,4,5
memo,1024,1024000,1024,1024000,0.01,4,237.00519315623708,1024,3856380,sharded,3.7944485014181377,1000,300.0,ed25519,plumtree,kademlia,380.44529999999975,6,8,9,14
memo,1024,1024000,1024,1024000,0.01,4,29.436313043182732,1024,9376244,sharded,30.220360773273548,1000,37.5,ed25519,gossip,kademlia,942.4654999999809,3,4,4,5
memo,1024,1024000,1024,1024000,0.01,4,29.782571390189055,1024,10230088,sharded,30.255816000388673,1000,37.5,ed25519,gossipsub,kademlia,1021.8683999999996,3,4,4,5
memo,1024,1024000,1024,1024000,0.01,4,29.432290297327487,1024,3893393,sharded,30.37235604057529,1000,37.5,ed25519,plumtree,kademlia,380.5529499999992,6,8,9,14
memo,1024,1024000,1024,1024000,0.01,4,3.6681688335715554,1024,9451206,sharded,246.21113175988776,1000,4.6875,ed25519,gossip,kademlia,945.8104999999795,3,4,4,5
memo,1024,1024000,1024,1024000,0.01,4,3.6443483306150375,1024,10232500,sharded,246.41552303219194,1000,4.6875,ed25519,gossipsub,kademlia,1020.9527999999992,3,4,4,5
memo,1024,1024000,1024,1024000,0.01,4,3.7729174405485257,1024,3832635,sharded,235.98290024352013,1000,4.6875,ed25519,plumtree,kademlia,380.7126999999999,6,8,9,15
memo,1024,1024000,1024,1024000,0.01,4,466.95226039150185,1024,9536434,sharded,1.926997846087257,1000,600.0,ed25519,gossip,kademlia,947.8679999999797,3,4,4,5
memo,1024,1024000,1024,1024000,0.01,4,470.4679552899021,1024,10260164,sharded,1.8962736780877376,1000,600.0,ed25519,gossipsub,kademlia,1022.4245999999981,3,4,4,5
memo,1024,1024000,1024,1024000,0.01,4,471.1982083375344,1024,3831015,sharded,1.8965946478298872,1000,600.0,ed25519,plumtree,kademlia,380.7350500000002,6,8,9,14
memo,1024,1024000,1024,1024000,0.01,4,57.614199236192974,1024,9448748,sharded,15.600182106416971,1000,75.0,ed25519,gossip,kademlia,948.9359999999797,3,4,4,5
memo,1024,1024000,1024,1024000,0.01,4,58.252474201839995,1024,10220028,sharded,15.411671560753081,1000,75.0,ed25519,gossipsub,kademlia,1020.9155999999989,3,4,4,5
memo,1024,1024000,1024,1024000,0.01,4,58.846113157532464,1024,3907999,sharded,15.29100142249278,1000,75.0,ed25519,plumtree,kademlia,380.6260499999998,6,8,9,14
memo,1024,1024000,1024,1024000,0.01,4,7.287595225398717,1024,9421764,sharded,124.70176675465387,1000,9.375,ed25519,gossip,kademlia,941.733999999981,3,4,4,6
memo,1024,1024000,1024,1024000,0.01,4,7.31029006540945,1024,10244844,sharded,123.43915110425347,1000,9.375,ed25519,gossipsub,kademlia,1022.4179999999994,3,4,4,5
memo,1024,1024000,1024,1024000,0.01,4,7.271356430740537,1024,3923565,sharded,124.10009172223995,1000,9.375,ed25519,plumtree,kademlia,380.67289999999986,6,8,9,15
memo,1024,131072000,1024,131072000,0.01,4,1.7311857998510618,131072,9422750,sharded,66154.17017044207,1000,0.146484375,ed25519,gossip,kademlia,941.5464999999808,3,4,4,6
memo,1024,131072000,1024,131072000,0.01,4,1.7328241353958445,131072,10217256,sharded,66072.71312841304,1000,0.146484375,ed25519,gossipsub,kademlia,1020.8195999999997,3,4,4,5
memo,1024,131072000,1024,131072000,0.01,4,1.737330916547809,131072,3929560,sharded,66203.09286186291,1000,0.146484375,ed25519,plumtree,kademlia,380.59425000000067,6,8,9,17
memo,1024,131072000,1024,131072000,0.01,4,1.8235954391626954,131072,9509998,sharded,62658.094852696006,1000,0.29296875,ed25519,gossip,kademlia,950.4279999999793,3,4,4,6
memo,1024,131072000,1024,131072000,0.01,4,1.8199396010658841,131072,10251060,sharded,63180.070334563505,1000,0.29296875,ed25519,gossipsub,kademlia,1022.050799999998,3,4,4,5
memo,1024,131072000,1024,131072000,0.01,4,1.8229581423927699,131072,3922577,sharded,62697.974979270875,1000,0.29296875,ed25519,plumtree,kademlia,380.6415999999984,6,8,9,14
memo,1024,131072000,1024,131072000,0.01,4,1.989403122716054,131072,9459966,sharded,57386.4143955577,1000,0.5859375,ed25519,gossip,kademlia,941.0649999999806,3,4,4,6
memo,1024,131072000,1024,131072000,0.01,4,1.9909205293050114,131072,10237116,sharded,57112.254520622366,1000,0.5859375,ed25519,gossipsub,kademlia,1022.1077999999998,3,4,4,5
memo,1024,131072000,1024,131072000,0.01,4,1.9980851937336903,131072,3860784,sharded,57514.25232537737,1000,0.5859375,ed25519,plumtree,kademlia,380.69689999999997,6,8,9,15
memo,1024,131072000,1024,131072000,0.01,4,936.1665658969017,131072,9536052,sharded,123.13922350939356,1000,1200.0,ed25519,gossip,kademlia,944.8044999999798,3,4,4,5
memo,1024,131072000,1024,131072000,0.01,4,931.6715244959685,131072,10238924,sharded,122.959567817612,1000,1200.0,ed25519,gossipsub,kademlia,1021.5288000000004,3,4,4,5
memo,1024,131072000,1024,131072000,0.01,4,924.4314230667078,131072,3906534,sharded,125.37589388243508,1000,1200.0,ed25519,plumtree,kademlia,380.6028500000003,6,8,9,13
memo,1024,131072000,1024,131072000,0.01,4,118.28801604246328,131072,9499336,sharded,967.912015354956,1000,150.0,ed25519,gossip,kademlia,950.9744999999788,3,4,4,5
memo,1024,131072000,1024,131072000,0.01,4,117.79125389732518,131072,10238984,sharded,970.0466903900978,1000,150.0,ed25519,gossipsub,kademlia,1021.4435999999989,3,4,4,5
memo,1024,131072000,1024,131072000,0.01,4,117.93329095673523,131072,3929227,sharded,979.1589046926799,1000,150.0,ed25519,plumtree,kademlia,380.6116500000001,6,8,9,16
memo,1024,131072000,1024,131072000,0.01,4,15.692387228792331,131072,9476896,sharded,7285.606092502639,1000,18.75,ed25519,gossip,kademlia,942.3789999999805,3,4,4,6
memo,1024,131072000,1024,131072000,0.01,4,15.796984889895851,131072,10213708,sharded,7262.257247164864,1000,18.75,ed25519,gossipsub,kademlia,1021.2239999999982,3,4,4,5
memo,1024,131072000,1024,131072000,0.01,4,15.824102773127224,131072,3914632,sharded,7320.217876536708,1000,18.75,ed25519,plumtree,kademlia,380.480150000001,6,8,9,14
memo,1024,131072000,1024,131072000,0.01,4,2.3525768653391363,131072,9503610,sharded,48611.08756313227,1000,1.171875,ed25519,gossip,kademlia,946.2119999999805,3,4,4,6
memo,1024,131072000,1024,131072000,0.01,4,2.340779718358429,131072,10234328,sharded,48898.07575753846,1000,1.171875,ed25519,gossipsub,kademlia,1021.9211999999999,3,4,4,5
memo,1024,131072000,1024,131072000,0.01,4,2.3480749641798817,131072,3936304,sharded,49053.169833625565,1000,1.171875,ed25519,plumtree,kademlia,380.7082000000003,6,8,9,13
memo,1024,131072000,1024,131072000,0.01,4,3.0768396572323646,131072,9508254,sharded,37551.83268273713,1000,2.34375,ed25519,gossip,kademlia,951.6489999999802,3,4,4,5
memo,1024,131072000,1024,131072000,0.01,4,3.078752943371131,131072,10210760,sharded,37177.26823337457,1000,2.34375,ed25519,gossipsub,kademlia,1022.6123999999992,3,4,4,5
memo,1024,131072000,1024,131072000,0.01,4,3.0853664202147826,131072,3899197,sharded,37076.33791905879,1000,2.34375,ed25519,plumtree,kademlia,380.4881000000002,6,8,9,14
memo,1024,131072000,1024,131072000,0.01,4,234.91429791784648,131072,9421848,sharded,488.4953236866477,1000,300.0,ed25519,gossip,kademlia,940.7754999999826,3,4,4,5
memo,1024,131072000,1024,131072000,0.01,4,236.11348401902382,131072,10205796,sharded,484.0713967474688,1000,300.0,ed25519,gossipsub,kademlia,1020.5778000000014,3,4,4,5
memo,1024,131072000,1024,131072000,0.01,4,239.8612813925053,131072,3941698,sharded,473.0925447459303,1000,300.0,ed25519,plumtree,kademlia,380.6248500000003,6,8,9,14
memo,1024,131072000,1024,131072000,0.01,4,30.973234689841117,131072,9528316,sharded,3685.9150535363615,1000,37.5,ed25519,gossip,kademlia,954.43599999998,3,4,4,5
memo,1024,131072000,1024,131072000,0.01,4,30.711284820916934,131072,10227792,sharded,3673.608077873687,1000,37.5,ed25519,gossipsub,kademlia,1022.2091999999981,3,4,4,5
memo,1024,131072000,1024,131072000,0.01,4,29.911287283874977,131072,3906715,sharded,3841.9735971026535,1000,37.5,ed25519,plumtree,kademlia,380.55325000000056,6,8,9,14
memo,1024,131072000,1024,131072000,0.01,4,4.699911765275926,131072,9386260,sharded,24332.652549975264,1000,4.6875,ed25519,gossip,kademlia,941.7049999999804,3,4,4,6
memo,1024,131072000,1024,131072000,0.01,4,4.772125763896097,131072,10221592,sharded,24039.97163443109,1000,4.6875,ed25519,gossipsub,kademlia,1020.4133999999991,3,4,4,5
memo,1024,131072000,1024,131072000,0.01,4,4.807102758851267,131072,3896714,sharded,23742.355785894128,1000,4.6875,ed25519,plumtree,kademlia,380.48960000000045,6,8,9,15
memo,1024,131072000,1024,131072000,0.01,4,467.49571900481726,131072,9478762,sharded,245.53658853679724,1000,600.0,ed25519,gossip,kademlia,951.1074999999785,3,4,4,5
memo,1024,131072000,1024,131072000,0.01,4,474.59855617345374,131072,10217692,sharded,240.6881489927073,1000,600.0,ed25519,gossipsub,kademlia,1021.5774000000002,3,4,4,5
memo,1024,131072000,1024,131072000,0.01,4,466.3187253444291,131072,3902805,sharded,246.71848190317252,1000,600.0,ed25519,plumtree,kademlia,380.43360000000087,6,8,9,15
memo,1024,131072000,1024,131072000,0.01,4,60.72985103895226,131072,9354670,sharded,1872.3240392450286,1000,75.0,ed25519,gossip,kademlia,934.9924999999809,3,4,4,6
memo,1024,131072000,1024,131072000,0.01,4,60.04633564817032,131072,10216528,sharded,1912.1911563890526,1000,75.0,ed25519,gossipsub,kademlia,1020.7782000000011,3,4,4,5
memo,1024,131072000,1024,131072000,0.01,4,59.98026075888763,131072,3932720,sharded,1906.6492634921465,1000,75.0,ed25519,plumtree,kademlia,380.3996500000002,6,8,9,14
memo,1024,131072000,1024,131072000,0.01,4,8.334104507552222,131072,9502578,sharded,13749.611118526278,1000,9.375,ed25519,gossip,kademlia,948.7984999999792,3,4,4,6
memo,1024,131072000,1024,131072000,0.01,4,8.406091730064032,131072,10228900,sharded,13577.28985894978,1000,9.375,ed25519,gossipsub,kademlia,1021.3967999999994,3,4,4,5
memo,1024,131072000,1024,131072000,0.01,4,8.429535198789631,131072,3894381,sharded,13582.290043280153,1000,9.375,ed25519,plumtree,kademlia,380.5784000000005,6,8,9,15
memo,1024,16384000,1024,16384000,0.01,4,0.29721667535633406,16384,9460676,sharded,48154.84858930202,1000,0.146484375,ed25519,gossip,kademlia,948.790999999979,3,4,4,6
memo,1024,16384000,1024,16384000,0.01,4,0.29910712480438856,16384,10223568,sharded,47645.083711462656,1000,0.146484375,ed25519,gossipsub,kademlia,1020.7433999999994,3,4,4,5
memo,1024,16384000,1024,16384000,0.01,4,0.30305813382385277,16384,3899893,sharded,47442.910766278714,1000,0.146484375,ed25519,plumtree,kademlia,380.5171499999995,6,8,9,14
memo,1024,16384000,1024,16384000,0.01,4,0.3889508069312039,16384,9440926,sharded,36744.86270580717,1000,0.29296875,ed25519,gossip,kademlia,943.7894999999799,3,4,4,5
memo,1024,16384000,1024,16384000,0.01,4,0.3859873510942619,16384,10236448,sharded,36804.12832111375,1000,0.29296875,ed25519,gossipsub,kademlia,1022.1653999999976,3,4,4,5
memo,1024,16384000,1024,16384000,0.01,4,0.394818628624943,16384,3855797,sharded,36292.12747611161,1000,0.29296875,ed25519,plumtree,kademlia,380.7141500000008,6,8,9,14
memo,1024,16384000,1024,16384000,0.01,4,0.6004696581401199,16384,9524464,sharded,23746.705277608904,1000,0.5859375,ed25519,gossip,kademlia,948.3454999999798,3,4,4,6
memo,1024,16384000,1024,16384000,0.01,4,0.6013812584073798,16384,10227016,sharded,23520.00133402632,1000,0.5859375,ed25519,gossipsub,kademlia,1020.6906000000015,3,4,4,5
memo,1024,16384000,1024,16384000,0.01,4,0.6065307486588294,16384,3908737,sharded,23482.39068092408,1000,0.5859375,ed25519,plumtree,kademlia,380.67880000000036,6,8,9,15
memo,1024,16384000,1024,16384000,0.01,4,951.6533741594343,16384,9452710,sharded,14.97927752590702,1000,1200.0,ed25519,gossip,kademlia,942.76699999998,3,4,4,5
memo,1024,16384000,1024,16384000,0.01,4,927.6076834579034,16384,10241712,sharded,15.614851254794866,1000,1200.0,ed25519,gossipsub,kademlia,1023.059999999997,3,4,4,5
memo,1024,16384000,1024,16384000,0.01,4,941.197124790638,16384,3870177,sharded,15.1892091714369,1000,1200.0,ed25519,plumtree,kademlia,380.74364999999966,6,8,9,14
memo,1024,16384000,1024,16384000,0.01,4,116.48764982642416,16384,9387190,sharded,123.25323775862749,1000,150.0,ed25519,gossip,kademlia,939.9184999999809,3,4,4,5
memo,1024,16384000,1024,16384000,0.01,4,118.4505023853059,16384,10262980,sharded,120.76126071183704,1000,150.0,ed25519,gossipsub,kademlia,1023.4703999999979,3,4,4,5
memo,1024,16384000,1024,16384000,0.01,4,118.5851496732783,16384,3918163,sharded,119.96787151844988,1000,150.0,ed25519,plumtree,kademlia,380.7637499999994,6,8,9,14
memo,1024,16384000,1024,16384000,0.01,4,14.623628671096949,16384,9444376,sharded,985.7214186852513,1000,18.75,ed25519,gossip,kademlia,944.7159999999816,3,4,4,6
memo,1024,16384000,1024,16384000,0.01,4,14.622753773812422,16384,10221924,sharded,989.701955176042,1000,18.75,ed25519,gossipsub,kademlia,1021.7267999999999,3,4,4,5
memo,1024,16384000,1024,16384000,0.01,4,14.729244833497484,16384,3925119,sharded,970.5887953934827,1000,18.75,ed25519,plumtree,kademlia,380.5714500000007,6,8,9,13
memo,1024,16384000,1024,16384000,0.01,4,1.0471111671526607,16384,9502020,sharded,13574.604536642948,1000,1.171875,ed25519,gossip,kademlia,944.7674999999806,3,4,4,6
memo,1024,16384000,1024,16384000,0.01,4,1.0523401391598206,16384,10234252,sharded,13511.045973549675,1000,1.171875,ed25519,gossipsub,kademlia,1021.8563999999991,3,4,4,5
memo,1024,16384000,1024,16384000,0.01,4,1.0607856040812758,16384,3909191,sharded,13403.477522033398,1000,1.171875,ed25519,plumtree,kademlia,380.55480000000074,6,8,9,16
memo,1024,16384000,1024,16384000,0.01,4,1.9682656672627414,16384,9420980,sharded,7263.267473379973,1000,2.34375,ed25519,gossip,kademlia,944.3249999999791,3,4,4,5
memo,1024,16384000,1024,16384000,0.01,4,1.9577528030342728,16384,10221392,sharded,7352.482896559035,1000,2.34375,ed25519,gossipsub,kademlia,1023.0065999999983,3,4,4,5
memo,1024,16384000,1024,16384000,0.01,4,1.9815591841196252,16384,3884109,sharded,7206.272774711103,1000,2.34375,ed25519,plumtree,kademlia,380.71825000000115,6,8,9,14
memo,1024,16384000,1024,16384000,0.01,4,237.13052301708314,16384,9422074,sharded,60.04581704133562,1000,300.0,ed25519,gossip,kademlia,942.5479999999802,3,4,4,5
memo,1024,16384000,1024,16384000,0.01,4,229.32376340462804,16384,10223616,sharded,63.21518443957055,1000,300.0,ed25519,gossipsub,kademlia,1021.5161999999988,3,4,4,5
memo,1024,16384000,1024,16384000,0.01,4,238.02503832351817,16384,3949188,sharded,59.95782670814048,1000,300.0,ed25519,plumtree,kademlia,380.70950000000073,6,8,9,14
memo,1024,16384000,1024,16384000,0.01,4,29.54577092054659,16384,9496656,sharded,485.1084792657305,1000,37.5,ed25519,gossip,kademlia,946.2169999999799,3,4,4,5
memo,1024,16384000,1024,16384000,0.01,4,29.409022110970554,16384,10233844,sharded,486.3892429345361,1000,37.5,ed25519,gossipsub,kademlia,1021.2402000000013,3,4,4,5
memo,1024,16384000,1024,16384000,0.01,4,29.64480805838072,16384,3906140,sharded,480.72444833965403,1000,37.5,ed25519,plumtree,kademlia,380.39235000000076,6,8,9,14
memo,1024,16384000,1024,16384000,0.01,4,3.760012497997803,16384,9467162,sharded,3827.1808957185035,1000,4.6875,ed25519,gossip,kademlia,943.1189999999808,3,4,4,5
memo,1024,16384000,1024,16384000,0.01,4,3.7945452246367295,16384,10238180,sharded,3799.9072738368523,1000,4.6875,ed25519,gossipsub,kademlia,1021.4753999999991,3,4,4,5
memo,1024,16384000,1024,16384000,0.01,4,3.759244457828305,16384,3903585,sharded,3800.723299663787,1000,4.6875,ed25519,plumtree,kademlia,380.50245000000075,6,8,9,15
memo,1024,16384000,1024,16384000,0.01,4,462.7259677473948,16384,9433216,sharded,31.151966832925073,1000,600.0,ed25519,gossip,kademlia,942.4264999999807,3,4,4,5
memo,1024,16384000,1024,16384000,0.01,4,475.25523809922055,16384,10237432,sharded,30.0204329300235,1000,600.0,ed25519,gossipsub,kademlia,1023.0353999999992,3,4,4,5
memo,1024,16384000,1024,16384000,0.01,4,458.65817524358465,16384,3926015,sharded,31.571136810784534,1000,600.0,ed25519,plumtree,kademlia,380.6839999999997,6,8,9,15
memo,1024,16384000,1024,16384000,0.01,4,58.36379399037338,16384,9489720,sharded,246.35067422744183,1000,75.0,ed25519,gossip,kademlia,941.2144999999805,3,4,4,6
memo,1024,16384000,1024,16384000,0.01,4,59.75973429340852,16384,10229288,sharded,239.63654071299243,1000,75.0,ed25519,gossipsub,kademlia,1022.2284000000008,3,4,4,5
memo,1024,16384000,1024,16384000,0.01,4,57.45348045469725,16384,3913468,sharded,249.32714061239867,1000,75.0,ed25519,plumtree,kademlia,380.67369999999937,6,8,9,14
memo,1024,16384000,1024,16384000,0.01,4,7.384244535662468,16384,9380846,sharded,1946.5585044727218,1000,9.375,ed25519,gossip,kademlia,940.8334999999803,3,4,4,5
memo,1024,16384000,1024,16384000,0.01,4,7.469856357834836,16384,10210728,sharded,1922.6040384212627,1000,9.375,ed25519,gossipsub,kademlia,1019.5452000000013,3,4,4,5
memo,1024,16384000,1024,16384000,0.01,4,7.593856257602523,16384,3929056,sharded,1877.1859140378974,1000,9.375,ed25519,plumtree,kademlia,380.63755000000066,6,8,9,14
memo,1024,2048000,1024,2048000,0.01,4,0.13691234749386316,2048,9419780,sharded,13114.668127945746,1000,0.146484375,ed25519,gossip,kademlia,944.2709999999804,3,4,4,5
memo,1024,2048000,1024,2048000,0.01,4,0.13519696419635407,2048,10214936,sharded,13235.622638694249,1000,0.146484375,ed25519,gossipsub,kademlia,1020.1877999999994,3,4,4,5
memo,1024,2048000,1024,2048000,0.01,4,0.14078198852599652,2048,3895243,sharded,12761.462022311514,1000,0.146484375,ed25519,plumtree,kademlia,380.3980000000001,6,8,9,14
memo,1024,2048000,1024,2048000,0.01,4,0.24827404166606454,2048,9467654,sharded,7275.476678425929,1000,0.29296875,ed25519,gossip,kademlia,946.8484999999803,3,4,4,5
memo,1024,2048000,1024,2048000,0.01,4,0.25117206667914765,2048,10232652,sharded,7156.878644058383,1000,0.29296875,ed25519,gossipsub,kademlia,1021.3193999999994,3,4,4,5
memo,1024,2048000,1024,2048000,0.01,4,0.2540103891924849,2048,3923280,sharded,7101.095375406659,1000,0.29296875,ed25519,plumtree,kademlia,380.4864499999999,6,8,9,13
memo,1024,2048000,1024,2048000,0.01,4,0.48014930646570014,2048,9403726,sharded,3733.1887724554026,1000,0.5859375,ed25519,gossip,kademlia,940.1044999999796,3,4,4,6
memo,1024,2048000,1024,2048000,0.01,4,0.48401378043907706,2048,10217240,sharded,3731.9433309551423,1000,0.5859375,ed25519,gossipsub,kademlia,1021.4928000000001,3,4,4,5
memo,1024,2048000,1024,2048000,0.01,4,0.48378274653311804,2048,3840009,sharded,3700.9174321131622,1000,0.5859375,ed25519,plumtree,kademlia,380.5648000000011,6,8,9,14
memo,1024,2048000,1024,2048000,0.01,4,936.3612967074847,2048,9481856,sharded,1.9225143182764044,1000,1200.0,ed25519,gossip,kademlia,943.8579999999799,3,4,4,5
memo,1024,2048000,1024,2048000,0.01,4,949.590029346516,2048,10233788,sharded,1.8698511411518481,1000,1200.0,ed25519,gossipsub,kademlia,1023.211800000001,3,4,4,5
memo,1024,2048000,1024,2048000,0.01,4,929.9496301478179,2048,3906891,sharded,1.9225557406972804,1000,1200.0,ed25519,plumtree,kademlia,380.5527000000005,6,8,9,13
memo,1024,2048000,1024,2048000,0.01,4,116.28141618380488,2048,9405808,sharded,15.362248402413192,1000,150.0,ed25519,gossip,kademlia,946.4959999999803,3,4,4,5
memo,1024,2048000,1024,2048000,0.01,4,118.37363464281921,2048,10244292,sharded,15.10802642325123,1000,150.0,ed25519,gossipsub,kademlia,1022.1167999999992,3,4,4,5
memo,1024,2048000,1024,2048000,0.01,4,116.5919117307494,2048,3916389,sharded,15.290597551200657,1000,150.0,ed25519,plumtree,kademlia,380.59705,6,8,9,14
memo,1024,2048000,1024,2048000,0.01,4,14.675416322641365,2048,9445566,sharded,122.66554899861237,1000,18.75,ed25519,gossip,kademlia,941.9864999999803,3,4,4,5
memo,1024,2048000,1024,2048000,0.01,4,14.562665421415765,2048,10213320,sharded,123.65044089744252,1000,18.75,ed25519,gossipsub,kademlia,1019.8019999999995,3,4,4,5
memo,1024,2048000,1024,2048000,0.01,4,14.837554320658304,2048,3907359,sharded,119.94483467684044,1000,18.75,ed25519,plumtree,kademlia,380.53535,6,8,9,14
memo,1024,2048000,1024,2048000,0.01,4,0.917252266117054,2048,9414008,sharded,1969.8223343167238,1000,1.171875,ed25519,gossip,kademlia,944.7749999999795,3,4,4,5
memo,1024,2048000,1024,2048000,0.01,4,0.9328707550201776,2048,10230652,sharded,1919.2798041581586,1000,1.171875,ed25519,gossipsub,kademlia,1020.3251999999991,3,4,4,5
memo,1024,2048000,1024,2048000,0.01,4,0.950194851797277,2048,3931953,sharded,1882.1318560264642,1000,1.171875,ed25519,plumtree,kademlia,380.6365000000004,6,8,9,16
memo,1024,2048000,1024,2048000,0.01,4,1.840100501783082,2048,9495148,sharded,977.7422473699698,1000,2.34375,ed25519,gossip,kademlia,947.0254999999795,3,4,4,5
memo,1024,2048000,1024,2048000,0.01,4,1.8700229055590432,2048,10250320,sharded,952.5145358941489,1000,2.34375,ed25519,gossipsub,kademlia,1022.6861999999984,3,4,4,5
memo,1024,2048000,1024,2048000,0.01,4,1.8333674753801485,2048,3910889,sharded,988.8732206422944,1000,2.34375,ed25519,plumtree,kademlia,380.5222000000003,6,8,9,13
memo,1024,2048000,1024,2048000,0.01,4,236.37328063225527,2048,9536824,sharded,7.533474152564627,1000,300.0,ed25519,gossip,kademlia,952.7179999999782,3,4,4,5
memo,1024,2048000,1024,2048000,0.01,4,233.2424311102542,2048,10217232,sharded,7.6938659550830995,1000,300.0,ed25519,gossipsub,kademlia,1021.6692000000015,3,4,4,5
memo,1024,2048000,1024,2048000,0.01,4,231.51568700869845,2048,3872005,sharded,7.815384017291313,1000,300.0,ed25519,plumtree,kademlia,380.7796499999996,6,8,9,14
memo,1024,2048000,1024,2048000,0.01,4,29.347917279536844,2048,9468614,sharded,61.548217639943765,1000,37.5,ed25519,gossip,kademlia,943.627499999981,3,4,4,6
memo,1024,2048000,1024,2048000,0.01,4,29.76114913490385,2048,10211684,sharded,59.86784958885817,1000,37.5,ed25519,gossipsub,kademlia,1021.8317999999971,3,4,4,5
memo,1024,2048000,1024,2048000,0.01,4,29.623748344082742,2048,3898100,sharded,60.49119710260913,1000,37.5,ed25519,plumtree,kademlia,380.7711499999997,6,8,9,16
memo,1024,2048000,1024,2048000,0.01,4,3.629232967741344,2048,9464646,sharded,500.2511594426233,1000,4.6875,ed25519,gossip,kademlia,944.0239999999802,3,4,4,6
memo,1024,2048000,1024,2048000,0.01,4,3.6885699227552586,2048,10250524,sharded,485.4022121024593,1000,4.6875,ed25519,gossipsub,kademlia,1023.4601999999995,3,4,4,5
memo,1024,2048000,1024,2048000,0.01,4,3.676988287520616,2048,3935109,sharded,489.15902346069566,1000,4.6875,ed25519,plumtree,kademlia,380.6646499999998,6,8,9,14
memo,1024,2048000,1024,2048000,0.01,4,467.48222563142855,2048,9438052,sharded,3.877058635869876,1000,600.0,ed25519,gossip,kademlia,946.0139999999805,3,4,4,5
memo,1024,2048000,1024,2048000,0.01,4,459.3963367831575,2048,10221528,sharded,3.936383151556507,1000,600.0,ed25519,gossipsub,kademlia,1019.6981999999991,3,4,4,5
memo,1024,2048000,1024,2048000,0.01,4,474.52017716076415,2048,3921272,sharded,3.775316806798427,1000,600.0,ed25519,plumtree,kademlia,380.47745,6,8,9,14
memo,1024,2048000,1024,2048000,0.01,4,58.68771757155621,2048,9437840,sharded,30.37705458261063,1000,75.0,ed25519,gossip,kademlia,944.2414999999787,3,4,4,6
memo,1024,2048000,1024,2048000,0.01,4,58.20675453277284,2048,10183628,sharded,31.03268709103117,1000,75.0,ed25519,gossipsub,kademlia,1020.1211999999981,3,4,4,5
memo,1024,2048000,1024,2048000,0.01,4,58.199270725920236,2048,3923131,sharded,31.283003674977962,1000,75.0,ed25519,plumtree,kademlia,380.51689999999917,6,8,9,16
memo,1024,2048000,1024,2048000,0.01,4,7.360905602911004,2048,9424674,sharded,244.69706543820993,1000,9.375,ed25519,gossip,kademlia,945.2189999999806,3,4,4,5
memo,1024,2048000,1024,2048000,0.01,4,7.309202461994297,2048,10235640,sharded,248.03909994652636,1000,9.375,ed25519,gossipsub,kademlia,1022.829600000001,3,4,4,5
memo,1024,2048000,1024,2048000,0.01,4,7.385328297185053,2048,3907819,sharded,241.32278597273879,1000,9.375,ed25519,plumtree,kademlia,380.515699999999,6,8,9,13
memo,1024,262144000,1024,262144000,0.01,4,3.373242024728642,262144,9431196,sharded,67979.54677398126,1000,0.146484375,ed25519,gossip,kademlia,942.7304999999806,3,4,4,6
memo,1024,262144000,1024,262144000,0.01,4,3.3715348370929865,262144,10226032,sharded,68402.72906651846,1000,0.146484375,ed25519,gossipsub,kademlia,1021.423799999999,3,4,4,5
memo,1024,262144000,1024,262144000,0.01,4,3.3748867889367316,262144,3851139,sharded,68393.04736284804,1000,0.146484375,ed25519,plumtree,kademlia,380.77415000000025,6,8,9,14
memo,1024,262144000,1024,262144000,0.01,4,3.4583963572287004,262144,9524304,sharded,66533.11888877398,1000,0.29296875,ed25519,gossip,kademlia,944.4019999999788,3,4,4,5
memo,1024,262144000,1024,262144000,0.01,4,3.4575666305183583,262144,10203688,sharded,66985.0356478243,1000,0.29296875,ed25519,gossipsub,kademlia,1021.2275999999997,3,4,4,5
memo,1024,262144000,1024,262144000,0.01,4,3.461822656201452,262144,3948524,sharded,66296.88889142343,1000,0.29296875,ed25519,plumtree,kademlia,380.80555000000055,6,8,9,13
memo,1024,262144000,1024,262144000,0.01,4,3.640788769156946,262144,9388796,sharded,63074.0091118153,1000,0.5859375,ed25519,gossip,kademlia,943.2454999999811,3,4,4,6
memo,1024,262144000,1024,262144000,0.01,4,3.6314860860176315,262144,10205144,sharded,64228.147506350535,1000,0.5859375,ed25519,gossipsub,kademlia,1018.9163999999986,3,4,4,5
memo,1024,262144000,1024,262144000,0.01,4,3.6348228703244927,262144,3885273,sharded,63447.98418730418,1000,0.5859375,ed25519,plumtree,kademlia,380.69784999999996,6,8,9,14
memo,1024,262144000,1024,262144000,0.01,4,926.6909223810434,262144,9517412,sharded,248.08842133609195,1000,1200.0,ed25519,gossip,kademlia,946.3989999999803,3,4,4,6
memo,1024,262144000,1024,262144000,0.01,4,920.2600684016439,262144,10231932,sharded,253.52524575495667,1000,1200.0,ed25519,gossipsub,kademlia,1022.0981999999981,3,4,4,5
memo,1024,262144000,1024,262144000,0.01,4,922.0962221912989,262144,3909286,sharded,251.95431280251077,1000,1200.0,ed25519,plumtree,kademlia,380.55649999999997,6,8,9,14
memo,1024,262144000,1024,262144000,0.01,4,119.95015580181911,262144,9403670,sharded,1912.2692960814093,1000,150.0,ed25519,gossip,kademlia,943.9244999999804,3,4,4,5
memo,1024,262144000,1024,262144000,0.01,4,120.62258356235618,262144,10214996,sharded,1899.4358206691736,1000,150.0,ed25519,gossipsub,kademlia,1021.5617999999996,3,4,4,5
memo,1024,262144000,1024,262144000,0.01,4,119.53718779991975,262144,3838180,sharded,1919.4239066761284,1000,150.0,ed25519,plumtree,kademlia,380.75679999999994,6,8,9,14
memo,1024,262144000,1024,262144000,0.01,4,16.79164546902536,262144,9429238,sharded,13726.53516447655,1000,18.75,ed25519,gossip,kademlia,943.1479999999813,3,4,4,5
memo,1024,262144000,1024,262144000,0.01,4,16.55115389001224,262144,10232556,sharded,13894.307643334343,1000,18.75,ed25519,gossipsub,kademlia,1022.0405999999998,3,4,4,5
memo,1024,262144000,1024,262144000,0.01,4,16.638680657552985,262144,3885544,sharded,13825.156256940289,1000,18.75,ed25519,plumtree,kademlia,380.8152000000001,6,8,9,14
memo,1024,262144000,1024,262144000,0.01,4,3.975135777800536,262144,9488856,sharded,58263.47499711027,1000,1.171875,ed25519,gossip,kademlia,945.9119999999797,3,4,4,6
memo,1024,262144000,1024,262144000,0.01,4,3.9605796471682204,262144,10232412,sharded,57418.59532167136,1000,1.171875,ed25519,gossipsub,kademlia,1021.0745999999986,3,4,4,5
memo,1024,262144000,1024,262144000,0.01,4,3.9742420085147168,262144,3893684,sharded,57386.10771849664,1000,1.171875,ed25519,plumtree,kademlia,380.38779999999963,6,8,9,15
memo,1024,262144000,1024,262144000,0.01,4,4.70166256531014,262144,9476040,sharded,48507.58148462657,1000,2.34375,ed25519,gossip,kademlia,944.16849999998,3,4,4,5
memo,1024,262144000,1024,262144000,0.01,4,4.6919140246513376,262144,10239172,sharded,49320.72812591579,1000,2.34375,ed25519,gossipsub,kademlia,1021.5863999999989,3,4,4,5
memo,1024,262144000,1024,262144000,0.01,4,4.70204514609872,262144,3898481,sharded,49465.34045785974,1000,2.34375,ed25519,plumtree,kademlia,380.52040000000017,6,8,9,14
memo,1024,262144000,1024,262144000,0.01,4,240.97216796016835,262144,9547708,sharded,940.1872171289474,1000,300.0,ed25519,gossip,kademlia,946.7674999999801,3,4,4,5
memo,1024,262144000,1024,262144000,0.01,4,238.69716152856537,262144,10256192,sharded,951.619091510716,1000,300.0,ed25519,gossipsub,kademlia,1023.1547999999991,3,4,4,5
memo,1024,262144000,1024,262144000,0.01,4,239.12186748389212,262144,3887854,sharded,957.6028592007585,1000,300.0,ed25519,plumtree,kademlia,380.72340000000094,6,8,9,14
memo,1024,262144000,1024,262144000,0.01,4,31.57443898474669,262144,9446724,sharded,7297.8517880022,1000,37.5,ed25519,gossip,kademlia,945.3059999999797,3,4,4,5
memo,1024,262144000,1024,262144000,0.01,4,31.244642957330388,262144,10225924,sharded,7387.46774335749,1000,37.5,ed25519,gossipsub,kademlia,1022.2127999999996,3,4,4,5
memo,1024,262144000,1024,262144000,0.01,4,31.38074732252815,262144,3887557,sharded,7322.012240130706,1000,37.5,ed25519,plumtree,kademlia,380.61775000000017,6,8,9,14
memo,1024,262144000,1024,262144000,0.01,4,6.173172700415947,262144,9472088,sharded,37284.463463089516,1000,4.6875,ed25519,gossip,kademlia,943.3979999999797,3,4,4,6
memo,1024,262144000,1024,262144000,0.01,4,6.092579819386602,262144,10250724,sharded,37745.39371125596,1000,4.6875,ed25519,gossipsub,kademlia,1023.5759999999992,3,4,4,5
memo,1024,262144000,1024,262144000,0.01,4,6.0853378430947815,262144,3889263,sharded,37381.07264794254,1000,4.6875,ed25519,plumtree,kademlia,380.6147499999989,6,8,9,13
memo,1024,262144000,1024,262144000,0.01,4,472.44172316552294,262144,9498730,sharded,486.20743837123274,1000,600.0,ed25519,gossip,kademlia,943.9374999999798,3,4,4,6
memo,1024,262144000,1024,262144000,0.01,4,465.6153216503728,262144,10228176,sharded,498.543542719379,1000,600.0,ed25519,gossipsub,kademlia,1021.2521999999974,3,4,4,5
memo,1024,262144000,1024,262144000,0.01,4,476.3756496302302,262144,3860868,sharded,481.64203224513403,1000,600.0,ed25519,plumtree,kademlia,380.6822500000007,6,8,9,14
memo,1024,262144000,1024,262144000,0.01,4,60.56059196871441,262144,9444068,sharded,3822.191040001384,1000,75.0,ed25519,gossip,kademlia,945.0959999999793,3,4,4,6
memo,1024,262144000,1024,262144000,0.01,4,60.594320970044734,262144,10228692,sharded,3788.6984180166237,1000,75.0,ed25519,gossipsub,kademlia,1022.0111999999996,3,4,4,5
memo,1024,262144000,1024,262144000,0.01,4,61.59187785551901,262144,3936084,sharded,3730.527855295959,1000,75.0,ed25519,plumtree,kademlia,380.59019999999987,6,8,9,15
memo,1024,262144000,1024,262144000,0.01,4,9.49262392773163,262144,9559552,sharded,24391.53702524577,1000,9.375,ed25519,gossip,kademlia,951.7099999999799,3,4,4,6
memo,1024,262144000,1024,262144000,0.01,4,9.567898863709338,262144,10231448,sharded,24007.84992316973,1000,9.375,ed25519,gossipsub,kademlia,1022.6772,3,4,4,5
memo,1024,262144000,1024,262144000,0.01,4,9.386379946402464,262144,3914594,sharded,24555.911151704528,1000,9.375,ed25519,plumtree,kademlia,380.4832999999997,6,8,9,16
memo,1024,32768000,1024,32768000,0.01,4,0.5035351546534906,32768,9514302,sharded,56910.854654666844,1000,0.146484375,ed25519,gossip,kademlia,946.1064999999794,3,4,4,6
memo,1024,32768000,1024,32768000,0.01,4,0.5046279298488181,32768,10215936,sharded,57404.49603865271,1000,0.146484375,ed25519,gossipsub,kademlia,1021.2263999999974,3,4,4,5
memo,1024,32768000,1024,32768000,0.01,4,0.5068618433009555,32768,3905272,sharded,56585.817968093106,1000,0.146484375,ed25519,plumtree,kademlia,380.51265,6,8,9,15
memo,1024,32768000,1024,32768000,0.01,4,0.5922252833685109,32768,9457362,sharded,48526.35780177847,1000,0.29296875,ed25519,gossip,kademlia,941.8214999999807,3,4,4,5
memo,1024,32768000,1024,32768000,0.01,4,0.590269014922867,32768,10254888,sharded,48451.250661932834,1000,0.29296875,ed25519,gossipsub,kademlia,1021.9949999999984,3,4,4,5
memo,1024,32768000,1024,32768000,0.01,4,0.5955047478371598,32768,3919716,sharded,48671.813457859666,1000,0.29296875,ed25519,plumtree,kademlia,380.63229999999936,6,8,9,14
memo,1024,32768000,1024,32768000,0.01,4,0.7696464378125525,32768,9424042,sharded,37020.604007446105,1000,0.5859375,ed25519,gossip,kademlia,940.1624999999807,3,4,4,6
memo,1024,32768000,1024,32768000,0.01,4,0.766460802610232,32768,10222488,sharded,37313.41759761664,1000,0.5859375,ed25519,gossipsub,kademlia,1021.5509999999994,3,4,4,5
memo,1024,32768000,1024,32768000,0.01,4,0.7747226465227943,32768,3909562,sharded,37031.81277682695,1000,0.5859375,ed25519,plumtree,kademlia,380.5381500000007,6,8,9,14
memo,1024,32768000,1024,32768000,0.01,4,942.7493061636501,32768,9379732,sharded,30.39685716302776,1000,1200.0,ed25519,gossip,kademlia,939.0394999999812,3,4,4,6
memo,1024,32768000,1024,32768000,0.01,4,939.860343546744,32768,10227048,sharded,30.716912569217435,1000,1200.0,ed25519,gossipsub,kademlia,1020.7710000000004,3,4,4,5
memo,1024,32768000,1024,32768000,0.01,4,933.8876287154357,32768,3888847,sharded,30.93967958408873,1000,1200.0,ed25519,plumtree,kademlia,380.77605000000085,6,8,9,14
memo,1024,32768000,1024,32768000,0.01,4,116.88928489053048,32768,9439436,sharded,245.23041634522153,1000,150.0,ed25519,gossip,kademlia,945.8724999999808,3,4,4,6
memo,1024,32768000,1024,32768000,0.01,4,116.69294755578116,32768,10217224,sharded,245.99402621377928,1000,150.0,ed25519,gossipsub,kademlia,1021.1537999999981,3,4,4,5
memo,1024,32768000,1024,32768000,0.01,4,117.21971939764667,32768,3976395,sharded,243.8402697675613,1000,150.0,ed25519,plumtree,kademlia,380.57484999999957,6,8,9,14
memo,1024,32768000,1024,32768000,0.01,4,14.992573375653299,32768,9465778,sharded,1905.3769679319792,1000,18.75,ed25519,gossip,kademlia,942.6799999999812,3,4,4,6
memo,1024,32768000,1024,32768000,0.01,4,14.801983238430383,32768,10248396,sharded,1943.7465599407703,1000,18.75,ed25519,gossipsub,kademlia,1021.9025999999992,3,4,4,5
memo,1024,32768000,1024,32768000,0.01,4,15.123058872594099,32768,3891439,sharded,1878.1031165243369,1000,18.75,ed25519,plumtree,kademlia,380.6644000000002,6,8,9,14
memo,1024,32768000,1024,32768000,0.01,4,1.193120659684923,32768,9470836,sharded,23956.410249025535,1000,1.171875,ed25519,gossip,kademlia,946.6874999999794,3,4,4,6
memo,1024,32768000,1024,32768000,0.01,4,1.181322023930178,32768,10229056,sharded,24174.87477714877,1000,1.171875,ed25519,gossipsub,kademlia,1022.2931999999998,3,4,4,5
memo,1024,32768000,1024,32768000,0.01,4,1.1956438159419254,32768,3903301,sharded,23988.073720270135,1000,1.171875,ed25519,plumtree,kademlia,380.4725500000001,6,8,9,14
memo,1024,32768000,1024,32768000,0.01,4,2.105227105108982,32768,9450670,sharded,13697.733574690601,1000,2.34375,ed25519,gossip,kademlia,939.8249999999819,3,4,4,6
memo,1024,32768000,1024,32768000,0.01,4,2.083687274560122,32768,10222516,sharded,13623.099947180173,1000,2.34375,ed25519,gossipsub,kademlia,1020.5058000000008,3,4,4,5
memo,1024,32768000,1024,32768000,0.01,4,2.0888268971593673,32768,3860810,sharded,13828.810821654284,1000,2.34375,ed25519,plumtree,kademlia,380.69325000000003,6,8,9,14
memo,1024,32768000,1024,32768000,0.01,4,227.77289517838102,32768,9397900,sharded,128.76141376273682,1000,300.0,ed25519,gossip,kademlia,942.636499999981,3,4,4,5
memo,1024,32768000,1024,32768000,0.01,4,236.70230694369508,32768,10228296,sharded,120.71997256366888,1000,300.0,ed25519,gossipsub,kademlia,1021.7873999999994,3,4,4,5
memo,1024,32768000,1024,32768000,0.01,4,235.53038495429286,32768,3919229,sharded,121.35541665058125,1000,300.0,ed25519,plumtree,kademlia,380.64845,6,8,9,17
memo,1024,32768000,1024,32768000,0.01,4,29.671596840996948,32768,9430302,sharded,964.4124026537742,1000,37.5,ed25519,gossip,kademlia,945.0459999999807,3,4,4,5
memo,1024,32768000,1024,32768000,0.01,4,29.409187174332008,32768,10207620,sharded,973.2961278502303,1000,37.5,ed25519,gossipsub,kademlia,1020.0485999999976,3,4,4,5
memo,1024,32768000,1024,32768000,0.01,4,29.763701266853353,32768,3865386,sharded,961.9784765104588,1000,37.5,ed25519,plumtree,kademlia,380.7937999999999,6,8,9,15
memo,1024,32768000,1024,32768000,0.01,4,3.955130044618341,32768,9469976,sharded,7185.363737576512,1000,4.6875,ed25519,gossip,kademlia,943.0064999999804,3,4,4,6
memo,1024,32768000,1024,32768000,0.01,4,3.9265729198883967,32768,10198152,sharded,7277.261006733619,1000,4.6875,ed25519,gossipsub,kademlia,1020.3107999999993,3,4,4,5
memo,1024,32768000,1024,32768000,0.01,4,3.9443692320410886,32768,3897047,sharded,7261.042340394581,1000,4.6875,ed25519,plumtree,kademlia,380.43104999999974,6,8,9,14
memo,1024,32768000,1024,32768000,0.01,4,471.1413820384263,32768,9412282,sharded,60.21524977758407,1000,600.0,ed25519,gossip,kademlia,944.2279999999798,3,4,4,6
memo,1024,32768000,1024,32768000,0.01,4,473.46344552031496,32768,10240520,sharded,60.3870906413476,1000,600.0,ed25519,gossipsub,kademlia,1021.0019999999987,3,4,4,5
memo,1024,32768000,1024,32768000,0.01,4,462.60796147393364,32768,3904021,sharded,62.38849826112696,1000,600.0,ed25519,plumtree,kademlia,380.5455499999995,6,8,9,14
memo,1024,32768000,1024,32768000,0.01,4,57.62208518203461,32768,9436522,sharded,503.7175573967164,1000,75.0,ed25519,gossip,kademlia,946.7004999999813,3,4,4,6
memo,1024,32768000,1024,32768000,0.01,4,59.350740238005926,32768,10226836,sharded,484.07726482916206,1000,75.0,ed25519,gossipsub,kademlia,1022.5085999999994,3,4,4,5
memo,1024,32768000,1024,32768000,0.01,4,59.78224210534924,32768,3900041,sharded,475.78717355358106,1000,75.0,ed25519,plumtree,kademlia,380.4233999999993,6,8,9,14
memo,1024,32768000,1024,32768000,0.01,4,7.413383329852297,32768,9422454,sharded,3918.5660187058998,1000,9.375,ed25519,gossip,kademlia,945.1689999999802,3,4,4,5
memo,1024,32768000,1024,32768000,0.01,4,7.51000580316741,32768,10222504,sharded,3841.9709326763636,1000,9.375,ed25519,gossipsub,kademlia,1021.5840000000005,3,4,4,5
memo,1024,32768000,1024,32768000,0.01,4,7.567702829955526,32768,3941052,sharded,3786.6994309775782,1000,9.375,ed25519,plumtree,kademlia,380.7644999999999,6,8,9,14
memo,1024,4096000,1024,4096000,0.01,4,0.1536104054140134,4096,9507230,sharded,23438.255958613274,1000,0.146484375,ed25519,gossip,kademlia,948.8104999999798,3,4,4,5
memo,1024,4096000,1024,4096000,0.01,4,0.15628683086081138,4096,10214092,sharded,22984.457360960725,1000,0.146484375,ed25519,gossipsub,kademlia,1020.2261999999986,3,4,4,5
memo,1024,4096000,1024,4096000,0.01,4,0.15783997747337725,4096,3861553,sharded,22699.90187121215,1000,0.146484375,ed25519,plumtree,kademlia,380.7473500000002,6,8,9,15
memo,1024,4096000,1024,4096000,0.01,4,0.26802436943087365,4096,9456080,sharded,13337.44393314194,1000,0.29296875,ed25519,gossip,kademlia,946.2904999999798,3,4,4,5
memo,1024,4096000,1024,4096000,0.01,4,0.2683660848842127,4096,10238904,sharded,13301.382704674219,1000,0.29296875,ed25519,gossipsub,kademlia,1023.3497999999986,3,4,4,5
memo,1024,4096000,1024,4096000,0.01,4,0.2750240226461028,4096,3894487,sharded,12953.31209879124,1000,0.29296875,ed25519,plumtree,kademlia,380.6966499999991,6,8,9,14
memo,1024,4096000,1024,4096000,0.01,4,0.49619378889420623,4096,9434582,sharded,7210.553779750821,1000,0.5859375,ed25519,gossip,kademlia,945.7559999999806,3,4,4,6
memo,1024,4096000,1024,4096000,0.01,4,0.493959944501067,4096,10237780,sharded,7315.718693850882,1000,0.5859375,ed25519,gossipsub,kademlia,1022.1335999999994,3,4,4,5
memo,1024,4096000,1024,4096000,0.01,4,0.4970833482208578,4096,3897312,sharded,7249.150495379235,1000,0.5859375,ed25519,plumtree,kademlia,380.48834999999985,6,8,9,14
memo,1024,4096000,1024,4096000,0.01,4,946.550848327432,4096,9443944,sharded,3.761471458497255,1000,1200.0,ed25519,gossip,kademlia,946.8174999999802,3,4,4,6
memo,1024,4096000,1024,4096000,0.01,4,935.7857123463939,4096,10243700,sharded,3.859456232714,1000,1200.0,ed25519,gossipsub,kademlia,1022.8373999999986,3,4,4,5
memo,1024,4096000,1024,4096000,0.01,4,941.1842456598602,4096,3835712,sharded,3.807943042530732,1000,1200.0,ed25519,plumtree,kademlia,380.67360000000025,6,8,9,14
memo,1024,4096000,1024,4096000,0.01,4,118.58170847133538,4096,9462206,sharded,30.310037242116696,1000,150.0,ed25519,gossip,kademlia,944.0149999999802,3,4,4,6
memo,1024,4096000,1024,4096000,0.01,4,118.108341475079,4096,10240192,sharded,30.05003673469479,1000,150.0,ed25519,gossipsub,kademlia,1021.3098000000008,3,4,4,5
memo,1024,4096000,1024,4096000,0.01,4,115.62694368304332,4096,3902840,sharded,31.173149485647027,1000,150.0,ed25519,plumtree,kademlia,380.39110000000034,6,8,9,13
memo,1024,4096000,1024,4096000,0.01,4,14.791312347780165,4096,9424964,sharded,241.40278536784967,1000,18.75,ed25519,gossip,kademlia,941.7519999999809,3,4,4,6
memo,1024,4096000,1024,4096000,0.01,4,14.83309286317716,4096,10212404,sharded,242.65579897603658,1000,18.75,ed25519,gossipsub,kademlia,1020.4139999999984,3,4,4,5
memo,1024,4096000,1024,4096000,0.01,4,14.860854772154227,4096,3882552,sharded,239.17063012148475,1000,18.75,ed25519,plumtree,kademlia,380.7113000000003,6,8,9,16
memo,1024,4096000,1024,4096000,0.01,4,0.9498094939706465,4096,9463640,sharded,3752.878890585358,1000,1.171875,ed25519,gossip,kademlia,948.0769999999786,3,4,4,5
memo,1024,4096000,1024,4096000,0.01,4,0.9516693014235533,4096,10226300,sharded,3785.35694553911,1000,1.171875,ed25519,gossipsub,kademlia,1022.3351999999998,3,4,4,5
memo,1024,4096000,1024,4096000,0.01,4,0.9830011251997133,4096,3904890,sharded,3598.034538649612,1000,1.171875,ed25519,plumtree,kademlia,380.55205,6,8,9,16
memo,1024,4096000,1024,4096000,0.01,4,1.8652955598627539,4096,9489526,sharded,1924.1433246450665,1000,2.34375,ed25519,gossip,kademlia,943.924999999981,3,4,4,6
memo,1024,4096000,1024,4096000,0.01,4,1.8719117564717815,4096,10205920,sharded,1909.13700266291,1000,2.34375,ed25519,gossipsub,kademlia,1020.6486000000003,3,4,4,5
memo,1024,4096000,1024,4096000,0.01,4,1.8854616080721514,4096,3927953,sharded,1897.046317297979,1000,2.34375,ed25519,plumtree,kademlia,380.5505500000002,6,8,9,14
memo,1024,4096000,1024,4096000,0.01,4,235.5295147314593,4096,9487568,sharded,15.3384088788999,1000,300.0,ed25519,gossip,kademlia,944.8999999999803,3,4,4,6
memo,1024,4096000,1024,4096000,0.01,4,236.29868208222553,4096,10229568,sharded,15.13247542682326,1000,300.0,ed25519,gossipsub,kademlia,1022.8277999999979,3,4,4,5
memo,1024,4096000,1024,4096000,0.01,4,236.44167653034503,4096,3940007,sharded,15.097338389672055,1000,300.0,ed25519,plumtree,kademlia,380.6685999999996,6,8,9,13
memo,1024,4096000,1024,4096000,0.01,4,29.33870354030427,4096,9415924,sharded,122.57746819178989,1000,37.5,ed25519,gossip,kademlia,941.7204999999806,3,4,4,6
memo,1024,4096000,1024,4096000,0.01,4,29.32675588230638,4096,10226836,sharded,122.17348602685684,1000,37.5,ed25519,gossipsub,kademlia,1020.9053999999992,3,4,4,5
memo,1024,4096000,1024,4096000,0.01,4,28.982129447985095,4096,3931795,sharded,124.29756089749463,1000,37.5,ed25519,plumtree,kademlia,380.5570999999994,6,8,9,14
memo,1024,4096000,1024,4096000,0.01,4,3.755467988560731,4096,9471638,sharded,948.3366682523398,1000,4.6875,ed25519,gossip,kademlia,947.8384999999794,3,4,4,6
memo,1024,4096000,1024,4096000,0.01,4,3.732211863653788,4096,10220040,sharded,959.7332978019468,1000,4.6875,ed25519,gossipsub,kademlia,1020.698400000001,3,4,4,5
memo,1024,4096000,1024,4096000,0.01,4,3.682684190245385,4096,3896837,sharded,979.0358916874052,1000,4.6875,ed25519,plumtree,kademlia,380.6472000000003,6,8,9,14
memo,1024,4096000,1024,4096000,0.01,4,471.4386885647209,4096,9373604,sharded,7.5848335886186025,1000,600.0,ed25519,gossip,kademlia,941.4524999999813,3,4,4,5
memo,1024,4096000,1024,4096000,0.01,4,468.4082427507228,4096,10258276,sharded,7.675441360482874,1000,600.0,ed25519,gossipsub,kademlia,1023.9935999999976,3,4,4,5
memo,1024,4096000,1024,4096000,0.01,4,474.85552236681093,4096,3929505,sharded,7.534569635343185,1000,600.0,ed25519,plumtree,kademlia,380.67810000000065,6,8,9,13
memo,1024,4096000,1024,4096000,0.01,4,58.14496917549021,4096,9522088,sharded,61.77951507994268,1000,75.0,ed25519,gossip,kademlia,946.2914999999794,3,4,4,6
memo,1024,4096000,1024,4096000,0.01,4,58.37547624881984,4096,10234496,sharded,61.50048326282529,1000,75.0,ed25519,gossipsub,kademlia,1021.3919999999986,3,4,4,5
memo,1024,4096000,1024,4096000,0.01,4,59.250770673481014,4096,3921914,sharded,60.38456478003817,1000,75.0,ed25519,plumtree,kademlia,380.5959000000001,6,8,9,14
memo,1024,4096000,1024,4096000,0.01,4,7.38790376065389,4096,9390776,sharded,485.80708632327065,1000,9.375,ed25519,gossip,kademlia,943.8729999999804,3,4,4,5
memo,1024,4096000,1024,4096000,0.01,4,7.206928200593361,4096,10236776,sharded,503.6897689227888,1000,9.375,ed25519,gossipsub,kademlia,1022.7216000000003,3,4,4,5
memo,1024,4096000,1024,4096000,0.01,4,7.3231663452886115,4096,3938604,sharded,491.08047399656175,1000,9.375,ed25519,plumtree,kademlia,380.53764999999936,6,8,9,13
memo,1024,524288000,1024,524288000,0.01,4,6.6497284989462235,524288,9466642,sharded,69343.02597062002,1000,0.146484375,ed25519,gossip,kademlia,948.9864999999796,3,4,4,5
memo,1024,524288000,1024,524288000,0.01,4,6.64777325435503,524288,10222224,sharded,68535.32071081495,1000,0.146484375,ed25519,gossipsub,kademlia,1020.1991999999983,3,4,4,5
memo,1024,524288000,1024,524288000,0.01,4,6.650716634752215,524288,3878085,sharded,69470.6789319124,1000,0.146484375,ed25519,plumtree,kademlia,380.74164999999994,6,8,9,14
memo,1024,524288000,1024,524288000,0.01,4,6.731555758866109,524288,9413474,sharded,68071.73979008768,1000,0.29296875,ed25519,gossip,kademlia,939.3819999999821,3,4,4,5
memo,1024,524288000,1024,524288000,0.01,4,6.736782088623338,524288,10233916,sharded,67941.1057057854,1000,0.29296875,ed25519,gossipsub,kademlia,1021.588799999999,3,4,4,5
memo,1024,524288000,1024,524288000,0.01,4,6.737046655207162,524288,3941497,sharded,68716.65400182159,1000,0.29296875,ed25519,plumtree,kademlia,380.65814999999924,6,8,9,14
memo,1024,524288000,1024,524288000,0.01,4,6.912394325112292,524288,9474980,sharded,66840.77589750268,1000,0.5859375,ed25519,gossip,kademlia,944.6119999999796,3,4,4,6
memo,1024,524288000,1024,524288000,0.01,4,6.907806158679383,524288,10226008,sharded,66259.01385853346,1000,0.5859375,ed25519,gossipsub,kademlia,1021.1009999999986,3,4,4,5
memo,1024,524288000,1024,524288000,0.01,4,6.922588947282485,524288,3897036,sharded,66022.851779957,1000,0.5859375,ed25519,plumtree,kademlia,380.56724999999847,6,8,9,14
memo,1024,524288000,1024,524288000,0.01,4,926.049870157927,524288,9507230,sharded,502.4638683018738,1000,1200.0,ed25519,gossip,kademlia,947.7929999999797,3,4,4,5
memo,1024,524288000,1024,524288000,0.01,4,920.7570875017393,524288,10236124,sharded,504.3557115156312,1000,1200.0,ed25519,gossipsub,kademlia,1022.790599999999,3,4,4,5
memo,1024,524288000,1024,524288000,0.01,4,918.7582351424945,524288,3925977,sharded,506.8796100943492,1000,1200.0,ed25519,plumtree,kademlia,380.70620000000025,6,8,9,15
memo,1024,524288000,1024,524288000,0.01,4,121.44753681948328,524288,9490914,sharded,3778.4551586424873,1000,150.0,ed25519,gossip,kademlia,945.4344999999794,3,4,4,5
memo,1024,524288000,1024,524288000,0.01,4,120.34559521627983,524288,10245712,sharded,3832.656834436471,1000,150.0,ed25519,gossipsub,kademlia,1022.652600000001,3,4,4,5
memo,1024,524288000,1024,524288000,0.01,4,121.62708774137037,524288,3930257,sharded,3768.566628633442,1000,150.0,ed25519,plumtree,kademlia,380.62235000000044,6,8,9,13
memo,1024,524288000,1024,524288000,0.01,4,18.907193967854873,524288,9533158,sharded,24034.64124674431,1000,18.75,ed25519,gossip,kademlia,950.3879999999805,3,4,4,6
memo,1024,524288000,1024,524288000,0.01,4,19.11553858539029,524288,10222104,sharded,23854.964167659607,1000,18.75,ed25519,gossipsub,kademlia,1020.0269999999978,3,4,4,5
memo,1024,524288000,1024,524288000,0.01,4,19.008730447796516,524288,3929689,sharded,24257.921762126516,1000,18.75,ed25519,plumtree,kademlia,380.65929999999986,6,8,9,15
memo,1024,524288000,1024,524288000,0.01,4,7.26200857082239,524288,9483732,sharded,62864.808206677815,1000,1.171875,ed25519,gossip,kademlia,948.0529999999787,3,4,4,6
memo,1024,524288000,1024,524288000,0.01,4,7.249835224144357,524288,10210168,sharded,63566.98293848336,1000,1.171875,ed25519,gossipsub,kademlia,1020.984599999998,3,4,4,5
memo,1024,524288000,1024,524288000,0.01,4,7.260828749820486,524288,3914460,sharded,63831.77567870042,1000,1.171875,ed25519,plumtree,kademlia,380.71105000000034,6,8,9,14
memo,1024,524288000,1024,524288000,0.01,4,7.9583573805375245,524288,9416332,sharded,57693.591032096665,1000,2.34375,ed25519,gossip,kademlia,944.2209999999801,3,4,4,6
memo,1024,524288000,1024,524288000,0.01,4,7.9702227857556105,524288,10208644,sharded,57673.48245541185,1000,2.34375,ed25519,gossipsub,kademlia,1019.8164,3,4,4,5
memo,1024,524288000,1024,524288000,0.01,4,7.992091524440592,524288,3902638,sharded,57302.46789585602,1000,2.34375,ed25519,plumtree,kademlia,380.59424999999965,6,8,9,15
memo,1024,524288000,1024,524288000,0.01,4,237.66295813891583,524288,9361842,sharded,1934.6791759245984,1000,300.0,ed25519,gossip,kademlia,940.8904999999799,3,4,4,6
memo,1024,524288000,1024,524288000,0.01,4,242.23854380225583,524288,10215728,sharded,1883.526150869105,1000,300.0,ed25519,gossipsub,kademlia,1020.2597999999999,3,4,4,5
memo,1024,524288000,1024,524288000,0.01,4,238.5044975512862,524288,3915558,sharded,1911.915677405392,1000,300.0,ed25519,plumtree,kademlia,380.5487000000007,6,8,9,14
memo,1024,524288000,1024,524288000,0.01,4,33.234514362765054,524288,9516938,sharded,14067.749535820265,1000,37.5,ed25519,gossip,kademlia,943.621499999981,3,4,4,6
memo,1024,524288000,1024,524288000,0.01,4,33.50534665833403,524288,10228196,sharded,13793.64543554255,1000,37.5,ed25519,gossipsub,kademlia,1022.2841999999994,3,4,4,5
memo,1024,524288000,1024,524288000,0.01,4,33.18467331146772,524288,3885215,sharded,13919.037974689973,1000,37.5,ed25519,plumtree,kademlia,380.6157499999994,6,8,9,15
memo,1024,524288000,1024,524288000,0.01,4,9.361935225041169,524288,9473174,sharded,49575.96275164989,1000,4.6875,ed25519,gossip,kademlia,946.0544999999802,3,4,4,5
memo,1024,524288000,1024,524288000,0.01,4,9.419628304234505,524288,10220844,sharded,48326.11662557458,1000,4.6875,ed25519,gossipsub,kademlia,1021.2797999999999,3,4,4,5
memo,1024,524288000,1024,524288000,0.01,4,9.351599262047591,524288,3912895,sharded,49112.1652169084,1000,4.6875,ed25519,plumtree,kademlia,380.5644500000007,6,8,9,14
memo,1024,524288000,1024,524288000,0.01,4,469.38151654884246,524288,9500496,sharded,979.8695342366357,1000,600.0,ed25519,gossip,kademlia,949.8974999999801,3,4,4,6
memo,1024,524288000,1024,524288000,0.01,4,466.0779316230089,524288,10232936,sharded,994.9703784196652,1000,600.0,ed25519,gossipsub,kademlia,1020.9857999999986,3,4,4,5
memo,1024,524288000,1024,524288000,0.01,4,481.9428983964919,524288,3868438,sharded,945.899228968322,1000,600.0,ed25519,plumtree,kademlia,380.6759499999986,6,8,9,14
memo,1024,524288000,1024,524288000,0.01,4,62.4530137277209,524288,9515820,sharded,7408.532148939817,1000,75.0,ed25519,gossip,kademlia,946.8939999999798,3,4,4,5
memo,1024,524288000,1024,524288000,0.01,4,62.111414285343976,524288,10228180,sharded,7483.041842595293,1000,75.0,ed25519,gossipsub,kademlia,1022.6892000000003,3,4,4,5
memo,1024,524288000,1024,524288000,0.01,4,62.418249005602,524288,3932703,sharded,7313.963196228512,1000,75.0,ed25519,plumtree,kademlia,380.59755000000007,6,8,9,14
memo,1024,524288000,1024,524288000,0.01,4,12.154841015090234,524288,9498900,sharded,37472.8225103501,1000,9.375,ed25519,gossip,kademlia,949.761499999979,3,4,4,5
memo,1024,524288000,1024,524288000,0.01,4,12.201608999697193,524288,10207880,sharded,37780.363557907825,1000,9.375,ed25519,gossipsub,kademlia,1020.5064000000004,3,4,4,5
memo,1024,524288000,1024,524288000,0.01,4,12.281161890787937,524288,3905708,sharded,37375.54704366416,1000,9.375,ed25519,plumtree,kademlia,380.4777000000002,6,8,9,15
memo,1024,65536000,1024,65536000,0.01,4,0.9110328796757822,65536,9506514,sharded,63232.7825758618,1000,0.146484375,ed25519,gossip,kademlia,945.403999999979,3,4,4,5
memo,1024,65536000,1024,65536000,0.01,4,0.9129358796807285,65536,10207708,sharded,62616.419479527554,1000,0.146484375,ed25519,gossipsub,kademlia,1020.4608000000004,3,4,4,5
memo,1024,65536000,1024,65536000,0.01,4,0.9158604710117193,65536,3887410,sharded,63382.48438200932,1000,0.146484375,ed25519,plumtree,kademlia,380.4270999999994,6,8,9,15
memo,1024,65536000,1024,65536000,0.01,4,1.0020472563355287,65536,9427432,sharded,57603.90204658395,1000,0.29296875,ed25519,gossip,kademlia,942.748999999981,3,4,4,6
memo,1024,65536000,1024,65536000,0.01,4,1.0055080484536518,65536,10245820,sharded,57927.05497442352,1000,0.29296875,ed25519,gossipsub,kademlia,1020.8219999999997,3,4,4,5
memo,1024,65536000,1024,65536000,0.01,4,1.000984624096155,65536,3885808,sharded,57304.96015540178,1000,0.29296875,ed25519,plumtree,kademlia,380.6010500000012,6,8,9,14
memo,1024,65536000,1024,65536000,0.01,4,1.1819380897173233,65536,9434084,sharded,48462.32175637827,1000,0.5859375,ed25519,gossip,kademlia,941.5654999999794,3,4,4,5
memo,1024,65536000,1024,65536000,0.01,4,1.180580728913926,65536,10223036,sharded,48976.01204552235,1000,0.5859375,ed25519,gossipsub,kademlia,1020.9768000000005,3,4,4,5
memo,1024,65536000,1024,65536000,0.01,4,1.1822861635899293,65536,3908300,sharded,47893.73820299551,1000,0.5859375,ed25519,plumtree,kademlia,380.59225000000043,6,8,9,14
memo,1024,65536000,1024,65536000,0.01,4,932.4302386259949,65536,9484236,sharded,61.74657750786816,1000,1200.0,ed25519,gossip,kademlia,949.5674999999799,3,4,4,6
memo,1024,65536000,1024,65536000,0.01,4,931.65691383609,65536,10207088,sharded,61.27025426662889,1000,1200.0,ed25519,gossipsub,kademlia,1020.1577999999996,3,4,4,5
memo,1024,65536000,1024,65536000,0.01,4,947.6541378760119,65536,3912145,sharded,59.976624095568916,1000,1200.0,ed25519,plumtree,kademlia,380.6383999999996,6,8,9,14
memo,1024,65536000,1024,65536000,0.01,4,117.76575398321943,65536,9455086,sharded,484.7152424985433,1000,150.0,ed25519,gossip,kademlia,944.36399999998,3,4,4,6
memo,1024,65536000,1024,65536000,0.01,4,118.14195459922168,65536,10243280,sharded,484.0038426144061,1000,150.0,ed25519,gossipsub,kademlia,1020.8358000000001,3,4,4,5
memo,1024,65536000,1024,65536000,0.01,4,118.4233969295579,65536,3858094,sharded,482.71521913869327,1000,150.0,ed25519,plumtree,kademlia,380.5045500000003,6,8,9,14
memo,1024,65536000,1024,65536000,0.01,4,15.197771539415578,65536,9465056,sharded,3782.9530369562876,1000,18.75,ed25519,gossip,kademlia,944.3979999999805,3,4,4,5
memo,1024,65536000,1024,65536000,0.01,4,15.124058850706101,65536,10240372,sharded,3795.9741208835394,1000,18.75,ed25519,gossipsub,kademlia,1022.1540000000003,3,4,4,5
memo,1024,65536000,1024,65536000,0.01,4,14.91490505513541,65536,3862982,sharded,3874.471060082478,1000,18.75,ed25519,plumtree,kademlia,380.435150000001,6,8,9,15
memo,1024,65536000,1024,65536000,0.01,4,1.5396886683260476,65536,9512778,sharded,37425.44138007355,1000,1.171875,ed25519,gossip,kademlia,948.9124999999798,3,4,4,6
memo,1024,65536000,1024,65536000,0.01,4,1.5460977657382207,65536,10223732,sharded,37302.09128946178,1000,1.171875,ed25519,gossipsub,kademlia,1021.2083999999987,3,4,4,5
memo,1024,65536000,1024,65536000,0.01,4,1.5400410121560373,65536,3908852,sharded,37044.525145554806,1000,1.171875,ed25519,plumtree,kademlia,380.54150000000027,6,8,9,14
memo,1024,65536000,1024,65536000,0.01,4,2.387466449694696,65536,9452186,sharded,24012.323191947286,1000,2.34375,ed25519,gossip,kademlia,942.7379999999789,3,4,4,6
memo,1024,65536000,1024,65536000,0.01,4,2.3543221570110204,65536,10233880,sharded,24573.061858895464,1000,2.34375,ed25519,gossipsub,kademlia,1021.187400000001,3,4,4,5
memo,1024,65536000,1024,65536000,0.01,4,2.401681986910127,65536,3842489,sharded,24027.09780666702,1000,2.34375,ed25519,plumtree,kademlia,380.82114999999953,6,8,9,13
memo,1024,65536000,1024,65536000,0.01,4,237.0926588242692,65536,9361216,sharded,242.48939754230372,1000,300.0,ed25519,gossip,kademlia,944.2199999999808,3,4,4,5
memo,1024,65536000,1024,65536000,0.01,4,230.8079112722971,65536,10216688,sharded,250.7248892856551,1000,300.0,ed25519,gossipsub,kademlia,1020.0191999999989,3,4,4,5
memo,1024,65536000,1024,65536000,0.01,4,240.02606919186374,65536,3872124,sharded,236.11291969581228,1000,300.0,ed25519,plumtree,kademlia,380.7126999999996,6,8,9,15
memo,1024,65536000,1024,65536000,0.01,4,30.229338477530604,65536,9442778,sharded,1884.5324068981631,1000,37.5,ed25519,gossip,kademlia,943.3999999999808,3,4,4,5
memo,1024,65536000,1024,65536000,0.01,4,30.050225414995456,65536,10210832,sharded,1919.2095634404318,1000,37.5,ed25519,gossipsub,kademlia,1022.1551999999991,3,4,4,5
memo,1024,65536000,1024,65536000,0.01,4,29.415426561481734,65536,3896997,sharded,1962.2979758377637,1000,37.5,ed25519,plumtree,kademlia,380.69264999999984,6,8,9,14
memo,1024,65536000,1024,65536000,0.01,4,4.194534714030524,65536,9514654,sharded,13636.20708839931,1000,4.6875,ed25519,gossip,kademlia,946.0034999999807,3,4,4,5
memo,1024,65536000,1024,65536000,0.01,4,4.220917546876045,65536,10219228,sharded,13519.921051818608,1000,4.6875,ed25519,gossipsub,kademlia,1020.7577999999999,3,4,4,5
memo,1024,65536000,1024,65536000,0.01,4,4.198138427903959,65536,3899367,sharded,13542.545339169708,1000,4.6875,ed25519,plumtree,kademlia,380.54744999999934,6,8,9,16
memo,1024,65536000,1024,65536000,0.01,4,473.03885524477795,65536,9477994,sharded,121.08828559201604,1000,600.0,ed25519,gossip,kademlia,946.1649999999804,3,4,4,5
memo,1024,65536000,1024,65536000,0.01,4,471.5277064973988,65536,10230964,sharded,121.85856145510928,1000,600.0,ed25519,gossipsub,kademlia,1021.1213999999977,3,4,4,5
memo,1024,65536000,1024,65536000,0.01,4,467.42449197299646,65536,3859766,sharded,122.64786502311036,1000,600.0,ed25519,plumtree,kademlia,380.61625000000043,6,8,9,15
memo,1024,65536000,1024,65536000,0.01,4,59.48805839582577,65536,9405012,sharded,960.6699821961253,1000,75.0,ed25519,gossip,kademlia,939.1669999999799,3,4,4,5
memo,1024,65536000,1024,65536000,0.01,4,58.93547822129344,65536,10236860,sharded,969.399243448544,1000,75.0,ed25519,gossipsub,kademlia,1024.3337999999987,3,4,4,5
memo,1024,65536000,1024,65536000,0.01,4,59.68752363041061,65536,3889352,sharded,957.4595916203009,1000,75.0,ed25519,plumtree,kademlia,380.6642500000007,6,8,9,16
memo,1024,65536000,1024,65536000,0.01,4,7.81635114099006,65536,9482574,sharded,7296.7172240902955,1000,9.375,ed25519,gossip,kademlia,944.6904999999795,3,4,4,5
memo,1024,65536000,1024,65536000,0.01,4,7.826734692960901,65536,10230304,sharded,7316.343564258089,1000,9.375,ed25519,gossipsub,kademlia,1021.711799999998,3,4,4,5
memo,1024,65536000,1024,65536000,0.01,4,7.869819804032936,65536,3918061,sharded,7253.387932814872,1000,9.375,ed25519,plumtree,kademlia,380.64025000000026,6,8,9,14
memo,1024,8192000,1024,8192000,0.01,4,0.19799017370986696,8192,9400532,sharded,36395.058729325676,1000,0.146484375,ed25519,gossip,kademlia,941.1774999999794,3,4,4,5
memo,1024,8192000,1024,8192000,0.01,4,0.19675995117646963,8192,10205960,sharded,36206.270419383734,1000,0.146484375,ed25519,gossipsub,kademlia,1019.6514,3,4,4,5
memo,1024,8192000,1024,8192000,0.01,4,0.19897421792285427,8192,3889873,sharded,36184.18544452556,1000,0.146484375,ed25519,plumtree,kademlia,380.56074999999913,6,8,9,14
memo,1024,8192000,1024,8192000,0.01,4,0.30746637565343743,8192,9540200,sharded,23149.848450494865,1000,0.29296875,ed25519,gossip,kademlia,946.7864999999798,3,4,4,6
memo,1024,8192000,1024,8192000,0.01,4,0.30112648297542166,8192,10207516,sharded,23956.896546322103,1000,0.29296875,ed25519,gossipsub,kademlia,1019.3531999999994,3,4,4,5
memo,1024,8192000,1024,8192000,0.01,4,0.3061853524425643,8192,3913902,sharded,23688.161246578726,1000,0.29296875,ed25519,plumtree,kademlia,380.6441500000008,6,8,9,15
memo,1024,8192000,1024,8192000,0.01,4,0.5280927412837515,8192,9386934,sharded,13559.754641945361,1000,0.5859375,ed25519,gossip,kademlia,940.1604999999811,3,4,4,5
memo,1024,8192000,1024,8192000,0.01,4,0.5259695270359832,8192,10243492,sharded,13622.279679160627,1000,0.5859375,ed25519,gossipsub,kademlia,1021.7069999999997,3,4,4,5
memo,1024,8192000,1024,8192000,0.01,4,0.5322509565315725,8192,3839668,sharded,13446.123322420883,1000,0.5859375,ed25519,plumtree,kademlia,380.6730999999996,6,8,9,14
memo,1024,8192000,1024,8192000,0.01,4,936.1394773378966,8192,9462364,sharded,7.714927288974004,1000,1200.0,ed25519,gossip,kademlia,946.1369999999797,3,4,4,5
memo,1024,8192000,1024,8192000,0.01,4,932.8624252987379,8192,10234412,sharded,7.728856693623497,1000,1200.0,ed25519,gossipsub,kademlia,1021.4418000000003,3,4,4,5
memo,1024,8192000,1024,8192000,0.01,4,931.2114766538006,8192,3908213,sharded,7.698573503154152,1000,1200.0,ed25519,plumtree,kademlia,380.4845499999989,6,8,9,14
memo,1024,8192000,1024,8192000,0.01,4,117.52949461307266,8192,9540692,sharded,60.61409541029042,1000,150.0,ed25519,gossip,kademlia,947.27099999998,3,4,4,5
memo,1024,8192000,1024,8192000,0.01,4,115.63746948395955,8192,10212628,sharded,62.33197623716449,1000,150.0,ed25519,gossipsub,kademlia,1019.4593999999994,3,4,4,5
memo,1024,8192000,1024,8192000,0.01,4,117.1756468459216,8192,3901181,sharded,61.56617176166321,1000,150.0,ed25519,plumtree,kademlia,380.55279999999965,6,8,9,16
memo,1024,8192000,1024,8192000,0.01,4,14.917668259108998,8192,9470594,sharded,479.33550175535873,1000,18.75,ed25519,gossip,kademlia,951.0429999999794,3,4,4,6
memo,1024,8192000,1024,8192000,0.01,4,14.703915327843525,8192,10232316,sharded,484.6322793022434,1000,18.75,ed25519,gossipsub,kademlia,1022.5961999999987,3,4,4,5
memo,1024,8192000,1024,8192000,0.01,4,14.611462587909555,8192,3923840,sharded,489.1003865631796,1000,18.75,ed25519,plumtree,kademlia,380.4910499999994,6,8,9,14
memo,1024,8192000,1024,8192000,0.01,4,0.9830500219661555,8192,9444016,sharded,7311.359380903863,1000,1.171875,ed25519,gossip,kademlia,944.6829999999804,3,4,4,6
memo,1024,8192000,1024,8192000,0.01,4,0.9896607897782901,8192,10235448,sharded,7256.312540793696,1000,1.171875,ed25519,gossipsub,kademlia,1021.8810000000017,3,4,4,5
memo,1024,8192000,1024,8192000,0.01,4,0.9926588872737914,8192,3986381,sharded,7244.712249290989,1000,1.171875,ed25519,plumtree,kademlia,380.67395000000016,6,8,9,14
memo,1024,8192000,1024,8192000,0.01,4,1.8675904434630721,8192,9503386,sharded,3864.954452548699,1000,2.34375,ed25519,gossip,kademlia,949.1594999999796,3,4,4,6
memo,1024,8192000,1024,8192000,0.01,4,1.9052996421359707,8192,10259300,sharded,3745.464409996843,1000,2.34375,ed25519,gossipsub,kademlia,1022.495999999998,3,4,4,5
memo,1024,8192000,1024,8192000,0.01,4,1.9293162872854566,8192,3859106,sharded,3727.5007977662713,1000,2.34375,ed25519,plumtree,kademlia,380.7040999999993,6,8,9,14
memo,1024,8192000,1024,8192000,0.01,4,229.11413602554504,8192,9457122,sharded,31.540367283118226,1000,300.0,ed25519,gossip,kademlia,944.5389999999801,3,4,4,5
memo,1024,8192000,1024,8192000,0.01,4,235.15176735309953,8192,10212860,sharded,30.425729223870512,1000,300.0,ed25519,gossipsub,kademlia,1019.7905999999981,3,4,4,5
memo,1024,8192000,1024,8192000,0.01,4,231.82555995579662,8192,3886559,sharded,31.28631718341567,1000,300.0,ed25519,plumtree,kademlia,380.4511000000002,6,8,9,15
memo,1024,8192000,1024,8192000,0.01,4,29.05066885491315,8192,9530934,sharded,247.9036897899861,1000,37.5,ed25519,gossip,kademlia,947.3364999999799,3,4,4,5
memo,1024,8192000,1024,8192000,0.01,4,29.805189564627536,8192,10235044,sharded,238.9481866759266,1000,37.5,ed25519,gossipsub,kademlia,1022.2139999999979,3,4,4,5
memo,1024,8192000,1024,8192000,0.01,4,29.509615074132462,8192,3904889,sharded,241.27214069427546,1000,37.5,ed25519,plumtree,kademlia,380.5757999999993,6,8,9,14
memo,1024,8192000,1024,8192000,0.01,4,3.744996644287386,8192,9528662,sharded,1913.1937036390505,1000,4.6875,ed25519,gossip,kademlia,946.7774999999788,3,4,4,5
memo,1024,8192000,1024,8192000,0.01,4,3.751052911224691,8192,10241476,sharded,1918.2944549962858,1000,4.6875,ed25519,gossipsub,kademlia,1022.4545999999971,3,4,4,5
memo,1024,8192000,1024,8192000,0.01,4,3.7417121456099904,8192,3898708,sharded,1909.3996870877102,1000,4.6875,ed25519,plumtree,kademlia,380.5857499999997,6,8,9,15
memo,1024,8192000,1024,8192000,0.01,4,470.48079956635314,8192,9477894,sharded,15.133131907959761,1000,600.0,ed25519,gossip,kademlia,944.2214999999807,3,4,4,5
memo,1024,8192000,1024,8192000,0.01,4,465.58412980058336,8192,10225796,sharded,15.499033446631364,1000,600.0,ed25519,gossipsub,kademlia,1021.2407999999991,3,4,4,5
memo,1024,8192000,1024,8192000,0.01,4,467.3160617459639,8192,3918878,sharded,15.191791126279034,1000,600.0,ed25519,plumtree,kademlia,380.6561000000001,6,8,9,14
memo,1024,8192000,1024,8192000,0.01,4,59.80029374507272,8192,9465376,sharded,118.30697738977129,1000,75.0,ed25519,gossip,kademlia,943.2224999999797,3,4,4,6
memo,1024,8192000,1024,8192000,0.01,4,59.58854007339989,8192,10200408,sharded,119.27729713205021,1000,75.0,ed25519,gossipsub,kademlia,1018.7399999999988,3,4,4,5
memo,1024,8192000,1024,8192000,0.01,4,58.55967761483371,8192,3904986,sharded,123.71611824182636,1000,75.0,ed25519,plumtree,kademlia,380.581450000001,6,8,9,14
memo,1024,8192000,1024,8192000,0.01,4,7.3925928020365905,8192,9502548,sharded,973.0788902667865,1000,9.375,ed25519,gossip,kademlia,951.8824999999795,3,4,4,6
memo,1024,8192000,1024,8192000,0.01,4,7.414510185703777,8192,10235776,sharded,967.9927358975971,1000,9.375,ed25519,gossipsub,kademlia,1022.314799999999,3,4,4,5
memo,1024,8192000,1024,8192000,0.01,4,7.418118070212903,8192,3887058,sharded,968.3501842393613,1000,9.375,ed25519,plumtree,kademlia,380.57745000000057,6,8,9,14
memo,1024,1024000,1024,1024000,0.01,512,0.6117165765141298,1024,18651736,sharded,1673.7882204118262,1000,0.146484375,ed25519,gossip,kademlia,946.0909999999794,3,4,4,6
memo,1024,1024000,1024,1024000,0.01,512,0.6113272883585501,1024,19405902,sharded,1674.7591993628052,1000,0.146484375,ed25519,gossipsub,kademlia,1021.3151999999981,3,4,4,5
memo,1024,1024000,1024,1024000,0.01,512,0.6153928780820065,1024,13034447,sharded,1663.659162242643,1000,0.146484375,ed25519,plumtree,kademlia,380.81220000000025,6,8,9,13
memo,1024,1024000,1024,1024000,0.01,512,0.7463880688602945,1024,18688320,sharded,1371.8332898373976,1000,0.29296875,ed25519,gossip,kademlia,944.5499999999806,3,4,4,5
memo,1024,1024000,1024,1024000,0.01,512,0.7470397638277494,1024,19419750,sharded,1370.542840656708,1000,0.29296875,ed25519,gossipsub,kademlia,1021.9871999999989,3,4,4,5
memo,1024,1024000,1024,1024000,0.01,512,0.7526803943921716,1024,13101673,sharded,1360.338342314406,1000,0.29296875,ed25519,plumtree,kademlia,380.55675000000053,6,8,9,15
memo,1024,1024000,1024,1024000,0.01,512,1.0186559533594788,1024,18642640,sharded,1005.1185551150273,1000,0.5859375,ed25519,gossip,kademlia,944.02299999998,3,4,4,6
memo,1024,1024000,1024,1024000,0.01,512,1.0195745300818118,1024,19428090,sharded,1004.1776935305028,1000,0.5859375,ed25519,gossipsub,kademlia,1023.5003999999994,3,4,4,5
memo,1024,1024000,1024,1024000,0.01,512,1.024263669954231,1024,13119984,sharded,999.5414560059014,1000,0.5859375,ed25519,plumtree,kademlia,380.75875,6,8,9,14
memo,1024,1024000,1024,1024000,0.01,512,1108.484103389076,1024,18630964,sharded,0.9237173513534851,1000,1200.0,ed25519,gossip,kademlia,943.042999999979,3,4,4,6
memo,1024,1024000,1024,1024000,0.01,512,1109.509550833125,1024,19382118,sharded,0.9228131467919146,1000,1200.0,ed25519,gossipsub,kademlia,1020.3941999999997,3,4,4,5
memo,1024,1024000,1024,1024000,0.01,512,1112.6730990908416,1024,13071959,sharded,0.9201840152661128,1000,1200.0,ed25519,plumtree,kademlia,380.58940000000024,6,8,9,13
memo,1024,1024000,1024,1024000,0.01,512,139.95332652131555,1024,18733198,sharded,7.315810388001456,1000,150.0,ed25519,gossip,kademlia,954.6609999999795,3,4,4,6
memo,1024,1024000,1024,1024000,0.01,512,138.9545617663785,1024,19388892,sharded,7.36862458478671,1000,150.0,ed25519,gossipsub,kademlia,1019.9693999999977,3,4,4,5
memo,1024,1024000,1024,1024000,0.01,512,139.41488147406687,1024,13101203,sharded,7.344423989561429,1000,150.0,ed25519,plumtree,kademlia,380.61440000000067,6,8,9,14
memo,1024,1024000,1024,1024000,0.01,512,17.799039615798915,1024,18597208,sharded,57.52849716066209,1000,18.75,ed25519,gossip,kademlia,942.702999999981,3,4,4,5
memo,1024,1024000,1024,1024000,0.01,512,17.886381323587596,1024,19399560,sharded,57.2428811326849,1000,18.75,ed25519,gossipsub,kademlia,1021.0344000000003,3,4,4,5
memo,1024,1024000,1024,1024000,0.01,512,17.9444448313846,1024,13104242,sharded,57.05754675727118,1000,18.75,ed25519,plumtree,kademlia,380.6359500000008,6,8,9,14
memo,1024,1024000,1024,1024000,0.01,512,1.5649433653586458,1024,18660314,sharded,654.231982232381,1000,1.171875,ed25519,gossip,kademlia,944.1549999999806,3,4,4,6
memo,1024,1024000,1024,1024000,0.01,512,1.5671148064831988,1024,19421772,sharded,653.3203539168886,1000,1.171875,ed25519,gossipsub,kademlia,1021.3356000000001,3,4,4,5
memo,1024,1024000,1024,1024000,0.01,512,1.571796222734213,1024,13091984,sharded,651.3910551451498,1000,1.171875,ed25519,plumtree,kademlia,380.414850000001,6,8,9,15
memo,1024,1024000,1024,1024000,0.01,512,2.654168571616398,1024,18644408,sharded,385.7637419677727,1000,2.34375,ed25519,gossip,kademlia,944.8959999999803,3,4,4,6
memo,1024,1024000,1024,1024000,0.01,512,2.6403519799715305,1024,19411590,sharded,387.7975390277475,1000,2.34375,ed25519,gossipsub,kademlia,1021.3325999999994,3,4,4,5
memo,1024,1024000,1024,1024000,0.01,512,2.6521970043672396,1024,13104302,sharded,386.03995039360615,1000,2.34375,ed25519,plumtree,kademlia,380.5484999999997,6,8,9,14
memo,1024,1024000,1024,1024000,0.01,512,278.65394646443485,1024,18646618,sharded,3.6745648607947725,1000,300.0,ed25519,gossip,kademlia,941.8439999999811,3,4,4,6
memo,1024,1024000,1024,1024000,0.01,512,277.94149397375116,1024,19426602,sharded,3.6839047864393297,1000,300.0,ed25519,gossipsub,kademlia,1022.7491999999986,3,4,4,5
memo,1024,1024000,1024,1024000,0.01,512,279.62285883404155,1024,13118378,sharded,3.661624819477572,1000,300.0,ed25519,plumtree,kademlia,380.78540000000083,6,8,9,14
memo,1024,1024000,1024,1024000,0.01,512,35.18599786283394,1024,18594320,sharded,29.10049628240189,1000,37.5,ed25519,gossip,kademlia,942.3969999999796,3,4,4,5
memo,1024,1024000,1024,1024000,0.01,512,35.23554061032306,1024,19407234,sharded,29.05889855142518,1000,37.5,ed25519,gossipsub,kademlia,1021.5269999999994,3,4,4,5
memo,1024,1024000,1024,1024000,0.01,512,35.320479984775154,1024,13099513,sharded,28.988734027435328,1000,37.5,ed25519,plumtree,kademlia,380.5982,6,8,9,13
memo,1024,1024000,1024,1024000,0.01,512,4.817432611112219,1024,18645464,sharded,212.54599340697416,1000,4.6875,ed25519,gossip,kademlia,945.827999999979,3,4,4,6
memo,1024,1024000,1024,1024000,0.01,512,4.810465041493519,1024,19404216,sharded,212.8484442082354,1000,4.6875,ed25519,gossipsub,kademlia,1021.0991999999999,3,4,4,5
memo,1024,1024000,1024,1024000,0.01,512,4.838521701517586,1024,13036807,sharded,211.60843397248087,1000,4.6875,ed25519,plumtree,kademlia,380.82329999999973,6,8,9,15
memo,1024,1024000,1024,1024000,0.01,512,555.2398728137598,1024,18669764,sharded,1.8440246281509964,1000,600.0,ed25519,gossip,kademlia,943.30049999998,3,4,4,6
memo,1024,1024000,1024,1024000,0.01,512,557.8798876579235,1024,19406082,sharded,1.8353663981301933,1000,600.0,ed25519,gossipsub,kademlia,1020.4890000000004,3,4,4,5
memo,1024,1024000,1024,1024000,0.01,512,557.9982316206624,1024,13080715,sharded,1.8347907609427787,1000,600.0,ed25519,plumtree,kademlia,380.61010000000067,6,8,9,15
memo,1024,1024000,1024,1024000,0.01,512,70.33365872357975,1024,18598574,sharded,14.55655824793258,1000,75.0,ed25519,gossip,kademlia,943.6969999999801,3,4,4,6
memo,1024,1024000,1024,1024000,0.01,512,69.94950995468362,1024,19414740,sharded,14.636957437776104,1000,75.0,ed25519,gossipsub,kademlia,1022.3598000000001,3,4,4,5
memo,1024,1024000,1024,1024000,0.01,512,70.01720513921317,1024,13087153,sharded,14.624205550108977,1000,75.0,ed25519,plumtree,kademlia,380.5140000000004,6,8,9,16
memo,1024,1024000,1024,1024000,0.01,512,9.12037596265379,1024,18771302,sharded,112.27914333720456,1000,9.375,ed25519,gossip,kademlia,946.9179999999805,3,4,4,6
memo,1024,1024000,1024,1024000,0.01,512,9.211627919281938,1024,19408884,sharded,111.14995188383733,1000,9.375,ed25519,gossipsub,kademlia,1022.3711999999977,3,4,4,5
memo,1024,1024000,1024,1024000,0.01,512,9.212565266567923,1024,13088890,sharded,111.13082734027779,1000,9.375,ed25519,plumtree,kademlia,380.4706500000009,6,8,9,14
memo,1024,131072000,1024,131072000,0.01,512,0.6198693137844995,131072,18714860,sharded,211215.16598499822,1000,0.146484375,ed25519,gossip,kademlia,946.8784999999798,3,4,4,5
memo,1024,131072000,1024,131072000,0.01,512,0.6186441612634991,131072,19434378,sharded,211659.10906290443,1000,0.146484375,ed25519,gossipsub,kademlia,1023.2814000000008,3,4,4,5
memo,1024,131072000,1024,131072000,0.01,512,0.6232038110074466,131072,13111179,sharded,210086.68703156497,1000,0.146484375,ed25519,plumtree,kademlia,380.60520000000037,6,8,9,14
memo,1024,131072000,1024,131072000,0.01,512,0.7561903406730383,131072,18567956,sharded,173141.05319497926,1000,0.29296875,ed25519,gossip,kademlia,944.3024999999802,3,4,4,6
memo,1024,131072000,1024,131072000,0.01,512,0.7533404134191034,131072,19410666,sharded,173790.27816361672,1000,0.29296875,ed25519,gossipsub,kademlia,1020.4530000000003,3,4,4,5
memo,1024,131072000,1024,131072000,0.01,512,0.7578751734122542,131072,13078492,sharded,172757.8321513111,1000,0.29296875,ed25519,plumtree,kademlia,380.57235000000105,6,8,9,14
memo,1024,131072000,1024,131072000,0.01,512,1.0271661458892505,131072,18657962,sharded,127475.33057239003,1000,0.5859375,ed25519,gossip,kademlia,944.3679999999796,3,4,4,5
memo,1024,131072000,1024,131072000,0.01,512,1.0281658500940034,131072,19398444,sharded,127342.91844844811,1000,0.5859375,ed25519,gossipsub,kademlia,1019.9262000000014,3,4,4,5
memo,1024,131072000,1024,131072000,0.01,512,1.0308422923583296,131072,13040769,sharded,127010.551439898,1000,0.5859375,ed25519,plumtree,kademlia,380.6215500000005,6,8,9,15
memo,1024,131072000,1024,131072000,0.01,512,1112.4405645135505,131072,18681424,sharded,117.69769296146978,1000,1200.0,ed25519,gossip,kademlia,944.5234999999778,3,4,4,6
memo,1024,131072000,1024,131072000,0.01,512,1114.7012868584563,131072,19418730,sharded,117.45508643754263,1000,1200.0,ed25519,gossipsub,kademlia,1021.7531999999976,3,4,4,5
memo,1024,131072000,1024,131072000,0.01,512,1115.52038960439,131072,13082963,sharded,117.36448138471998,1000,1200.0,ed25519,plumtree,kademlia,380.5101000000002,6,8,9,15
memo,1024,131072000,1024,131072000,0.01,512,139.57083076262515,131072,18502218,sharded,938.0709084025905,1000,150.0,ed25519,gossip,kademlia,935.8194999999812,3,4,4,5
memo,1024,131072000,1024,131072000,0.01,512,139.7201661738537,131072,19407444,sharded,937.0627847456763,1000,150.0,ed25519,gossipsub,kademlia,1021.4585999999988,3,4,4,5
memo,1024,131072000,1024,131072000,0.01,512,139.33252526365476,131072,13062782,sharded,939.7249332288857,1000,150.0,ed25519,plumtree,kademlia,380.7689499999999,6,8,9,15
memo,1024,131072000,1024,131072000,0.01,512,17.873626524467525,131072,18654534,sharded,7325.412546847461,1000,18.75,ed25519,gossip,kademlia,942.091499999981,3,4,4,5
memo,1024,131072000,1024,131072000,0.01,512,17.94456264509913,131072,19402902,sharded,7295.983891574904,1000,18.75,ed25519,gossipsub,kademlia,1020.0065999999996,3,4,4,5
memo,1024,131072000,1024,131072000,0.01,512,17.84254085846331,131072,13086251,sharded,7338.218084443641,1000,18.75,ed25519,plumtree,kademlia,380.3719000000003,6,8,9,14
memo,1024,131072000,1024,131072000,0.01,512,1.5710373353725746,131072,18703438,sharded,83343.03269053024,1000,1.171875,ed25519,gossip,kademlia,949.8889999999786,3,4,4,5
memo,1024,131072000,1024,131072000,0.01,512,1.5692759688973268,131072,19424088,sharded,83434.13051306749,1000,1.171875,ed25519,gossipsub,kademlia,1021.7903999999991,3,4,4,5
memo,1024,131072000,1024,131072000,0.01,512,1.5766412661960683,131072,13095255,sharded,83043.06807590427,1000,1.171875,ed25519,plumtree,kademlia,380.6869999999997,6,8,9,14
memo,1024,131072000,1024,131072000,0.01,512,2.6554058702290355,131072,18630128,sharded,49308.370320318165,1000,2.34375,ed25519,gossip,kademlia,948.9164999999787,3,4,4,5
memo,1024,131072000,1024,131072000,0.01,512,2.6522525939287704,131072,19405740,sharded,49363.71154832629,1000,2.34375,ed25519,gossipsub,kademlia,1022.0873999999993,3,4,4,5
memo,1024,131072000,1024,131072000,0.01,512,2.6636907669457734,131072,13087890,sharded,49150.00856128479,1000,2.34375,ed25519,plumtree,kademlia,380.48340000000036,6,8,9,14
memo,1024,131072000,1024,131072000,0.01,512,279.94438951670764,131072,18624072,sharded,467.6566807644008,1000,300.0,ed25519,gossip,kademlia,943.2524999999811,3,4,4,6
memo,1024,131072000,1024,131072000,0.01,512,278.6938852796917,131072,19430358,sharded,469.81844567058107,1000,300.0,ed25519,gossipsub,kademlia,1021.1093999999995,3,4,4,5
memo,1024,131072000,1024,131072000,0.01,512,279.33326472409686,131072,13090393,sharded,468.75038720980723,1000,300.0,ed25519,plumtree,kademlia,380.4913000000003,6,8,9,16
memo,1024,131072000,1024,131072000,0.01,512,35.14330872635874,131072,18616036,sharded,3725.716124782378,1000,37.5,ed25519,gossip,kademlia,942.89099999998,3,4,4,6
memo,1024,131072000,1024,131072000,0.01,512,35.21871895414515,131072,19430784,sharded,3717.745900141248,1000,37.5,ed25519,gossipsub,kademlia,1021.7735999999985,3,4,4,5
memo,1024,131072000,1024,131072000,0.01,512,35.18086300176636,131072,13056605,sharded,3721.6881232682144,1000,37.5,ed25519,plumtree,kademlia,380.51715000000013,6,8,9,15
memo,1024,131072000,1024,131072000,0.01,512,4.8488271607856035,131072,18604448,sharded,27001.32870456609,1000,4.6875,ed25519,gossip,kademlia,939.1799999999802,3,4,4,6
memo,1024,131072000,1024,131072000,0.01,512,4.819756620427861,131072,19429158,sharded,27167.37510044151,1000,4.6875,ed25519,gossipsub,kademlia,1023.7505999999981,3,4,4,5
memo,1024,131072000,1024,131072000,0.01,512,4.839940205216486,131072,13099719,sharded,27052.388758621768,1000,4.6875,ed25519,plumtree,kademlia,380.66729999999995,6,8,9,14
memo,1024,131072000,1024,131072000,0.01,512,560.9264887610044,131072,18719012,sharded,233.39804167419362,1000,600.0,ed25519,gossip,kademlia,949.5349999999797,3,4,4,5
memo,1024,131072000,1024,131072000,0.01,512,555.9071034682984,131072,19413792,sharded,235.51878935014605,1000,600.0,ed25519,gossipsub,kademlia,1021.9193999999964,3,4,4,5
memo,1024,131072000,1024,131072000,0.01,512,556.6869319319749,131072,13121599,sharded,235.1953036612672,1000,600.0,ed25519,plumtree,kademlia,380.7050499999992,6,8,9,16
memo,1024,131072000,1024,131072000,0.01,512,70.0519229815495,131072,18634430,sharded,1869.110146119558,1000,75.0,ed25519,gossip,kademlia,943.9924999999812,3,4,4,5
memo,1024,131072000,1024,131072000,0.01,512,70.49308791343255,131072,19396968,sharded,1857.274746720977,1000,75.0,ed25519,gossipsub,kademlia,1020.8322000000005,3,4,4,5
memo,1024,131072000,1024,131072000,0.01,512,70.3401659439018,131072,13083295,sharded,1861.3816763585712,1000,75.0,ed25519,plumtree,kademlia,380.55359999999945,6,8,9,14
memo,1024,131072000,1024,131072000,0.01,512,9.154868854841103,131072,18693580,sharded,14301.220702988696,1000,9.375,ed25519,gossip,kademlia,949.2474999999807,3,4,4,5
memo,1024,131072000,1024,131072000,0.01,512,9.14647782448943,131072,19422468,sharded,14315.656202589564,1000,9.375,ed25519,gossipsub,kademlia,1021.3907999999982,3,4,4,5
memo,1024,131072000,1024,131072000,0.01,512,9.203890458125455,131072,13089687,sharded,14225.606073398067,1000,9.375,ed25519,plumtree,kademlia,380.48900000000015,6,8,9,15
memo,1024,16384000,1024,16384000,0.01,512,0.6127199332617537,16384,18672980,sharded,26711.127077056044,1000,0.146484375,ed25519,gossip,kademlia,949.2304999999802,3,4,4,6
memo,1024,16384000,1024,16384000,0.01,512,0.6124451646901283,16384,19416744,sharded,26722.58831250725,1000,0.146484375,ed25519,gossipsub,kademlia,1021.6842000000005,3,4,4,5
memo,1024,16384000,1024,16384000,0.01,512,0.6158539801204191,16384,13043303,sharded,26576.910320202252,1000,0.146484375,ed25519,plumtree,kademlia,380.68404999999996,6,8,9,14
memo,1024,16384000,1024,16384000,0.01,512,0.7488919602463239,16384,18618298,sharded,21854.890783734172,1000,0.29296875,ed25519,gossip,kademlia,942.1264999999817,3,4,4,5
memo,1024,16384000,1024,16384000,0.01,512,0.7492177786805938,16384,19423998,sharded,21845.173013409607,1000,0.29296875,ed25519,gossipsub,kademlia,1022.9939999999989,3,4,4,5
memo,1024,16384000,1024,16384000,0.01,512,0.7511356791846274,16384,13084458,sharded,21789.522790032526,1000,0.29296875,ed25519,plumtree,kademlia,380.5844499999999,6,8,9,14
memo,1024,16384000,1024,16384000,0.01,512,1.0191400589532174,16384,18597394,sharded,16059.94765509588,1000,0.5859375,ed25519,gossip,kademlia,942.9229999999804,3,4,4,6
memo,1024,16384000,1024,16384000,0.01,512,1.0188734683979548,16384,19416972,sharded,16063.270374224276,1000,0.5859375,ed25519,gossipsub,kademlia,1022.2217999999995,3,4,4,5
memo,1024,16384000,1024,16384000,0.01,512,1.0219919465965384,16384,13105382,sharded,16015.069447960595,1000,0.5859375,ed25519,plumtree,kademlia,380.5166999999998,6,8,9,15
memo,1024,16384000,1024,16384000,0.01,512,1113.7452377069023,16384,18650884,sharded,14.695762949971233,1000,1200.0,ed25519,gossip,kademlia,950.7709999999795,3,4,4,5
memo,1024,16384000,1024,16384000,0.01,512,1109.53472393311,16384,19401228,sharded,14.752569385099118,1000,1200.0,ed25519,gossipsub,kademlia,1021.6337999999994,3,4,4,5
memo,1024,16384000,1024,16384000,0.01,512,1119.4754247737092,16384,13058609,sharded,14.61922578899684,1000,1200.0,ed25519,plumtree,kademlia,380.70165000000026,6,8,9,15
memo,1024,16384000,1024,16384000,0.01,512,140.00026634609372,16384,18684630,sharded,116.9017775976299,1000,150.0,ed25519,gossip,kademlia,951.0389999999802,3,4,4,5
memo,1024,16384000,1024,16384000,0.01,512,140.19355399298826,16384,19418616,sharded,116.73763546088956,1000,150.0,ed25519,gossipsub,kademlia,1021.2947999999978,3,4,4,5
memo,1024,16384000,1024,16384000,0.01,512,139.29484962185484,16384,13121287,sharded,117.4981562091589,1000,150.0,ed25519,plumtree,kademlia,380.79859999999917,6,8,9,14
memo,1024,16384000,1024,16384000,0.01,512,17.810559561209647,16384,18704824,sharded,918.9501286442678,1000,18.75,ed25519,gossip,kademlia,953.6234999999795,3,4,4,6
memo,1024,16384000,1024,16384000,0.01,512,17.957994405505403,16384,19393812,sharded,911.4091267888092,1000,18.75,ed25519,gossipsub,kademlia,1019.696399999999,3,4,4,5
memo,1024,16384000,1024,16384000,0.01,512,17.826857946243265,16384,13074630,sharded,918.0974038921452,1000,18.75,ed25519,plumtree,kademlia,380.5851499999996,6,8,9,15
memo,1024,16384000,1024,16384000,0.01,512,1.5635431627358125,16384,18729114,sharded,10468.31094279525,1000,1.171875,ed25519,gossip,kademlia,948.7124999999799,3,4,4,5
memo,1024,16384000,1024,16384000,0.01,512,1.5623497255570082,16384,19391964,sharded,10476.102585907725,1000,1.171875,ed25519,gossipsub,kademlia,1020.2915999999997,3,4,4,5
memo,1024,16384000,1024,16384000,0.01,512,1.569527878561186,16384,13089344,sharded,10427.08971503115,1000,1.171875,ed25519,plumtree,kademlia,380.5807500000007,6,8,9,14
memo,1024,16384000,1024,16384000,0.01,512,2.6572985283753083,16384,18695066,sharded,6159.015942407684,1000,2.34375,ed25519,gossip,kademlia,946.3449999999806,3,4,4,6
memo,1024,16384000,1024,16384000,0.01,512,2.6567327765081847,16384,19422756,sharded,6160.604538297485,1000,2.34375,ed25519,gossipsub,kademlia,1022.8122,3,4,4,5
memo,1024,16384000,1024,16384000,0.01,512,2.6544362738294236,16384,13089707,sharded,6166.344304957247,1000,2.34375,ed25519,plumtree,kademlia,380.3619499999994,6,8,9,14
memo,1024,16384000,1024,16384000,0.01,512,276.9974804259031,16384,18623494,sharded,59.09185879536736,1000,300.0,ed25519,gossip,kademlia,944.3664999999809,3,4,4,5
memo,1024,16384000,1024,16384000,0.01,512,279.40477573615914,16384,19410318,sharded,58.57643612883288,1000,300.0,ed25519,gossipsub,kademlia,1021.5161999999993,3,4,4,5
memo,1024,16384000,1024,16384000,0.01,512,278.86266712266365,16384,13121737,sharded,58.69191515980386,1000,300.0,ed25519,plumtree,kademlia,380.69929999999954,6,8,9,13
memo,1024,16384000,1024,16384000,0.01,512,35.39863726426288,16384,18627780,sharded,462.34661175849664,1000,37.5,ed25519,gossip,kademlia,942.2059999999801,3,4,4,5
memo,1024,16384000,1024,16384000,0.01,512,35.19856457505028,16384,19437342,sharded,465.01191732125125,1000,37.5,ed25519,gossipsub,kademlia,1022.8325999999998,3,4,4,5
memo,1024,16384000,1024,16384000,0.01,512,35.37987006435192,16384,13065447,sharded,462.6162835032959,1000,37.5,ed25519,plumtree,kademlia,380.75980000000015,6,8,9,14
memo,1024,16384000,1024,16384000,0.01,512,4.828645184376113,16384,18687122,sharded,3389.7723636769624,1000,4.6875,ed25519,gossip,kademlia,949.9174999999798,3,4,4,5
memo,1024,16384000,1024,16384000,0.01,512,4.833007633098877,16384,19383204,sharded,3386.6397991813683,1000,4.6875,ed25519,gossipsub,kademlia,1019.2097999999995,3,4,4,5
memo,1024,16384000,1024,16384000,0.01,512,4.8286684249913066,16384,13092811,sharded,3389.404812990336,1000,4.6875,ed25519,plumtree,kademlia,380.4345500000004,6,8,9,14
memo,1024,16384000,1024,16384000,0.01,512,557.4268481415419,16384,18632808,sharded,29.359030794018135,1000,600.0,ed25519,gossip,kademlia,948.2439999999812,3,4,4,6
memo,1024,16384000,1024,16384000,0.01,512,558.862433139385,16384,19414620,sharded,29.28630559055296,1000,600.0,ed25519,gossipsub,kademlia,1020.8538000000004,3,4,4,5
memo,1024,16384000,1024,16384000,0.01,512,556.4186434604956,16384,13062730,sharded,29.414240864059032,1000,600.0,ed25519,plumtree,kademlia,380.74819999999943,6,8,9,14
memo,1024,16384000,1024,16384000,0.01,512,69.59927573517173,16384,18651930,sharded,235.1685391422646,1000,75.0,ed25519,gossip,kademlia,942.6594999999819,3,4,4,5
memo,1024,16384000,1024,16384000,0.01,512,70.09958142597824,16384,19449156,sharded,233.48692912357987,1000,75.0,ed25519,gossipsub,kademlia,1025.2013999999976,3,4,4,5
memo,1024,16384000,1024,16384000,0.01,512,70.01868184386947,16384,13088863,sharded,233.75624289095424,1000,75.0,ed25519,plumtree,kademlia,380.40140000000065,6,8,9,14
memo,1024,16384000,1024,16384000,0.01,512,9.139614019014191,16384,18691154,sharded,1790.8301122945472,1000,9.375,ed25519,gossip,kademlia,947.3179999999792,3,4,4,6
memo,1024,16384000,1024,16384000,0.01,512,9.21222276722697,16384,19420434,sharded,1776.5831779735083,1000,9.375,ed25519,gossipsub,kademlia,1021.3697999999999,3,4,4,5
memo,1024,16384000,1024,16384000,0.01,512,9.18228985349244,16384,13089183,sharded,1782.360637828832,1000,9.375,ed25519,plumtree,kademlia,380.59440000000023,6,8,9,17
memo,1024,2048000,1024,2048000,0.01,512,0.611098928664642,2048,18668050,sharded,3349.1140370222315,1000,0.146484375,ed25519,gossip,kademlia,948.41149999998,3,4,4,5
memo,1024,2048000,1024,2048000,0.01,512,0.6112736677481408,2048,19403784,sharded,3348.3922308319084,1000,0.146484375,ed25519,gossipsub,kademlia,1020.9372,3,4,4,5
memo,1024,2048000,1024,2048000,0.01,512,0.6149937713940521,2048,13097523,sharded,3327.767036340741,1000,0.146484375,ed25519,plumtree,kademlia,380.5438000000004,6,8,9,14
memo,1024,2048000,1024,2048000,0.01,512,0.7468108982552447,2048,18717578,sharded,2740.5384747083485,1000,0.29296875,ed25519,gossip,kademlia,950.2309999999802,3,4,4,6
memo,1024,2048000,1024,2048000,0.01,512,0.7472352874983622,2048,19429392,sharded,2739.05693995278,1000,0.29296875,ed25519,gossipsub,kademlia,1023.0533999999988,3,4,4,5
memo,1024,2048000,1024,2048000,0.01,512,0.7523451274457171,2048,13058504,sharded,2720.490803135661,1000,0.29296875,ed25519,plumtree,kademlia,380.7157500000001,6,8,9,14
memo,1024,2048000,1024,2048000,0.01,512,1.0175605988044403,2048,18662564,sharded,2011.587322076909,1000,0.5859375,ed25519,gossip,kademlia,942.6129999999807,3,4,4,5
memo,1024,2048000,1024,2048000,0.01,512,1.0212639100732648,2048,19421616,sharded,2004.2302286518286,1000,0.5859375,ed25519,gossipsub,kademlia,1021.4201999999993,3,4,4,5
memo,1024,2048000,1024,2048000,0.01,512,1.020296690933947,2048,13047648,sharded,2006.1693997324878,1000,0.5859375,ed25519,plumtree,kademlia,380.50055000000077,6,8,9,14
memo,1024,2048000,1024,2048000,0.01,512,1115.9252177699425,2048,18584670,sharded,1.833904250402829,1000,1200.0,ed25519,gossip,kademlia,941.6594999999801,3,4,4,6
memo,1024,2048000,1024,2048000,0.01,512,1117.2113308940498,2048,19392420,sharded,1.8319900124554858,1000,1200.0,ed25519,gossipsub,kademlia,1020.2045999999996,3,4,4,5
memo,1024,2048000,1024,2048000,0.01,512,1119.3289495921779,2048,13111574,sharded,1.8285134148863995,1000,1200.0,ed25519,plumtree,kademlia,380.5505000000003,6,8,9,16
memo,1024,2048000,1024,2048000,0.01,512,139.61905873704828,2048,18651610,sharded,14.659173457505219,1000,150.0,ed25519,gossip,kademlia,945.3744999999793,3,4,4,6
memo,1024,2048000,1024,2048000,0.01,512,140.43934929645744,2048,19429794,sharded,14.57366479019729,1000,150.0,ed25519,gossipsub,kademlia,1022.3478,3,4,4,5
memo,1024,2048000,1024,2048000,0.01,512,139.66291779782748,2048,13086267,sharded,14.655228691146812,1000,150.0,ed25519,plumtree,kademlia,380.41610000000054,6,8,9,14
memo,1024,2048000,1024,2048000,0.01,512,17.90881864699791,2048,18658228,sharded,114.29028571592072,1000,18.75,ed25519,gossip,kademlia,943.8144999999804,3,4,4,6
memo,1024,2048000,1024,2048000,0.01,512,17.775038381099826,2048,19399812,sharded,115.1628455653068,1000,18.75,ed25519,gossipsub,kademlia,1021.6109999999996,3,4,4,5
memo,1024,2048000,1024,2048000,0.01,512,17.854856761304795,2048,13117582,sharded,114.63413161822676,1000,18.75,ed25519,plumtree,kademlia,380.6168000000002,6,8,9,14
memo,1024,2048000,1024,2048000,0.01,512,1.5633014860766936,2048,18582720,sharded,1309.139675377752,1000,1.171875,ed25519,gossip,kademlia,942.5284999999816,3,4,4,6
memo,1024,2048000,1024,2048000,0.01,512,1.5614042584901868,2048,19373052,sharded,1310.8507863166326,1000,1.171875,ed25519,gossipsub,kademlia,1019.0658000000003,3,4,4,5
memo,1024,2048000,1024,2048000,0.01,512,1.567399201615406,2048,13092571,sharded,1305.7426582141268,1000,1.171875,ed25519,plumtree,kademlia,380.5395499999999,6,8,9,14
memo,1024,2048000,1024,2048000,0.01,512,2.646414029113786,2048,18631348,sharded,773.4405793962005,1000,2.34375,ed25519,gossip,kademlia,945.9539999999795,3,4,4,5
memo,1024,2048000,1024,2048000,0.01,512,2.662999138204142,2048,19396350,sharded,768.5875562769705,1000,2.34375,ed25519,gossipsub,kademlia,1020.1667999999987,3,4,4,5
memo,1024,2048000,1024,2048000,0.01,512,2.6610680785789014,2048,13103426,sharded,769.1047126809975,1000,2.34375,ed25519,plumtree,kademlia,380.6727000000004,6,8,9,15
memo,1024,2048000,1024,2048000,0.01,512,277.3954184327527,2048,18634052,sharded,7.379343219023788,1000,300.0,ed25519,gossip,kademlia,947.616999999981,3,4,4,5
memo,1024,2048000,1024,2048000,0.01,512,278.94579147637694,2048,19419690,sharded,7.337870161677428,1000,300.0,ed25519,gossipsub,kademlia,1021.6673999999998,3,4,4,5
memo,1024,2048000,1024,2048000,0.01,512,279.5163092283818,2048,13110013,sharded,7.322563773291883,1000,300.0,ed25519,plumtree,kademlia,380.56779999999986,6,8,9,14
memo,1024,2048000,1024,2048000,0.01,512,35.31752450734626,2048,18632828,sharded,57.94981467555251,1000,37.5,ed25519,gossip,kademlia,946.0314999999805,3,4,4,5
memo,1024,2048000,1024,2048000,0.01,512,35.376503535108604,2048,19406130,sharded,57.85297571787621,1000,37.5,ed25519,gossipsub,kademlia,1021.2773999999988,3,4,4,5
memo,1024,2048000,1024,2048000,0.01,512,35.31584651632237,2048,13089570,sharded,57.95426704706198,1000,37.5,ed25519,plumtree,kademlia,380.4720500000002,6,8,9,14
memo,1024,2048000,1024,2048000,0.01,512,4.829940182884674,2048,18608746,sharded,423.7460346305222,1000,4.6875,ed25519,gossip,kademlia,943.5949999999798,3,4,4,5
memo,1024,2048000,1024,2048000,0.01,512,4.822303676215635,2048,19409892,sharded,424.44278449221315,1000,4.6875,ed25519,gossipsub,kademlia,1021.0404000000009,3,4,4,5
memo,1024,2048000,1024,2048000,0.01,512,4.8309051034362565,2048,13082986,sharded,423.684580047766,1000,4.6875,ed25519,plumtree,kademlia,380.56040000000024,6,8,9,14
memo,1024,2048000,1024,2048000,0.01,512,557.8959881310286,2048,18647744,sharded,3.6688415825626564,1000,600.0,ed25519,gossip,kademlia,945.2369999999795,3,4,4,6
memo,1024,2048000,1024,2048000,0.01,512,558.8062299208405,2048,19410402,sharded,3.662557592262216,1000,600.0,ed25519,gossipsub,kademlia,1021.3463999999994,3,4,4,5
memo,1024,2048000,1024,2048000,0.01,512,558.8810807374595,2048,13100595,sharded,3.66200980949188,1000,600.0,ed25519,plumtree,kademlia,380.56300000000124,6,8,9,13
memo,1024,2048000,1024,2048000,0.01,512,70.04316009317515,2048,18718414,sharded,29.22044061514902,1000,75.0,ed25519,gossip,kademlia,950.5749999999796,3,4,4,5
memo,1024,2048000,1024,2048000,0.01,512,69.97053637293322,2048,19415502,sharded,29.252141059644085,1000,75.0,ed25519,gossipsub,kademlia,1020.9647999999987,3,4,4,5
memo,1024,2048000,1024,2048000,0.01,512,70.26058078909598,2048,13082188,sharded,29.13240933979954,1000,75.0,ed25519,plumtree,kademlia,380.5417000000002,6,8,9,15
memo,1024,2048000,1024,2048000,0.01,512,9.127886599021222,2048,18685474,sharded,224.2372292639436,1000,9.375,ed25519,gossip,kademlia,949.4259999999799,3,4,4,6
memo,1024,2048000,1024,2048000,0.01,512,9.18946276909956,2048,19394940,sharded,222.720310362664,1000,9.375,ed25519,gossipsub,kademlia,1019.7114000000001,3,4,4,5
memo,1024,2048000,1024,2048000,0.01,512,9.195950537797511,2048,13106035,sharded,222.56274558977697,1000,9.375,ed25519,plumtree,kademlia,380.64940000000007,6,8,9,14
memo,1024,262144000,1024,262144000,0.01,512,0.6301797834846222,262144,18595772,sharded,415479.92312957015,1000,0.146484375,ed25519,gossip,kademlia,941.146499999981,3,4,4,6
memo,1024,262144000,1024,262144000,0.01,512,0.6290606868857493,262144,19410432,sharded,416296.381985737,1000,0.146484375,ed25519,gossipsub,kademlia,1020.8825999999979,3,4,4,5
memo,1024,262144000,1024,262144000,0.01,512,0.6334614310295283,262144,13034215,sharded,413380.8739932479,1000,0.146484375,ed25519,plumtree,kademlia,380.7610500000003,6,8,9,15
memo,1024,262144000,1024,262144000,0.01,512,0.7634113272250613,262144,18621656,sharded,342998.6622700507,1000,0.29296875,ed25519,gossip,kademlia,937.9759999999798,3,4,4,6
memo,1024,262144000,1024,262144000,0.01,512,0.7635163739816875,262144,19396098,sharded,342962.8714239998,1000,0.29296875,ed25519,gossipsub,kademlia,1020.603599999998,3,4,4,5
memo,1024,262144000,1024,262144000,0.01,512,0.7670174499572884,262144,13093455,sharded,341397.4062970558,1000,0.29296875,ed25519,plumtree,kademlia,380.5939500000003,6,8,9,14
memo,1024,262144000,1024,262144000,0.01,512,1.0334689997570947,262144,18660634,sharded,253391.84442063596,1000,0.5859375,ed25519,gossip,kademlia,948.3959999999805,3,4,4,5
memo,1024,262144000,1024,262144000,0.01,512,1.0364764971948546,262144,19403256,sharded,252628.92570035197,1000,0.5859375,ed25519,gossipsub,kademlia,1022.3729999999999,3,4,4,5
memo,1024,262144000,1024,262144000,0.01,512,1.038173300429823,262144,13089300,sharded,252224.90300182824,1000,0.5859375,ed25519,plumtree,kademlia,380.4686499999998,6,8,9,14
memo,1024,262144000,1024,262144000,0.01,512,1118.4543596296708,262144,18700184,sharded,234.12193241993546,1000,1200.0,ed25519,gossip,kademlia,952.5654999999792,3,4,4,5
memo,1024,262144000,1024,262144000,0.01,512,1112.0208752238102,262144,19416774,sharded,235.48562966256895,1000,1200.0,ed25519,gossipsub,kademlia,1021.2120000000014,3,4,4,5
memo,1024,262144000,1024,262144000,0.01,512,1115.4442028145722,262144,13040419,sharded,234.763836092599,1000,1200.0,ed25519,plumtree,kademlia,380.81359999999995,6,8,9,16
memo,1024,262144000,1024,262144000,0.01,512,139.65035422340205,262144,18641514,sharded,1875.0002995418192,1000,150.0,ed25519,gossip,kademlia,943.0404999999802,3,4,4,6
memo,1024,262144000,1024,262144000,0.01,512,139.78532260839515,262144,19421928,sharded,1873.2082246829118,1000,150.0,ed25519,gossipsub,kademlia,1022.5895999999979,3,4,4,5
memo,1024,262144000,1024,262144000,0.01,512,139.9712267592483,262144,13094093,sharded,1870.7678575282514,1000,150.0,ed25519,plumtree,kademlia,380.6079499999994,6,8,9,15
memo,1024,262144000,1024,262144000,0.01,512,17.92881611309039,262144,18612246,sharded,14605.213325201772,1000,18.75,ed25519,gossip,kademlia,943.6954999999805,3,4,4,5
memo,1024,262144000,1024,262144000,0.01,512,17.937494654021048,262144,19401414,sharded,14598.06138207269,1000,18.75,ed25519,gossipsub,kademlia,1019.9675999999982,3,4,4,5
memo,1024,262144000,1024,262144000,0.01,512,18.00938609557339,262144,13048973,sharded,14538.792527989477,1000,18.75,ed25519,plumtree,kademlia,380.6601000000002,6,8,9,14
memo,1024,262144000,1024,262144000,0.01,512,1.5831216886990211,262144,18624964,sharded,165405.63992600545,1000,1.171875,ed25519,gossip,kademlia,941.1184999999813,3,4,4,6
memo,1024,262144000,1024,262144000,0.01,512,1.5745914728836945,262144,19397724,sharded,166295.85801100114,1000,1.171875,ed25519,gossipsub,kademlia,1021.7892000000002,3,4,4,5
memo,1024,262144000,1024,262144000,0.01,512,1.5842198385686987,262144,13100823,sharded,165289.69125685192,1000,1.171875,ed25519,plumtree,kademlia,380.73190000000096,6,8,9,15
memo,1024,262144000,1024,262144000,0.01,512,2.6616667466579105,262144,18638170,sharded,98377.46980488309,1000,2.34375,ed25519,gossip,kademlia,945.95349999998,3,4,4,5
memo,1024,262144000,1024,262144000,0.01,512,2.6626616122313895,262144,19446072,sharded,98349.55774967733,1000,2.34375,ed25519,gossipsub,kademlia,1022.993399999999,3,4,4,5
memo,1024,262144000,1024,262144000,0.01,512,2.6667165247466174,262144,13089072,sharded,98197.13102984632,1000,2.34375,ed25519,plumtree,kademlia,380.40365000000077,6,8,9,14
memo,1024,262144000,1024,262144000,0.01,512,277.35037797975536,262144,18695804,sharded,944.1388106531218,1000,300.0,ed25519,gossip,kademlia,944.3644999999808,3,4,4,6
memo,1024,262144000,1024,262144000,0.01,512,278.03380957388026,262144,19441722,sharded,941.7940947588966,1000,300.0,ed25519,gossipsub,kademlia,1022.9369999999997,3,4,4,5
memo,1024,262144000,1024,262144000,0.01,512,279.04497542543857,262144,13095125,sharded,938.4510708381212,1000,300.0,ed25519,plumtree,kademlia,380.4797999999998,6,8,9,15
memo,1024,262144000,1024,262144000,0.01,512,35.24668362680739,262144,18636186,sharded,7429.54959316607,1000,37.5,ed25519,gossip,kademlia,945.6784999999797,3,4,4,5
memo,1024,262144000,1024,262144000,0.01,512,35.38913541319045,262144,19394604,sharded,7399.166013600933,1000,37.5,ed25519,gossipsub,kademlia,1020.0515999999988,3,4,4,5
memo,1024,262144000,1024,262144000,0.01,512,35.43324195632522,262144,13104033,sharded,7389.840092045477,1000,37.5,ed25519,plumtree,kademlia,380.79025000000007,6,8,9,14
memo,1024,262144000,1024,262144000,0.01,512,4.870835840828896,262144,18592334,sharded,53754.97441429739,1000,4.6875,ed25519,gossip,kademlia,943.6904999999799,3,4,4,5
memo,1024,262144000,1024,262144000,0.01,512,4.8393863496213365,262144,19396614,sharded,54109.28185564048,1000,4.6875,ed25519,gossipsub,kademlia,1019.8764000000001,3,4,4,5
memo,1024,262144000,1024,262144000,0.01,512,4.8517518757328695,262144,13073068,sharded,53970.847377772465,1000,4.6875,ed25519,plumtree,kademlia,380.67420000000044,6,8,9,14
memo,1024,262144000,1024,262144000,0.01,512,558.8031418922315,262144,18632228,sharded,468.63858194001443,1000,600.0,ed25519,gossip,kademlia,943.5714999999801,3,4,4,5
memo,1024,262144000,1024,262144000,0.01,512,556.0053109791104,262144,19410234,sharded,470.97928532168027,1000,600.0,ed25519,gossipsub,kademlia,1021.6487999999999,3,4,4,5
memo,1024,262144000,1024,262144000,0.01,512,557.8922160842881,262144,13104805,sharded,469.3523810707536,1000,600.0,ed25519,plumtree,kademlia,380.66314999999946,6,8,9,14
memo,1024,262144000,1024,262144000,0.01,512,70.14977261213551,262144,18644300,sharded,3732.845742035948,1000,75.0,ed25519,gossip,kademlia,946.3574999999806,3,4,4,5
memo,1024,262144000,1024,262144000,0.01,512,69.93518493585991,262144,19453302,sharded,3744.467913256689,1000,75.0,ed25519,gossipsub,kademlia,1023.3378000000022,3,4,4,5
memo,1024,262144000,1024,262144000,0.01,512,69.93796837424121,262144,13097106,sharded,3744.3115676269626,1000,75.0,ed25519,plumtree,kademlia,380.7477000000002,6,8,9,14
memo,1024,262144000,1024,262144000,0.01,512,9.221757641539643,262144,18639076,sharded,28393.31439600536,1000,9.375,ed25519,gossip,kademlia,954.8524999999794,3,4,4,5
memo,1024,262144000,1024,262144000,0.01,512,9.21521964588399,262144,19430256,sharded,28414.51447301687,1000,9.375,ed25519,gossipsub,kademlia,1022.7012000000005,3,4,4,5
memo,1024,262144000,1024,262144000,0.01,512,9.216591274590536,262144,13037357,sharded,28410.619088848885,1000,9.375,ed25519,plumtree,kademlia,380.7340000000006,6,8,9,14
memo,1024,32768000,1024,32768000,0.01,512,0.6138269351030117,32768,18674556,sharded,53326.0535308813,1000,0.146484375,ed25519,gossip,kademlia,943.8069999999809,3,4,4,6
memo,1024,32768000,1024,32768000,0.01,512,0.6130534868488206,32768,19428030,sharded,53393.74899937897,1000,0.146484375,ed25519,gossipsub,kademlia,1022.6813999999996,3,4,4,5
memo,1024,32768000,1024,32768000,0.01,512,0.6165583729750054,32768,13051595,sharded,53090.43463647355,1000,0.146484375,ed25519,plumtree,kademlia,380.66085000000083,6,8,9,14
memo,1024,32768000,1024,32768000,0.01,512,0.7491717717702585,32768,18677562,sharded,43690.66912739681,1000,0.29296875,ed25519,gossip,kademlia,947.3909999999805,3,4,4,6
memo,1024,32768000,1024,32768000,0.01,512,0.7496483980133063,32768,19439796,sharded,43665.02494602674,1000,0.29296875,ed25519,gossipsub,kademlia,1024.2402000000009,3,4,4,5
memo,1024,32768000,1024,32768000,0.01,512,0.7525099434064196,32768,13114067,sharded,43500.51223485367,1000,0.29296875,ed25519,plumtree,kademlia,380.64405000000056,6,8,9,14
memo,1024,32768000,1024,32768000,0.01,512,1.0216202236868401,32768,18674650,sharded,32041.37823531778,1000,0.5859375,ed25519,gossip,kademlia,945.2999999999807,3,4,4,6
memo,1024,32768000,1024,32768000,0.01,512,1.0202197355344234,32768,19415586,sharded,32084.10782492215,1000,0.5859375,ed25519,gossipsub,kademlia,1022.7306000000003,3,4,4,5
memo,1024,32768000,1024,32768000,0.01,512,1.0263620918523928,32768,13084269,sharded,31892.658799315424,1000,0.5859375,ed25519,plumtree,kademlia,380.53955000000025,6,8,9,14
memo,1024,32768000,1024,32768000,0.01,512,1111.6936272215726,32768,18670258,sharded,29.444464912342177,1000,1200.0,ed25519,gossip,kademlia,946.4744999999808,3,4,4,6
memo,1024,32768000,1024,32768000,0.01,512,1109.9359240390474,32768,19409262,sharded,29.491900650337378,1000,1200.0,ed25519,gossipsub,kademlia,1022.5775999999973,3,4,4,5
memo,1024,32768000,1024,32768000,0.01,512,1112.9651890433272,32768,13098808,sharded,29.411054651346962,1000,1200.0,ed25519,plumtree,kademlia,380.6556999999996,6,8,9,13
memo,1024,32768000,1024,32768000,0.01,512,139.63218346265433,32768,18669142,sharded,234.42142913101853,1000,150.0,ed25519,gossip,kademlia,947.6269999999784,3,4,4,5
memo,1024,32768000,1024,32768000,0.01,512,139.1710643900108,32768,19406718,sharded,235.20872060205028,1000,150.0,ed25519,gossipsub,kademlia,1020.969599999999,3,4,4,5
memo,1024,32768000,1024,32768000,0.01,512,139.4104081608162,32768,13035748,sharded,234.7975623329411,1000,150.0,ed25519,plumtree,kademlia,380.74799999999914,6,8,9,13
memo,1024,32768000,1024,32768000,0.01,512,17.795715097462736,32768,18659502,sharded,1839.5605807752818,1000,18.75,ed25519,gossip,kademlia,947.4094999999795,3,4,4,6
memo,1024,32768000,1024,32768000,0.01,512,17.914595862059922,32768,19411320,sharded,1827.1068045314141,1000,18.75,ed25519,gossipsub,kademlia,1021.8347999999979,3,4,4,5
memo,1024,32768000,1024,32768000,0.01,512,17.898544823067258,32768,13086388,sharded,1828.7953754662058,1000,18.75,ed25519,plumtree,kademlia,380.5251500000001,6,8,9,14
memo,1024,32768000,1024,32768000,0.01,512,1.564485533258541,32768,18704006,sharded,20921.898799425224,1000,1.171875,ed25519,gossip,kademlia,944.9629999999806,3,4,4,5
memo,1024,32768000,1024,32768000,0.01,512,1.5688315835468625,32768,19430106,sharded,20862.756935325506,1000,1.171875,ed25519,gossipsub,kademlia,1023.0725999999977,3,4,4,5
memo,1024,32768000,1024,32768000,0.01,512,1.5648123014828337,32768,13042212,sharded,20917.897928705082,1000,1.171875,ed25519,plumtree,kademlia,380.5250000000005,6,8,9,14
memo,1024,32768000,1024,32768000,0.01,512,2.63668633856656,32768,18633046,sharded,12415.89017288929,1000,2.34375,ed25519,gossip,kademlia,944.7109999999819,3,4,4,5
memo,1024,32768000,1024,32768000,0.01,512,2.653549221148288,32768,19461462,sharded,12335.300863888073,1000,2.34375,ed25519,gossipsub,kademlia,1023.9953999999994,3,4,4,5
memo,1024,32768000,1024,32768000,0.01,512,2.6546122636722327,32768,13083264,sharded,12330.409396481831,1000,2.34375,ed25519,plumtree,kademlia,380.53545,6,8,9,14
memo,1024,32768000,1024,32768000,0.01,512,280.99420964153046,32768,18611328,sharded,116.47935394026197,1000,300.0,ed25519,gossip,kademlia,941.1524999999814,3,4,4,6
memo,1024,32768000,1024,32768000,0.01,512,278.3312131549728,32768,19414344,sharded,117.60874258027916,1000,300.0,ed25519,gossipsub,kademlia,1021.2648000000011,3,4,4,5
memo,1024,32768000,1024,32768000,0.01,512,279.16678424752257,32768,13108562,sharded,117.2413691271384,1000,300.0,ed25519,plumtree,kademlia,380.7369999999995,6,8,9,13
memo,1024,32768000,1024,32768000,0.01,512,35.15776245874427,32768,18672810,sharded,931.0638024365662,1000,37.5,ed25519,gossip,kademlia,941.3779999999807,3,4,4,5
memo,1024,32768000,1024,32768000,0.01,512,35.13695016402709,32768,19412466,sharded,931.6335039662483,1000,37.5,ed25519,gossipsub,kademlia,1020.8975999999969,3,4,4,5
memo,1024,32768000,1024,32768000,0.01,512,35.10978409513747,32768,13097238,sharded,932.4345575948441,1000,37.5,ed25519,plumtree,kademlia,380.5413000000006,6,8,9,15
memo,1024,32768000,1024,32768000,0.01,512,4.822084121120718,32768,18656168,sharded,6788.78741592581,1000,4.6875,ed25519,gossip,kademlia,946.2469999999789,3,4,4,6
memo,1024,32768000,1024,32768000,0.01,512,4.854926224032823,32768,19399086,sharded,6742.217386943076,1000,4.6875,ed25519,gossipsub,kademlia,1020.9455999999975,3,4,4,5
memo,1024,32768000,1024,32768000,0.01,512,4.849092422819271,32768,13096858,sharded,6749.866809296717,1000,4.6875,ed25519,plumtree,kademlia,380.5539999999999,6,8,9,14
memo,1024,32768000,1024,32768000,0.01,512,559.0940126244003,32768,18681454,sharded,58.54427209183728,1000,600.0,ed25519,gossip,kademlia,944.4264999999804,3,4,4,5
memo,1024,32768000,1024,32768000,0.01,512,558.7806602880005,32768,19416414,sharded,58.576071661338574,1000,600.0,ed25519,gossipsub,kademlia,1020.8370000000011,3,4,4,5
memo,1024,32768000,1024,32768000,0.01,512,555.9633290108331,32768,13093733,sharded,58.87796962839282,1000,600.0,ed25519,plumtree,kademlia,380.4754000000002,6,8,9,14
memo,1024,32768000,1024,32768000,0.01,512,70.12005327332547,32768,18592552,sharded,466.8059203037119,1000,75.0,ed25519,gossip,kademlia,939.9154999999793,3,4,4,5
memo,1024,32768000,1024,32768000,0.01,512,70.08190646550483,32768,19420368,sharded,467.02804833242106,1000,75.0,ed25519,gossipsub,kademlia,1021.2359999999993,3,4,4,5
memo,1024,32768000,1024,32768000,0.01,512,69.97855885947227,32768,13099323,sharded,467.76259090636046,1000,75.0,ed25519,plumtree,kademlia,380.30289999999997,6,8,9,13
memo,1024,32768000,1024,32768000,0.01,512,9.112877902122122,32768,18613450,sharded,3592.318513603333,1000,9.375,ed25519,gossip,kademlia,943.7094999999792,3,4,4,5
memo,1024,32768000,1024,32768000,0.01,512,9.172284214626893,32768,19382658,sharded,3568.8776354965544,1000,9.375,ed25519,gossipsub,kademlia,1021.0619999999976,3,4,4,5
memo,1024,32768000,1024,32768000,0.01,512,9.176371774965665,32768,13078184,sharded,3567.266976835459,1000,9.375,ed25519,plumtree,kademlia,380.67439999999993,6,8,9,14
memo,1024,4096000,1024,4096000,0.01,512,0.6119507432739608,4096,18572272,sharded,6687.910824495518,1000,0.146484375,ed25519,gossip,kademlia,942.7599999999802,3,4,4,5
memo,1024,4096000,1024,4096000,0.01,512,0.6116816159903123,4096,19389438,sharded,6690.35637661671,1000,0.146484375,ed25519,gossipsub,kademlia,1020.9155999999986,3,4,4,5
memo,1024,4096000,1024,4096000,0.01,512,0.6152797368359485,4096,13076892,sharded,6651.244555923263,1000,0.146484375,ed25519,plumtree,kademlia,380.6815999999995,6,8,9,15
memo,1024,4096000,1024,4096000,0.01,512,0.7492810058966695,4096,18665390,sharded,5461.3956149908445,1000,0.29296875,ed25519,gossip,kademlia,944.4704999999802,3,4,4,5
memo,1024,4096000,1024,4096000,0.01,512,0.7470269319762212,4096,19403364,sharded,5478.474503152547,1000,0.29296875,ed25519,gossipsub,kademlia,1021.6878000000004,3,4,4,5
memo,1024,4096000,1024,4096000,0.01,512,0.7509435591572609,4096,13079870,sharded,5450.028767265748,1000,0.29296875,ed25519,plumtree,kademlia,380.5178499999998,6,8,9,14
memo,1024,4096000,1024,4096000,0.01,512,1.0150196630147916,4096,18649388,sharded,4032.4420788490215,1000,0.5859375,ed25519,gossip,kademlia,945.7799999999808,3,4,4,6
memo,1024,4096000,1024,4096000,0.01,512,1.0191226983780957,4096,19414482,sharded,4015.6577873429887,1000,0.5859375,ed25519,gossipsub,kademlia,1021.7231999999971,3,4,4,5
memo,1024,4096000,1024,4096000,0.01,512,1.019256042686004,4096,13089663,sharded,4015.705405301105,1000,0.5859375,ed25519,plumtree,kademlia,380.50355,6,8,9,14
memo,1024,4096000,1024,4096000,0.01,512,1119.6095564682548,4096,18605314,sharded,3.6553314290293297,1000,1200.0,ed25519,gossip,kademlia,942.0569999999808,3,4,4,6
memo,1024,4096000,1024,4096000,0.01,512,1117.6909565921003,4096,19399740,sharded,3.6617420726735146,1000,1200.0,ed25519,gossipsub,kademlia,1020.2483999999995,3,4,4,5
memo,1024,4096000,1024,4096000,0.01,512,1115.1960639943686,4096,13031240,sharded,3.669647098055634,1000,1200.0,ed25519,plumtree,kademlia,380.6094000000002,6,8,9,14
memo,1024,4096000,1024,4096000,0.01,512,140.2039936905474,4096,18717986,sharded,29.18958220999604,1000,150.0,ed25519,gossip,kademlia,950.87249999998,3,4,4,6
memo,1024,4096000,1024,4096000,0.01,512,140.03281930163863,4096,19407516,sharded,29.22486328854561,1000,150.0,ed25519,gossipsub,kademlia,1021.5689999999998,3,4,4,5
memo,1024,4096000,1024,4096000,0.01,512,139.30888032927348,4096,13082373,sharded,29.378572208221154,1000,150.0,ed25519,plumtree,kademlia,380.77959999999945,6,8,9,15
memo,1024,4096000,1024,4096000,0.01,512,17.88912409129313,4096,18650354,sharded,228.76827166690936,1000,18.75,ed25519,gossip,kademlia,945.1264999999809,3,4,4,5
memo,1024,4096000,1024,4096000,0.01,512,17.90492815601152,4096,19401570,sharded,228.56277134102828,1000,18.75,ed25519,gossipsub,kademlia,1020.1673999999988,3,4,4,5
memo,1024,4096000,1024,4096000,0.01,512,17.87606604367993,4096,13090558,sharded,228.93672410921172,1000,18.75,ed25519,plumtree,kademlia,380.5486499999999,6,8,9,15
memo,1024,4096000,1024,4096000,0.01,512,1.561703930240813,4096,18585566,sharded,2620.6350133017318,1000,1.171875,ed25519,gossip,kademlia,940.9924999999807,3,4,4,5
memo,1024,4096000,1024,4096000,0.01,512,1.5644644572424873,4096,19405314,sharded,2615.8472191904134,1000,1.171875,ed25519,gossipsub,kademlia,1021.5779999999992,3,4,4,5
memo,1024,4096000,1024,4096000,0.01,512,1.5673976198514565,4096,13037125,sharded,2611.0694237164003,1000,1.171875,ed25519,plumtree,kademlia,380.71089999999924,6,8,9,14
memo,1024,4096000,1024,4096000,0.01,512,2.647121182376569,4096,18607212,sharded,1546.0992217687551,1000,2.34375,ed25519,gossip,kademlia,942.5114999999815,3,4,4,5
memo,1024,4096000,1024,4096000,0.01,512,2.651667594005968,4096,19395942,sharded,1543.3669021151031,1000,2.34375,ed25519,gossipsub,kademlia,1022.7155999999986,3,4,4,5
memo,1024,4096000,1024,4096000,0.01,512,2.6596991177752893,4096,13107824,sharded,1538.6522380106876,1000,2.34375,ed25519,plumtree,kademlia,380.72069999999985,6,8,9,14
memo,1024,4096000,1024,4096000,0.01,512,278.1362749481097,4096,18622168,sharded,14.714686175917002,1000,300.0,ed25519,gossip,kademlia,946.8074999999797,3,4,4,6
memo,1024,4096000,1024,4096000,0.01,512,279.6328346180705,4096,19415436,sharded,14.635791986265993,1000,300.0,ed25519,gossipsub,kademlia,1021.9991999999983,3,4,4,5
memo,1024,4096000,1024,4096000,0.01,512,277.58519378978303,4096,13107290,sharded,14.743697039905431,1000,300.0,ed25519,plumtree,kademlia,380.68235,6,8,9,16
memo,1024,4096000,1024,4096000,0.01,512,35.16391147556145,4096,18609816,sharded,116.3936498601554,1000,37.5,ed25519,gossip,kademlia,944.8459999999797,3,4,4,5
memo,1024,4096000,1024,4096000,0.01,512,35.25404545269176,4096,19426980,sharded,116.09152786428683,1000,37.5,ed25519,gossipsub,kademlia,1021.7394000000014,3,4,4,5
memo,1024,4096000,1024,4096000,0.01,512,35.20075665868529,4096,13085966,sharded,116.2663643762951,1000,37.5,ed25519,plumtree,kademlia,380.56859999999966,6,8,9,14
memo,1024,4096000,1024,4096000,0.01,512,4.824176701668905,4096,18683060,sharded,848.343718127944,1000,4.6875,ed25519,gossip,kademlia,946.2609999999801,3,4,4,6
memo,1024,4096000,1024,4096000,0.01,512,4.833335313742884,4096,19411074,sharded,846.736204782524,1000,4.6875,ed25519,gossipsub,kademlia,1021.3103999999998,3,4,4,5
memo,1024,4096000,1024,4096000,0.01,512,4.809853891759867,4096,13126481,sharded,850.8749105687643,1000,4.6875,ed25519,plumtree,kademlia,380.7029000000004,6,8,9,14
memo,1024,4096000,1024,4096000,0.01,512,557.2871227381446,4096,18732554,sharded,7.3436184563032985,1000,600.0,ed25519,gossip,kademlia,950.280999999978,3,4,4,6
memo,1024,4096000,1024,4096000,0.01,512,555.51635193984,4096,19405692,sharded,7.367286283668596,1000,600.0,ed25519,gossipsub,kademlia,1022.5013999999986,3,4,4,5
memo,1024,4096000,1024,4096000,0.01,512,559.2358814830371,4096,13039256,sharded,7.317642046049809,1000,600.0,ed25519,plumtree,kademlia,380.56495000000064,6,8,9,14
memo,1024,4096000,1024,4096000,0.01,512,69.86769216569436,4096,18645192,sharded,58.57803332467245,1000,75.0,ed25519,gossip,kademlia,946.6689999999793,3,4,4,6
memo,1024,4096000,1024,4096000,0.01,512,69.97001304451824,4096,19415394,sharded,58.493400557121184,1000,75.0,ed25519,gossipsub,kademlia,1021.7807999999995,3,4,4,5
memo,1024,4096000,1024,4096000,0.01,512,69.69962499457083,4096,13051254,sharded,58.71354401574995,1000,75.0,ed25519,plumtree,kademlia,380.67695000000083,6,8,9,14
memo,1024,4096000,1024,4096000,0.01,512,9.186270844714882,4096,18663498,sharded,445.5091809484987,1000,9.375,ed25519,gossip,kademlia,948.1034999999799,3,4,4,6
memo,1024,4096000,1024,4096000,0.01,512,9.117453779510662,4096,19392114,sharded,448.8656700620694,1000,9.375,ed25519,gossipsub,kademlia,1020.6390000000008,3,4,4,5
memo,1024,4096000,1024,4096000,0.01,512,9.193281281136114,4096,13083470,sharded,445.1537894742033,1000,9.375,ed25519,plumtree,kademlia,380.5828000000005,6,8,9,14
memo,1024,524288000,1024,524288000,0.01,512,0.6544464600885318,524288,18710622,sharded,800216.9893762667,1000,0.146484375,ed25519,gossip,kademlia,948.2434999999803,3,4,4,5
memo,1024,524288000,1024,524288000,0.01,512,0.6539716103369779,524288,19389618,sharded,800787.0673929597,1000,0.146484375,ed25519,gossipsub,kademlia,1019.5499999999988,3,4,4,5
memo,1024,524288000,1024,524288000,0.01,512,0.6580427682204716,524288,13082548,sharded,795910.5901525908,1000,0.146484375,ed25519,plumtree,kademlia,380.4214999999997,6,8,9,14
memo,1024,524288000,1024,524288000,0.01,512,0.7834482720717924,524288,18671504,sharded,668485.4261214171,1000,0.29296875,ed25519,gossip,kademlia,946.8779999999798,3,4,4,5
memo,1024,524288000,1024,524288000,0.01,512,0.783396640312977,524288,19434258,sharded,668541.2485184541,1000,0.29296875,ed25519,gossipsub,kademlia,1022.527199999999,3,4,4,5
memo,1024,524288000,1024,524288000,0.01,512,0.7880390950847027,524288,13077651,sharded,664539.1012532339,1000,0.29296875,ed25519,plumtree,kademlia,380.52254999999985,6,8,9,15
memo,1024,524288000,1024,524288000,0.01,512,1.051156997350248,524288,18645162,sharded,498217.00975225546,1000,0.5859375,ed25519,gossip,kademlia,946.1334999999804,3,4,4,5
memo,1024,524288000,1024,524288000,0.01,512,1.0535465236726242,524288,19410924,sharded,497095.76201187016,1000,0.5859375,ed25519,gossipsub,kademlia,1021.5978000000024,3,4,4,5
memo,1024,524288000,1024,524288000,0.01,512,1.0534772920565987,524288,13078080,sharded,497132.31784768554,1000,0.5859375,ed25519,plumtree,kademlia,380.5902499999993,6,8,9,16
memo,1024,524288000,1024,524288000,0.01,512,1113.7244671054482,524288,18713960,sharded,470.2288002714905,1000,1200.0,ed25519,gossip,kademlia,946.5644999999793,3,4,4,5
memo,1024,524288000,1024,524288000,0.01,512,1115.7320215927725,524288,19432314,sharded,469.372614449477,1000,1200.0,ed25519,gossipsub,kademlia,1022.6003999999995,3,4,4,5
memo,1024,524288000,1024,524288000,0.01,512,1117.7577503308266,524288,13127725,sharded,468.51188626963557,1000,1200.0,ed25519,plumtree,kademlia,380.7253999999998,6,8,9,14
memo,1024,524288000,1024,524288000,0.01,512,139.04871200675922,524288,18621340,sharded,3766.528380173282,1000,150.0,ed25519,gossip,kademlia,944.0454999999811,3,4,4,6
memo,1024,524288000,1024,524288000,0.01,512,139.27847933593705,524288,19409064,sharded,3760.3368050620625,1000,150.0,ed25519,gossipsub,kademlia,1021.5707999999988,3,4,4,5
memo,1024,524288000,1024,524288000,0.01,512,140.39423403227067,524288,13084400,sharded,3730.1386599653792,1000,150.0,ed25519,plumtree,kademlia,380.5957999999998,6,8,9,15
memo,1024,524288000,1024,524288000,0.01,512,17.873712161998817,524288,18632846,sharded,29300.998206375538,1000,18.75,ed25519,gossip,kademlia,941.9759999999804,3,4,4,6
memo,1024,524288000,1024,524288000,0.01,512,17.843462701805752,524288,19443978,sharded,29350.384325739673,1000,18.75,ed25519,gossipsub,kademlia,1023.99,3,4,4,5
memo,1024,524288000,1024,524288000,0.01,512,17.93037194359995,524288,13079968,sharded,29208.00760002821,1000,18.75,ed25519,plumtree,kademlia,380.5376500000004,6,8,9,14
memo,1024,524288000,1024,524288000,0.01,512,1.594737234343397,524288,18598806,sharded,328394.06813977385,1000,1.171875,ed25519,gossip,kademlia,942.1274999999807,3,4,4,5
memo,1024,524288000,1024,524288000,0.01,512,1.5946499983971887,524288,19420116,sharded,328419.0966835317,1000,1.171875,ed25519,gossipsub,kademlia,1021.9764000000011,3,4,4,5
memo,1024,524288000,1024,524288000,0.01,512,1.5947181077760555,524288,13098125,sharded,328394.15408051666,1000,1.171875,ed25519,plumtree,kademlia,380.5883999999996,6,8,9,14
memo,1024,524288000,1024,524288000,0.01,512,2.678963306764003,524288,18698618,sharded,195494.1684634787,1000,2.34375,ed25519,gossip,kademlia,946.9364999999789,3,4,4,6
memo,1024,524288000,1024,524288000,0.01,512,2.668604099035254,524288,19407870,sharded,196265.71666788138,1000,2.34375,ed25519,gossipsub,kademlia,1021.2618000000001,3,4,4,5
memo,1024,524288000,1024,524288000,0.01,512,2.68533636722296,524288,13098829,sharded,195018.00310460653,1000,2.34375,ed25519,plumtree,kademlia,380.69975000000085,6,8,9,14
memo,1024,524288000,1024,524288000,0.01,512,279.2263623342251,524288,18622892,sharded,1875.682982157321,1000,300.0,ed25519,gossip,kademlia,944.0274999999806,3,4,4,6
memo,1024,524288000,1024,524288000,0.01,512,278.4973164853019,524288,19418958,sharded,1880.501193366579,1000,300.0,ed25519,gossipsub,kademlia,1022.5926000000004,3,4,4,5
memo,1024,524288000,1024,524288000,0.01,512,278.4598146163505,524288,13088745,sharded,1880.629421238043,1000,300.0,ed25519,plumtree,kademlia,380.534,6,8,9,16
memo,1024,524288000,1024,524288000,0.01,512,35.283849312128744,524288,18599036,sharded,14844.580118415648,1000,37.5,ed25519,gossip,kademlia,939.4054999999805,3,4,4,6
memo,1024,524288000,1024,524288000,0.01,512,35.33429393672524,524288,19451460,sharded,14821.851455072205,1000,37.5,ed25519,gossipsub,kademlia,1023.9923999999997,3,4,4,5
memo,1024,524288000,1024,524288000,0.01,512,35.273395135749745,524288,13045963,sharded,14847.760415021587,1000,37.5,ed25519,plumtree,kademlia,380.63189999999935,6,8,9,14
memo,1024,524288000,1024,524288000,0.01,512,4.878050659561605,524288,18654886,sharded,107354.72108587403,1000,4.6875,ed25519,gossip,kademlia,945.7079999999795,3,4,4,5
memo,1024,524288000,1024,524288000,0.01,512,4.836914967462819,524288,19434342,sharded,108273.65035832122,1000,4.6875,ed25519,gossipsub,kademlia,1022.2943999999993,3,4,4,5
memo,1024,524288000,1024,524288000,0.01,512,4.864659984751648,524288,13125753,sharded,107660.33425596911,1000,4.6875,ed25519,plumtree,kademlia,380.7180000000001,6,8,9,15
memo,1024,524288000,1024,524288000,0.01,512,556.1283828403147,524288,18655652,sharded,941.7335855529982,1000,600.0,ed25519,gossip,kademlia,944.9674999999804,3,4,4,6
memo,1024,524288000,1024,524288000,0.01,512,555.2444494969319,524288,19436676,sharded,943.2198889597255,1000,600.0,ed25519,gossipsub,kademlia,1022.9021999999992,3,4,4,5
memo,1024,524288000,1024,524288000,0.01,512,558.1280688645297,524288,13104987,sharded,938.2585919130796,1000,600.0,ed25519,plumtree,kademlia,380.6482000000006,6,8,9,15
memo,1024,524288000,1024,524288000,0.01,512,70.15412958572102,524288,18582598,sharded,7465.447110423546,1000,75.0,ed25519,gossip,kademlia,942.0864999999811,3,4,4,6
memo,1024,524288000,1024,524288000,0.01,512,70.11283334610948,524288,19405512,sharded,7469.23082418918,1000,75.0,ed25519,gossipsub,kademlia,1020.5351999999992,3,4,4,5
memo,1024,524288000,1024,524288000,0.01,512,70.04628703830763,524288,13013183,sharded,7476.473031519773,1000,75.0,ed25519,plumtree,kademlia,380.70435000000015,6,8,9,14
memo,1024,524288000,1024,524288000,0.01,512,9.23702022805345,524288,18652506,sharded,56696.57043831794,1000,9.375,ed25519,gossip,kademlia,943.5434999999811,3,4,4,5
memo,1024,524288000,1024,524288000,0.01,512,9.243292510634161,524288,19402782,sharded,56653.776930410306,1000,9.375,ed25519,gossipsub,kademlia,1021.4538,3,4,4,5
memo,1024,524288000,1024,524288000,0.01,512,9.190644537720104,524288,13041783,sharded,56986.11341679878,1000,9.375,ed25519,plumtree,kademlia,380.5872500000002,6,8,9,15
memo,1024,65536000,1024,65536000,0.01,512,0.6152329221353314,65536,18609006,sharded,106408.83093964132,1000,0.146484375,ed25519,gossip,kademlia,943.4294999999793,3,4,4,6
memo,1024,65536000,1024,65536000,0.01,512,0.614862052739951,65536,19396014,sharded,106469.68325379374,1000,0.146484375,ed25519,gossipsub,kademlia,1020.5897999999974,3,4,4,5
memo,1024,65536000,1024,65536000,0.01,512,0.6181334812157893,65536,13048627,sharded,105912.41210754807,1000,0.146484375,ed25519,plumtree,kademlia,380.51830000000064,6,8,9,15
memo,1024,65536000,1024,65536000,0.01,512,0.752524395131636,65536,18712480,sharded,86991.73132925312,1000,0.29296875,ed25519,gossip,kademlia,946.6124999999785,3,4,4,5
memo,1024,65536000,1024,65536000,0.01,512,0.7511811060116702,65536,19418640,sharded,87150.18984913465,1000,0.29296875,ed25519,gossipsub,kademlia,1021.8149999999978,3,4,4,5
memo,1024,65536000,1024,65536000,0.01,512,0.7558229866043572,65536,13084595,sharded,86609.70777575267,1000,0.29296875,ed25519,plumtree,kademlia,380.39155,6,8,9,15
memo,1024,65536000,1024,65536000,0.01,512,1.0257808396920636,65536,18653232,sharded,63817.990614498005,1000,0.5859375,ed25519,gossip,kademlia,945.8399999999808,3,4,4,6
memo,1024,65536000,1024,65536000,0.01,512,1.0212141227672942,65536,19426638,sharded,64107.7620652121,1000,0.5859375,ed25519,gossipsub,kademlia,1021.5005999999978,3,4,4,5
memo,1024,65536000,1024,65536000,0.01,512,1.027001796856166,65536,13008536,sharded,63737.88264088857,1000,0.5859375,ed25519,plumtree,kademlia,380.7332499999992,6,8,9,14
memo,1024,65536000,1024,65536000,0.01,512,1113.2826498492673,65536,18591802,sharded,58.805472275045254,1000,1200.0,ed25519,gossip,kademlia,944.5124999999807,3,4,4,6
memo,1024,65536000,1024,65536000,0.01,512,1116.633436296368,65536,19418592,sharded,58.625799543607066,1000,1200.0,ed25519,gossipsub,kademlia,1022.8721999999979,3,4,4,5
memo,1024,65536000,1024,65536000,0.01,512,1116.1011318939022,65536,13099237,sharded,58.65387475139936,1000,1200.0,ed25519,plumtree,kademlia,380.6573999999993,6,8,9,15
memo,1024,65536000,1024,65536000,0.01,512,139.85252256647425,65536,18545652,sharded,468.06958357783947,1000,150.0,ed25519,gossip,kademlia,937.3269999999793,3,4,4,5
memo,1024,65536000,1024,65536000,0.01,512,138.83465080395908,65536,19414668,sharded,471.5750111436373,1000,150.0,ed25519,gossipsub,kademlia,1020.7272000000002,3,4,4,5
memo,1024,65536000,1024,65536000,0.01,512,139.96191732988504,65536,13044610,sharded,467.74123453667164,1000,150.0,ed25519,plumtree,kademlia,380.7937499999998,6,8,9,16
memo,1024,65536000,1024,65536000,0.01,512,17.75029575984822,65536,18552230,sharded,3688.4861461350565,1000,18.75,ed25519,gossip,kademlia,942.2004999999809,3,4,4,6
memo,1024,65536000,1024,65536000,0.01,512,17.804329885506903,65536,19428336,sharded,3677.0763303645717,1000,18.75,ed25519,gossipsub,kademlia,1022.0837999999992,3,4,4,5
memo,1024,65536000,1024,65536000,0.01,512,17.900821366109287,65536,13097143,sharded,3657.134086815864,1000,18.75,ed25519,plumtree,kademlia,380.4581999999996,6,8,9,13
memo,1024,65536000,1024,65536000,0.01,512,1.566203793538818,65536,18634182,sharded,41798.64221378382,1000,1.171875,ed25519,gossip,kademlia,942.7079999999805,3,4,4,6
memo,1024,65536000,1024,65536000,0.01,512,1.5712316547402956,65536,19404192,sharded,41661.385704974,1000,1.171875,ed25519,gossipsub,kademlia,1021.5239999999986,3,4,4,5
memo,1024,65536000,1024,65536000,0.01,512,1.572876833656675,65536,13028866,sharded,41618.378883370744,1000,1.171875,ed25519,plumtree,kademlia,380.6959000000007,6,8,9,14
memo,1024,65536000,1024,65536000,0.01,512,2.6407894377651626,65536,18684206,sharded,24792.57719820607,1000,2.34375,ed25519,gossip,kademlia,947.7859999999805,3,4,4,5
memo,1024,65536000,1024,65536000,0.01,512,2.6505018557323323,65536,19412760,sharded,24699.506570204514,1000,2.34375,ed25519,gossipsub,kademlia,1022.3087999999992,3,4,4,5
memo,1024,65536000,1024,65536000,0.01,512,2.6668994325443465,65536,13071939,sharded,24545.672476876007,1000,2.34375,ed25519,plumtree,kademlia,380.6579500000001,6,8,9,13
memo,1024,65536000,1024,65536000,0.01,512,277.74553942425246,65536,18672868,sharded,235.70757656705507,1000,300.0,ed25519,gossip,kademlia,946.5204999999804,3,4,4,5
memo,1024,65536000,1024,65536000,0.01,512,279.666980864642,65536,19418160,sharded,234.06939137975377,1000,300.0,ed25519,gossipsub,kademlia,1021.6949999999991,3,4,4,5
memo,1024,65536000,1024,65536000,0.01,512,279.36646018137304,65536,13111735,sharded,234.32668315838436,1000,300.0,ed25519,plumtree,kademlia,380.5821499999998,6,8,9,14
memo,1024,65536000,1024,65536000,0.01,512,35.3832053347099,65536,18598224,sharded,1850.1371874238291,1000,37.5,ed25519,gossip,kademlia,938.97249999998,3,4,4,5
memo,1024,65536000,1024,65536000,0.01,512,35.323775329319716,65536,19388400,sharded,1853.162958650849,1000,37.5,ed25519,gossipsub,kademlia,1020.4236000000005,3,4,4,5
memo,1024,65536000,1024,65536000,0.01,512,35.2560262659397,65536,13092704,sharded,1856.8329710839896,1000,37.5,ed25519,plumtree,kademlia,380.52440000000007,6,8,9,14
memo,1024,65536000,1024,65536000,0.01,512,4.825736664241653,65536,18723234,sharded,13565.552485505837,1000,4.6875,ed25519,gossip,kademlia,951.7804999999793,3,4,4,6
memo,1024,65536000,1024,65536000,0.01,512,4.822963053584534,65536,19422024,sharded,13574.30925193226,1000,4.6875,ed25519,gossipsub,kademlia,1021.3242,3,4,4,5
memo,1024,65536000,1024,65536000,0.01,512,4.8220758026566966,65536,13109946,sharded,13576.063645439277,1000,4.6875,ed25519,plumtree,kademlia,380.6270999999997,6,8,9,16
memo,1024,65536000,1024,65536000,0.01,512,557.8417533009596,65536,18661284,sharded,117.34615347927094,1000,600.0,ed25519,gossip,kademlia,947.0119999999814,3,4,4,5
memo,1024,65536000,1024,65536000,0.01,512,558.4985515336497,65536,19412652,sharded,117.21434159539763,1000,600.0,ed25519,gossipsub,kademlia,1022.1431999999988,3,4,4,5
memo,1024,65536000,1024,65536000,0.01,512,557.1542284145704,65536,13093077,sharded,117.50083668267096,1000,600.0,ed25519,plumtree,kademlia,380.51015000000024,6,8,9,14
memo,1024,65536000,1024,65536000,0.01,512,69.95208669573721,65536,18660294,sharded,935.864919723537,1000,75.0,ed25519,gossip,kademlia,947.1534999999799,3,4,4,6
memo,1024,65536000,1024,65536000,0.01,512,69.96566995520504,65536,19413336,sharded,935.7216480870635,1000,75.0,ed25519,gossipsub,kademlia,1021.2647999999979,3,4,4,5
memo,1024,65536000,1024,65536000,0.01,512,70.0974291378761,65536,13117492,sharded,933.926290951896,1000,75.0,ed25519,plumtree,kademlia,380.61250000000075,6,8,9,14
memo,1024,65536000,1024,65536000,0.01,512,9.172577382509926,65536,18679230,sharded,7137.208798568471,1000,9.375,ed25519,gossip,kademlia,947.2434999999806,3,4,4,5
memo,1024,65536000,1024,65536000,0.01,512,9.161950790615359,65536,19401480,sharded,7145.710503821951,1000,9.375,ed25519,gossipsub,kademlia,1019.0591999999997,3,4,4,5
memo,1024,65536000,1024,65536000,0.01,512,9.136154577169238,65536,13114618,sharded,7165.003990145099,1000,9.375,ed25519,plumtree,kademlia,380.6794500000002,6,8,9,14
memo,1024,8192000,1024,8192000,0.01,512,0.6119899431396338,8192,18681428,sharded,13373.252439432066,1000,0.146484375,ed25519,gossip,kademlia,952.1014999999796,3,4,4,6
memo,1024,8192000,1024,8192000,0.01,512,0.6115779739513083,8192,19401528,sharded,13381.842297433008,1000,0.146484375,ed25519,gossipsub,kademlia,1019.5571999999986,3,4,4,5
memo,1024,8192000,1024,8192000,0.01,512,0.6150136490261001,8192,13071183,sharded,13307.320923625026,1000,0.146484375,ed25519,plumtree,kademlia,380.73310000000015,6,8,9,15
memo,1024,8192000,1024,8192000,0.01,512,0.7488136738595882,8192,18690134,sharded,10927.909419472497,1000,0.29296875,ed25519,gossip,kademlia,950.2404999999796,3,4,4,6
memo,1024,8192000,1024,8192000,0.01,512,0.7460480695683402,8192,19386990,sharded,10970.907015060971,1000,0.29296875,ed25519,gossipsub,kademlia,1019.9267999999989,3,4,4,5
memo,1024,8192000,1024,8192000,0.01,512,0.7521094974659522,8192,13078516,sharded,10881.213476991734,1000,0.29296875,ed25519,plumtree,kademlia,380.68930000000023,6,8,9,13
memo,1024,8192000,1024,8192000,0.01,512,1.022001668604486,8192,18657510,sharded,8007.305908975969,1000,0.5859375,ed25519,gossip,kademlia,947.51699999998,3,4,4,6
memo,1024,8192000,1024,8192000,0.01,512,1.0217298406337285,8192,19414812,sharded,8010.07827560736,1000,0.5859375,ed25519,gossipsub,kademlia,1021.0799999999996,3,4,4,5
memo,1024,8192000,1024,8192000,0.01,512,1.0231889277646258,8192,13073761,sharded,7998.655749608225,1000,0.5859375,ed25519,plumtree,kademlia,380.5898499999995,6,8,9,14
memo,1024,8192000,1024,8192000,0.01,512,1115.3996436459895,8192,18635688,sharded,7.336828594681992,1000,1200.0,ed25519,gossip,kademlia,943.3774999999813,3,4,4,6
memo,1024,8192000,1024,8192000,0.01,512,1119.2618526234621,8192,19432452,sharded,7.311797485832091,1000,1200.0,ed25519,gossipsub,kademlia,1023.0498000000005,3,4,4,5
memo,1024,8192000,1024,8192000,0.01,512,1119.8632912398855,8192,13041522,sharded,7.3079420175823335,1000,1200.0,ed25519,plumtree,kademlia,380.7196999999996,6,8,9,14
memo,1024,8192000,1024,8192000,0.01,512,139.43247937798557,8192,18650446,sharded,58.70075635542534,1000,150.0,ed25519,gossip,kademlia,944.1249999999802,3,4,4,5
memo,1024,8192000,1024,8192000,0.01,512,139.63396215832768,8192,19422042,sharded,58.61078403490613,1000,150.0,ed25519,gossipsub,kademlia,1021.8365999999997,3,4,4,5
memo,1024,8192000,1024,8192000,0.01,512,139.84534026123129,8192,13089126,sharded,58.516815681620685,1000,150.0,ed25519,plumtree,kademlia,380.52150000000046,6,8,9,14
memo,1024,8192000,1024,8192000,0.01,512,17.939568591481166,8192,18703880,sharded,456.18711276514097,1000,18.75,ed25519,gossip,kademlia,947.8039999999822,3,4,4,6
memo,1024,8192000,1024,8192000,0.01,512,17.95613106044364,8192,19413492,sharded,455.76187723580836,1000,18.75,ed25519,gossipsub,kademlia,1021.0661999999978,3,4,4,5
memo,1024,8192000,1024,8192000,0.01,512,17.78593109442651,8192,13009797,sharded,460.16190867649925,1000,18.75,ed25519,plumtree,kademlia,380.9477500000001,6,8,9,15
memo,1024,8192000,1024,8192000,0.01,512,1.5641990075813794,8192,18691884,sharded,5232.3316664514605,1000,1.171875,ed25519,gossip,kademlia,943.2404999999802,3,4,4,6
memo,1024,8192000,1024,8192000,0.01,512,1.5625559060241385,8192,19423428,sharded,5237.270531217448,1000,1.171875,ed25519,gossipsub,kademlia,1022.0585999999996,3,4,4,5
memo,1024,8192000,1024,8192000,0.01,512,1.5673003974525967,8192,13051713,sharded,5221.875789288526,1000,1.171875,ed25519,plumtree,kademlia,380.54904999999997,6,8,9,14
memo,1024,8192000,1024,8192000,0.01,512,2.662373902809121,8192,18634012,sharded,3073.927366612543,1000,2.34375,ed25519,gossip,kademlia,946.8219999999806,3,4,4,5
memo,1024,8192000,1024,8192000,0.01,512,2.652516894321001,8192,19443174,sharded,3085.3926010884006,1000,2.34375,ed25519,gossipsub,kademlia,1023.1037999999994,3,4,4,5
memo,1024,8192000,1024,8192000,0.01,512,2.652290581342134,8192,13085953,sharded,3085.6739670879547,1000,2.34375,ed25519,plumtree,kademlia,380.61390000000006,6,8,9,15
memo,1024,8192000,1024,8192000,0.01,512,278.5843126852477,8192,18627530,sharded,29.377246411022995,1000,300.0,ed25519,gossip,kademlia,945.3389999999803,3,4,4,5
memo,1024,8192000,1024,8192000,0.01,512,279.4731485877752,8192,19380630,sharded,29.283872319596394,1000,300.0,ed25519,gossipsub,kademlia,1019.2968,3,4,4,5
memo,1024,8192000,1024,8192000,0.01,512,280.4885247420836,8192,13108705,sharded,29.177977985108225,1000,300.0,ed25519,plumtree,kademlia,380.49265000000025,6,8,9,13
memo,1024,8192000,1024,8192000,0.01,512,35.233839316462294,8192,18654962,sharded,232.2819243878457,1000,37.5,ed25519,gossip,kademlia,943.6599999999796,3,4,4,5
memo,1024,8192000,1024,8192000,0.01,512,35.27993976838856,8192,19407150,sharded,231.9793076101904,1000,37.5,ed25519,gossipsub,kademlia,1021.3385999999994,3,4,4,5
memo,1024,8192000,1024,8192000,0.01,512,35.37959382292549,8192,13114202,sharded,231.31865337291993,1000,37.5,ed25519,plumtree,kademlia,380.55269999999933,6,8,9,15
memo,1024,8192000,1024,8192000,0.01,512,4.82764308133473,8192,18691734,sharded,1695.2553993981865,1000,4.6875,ed25519,gossip,kademlia,947.8619999999789,3,4,4,5
memo,1024,8192000,1024,8192000,0.01,512,4.8244108347446595,8192,19423026,sharded,1696.4309799360544,1000,4.6875,ed25519,gossipsub,kademlia,1023.3197999999985,3,4,4,5
memo,1024,8192000,1024,8192000,0.01,512,4.838782957870972,8192,13080293,sharded,1691.398864395653,1000,4.6875,ed25519,plumtree,kademlia,380.6304499999993,6,8,9,14
memo,1024,8192000,1024,8192000,0.01,512,558.3538953330019,8192,18654546,sharded,14.657069769557475,1000,600.0,ed25519,gossip,kademlia,943.4289999999789,3,4,4,6
memo,1024,8192000,1024,8192000,0.01,512,558.4330184986187,8192,19409916,sharded,14.655652027889973,1000,600.0,ed25519,gossipsub,kademlia,1021.8155999999988,3,4,4,5
memo,1024,8192000,1024,8192000,0.01,512,557.1327921865609,8192,13041426,sharded,14.689223314034557,1000,600.0,ed25519,plumtree,kademlia,380.5598000000002,6,8,9,14
memo,1024,8192000,1024,8192000,0.01,512,69.99370910331758,8192,18620788,sharded,116.92787973158123,1000,75.0,ed25519,gossip,kademlia,944.1524999999789,3,4,4,5
memo,1024,8192000,1024,8192000,0.01,512,69.88471021615413,8192,19420056,sharded,117.10635952681176,1000,75.0,ed25519,gossipsub,kademlia,1022.5421999999999,3,4,4,5
memo,1024,8192000,1024,8192000,0.01,512,70.08898038946192,8192,13085794,sharded,116.76505999266155,1000,75.0,ed25519,plumtree,kademlia,380.47860000000026,6,8,9,14
memo,1024,8192000,1024,8192000,0.01,512,9.165536546919164,8192,18661760,sharded,892.9668173928219,1000,9.375,ed25519,gossip,kademlia,942.4389999999804,3,4,4,5
memo,1024,8192000,1024,8192000,0.01,512,9.196254066432221,8192,19389786,sharded,889.895379236184,1000,9.375,ed25519,gossipsub,kademlia,1019.7461999999975,3,4,4,5
memo,1024,8192000,1024,8192000,0.01,512,9.13443809602494,8192,13086159,sharded,896.0227125039846,1000,9.375,ed25519,plumtree,kademlia,380.5184500000002,6,8,9,16
memo,1024,1024000,1024,1024000,0.01,64,0.1808086271193853,1024,10228162,sharded,5621.280445478421,1000,0.146484375,ed25519,gossip,kademlia,947.8219999999814,3,4,4,5
memo,1024,1024000,1024,1024000,0.01,64,0.17989830332080528,1024,10992204,sharded,5649.191689082857,1000,0.146484375,ed25519,gossipsub,kademlia,1022.8427999999992,3,4,4,5
memo,1024,1024000,1024,1024000,0.01,64,0.18477969917300638,1024,4656460,sharded,5496.664430918041,1000,0.146484375,ed25519,plumtree,kademlia,380.59990000000016,6,8,9,14
memo,1024,1024000,1024,1024000,0.01,64,0.31120403174505745,1024,10291612,sharded,3265.176207075724,1000,0.29296875,ed25519,gossip,kademlia,948.2714999999779,3,4,4,6
memo,1024,1024000,1024,1024000,0.01,64,0.31313888847219423,1024,10957452,sharded,3244.285642567866,1000,0.29296875,ed25519,gossipsub,kademlia,1019.9874000000007,3,4,4,5
memo,1024,1024000,1024,1024000,0.01,64,0.31670311256848516,1024,4667160,sharded,3206.1067912000053,1000,0.29296875,ed25519,plumtree,kademlia,380.4812000000009,6,8,9,15
memo,1024,1024000,1024,1024000,0.01,64,0.5757787406493553,1024,10171258,sharded,1763.9136847160999,1000,0.5859375,ed25519,gossip,kademlia,940.4579999999789,3,4,4,5
memo,1024,1024000,1024,1024000,0.01,64,0.5767177540447175,1024,10999032,sharded,1761.485567030473,1000,0.5859375,ed25519,gossipsub,kademlia,1023.5574000000009,3,4,4,5
memo,1024,1024000,1024,1024000,0.01,64,0.5772134684902802,1024,4597909,sharded,1760.7212157716897,1000,0.5859375,ed25519,plumtree,kademlia,380.5634000000005,6,8,9,14
memo,1024,1024000,1024,1024000,0.01,64,1081.1436943686786,1024,10249162,sharded,0.9398713651966133,1000,1200.0,ed25519,gossip,kademlia,948.9959999999778,3,4,4,5
memo,1024,1024000,1024,1024000,0.01,64,1070.9032522956127,1024,10958376,sharded,0.9485002476391876,1000,1200.0,ed25519,gossipsub,kademlia,1020.8123999999992,3,4,4,5
memo,1024,1024000,1024,1024000,0.01,64,1080.739393356572,1024,4615552,sharded,0.9400157024393917,1000,1200.0,ed25519,plumtree,kademlia,380.74444999999946,6,8,9,14
memo,1024,1024000,1024,1024000,0.01,64,133.69302293379238,1024,10217440,sharded,7.6015933943185905,1000,150.0,ed25519,gossip,kademlia,945.766499999981,3,4,4,6
memo,1024,1024000,1024,1024000,0.01,64,133.9314515887564,1024,10978260,sharded,7.5905695633134265,1000,150.0,ed25519,gossipsub,kademlia,1021.8054000000004,3,4,4,5
memo,1024,1024000,1024,1024000,0.01,64,135.49038709777298,1024,4612109,sharded,7.493786251177438,1000,150.0,ed25519,plumtree,kademlia,380.76185000000004,6,8,9,13
memo,1024,1024000,1024,1024000,0.01,64,16.82851609527517,1024,10192028,sharded,60.37038525846256,1000,18.75,ed25519,gossip,kademlia,942.48749999998,3,4,4,6
memo,1024,1024000,1024,1024000,0.01,64,16.828236748131257,1024,10950528,sharded,60.40276323738298,1000,18.75,ed25519,gossipsub,kademlia,1020.4104000000001,3,4,4,5
memo,1024,1024000,1024,1024000,0.01,64,16.84824039018193,1024,4700160,sharded,60.313954244869784,1000,18.75,ed25519,plumtree,kademlia,380.7208000000003,6,8,9,15
memo,1024,1024000,1024,1024000,0.01,64,1.0926563686449076,1024,10183454,sharded,930.2760036630821,1000,1.171875,ed25519,gossip,kademlia,945.2029999999811,3,4,4,6
memo,1024,1024000,1024,1024000,0.01,64,1.0967988645085032,1024,10960332,sharded,926.4415134632211,1000,1.171875,ed25519,gossipsub,kademlia,1020.5592000000007,3,4,4,5
memo,1024,1024000,1024,1024000,0.01,64,1.1043101235737571,1024,4671151,sharded,919.8937674432641,1000,1.171875,ed25519,plumtree,kademlia,380.66769999999957,6,8,9,14
memo,1024,1024000,1024,1024000,0.01,64,2.1551184973466007,1024,10207842,sharded,471.3504158823196,1000,2.34375,ed25519,gossip,kademlia,948.2794999999797,3,4,4,5
memo,1024,1024000,1024,1024000,0.01,64,2.150504756244579,1024,10987692,sharded,472.34678140115386,1000,2.34375,ed25519,gossipsub,kademlia,1021.5809999999993,3,4,4,5
memo,1024,1024000,1024,1024000,0.01,64,2.15460121848747,1024,4650092,sharded,471.8051727055179,1000,2.34375,ed25519,plumtree,kademlia,380.50245,6,8,9,15
memo,1024,1024000,1024,1024000,0.01,64,269.72576847342754,1024,10134776,sharded,3.7662252507404683,1000,300.0,ed25519,gossip,kademlia,941.0249999999809,3,4,4,5
memo,1024,1024000,1024,1024000,0.01,64,269.30620085195244,1024,10966116,sharded,3.772449341255614,1000,300.0,ed25519,gossipsub,kademlia,1021.3091999999999,3,4,4,5
memo,1024,1024000,1024,1024000,0.01,64,270.43272203291605,1024,4645728,sharded,3.7559064316054567,1000,300.0,ed25519,plumtree,kademlia,380.5491000000004,6,8,9,15
memo,1024,1024000,1024,1024000,0.01,64,33.71473808539836,1024,10322450,sharded,30.138748147062582,1000,37.5,ed25519,gossip,kademlia,945.3879999999793,3,4,4,6
memo,1024,1024000,1024,1024000,0.01,64,33.37872161776737,1024,10977708,sharded,30.452214786408845,1000,37.5,ed25519,gossipsub,kademlia,1021.2575999999989,3,4,4,5
memo,1024,1024000,1024,1024000,0.01,64,33.78982882690001,1024,4609744,sharded,30.074138735825894,1000,37.5,ed25519,plumtree,kademlia,380.73464999999965,6,8,9,14
memo,1024,1024000,1024,1024000,0.01,64,4.229459135767942,1024,10206750,sharded,240.3049580039174,1000,4.6875,ed25519,gossip,kademlia,948.6504999999789,3,4,4,6
memo,1024,1024000,1024,1024000,0.01,64,4.2731857838730685,1024,10958052,sharded,237.673729008682,1000,4.6875,ed25519,gossipsub,kademlia,1020.7967999999989,3,4,4,5
memo,1024,1024000,1024,1024000,0.01,64,4.252659722476902,1024,4644788,sharded,238.98267586009993,1000,4.6875,ed25519,plumtree,kademlia,380.52374999999984,6,8,9,13
memo,1024,1024000,1024,1024000,0.01,64,540.6233337185961,1024,10217294,sharded,1.8790013982799312,1000,600.0,ed25519,gossip,kademlia,950.5944999999796,3,4,4,5
memo,1024,1024000,1024,1024000,0.01,64,535.5858414271722,1024,10972728,sharded,1.8972719616565408,1000,600.0,ed25519,gossipsub,kademlia,1020.4446000000017,3,4,4,5
memo,1024,1024000,1024,1024000,0.01,64,538.2790715991489,1024,4588089,sharded,1.8883736218467668,1000,600.0,ed25519,plumtree,kademlia,380.7388499999993,6,8,9,14
memo,1024,1024000,1024,1024000,0.01,64,67.28669128530026,1024,10248840,sharded,15.097785023974474,1000,75.0,ed25519,gossip,kademlia,949.2079999999795,3,4,4,5
memo,1024,1024000,1024,1024000,0.01,64,66.69046727981076,1024,10968708,sharded,15.24787636789948,1000,75.0,ed25519,gossipsub,kademlia,1020.6377999999984,3,4,4,5
memo,1024,1024000,1024,1024000,0.01,64,67.44503484346785,1024,4643851,sharded,15.061390395269154,1000,75.0,ed25519,plumtree,kademlia,380.4702000000004,6,8,9,14
memo,1024,1024000,1024,1024000,0.01,64,8.37870509225484,1024,10198036,sharded,121.37531859667327,1000,9.375,ed25519,gossip,kademlia,945.6069999999797,3,4,4,6
memo,1024,1024000,1024,1024000,0.01,64,8.438037857600921,1024,10953060,sharded,120.37964478732503,1000,9.375,ed25519,gossipsub,kademlia,1021.1747999999982,3,4,4,5
memo,1024,1024000,1024,1024000,0.01,64,8.449545055848333,1024,4628739,sharded,120.26683014094817,1000,9.375,ed25519,plumtree,kademlia,380.60310000000015,6,8,9,15
memo,1024,131072000,1024,131072000,0.01,64,0.2715036813932832,131072,10225492,sharded,478512.5834511579,1000,0.146484375,ed25519,gossip,kademlia,946.0399999999801,3,4,4,5
memo,1024,131072000,1024,131072000,0.01,64,0.2707075054744099,131072,10977228,sharded,479624.88432842377,1000,0.146484375,ed25519,gossipsub,kademlia,1021.1183999999973,3,4,4,5
memo,1024,131072000,1024,131072000,0.01,64,0.2750607572409163,131072,4611656,sharded,472480.83406595024,1000,0.146484375,ed25519,plumtree,kademlia,380.7005000000003,6,8,9,14
memo,1024,131072000,1024,131072000,0.01,64,0.39264757384741233,131072,10225606,sharded,330808.87964553514,1000,0.29296875,ed25519,gossip,kademlia,946.224999999981,3,4,4,6
memo,1024,131072000,1024,131072000,0.01,64,0.3884017627286717,131072,10997544,sharded,334614.9386319611,1000,0.29296875,ed25519,gossipsub,kademlia,1021.9013999999991,3,4,4,5
memo,1024,131072000,1024,131072000,0.01,64,0.3948654753664622,131072,4664892,sharded,328976.7075215742,1000,0.29296875,ed25519,plumtree,kademlia,380.5848500000006,6,8,9,14
memo,1024,131072000,1024,131072000,0.01,64,0.6422504443046511,131072,10266370,sharded,202330.1052608691,1000,0.5859375,ed25519,gossip,kademlia,950.5104999999797,3,4,4,6
memo,1024,131072000,1024,131072000,0.01,64,0.6427355477440683,131072,10958256,sharded,202190.14251837658,1000,0.5859375,ed25519,gossipsub,kademlia,1018.9806000000009,3,4,4,5
memo,1024,131072000,1024,131072000,0.01,64,0.6464337241825014,131072,4650120,sharded,200947.89479660054,1000,0.5859375,ed25519,plumtree,kademlia,380.4831500000002,6,8,9,14
memo,1024,131072000,1024,131072000,0.01,64,1081.3961975043003,131072,10188588,sharded,120.15421572580783,1000,1200.0,ed25519,gossip,kademlia,944.5169999999798,3,4,4,5
memo,1024,131072000,1024,131072000,0.01,64,1082.6980105326259,131072,10975524,sharded,120.02676899357247,1000,1200.0,ed25519,gossipsub,kademlia,1021.9464000000004,3,4,4,5
memo,1024,131072000,1024,131072000,0.01,64,1078.725390390067,131072,4611727,sharded,120.38145867044359,1000,1200.0,ed25519,plumtree,kademlia,380.6725499999993,6,8,9,14
memo,1024,131072000,1024,131072000,0.01,64,135.72056926135673,131072,10152604,sharded,957.5625618673511,1000,150.0,ed25519,gossip,kademlia,943.9079999999798,3,4,4,6
memo,1024,131072000,1024,131072000,0.01,64,135.23318115078993,131072,10958508,sharded,960.468480403275,1000,150.0,ed25519,gossipsub,kademlia,1020.5453999999997,3,4,4,5
memo,1024,131072000,1024,131072000,0.01,64,134.89967085577726,131072,4632237,sharded,963.1618459537225,1000,150.0,ed25519,plumtree,kademlia,380.5636500000002,6,8,9,14
memo,1024,131072000,1024,131072000,0.01,64,16.831065400509942,131072,10211650,sharded,7723.073786883489,1000,18.75,ed25519,gossip,kademlia,943.1839999999803,3,4,4,5
memo,1024,131072000,1024,131072000,0.01,64,16.970047393735094,131072,10980804,sharded,7654.15092758978,1000,18.75,ed25519,gossipsub,kademlia,1020.6282,3,4,4,5
memo,1024,131072000,1024,131072000,0.01,64,16.81651317758102,131072,4651692,sharded,7730.365898520921,1000,18.75,ed25519,plumtree,kademlia,380.4830999999999,6,8,9,13
memo,1024,131072000,1024,131072000,0.01,64,1.16700158089325,131072,10192362,sharded,111247.29402733831,1000,1.171875,ed25519,gossip,kademlia,939.8309999999803,3,4,4,5
memo,1024,131072000,1024,131072000,0.01,64,1.16188185951335,131072,10955952,sharded,111820.33950888722,1000,1.171875,ed25519,gossipsub,kademlia,1019.0951999999972,3,4,4,5
memo,1024,131072000,1024,131072000,0.01,64,1.1700604041776914,131072,4642319,sharded,111022.97927199335,1000,1.171875,ed25519,plumtree,kademlia,380.6546500000002,6,8,9,14
memo,1024,131072000,1024,131072000,0.01,64,2.2109218667072135,131072,10094398,sharded,58755.396993503426,1000,2.34375,ed25519,gossip,kademlia,941.4319999999794,3,4,4,5
memo,1024,131072000,1024,131072000,0.01,64,2.2188309349861317,131072,10977324,sharded,58535.80908399035,1000,2.34375,ed25519,gossipsub,kademlia,1022.1474000000004,3,4,4,5
memo,1024,131072000,1024,131072000,0.01,64,2.2057800410575505,131072,4648214,sharded,58914.64315621189,1000,2.34375,ed25519,plumtree,kademlia,380.57135000000017,6,8,9,15
memo,1024,131072000,1024,131072000,0.01,64,269.6526054020847,131072,10210058,sharded,481.9341233741156,1000,300.0,ed25519,gossip,kademlia,945.0864999999797,3,4,4,5
memo,1024,131072000,1024,131072000,0.01,64,268.87224936362963,131072,10963800,sharded,483.40140831797385,1000,300.0,ed25519,gossipsub,kademlia,1020.6426000000002,3,4,4,5
memo,1024,131072000,1024,131072000,0.01,64,267.66155046123106,131072,4751616,sharded,485.7409806375297,1000,300.0,ed25519,plumtree,kademlia,380.6525500000005,6,8,9,15
memo,1024,131072000,1024,131072000,0.01,64,33.666489344695044,131072,10189670,sharded,3860.428649667905,1000,37.5,ed25519,gossip,kademlia,941.3919999999814,3,4,4,5
memo,1024,131072000,1024,131072000,0.01,64,33.66020504283247,131072,10940628,sharded,3860.7234814712406,1000,37.5,ed25519,gossipsub,kademlia,1020.8621999999996,3,4,4,5
memo,1024,131072000,1024,131072000,0.01,64,33.847916477754,131072,4628105,sharded,3837.8002996248147,1000,37.5,ed25519,plumtree,kademlia,380.4432499999992,6,8,9,14
memo,1024,131072000,1024,131072000,0.01,64,4.323540984269714,131072,10210942,sharded,30044.227283285683,1000,4.6875,ed25519,gossip,kademlia,945.9489999999794,3,4,4,6
memo,1024,131072000,1024,131072000,0.01,64,4.320974845783401,131072,10967376,sharded,30054.012493668117,1000,4.6875,ed25519,gossipsub,kademlia,1020.5598000000007,3,4,4,5
memo,1024,131072000,1024,131072000,0.01,64,4.343007661199448,131072,4649100,sharded,29912.389324250384,1000,4.6875,ed25519,plumtree,kademlia,380.60015000000016,6,8,9,14
memo,1024,131072000,1024,131072000,0.01,64,537.9307219335514,131072,10170590,sharded,241.5104300662122,1000,600.0,ed25519,gossip,kademlia,942.9254999999803,3,4,4,6
memo,1024,131072000,1024,131072000,0.01,64,535.5801782545236,131072,10970532,sharded,242.66213963250289,1000,600.0,ed25519,gossipsub,kademlia,1021.8438000000016,3,4,4,5
memo,1024,131072000,1024,131072000,0.01,64,540.4145853380036,131072,4685741,sharded,240.27154618483763,1000,600.0,ed25519,plumtree,kademlia,380.68095000000017,6,8,9,14
memo,1024,131072000,1024,131072000,0.01,64,67.67552220069966,131072,10176756,sharded,1919.4760494756406,1000,75.0,ed25519,gossip,kademlia,938.6484999999811,3,4,4,6
memo,1024,131072000,1024,131072000,0.01,64,67.56129621597488,131072,10960560,sharded,1922.1756726641,1000,75.0,ed25519,gossipsub,kademlia,1021.2186000000007,3,4,4,5
memo,1024,131072000,1024,131072000,0.01,64,66.87798434564576,131072,4655828,sharded,1943.8668385714298,1000,75.0,ed25519,plumtree,kademlia,380.538149999999,6,8,9,14
memo,1024,131072000,1024,131072000,0.01,64,8.570196357907138,131072,10201242,sharded,15153.29667799044,1000,9.375,ed25519,gossip,kademlia,949.3304999999783,3,4,4,5
memo,1024,131072000,1024,131072000,0.01,64,8.557270628110746,131072,10959876,sharded,15185.758829820923,1000,9.375,ed25519,gossipsub,kademlia,1020.4955999999997,3,4,4,5
memo,1024,131072000,1024,131072000,0.01,64,8.554412168491144,131072,4645839,sharded,15177.905090689741,1000,9.375,ed25519,plumtree,kademlia,380.52815000000044,6,8,9,14
memo,1024,16384000,1024,16384000,0.01,64,0.18774415963445076,16384,10195738,sharded,86528.5185522172,1000,0.146484375,ed25519,gossip,kademlia,946.7134999999793,3,4,4,5
memo,1024,16384000,1024,16384000,0.01,64,0.1883232646592547,16384,10969248,sharded,86240.68847460832,1000,0.146484375,ed25519,gossipsub,kademlia,1020.9960000000008,3,4,4,5
memo,1024,16384000,1024,16384000,0.01,64,0.19180951597055287,16384,4684277,sharded,84693.23285552721,1000,0.146484375,ed25519,plumtree,kademlia,380.71090000000044,6,8,9,14
memo,1024,16384000,1024,16384000,0.01,64,0.3189745253558649,16384,10140850,sharded,50946.3882166451,1000,0.29296875,ed25519,gossip,kademlia,939.871999999981,3,4,4,5
memo,1024,16384000,1024,16384000,0.01,64,0.3185955316524068,16384,10950168,sharded,50976.45882152255,1000,0.29296875,ed25519,gossipsub,kademlia,1021.4939999999995,3,4,4,5
memo,1024,16384000,1024,16384000,0.01,64,0.3227248491460259,16384,4644242,sharded,50327.37963307839,1000,0.29296875,ed25519,plumtree,kademlia,380.55989999999923,6,8,9,14
memo,1024,16384000,1024,16384000,0.01,64,0.5788613370009953,16384,10191034,sharded,28067.640661881112,1000,0.5859375,ed25519,gossip,kademlia,944.8289999999806,3,4,4,5
memo,1024,16384000,1024,16384000,0.01,64,0.5784047749540663,16384,10973112,sharded,28089.795768526063,1000,0.5859375,ed25519,gossipsub,kademlia,1022.6537999999994,3,4,4,5
memo,1024,16384000,1024,16384000,0.01,64,0.5866554240281175,16384,4661937,sharded,27680.344091085564,1000,0.5859375,ed25519,plumtree,kademlia,380.55684999999994,6,8,9,14
memo,1024,16384000,1024,16384000,0.01,64,1078.2860916265354,16384,10255358,sharded,15.056286199064681,1000,1200.0,ed25519,gossip,kademlia,947.6444999999804,3,4,4,5
memo,1024,16384000,1024,16384000,0.01,64,1082.2021930918381,16384,10967652,sharded,15.006297440225064,1000,1200.0,ed25519,gossipsub,kademlia,1021.304400000001,3,4,4,5
memo,1024,16384000,1024,16384000,0.01,64,1069.41779439303,16384,4647143,sharded,15.192872313501775,1000,1200.0,ed25519,plumtree,kademlia,380.4743000000003,6,8,9,14
memo,1024,16384000,1024,16384000,0.01,64,134.2442879467764,16384,10180228,sharded,120.97426451722613,1000,150.0,ed25519,gossip,kademlia,943.4609999999793,3,4,4,5
memo,1024,16384000,1024,16384000,0.01,64,134.53788746107978,16384,10980168,sharded,120.74832083787217,1000,150.0,ed25519,gossipsub,kademlia,1021.9283999999983,3,4,4,5
memo,1024,16384000,1024,16384000,0.01,64,134.45304628052742,16384,4657388,sharded,120.7521618076671,1000,150.0,ed25519,plumtree,kademlia,380.42704999999955,6,8,9,14
memo,1024,16384000,1024,16384000,0.01,64,16.89666860775179,16384,10150186,sharded,961.4302308413149,1000,18.75,ed25519,gossip,kademlia,941.5134999999802,3,4,4,5
memo,1024,16384000,1024,16384000,0.01,64,17.011138228768495,16384,10981428,sharded,954.7048399462524,1000,18.75,ed25519,gossipsub,kademlia,1022.9303999999997,3,4,4,5
memo,1024,16384000,1024,16384000,0.01,64,16.774087665913747,16384,4649128,sharded,968.5782215753649,1000,18.75,ed25519,plumtree,kademlia,380.4718000000005,6,8,9,14
memo,1024,16384000,1024,16384000,0.01,64,1.117197327096337,16384,10252322,sharded,14528.906940895617,1000,1.171875,ed25519,gossip,kademlia,944.6114999999786,3,4,4,5
memo,1024,16384000,1024,16384000,0.01,64,1.107623914980199,16384,10978776,sharded,14667.195047238054,1000,1.171875,ed25519,gossipsub,kademlia,1020.8574000000007,3,4,4,5
memo,1024,16384000,1024,16384000,0.01,64,1.1092735736750088,16384,4636294,sharded,14645.382695071416,1000,1.171875,ed25519,plumtree,kademlia,380.5399500000008,6,8,9,15
memo,1024,16384000,1024,16384000,0.01,64,2.164681625540137,16384,10150782,sharded,7503.133859671988,1000,2.34375,ed25519,gossip,kademlia,941.4389999999798,3,4,4,6
memo,1024,16384000,1024,16384000,0.01,64,2.157898946264458,16384,10950228,sharded,7528.497118979096,1000,2.34375,ed25519,gossipsub,kademlia,1020.7025999999992,3,4,4,5
memo,1024,16384000,1024,16384000,0.01,64,2.156163509465365,16384,4661517,sharded,7533.844223172045,1000,2.34375,ed25519,plumtree,kademlia,380.4716499999995,6,8,9,15
memo,1024,16384000,1024,16384000,0.01,64,268.4086067042416,16384,10231508,sharded,60.50515368866285,1000,300.0,ed25519,gossip,kademlia,945.1244999999814,3,4,4,5
memo,1024,16384000,1024,16384000,0.01,64,269.0334474945199,16384,10953600,sharded,60.36177341975587,1000,300.0,ed25519,gossipsub,kademlia,1020.6437999999989,3,4,4,5
memo,1024,16384000,1024,16384000,0.01,64,270.4460608319505,16384,4631356,sharded,60.08245766277523,1000,300.0,ed25519,plumtree,kademlia,380.67609999999996,6,8,9,13
memo,1024,16384000,1024,16384000,0.01,64,33.56998530514934,16384,10133786,sharded,484.1422435030672,1000,37.5,ed25519,gossip,kademlia,943.0114999999793,3,4,4,6
memo,1024,16384000,1024,16384000,0.01,64,33.78667040338571,16384,10959348,sharded,480.6053927815511,1000,37.5,ed25519,gossipsub,kademlia,1020.5105999999982,3,4,4,5
memo,1024,16384000,1024,16384000,0.01,64,33.88583729359274,16384,4664179,sharded,479.1460178282215,1000,37.5,ed25519,plumtree,kademlia,380.5886500000001,6,8,9,14
memo,1024,16384000,1024,16384000,0.01,64,4.282918056274976,16384,10235086,sharded,3791.771821598763,1000,4.6875,ed25519,gossip,kademlia,947.6319999999798,3,4,4,5
memo,1024,16384000,1024,16384000,0.01,64,4.2762232757921925,16384,10986336,sharded,3797.5285556135104,1000,4.6875,ed25519,gossipsub,kademlia,1023.6251999999981,3,4,4,5
memo,1024,16384000,1024,16384000,0.01,64,4.2781657719861315,16384,4595034,sharded,3794.1288077914664,1000,4.6875,ed25519,plumtree,kademlia,380.81419999999963,6,8,9,15
memo,1024,16384000,1024,16384000,0.01,64,539.8643945296291,16384,10183216,sharded,30.071862794628142,1000,600.0,ed25519,gossip,kademlia,944.2694999999803,3,4,4,6
memo,1024,16384000,1024,16384000,0.01,64,536.3530295800562,16384,10976868,sharded,30.2906912126895,1000,600.0,ed25519,gossipsub,kademlia,1021.5431999999969,3,4,4,5
memo,1024,16384000,1024,16384000,0.01,64,542.3139114570105,16384,4643168,sharded,29.942171235058204,1000,600.0,ed25519,plumtree,kademlia,380.53500000000054,6,8,9,15
memo,1024,16384000,1024,16384000,0.01,64,67.91389779340754,16384,10132758,sharded,238.95821808618564,1000,75.0,ed25519,gossip,kademlia,943.8184999999795,3,4,4,5
memo,1024,16384000,1024,16384000,0.01,64,67.09318171103533,16384,10977864,sharded,242.05678708077758,1000,75.0,ed25519,gossipsub,kademlia,1022.5739999999995,3,4,4,5
memo,1024,16384000,1024,16384000,0.01,64,66.70436617927783,16384,4651545,sharded,243.5866935056441,1000,75.0,ed25519,plumtree,kademlia,380.4485500000005,6,8,9,13
memo,1024,16384000,1024,16384000,0.01,64,8.506248881577658,16384,10217000,sharded,1908.6250856310287,1000,9.375,ed25519,gossip,kademlia,942.0674999999817,3,4,4,5
memo,1024,16384000,1024,16384000,0.01,64,8.389616082847473,16384,10944732,sharded,1937.1727906867404,1000,9.375,ed25519,gossipsub,kademlia,1020.2513999999985,3,4,4,5
memo,1024,16384000,1024,16384000,0.01,64,8.475298978792015,16384,4663773,sharded,1916.2594783546874,1000,9.375,ed25519,plumtree,kademlia,380.63420000000065,6,8,9,14
memo,1024,2048000,1024,2048000,0.01,64,0.18133146554487284,2048,10220356,sharded,11202.335975701468,1000,0.146484375,ed25519,gossip,kademlia,949.6654999999787,3,4,4,5
memo,1024,2048000,1024,2048000,0.01,64,0.17949002109918732,2048,10970112,sharded,11320.829913308202,1000,0.146484375,ed25519,gossipsub,kademlia,1021.4646000000005,3,4,4,5
memo,1024,2048000,1024,2048000,0.01,64,0.18607191882344531,2048,4644284,sharded,10910.405034981572,1000,0.146484375,ed25519,plumtree,kademlia,380.44930000000056,6,8,9,14
memo,1024,2048000,1024,2048000,0.01,64,0.31457535738703957,2048,10225884,sharded,6457.289016128411,1000,0.29296875,ed25519,gossip,kademlia,944.1169999999802,3,4,4,5
memo,1024,2048000,1024,2048000,0.01,64,0.31168661372297535,2048,10974768,sharded,6519.1891808545115,1000,0.29296875,ed25519,gossipsub,kademlia,1021.8210000000001,3,4,4,5
memo,1024,2048000,1024,2048000,0.01,64,0.3138544845652609,2048,4660861,sharded,6474.159522730958,1000,0.29296875,ed25519,plumtree,kademlia,380.58625,6,8,9,14
memo,1024,2048000,1024,2048000,0.01,64,0.5763742417925626,2048,10191104,sharded,3522.336448773269,1000,0.5859375,ed25519,gossip,kademlia,945.1419999999815,3,4,4,6
memo,1024,2048000,1024,2048000,0.01,64,0.5750369553102888,2048,10948380,sharded,3531.362604172558,1000,0.5859375,ed25519,gossipsub,kademlia,1019.1941999999997,3,4,4,5
memo,1024,2048000,1024,2048000,0.01,64,0.5801999506063108,2048,4642896,sharded,3499.386716386797,1000,0.5859375,ed25519,plumtree,kademlia,380.6129499999998,6,8,9,14
memo,1024,2048000,1024,2048000,0.01,64,1072.1608005927922,2048,10208702,sharded,1.8956037180955514,1000,1200.0,ed25519,gossip,kademlia,943.7464999999787,3,4,4,5
memo,1024,2048000,1024,2048000,0.01,64,1075.7185678132746,2048,10976292,sharded,1.8875792058954761,1000,1200.0,ed25519,gossipsub,kademlia,1022.2182000000001,3,4,4,5
memo,1024,2048000,1024,2048000,0.01,64,1080.9628101116302,2048,4604513,sharded,1.8785105102647346,1000,1200.0,ed25519,plumtree,kademlia,380.6811999999995,6,8,9,14
memo,1024,2048000,1024,2048000,0.01,64,133.93091674408237,2048,10148238,sharded,15.167282128603471,1000,150.0,ed25519,gossip,kademlia,939.5864999999806,3,4,4,6
memo,1024,2048000,1024,2048000,0.01,64,134.8774654689095,2048,10964124,sharded,15.064162074341116,1000,150.0,ed25519,gossipsub,kademlia,1021.2077999999998,3,4,4,5
memo,1024,2048000,1024,2048000,0.01,64,134.13868537815065,2048,4580101,sharded,15.142119473394253,1000,150.0,ed25519,plumtree,kademlia,380.6718000000003,6,8,9,14
memo,1024,2048000,1024,2048000,0.01,64,16.877235833826855,2048,10255064,sharded,120.32918304842562,1000,18.75,ed25519,gossip,kademlia,948.2349999999801,3,4,4,6
memo,1024,2048000,1024,2048000,0.01,64,16.840690765259207,2048,10978728,sharded,120.64540750260178,1000,18.75,ed25519,gossipsub,kademlia,1021.671599999997,3,4,4,5
memo,1024,2048000,1024,2048000,0.01,64,16.877629458411803,2048,4645961,sharded,120.32637669905937,1000,18.75,ed25519,plumtree,kademlia,380.55290000000053,6,8,9,15
memo,1024,2048000,1024,2048000,0.01,64,1.098433542485104,2048,10198190,sharded,1849.3608592870771,1000,1.171875,ed25519,gossip,kademlia,946.5259999999805,3,4,4,6
memo,1024,2048000,1024,2048000,0.01,64,1.1007032159599752,2048,10959612,sharded,1845.22764224744,1000,1.171875,ed25519,gossipsub,kademlia,1020.7805999999988,3,4,4,5
memo,1024,2048000,1024,2048000,0.01,64,1.108394815722855,2048,4666226,sharded,1831.7010971184902,1000,1.171875,ed25519,plumtree,kademlia,380.7288500000006,6,8,9,14
memo,1024,2048000,1024,2048000,0.01,64,2.1538256559182294,2048,10182188,sharded,943.2184050820534,1000,2.34375,ed25519,gossip,kademlia,945.1039999999795,3,4,4,6
memo,1024,2048000,1024,2048000,0.01,64,2.1453054854422797,2048,10968720,sharded,946.8898549808209,1000,2.34375,ed25519,gossipsub,kademlia,1021.4184000000008,3,4,4,5
memo,1024,2048000,1024,2048000,0.01,64,2.1530770438468414,2048,4675290,sharded,943.5463565067449,1000,2.34375,ed25519,plumtree,kademlia,380.64879999999914,6,8,9,13
memo,1024,2048000,1024,2048000,0.01,64,268.8640559294581,2048,10227374,sharded,7.5539439177874685,1000,300.0,ed25519,gossip,kademlia,947.0589999999796,3,4,4,5
memo,1024,2048000,1024,2048000,0.01,64,271.16119687502896,2048,10995396,sharded,7.489006625589977,1000,300.0,ed25519,gossipsub,kademlia,1021.8569999999978,3,4,4,5
memo,1024,2048000,1024,2048000,0.01,64,270.19581663617953,2048,4622882,sharded,7.516474626750596,1000,300.0,ed25519,plumtree,kademlia,380.4807999999997,6,8,9,15
memo,1024,2048000,1024,2048000,0.01,64,33.852210969159195,2048,10190510,sharded,59.974812334995526,1000,37.5,ed25519,gossip,kademlia,943.8664999999794,3,4,4,5
memo,1024,2048000,1024,2048000,0.01,64,33.938539677730745,2048,10990284,sharded,59.81094116821841,1000,37.5,ed25519,gossipsub,kademlia,1022.6675999999992,3,4,4,5
memo,1024,2048000,1024,2048000,0.01,64,33.74141542308624,2048,4653585,sharded,60.17269798974819,1000,37.5,ed25519,plumtree,kademlia,380.3894500000001,6,8,9,15
memo,1024,2048000,1024,2048000,0.01,64,4.262291864569279,2048,10123122,sharded,476.3052518472136,1000,4.6875,ed25519,gossip,kademlia,940.2144999999794,3,4,4,5
memo,1024,2048000,1024,2048000,0.01,64,4.2519155310239825,2048,10953912,sharded,477.62566899134043,1000,4.6875,ed25519,gossipsub,kademlia,1021.5329999999983,3,4,4,5
memo,1024,2048000,1024,2048000,0.01,64,4.25514074054975,2048,4649021,sharded,477.4742185701497,1000,4.6875,ed25519,plumtree,kademlia,380.69974999999965,6,8,9,15
memo,1024,2048000,1024,2048000,0.01,64,535.931162762895,2048,10258600,sharded,3.791606350196525,1000,600.0,ed25519,gossip,kademlia,946.9099999999802,3,4,4,6
memo,1024,2048000,1024,2048000,0.01,64,543.3384454156243,2048,10969980,sharded,3.7356163862974707,1000,600.0,ed25519,gossipsub,kademlia,1021.8474000000003,3,4,4,5
memo,1024,2048000,1024,2048000,0.01,64,539.9253136162632,2048,4643016,sharded,3.761601741539136,1000,600.0,ed25519,plumtree,kademlia,380.48,6,8,9,14
memo,1024,2048000,1024,2048000,0.01,64,67.07326839935807,2048,10108914,sharded,30.296779156499973,1000,75.0,ed25519,gossip,kademlia,940.5944999999812,3,4,4,5
memo,1024,2048000,1024,2048000,0.01,64,67.48725377018742,2048,10972644,sharded,30.10666291028658,1000,75.0,ed25519,gossipsub,kademlia,1020.3209999999983,3,4,4,5
memo,1024,2048000,1024,2048000,0.01,64,67.4191444650426,2048,4681259,sharded,30.1266356331939,1000,75.0,ed25519,plumtree,kademlia,380.43264999999997,6,8,9,15
memo,1024,2048000,1024,2048000,0.01,64,8.500458165785998,2048,10154358,sharded,238.91512203121502,1000,9.375,ed25519,gossip,kademlia,943.0799999999805,3,4,4,5
memo,1024,2048000,1024,2048000,0.01,64,8.485848659691978,2048,10968240,sharded,239.31513292787318,1000,9.375,ed25519,gossipsub,kademlia,1021.3908000000008,3,4,4,5
memo,1024,2048000,1024,2048000,0.01,64,8.470636027517262,2048,4633270,sharded,239.75625837334576,1000,9.375,ed25519,plumtree,kademlia,380.57360000000097,6,8,9,14
memo,1024,262144000,1024,262144000,0.01,64,0.37344297066659937,262144,10194108,sharded,695705.1127143815,1000,0.146484375,ed25519,gossip,kademlia,942.9404999999791,3,4,4,5
memo,1024,262144000,1024,262144000,0.01,64,0.373254594624986,262144,10964736,sharded,696122.06719399,1000,0.146484375,ed25519,gossipsub,kademlia,1020.2256000000012,3,4,4,5
memo,1024,262144000,1024,262144000,0.01,64,0.37698232734475556,262144,4636379,sharded,689781.830972129,1000,0.146484375,ed25519,plumtree,kademlia,380.6299499999997,6,8,9,13
memo,1024,262144000,1024,262144000,0.01,64,0.49395429483985304,262144,10257186,sharded,526005.2816915746,1000,0.29296875,ed25519,gossip,kademlia,947.4399999999797,3,4,4,6
memo,1024,262144000,1024,262144000,0.01,64,0.4935582507869861,262144,10971756,sharded,526443.9599291389,1000,0.29296875,ed25519,gossipsub,kademlia,1020.5831999999988,3,4,4,5
memo,1024,262144000,1024,262144000,0.01,64,0.49676899222135934,262144,4642663,sharded,522785.8180896212,1000,0.29296875,ed25519,plumtree,kademlia,380.50664999999964,6,8,9,15
memo,1024,262144000,1024,262144000,0.01,64,0.7325228987933932,262144,10205448,sharded,354924.7462819997,1000,0.5859375,ed25519,gossip,kademlia,940.9239999999805,3,4,4,5
memo,1024,262144000,1024,262144000,0.01,64,0.7376973206074383,262144,10965084,sharded,352268.62934247684,1000,0.5859375,ed25519,gossipsub,kademlia,1021.1922,3,4,4,5
memo,1024,262144000,1024,262144000,0.01,64,0.7392935779823263,262144,4684315,sharded,351585.58892041916,1000,0.5859375,ed25519,plumtree,kademlia,380.6972000000004,6,8,9,14
memo,1024,262144000,1024,262144000,0.01,64,1081.4246763080248,262144,10160354,sharded,240.21785122092675,1000,1200.0,ed25519,gossip,kademlia,943.5759999999809,3,4,4,6
memo,1024,262144000,1024,262144000,0.01,64,1080.5460833996694,262144,10970988,sharded,240.46624201579098,1000,1200.0,ed25519,gossipsub,kademlia,1021.7868000000001,3,4,4,5
memo,1024,262144000,1024,262144000,0.01,64,1075.99243801689,262144,4678189,sharded,241.53339263144568,1000,1200.0,ed25519,plumtree,kademlia,380.6610999999999,6,8,9,13
memo,1024,262144000,1024,262144000,0.01,64,134.07296348090412,262144,10214818,sharded,1938.7134978710412,1000,150.0,ed25519,gossip,kademlia,943.8454999999793,3,4,4,6
memo,1024,262144000,1024,262144000,0.01,64,133.8253331574585,262144,10960668,sharded,1941.9642146096603,1000,150.0,ed25519,gossipsub,kademlia,1022.341799999997,3,4,4,5
memo,1024,262144000,1024,262144000,0.01,64,134.67447300000538,262144,4601610,sharded,1928.412075538544,1000,150.0,ed25519,plumtree,kademlia,380.7135000000002,6,8,9,14
memo,1024,262144000,1024,262144000,0.01,64,16.939386971075585,262144,10266280,sharded,15332.807523878666,1000,18.75,ed25519,gossip,kademlia,945.5434999999792,3,4,4,5
memo,1024,262144000,1024,262144000,0.01,64,16.984803264464045,262144,10967340,sharded,15293.978973750385,1000,18.75,ed25519,gossipsub,kademlia,1020.2123999999978,3,4,4,5
memo,1024,262144000,1024,262144000,0.01,64,17.018837368873037,262144,4673330,sharded,15265.078945707277,1000,18.75,ed25519,plumtree,kademlia,380.67474999999956,6,8,9,13
memo,1024,262144000,1024,262144000,0.01,64,1.238640122805285,262144,10218028,sharded,209718.07647541806,1000,1.171875,ed25519,gossip,kademlia,941.436999999979,3,4,4,5
memo,1024,262144000,1024,262144000,0.01,64,1.2392705875811656,262144,10949640,sharded,209634.52098630954,1000,1.171875,ed25519,gossipsub,kademlia,1019.8991999999996,3,4,4,5
memo,1024,262144000,1024,262144000,0.01,64,1.2425591177871704,262144,4642040,sharded,209089.59604487845,1000,1.171875,ed25519,plumtree,kademlia,380.61725000000035,6,8,9,14
memo,1024,262144000,1024,262144000,0.01,64,2.285526756189269,262144,10291134,sharded,113670.94753822502,1000,2.34375,ed25519,gossip,kademlia,947.7019999999794,3,4,4,6
memo,1024,262144000,1024,262144000,0.01,64,2.281966890829321,262144,10971780,sharded,113873.40326640866,1000,2.34375,ed25519,gossipsub,kademlia,1019.6130000000018,3,4,4,5
memo,1024,262144000,1024,262144000,0.01,64,2.2942150481065178,262144,4666528,sharded,113277.96329053365,1000,2.34375,ed25519,plumtree,kademlia,380.76049999999924,6,8,9,15
memo,1024,262144000,1024,262144000,0.01,64,269.9069563351607,262144,10205374,sharded,962.8499966384361,1000,300.0,ed25519,gossip,kademlia,944.6094999999799,3,4,4,5
memo,1024,262144000,1024,262144000,0.01,64,268.4751270942666,262144,10971924,sharded,968.1681383792924,1000,300.0,ed25519,gossipsub,kademlia,1021.5738000000002,3,4,4,5
memo,1024,262144000,1024,262144000,0.01,64,268.93022785077505,262144,4613704,sharded,966.2403593551676,1000,300.0,ed25519,plumtree,kademlia,380.68655000000047,6,8,9,15
memo,1024,262144000,1024,262144000,0.01,64,33.82574957786661,262144,10135936,sharded,7681.206514046066,1000,37.5,ed25519,gossip,kademlia,943.9364999999806,3,4,4,6
memo,1024,262144000,1024,262144000,0.01,64,33.55394177460384,262144,10932132,sharded,7745.626363240253,1000,37.5,ed25519,gossipsub,kademlia,1020.0173999999963,3,4,4,5
memo,1024,262144000,1024,262144000,0.01,64,33.90000896365892,262144,4637564,sharded,7660.634906568779,1000,37.5,ed25519,plumtree,kademlia,380.52375000000035,6,8,9,15
memo,1024,262144000,1024,262144000,0.01,64,4.353283534122045,262144,10219952,sharded,59715.3238382915,1000,4.6875,ed25519,gossip,kademlia,946.7664999999786,3,4,4,6
memo,1024,262144000,1024,262144000,0.01,64,4.392564146389888,262144,10982412,sharded,59156.141001050666,1000,4.6875,ed25519,gossipsub,kademlia,1021.5653999999977,3,4,4,5
memo,1024,262144000,1024,262144000,0.01,64,4.394560870493891,262144,4649426,sharded,59114.34968263483,1000,4.6875,ed25519,plumtree,kademlia,380.5785000000009,6,8,9,14
memo,1024,262144000,1024,262144000,0.01,64,536.3804976254672,262144,10214306,sharded,484.74336623169376,1000,600.0,ed25519,gossip,kademlia,944.020499999981,3,4,4,5
memo,1024,262144000,1024,262144000,0.01,64,542.3706611969051,262144,10965108,sharded,478.7024272792312,1000,600.0,ed25519,gossipsub,kademlia,1020.9144000000008,3,4,4,5
memo,1024,262144000,1024,262144000,0.01,64,538.3749239446864,262144,4649936,sharded,482.8563226817535,1000,600.0,ed25519,plumtree,kademlia,380.59484999999984,6,8,9,14
memo,1024,262144000,1024,262144000,0.01,64,67.91082061116857,262144,10190174,sharded,3825.575801645869,1000,75.0,ed25519,gossip,kademlia,941.3914999999785,3,4,4,6
memo,1024,262144000,1024,262144000,0.01,64,67.54985731280527,262144,10941552,sharded,3845.836458203044,1000,75.0,ed25519,gossipsub,kademlia,1020.8537999999993,3,4,4,5
memo,1024,262144000,1024,262144000,0.01,64,66.95323056992325,262144,4652953,sharded,3884.817712094727,1000,75.0,ed25519,plumtree,kademlia,380.5133499999999,6,8,9,14
memo,1024,262144000,1024,262144000,0.01,64,8.661887863727156,262144,10277532,sharded,29971.477359704775,1000,9.375,ed25519,gossip,kademlia,950.088499999981,3,4,4,5
memo,1024,262144000,1024,262144000,0.01,64,8.522192592797836,262144,10952400,sharded,30504.582614068007,1000,9.375,ed25519,gossipsub,kademlia,1022.6478000000008,3,4,4,6
memo,1024,262144000,1024,262144000,0.01,64,8.573256211958633,262144,4605197,sharded,30304.73761388313,1000,9.375,ed25519,plumtree,kademlia,380.62815000000046,6,8,9,14
memo,1024,32768000,1024,32768000,0.01,64,0.19740970033103558,32768,10202544,sharded,164560.62668412228,1000,0.146484375,ed25519,gossip,kademlia,946.541499999979,3,4,4,6
memo,1024,32768000,1024,32768000,0.01,64,0.19790488174565707,32768,10964952,sharded,164097.1345099862,1000,0.146484375,ed25519,gossipsub,kademlia,1021.3008000000004,3,4,4,5
memo,1024,32768000,1024,32768000,0.01,64,0.2009120051288671,32768,4644514,sharded,161656.3230214532,1000,0.146484375,ed25519,plumtree,kademlia,380.64640000000037,6,8,9,14
memo,1024,32768000,1024,32768000,0.01,64,0.3259223224010822,32768,10159358,sharded,99661.07187966007,1000,0.29296875,ed25519,gossip,kademlia,946.5594999999785,3,4,4,5
memo,1024,32768000,1024,32768000,0.01,64,0.327629811350657,32768,11006124,sharded,99190.1190738052,1000,0.29296875,ed25519,gossipsub,kademlia,1023.3576,3,4,4,5
memo,1024,32768000,1024,32768000,0.01,64,0.3324582161030863,32768,4669647,sharded,97680.24499635318,1000,0.29296875,ed25519,plumtree,kademlia,380.6438500000001,6,8,9,13
memo,1024,32768000,1024,32768000,0.01,64,0.5909666097856014,32768,10252204,sharded,54953.39916375635,1000,0.5859375,ed25519,gossip,kademlia,948.164999999979,3,4,4,5
memo,1024,32768000,1024,32768000,0.01,64,0.587978433435625,32768,10974696,sharded,55260.54384366701,1000,0.5859375,ed25519,gossipsub,kademlia,1021.5545999999988,3,4,4,5
memo,1024,32768000,1024,32768000,0.01,64,0.595023565742951,32768,4667831,sharded,54579.57948178076,1000,0.5859375,ed25519,plumtree,kademlia,380.59030000000075,6,8,9,15
memo,1024,32768000,1024,32768000,0.01,64,1069.4720829579696,32768,10271158,sharded,30.383745885283698,1000,1200.0,ed25519,gossip,kademlia,948.3109999999796,3,4,4,5
memo,1024,32768000,1024,32768000,0.01,64,1070.4290917912103,32768,10948788,sharded,30.365191164236354,1000,1200.0,ed25519,gossipsub,kademlia,1020.671999999998,3,4,4,5
memo,1024,32768000,1024,32768000,0.01,64,1077.5326163192376,32768,4648620,sharded,30.143154377033888,1000,1200.0,ed25519,plumtree,kademlia,380.46369999999985,6,8,9,16
memo,1024,32768000,1024,32768000,0.01,64,135.70421530903528,32768,10244098,sharded,239.24391682355034,1000,150.0,ed25519,gossip,kademlia,947.2179999999796,3,4,4,5
memo,1024,32768000,1024,32768000,0.01,64,134.27961426708887,32768,10960608,sharded,241.78591945774934,1000,150.0,ed25519,gossipsub,kademlia,1020.7589999999997,3,4,4,5
memo,1024,32768000,1024,32768000,0.01,64,133.38283770658467,32768,4657125,sharded,243.8145758417506,1000,150.0,ed25519,plumtree,kademlia,380.6749499999998,6,8,9,14
memo,1024,32768000,1024,32768000,0.01,64,16.922130678432765,32768,10210858,sharded,1919.0306833753616,1000,18.75,ed25519,gossip,kademlia,943.2374999999791,3,4,4,6
memo,1024,32768000,1024,32768000,0.01,64,16.812930487438944,32768,10988412,sharded,1932.2256773898393,1000,18.75,ed25519,gossipsub,kademlia,1021.8251999999983,3,4,4,5
memo,1024,32768000,1024,32768000,0.01,64,16.82668614875929,32768,4593152,sharded,1931.3763692202863,1000,18.75,ed25519,plumtree,kademlia,380.67760000000015,6,8,9,15
memo,1024,32768000,1024,32768000,0.01,64,1.1103356098762127,32768,10244250,sharded,29256.775799185274,1000,1.171875,ed25519,gossip,kademlia,945.9039999999794,3,4,4,6
memo,1024,32768000,1024,32768000,0.01,64,1.117771293040716,32768,10971096,sharded,29044.28857864525,1000,1.171875,ed25519,gossipsub,kademlia,1020.666599999998,3,4,4,5
memo,1024,32768000,1024,32768000,0.01,64,1.1175759485421664,32768,4585255,sharded,29064.941888174893,1000,1.171875,ed25519,plumtree,kademlia,380.65784999999966,6,8,9,15
memo,1024,32768000,1024,32768000,0.01,64,2.1577135170381005,32768,10195328,sharded,15063.282378939686,1000,2.34375,ed25519,gossip,kademlia,942.5944999999803,3,4,4,6
memo,1024,32768000,1024,32768000,0.01,64,2.166626102701373,32768,10981644,sharded,15001.791014829263,1000,2.34375,ed25519,gossipsub,kademlia,1023.9581999999987,3,4,4,5
memo,1024,32768000,1024,32768000,0.01,64,2.16360845762908,32768,4596552,sharded,15020.111372466847,1000,2.34375,ed25519,plumtree,kademlia,380.50315000000046,6,8,9,14
memo,1024,32768000,1024,32768000,0.01,64,267.95388542851066,32768,10126602,sharded,121.27307632816442,1000,300.0,ed25519,gossip,kademlia,941.2514999999806,3,4,4,5
memo,1024,32768000,1024,32768000,0.01,64,267.8022445502726,32768,10942092,sharded,121.35130552985099,1000,300.0,ed25519,gossipsub,kademlia,1018.8221999999984,3,4,4,5
memo,1024,32768000,1024,32768000,0.01,64,267.94528599196747,32768,4614081,sharded,121.27123595290314,1000,300.0,ed25519,plumtree,kademlia,380.77360000000044,6,8,9,14
memo,1024,32768000,1024,32768000,0.01,64,33.83552560966308,32768,10181052,sharded,959.7933359937356,1000,37.5,ed25519,gossip,kademlia,942.235499999981,3,4,4,6
memo,1024,32768000,1024,32768000,0.01,64,33.775270740455134,32768,10954680,sharded,962.0058488852296,1000,37.5,ed25519,gossipsub,kademlia,1020.1115999999995,3,4,4,5
memo,1024,32768000,1024,32768000,0.01,64,33.891967266289065,32768,4612478,sharded,958.0136716435323,1000,37.5,ed25519,plumtree,kademlia,380.5088500000006,6,8,9,16
memo,1024,32768000,1024,32768000,0.01,64,4.251276946070603,32768,10179834,sharded,7643.84546389896,1000,4.6875,ed25519,gossip,kademlia,941.5804999999814,3,4,4,6
memo,1024,32768000,1024,32768000,0.01,64,4.259792682319833,32768,10976124,sharded,7623.396353250459,1000,4.6875,ed25519,gossipsub,kademlia,1020.9479999999998,3,4,4,5
memo,1024,32768000,1024,32768000,0.01,64,4.286556982653279,32768,4632536,sharded,7579.500314933284,1000,4.6875,ed25519,plumtree,kademlia,380.6300500000003,6,8,9,15
memo,1024,32768000,1024,32768000,0.01,64,542.3385973348869,32768,10170128,sharded,59.8731644024024,1000,600.0,ed25519,gossip,kademlia,944.9549999999789,3,4,4,5
memo,1024,32768000,1024,32768000,0.01,64,534.128247626793,32768,10942392,sharded,60.82130301915606,1000,600.0,ed25519,gossipsub,kademlia,1020.0629999999996,3,4,4,5
memo,1024,32768000,1024,32768000,0.01,64,537.4129598124175,32768,4621308,sharded,60.45813262735771,1000,600.0,ed25519,plumtree,kademlia,380.78470000000084,6,8,9,13
memo,1024,32768000,1024,32768000,0.01,64,66.99911627696609,32768,10251376,sharded,484.87767906826303,1000,75.0,ed25519,gossip,kademlia,946.8789999999796,3,4,4,6
memo,1024,32768000,1024,32768000,0.01,64,67.31651920592846,32768,10964904,sharded,482.4241119873585,1000,75.0,ed25519,gossipsub,kademlia,1021.4039999999986,3,4,4,5
memo,1024,32768000,1024,32768000,0.01,64,67.29387623562128,32768,4654044,sharded,482.92120795974785,1000,75.0,ed25519,plumtree,kademlia,380.5942000000003,6,8,9,14
memo,1024,32768000,1024,32768000,0.01,64,8.488283314957457,32768,10158042,sharded,3824.9703497511887,1000,9.375,ed25519,gossip,kademlia,943.1454999999805,3,4,4,5
memo,1024,32768000,1024,32768000,0.01,64,8.439952367499066,32768,10969764,sharded,3849.785707929068,1000,9.375,ed25519,gossipsub,kademlia,1021.2450000000006,3,4,4,5
memo,1024,32768000,1024,32768000,0.01,64,8.482785134281666,32768,4656280,sharded,3829.4413315646025,1000,9.375,ed25519,plumtree,kademlia,380.57544999999914,6,8,9,13
memo,1024,4096000,1024,4096000,0.01,64,0.18163469660948584,4096,10218598,sharded,22376.20936895238,1000,0.146484375,ed25519,gossip,kademlia,942.6479999999792,3,4,4,5
memo,1024,4096000,1024,4096000,0.01,64,0.18181597609955094,4096,10936464,sharded,22346.155091318375,1000,0.146484375,ed25519,gossipsub,kademlia,1019.8925999999983,3,4,4,5
memo,1024,4096000,1024,4096000,0.01,64,0.18598839765111316,4096,4604725,sharded,21840.717223769727,1000,0.146484375,ed25519,plumtree,kademlia,380.5616499999999,6,8,9,14
memo,1024,4096000,1024,4096000,0.01,64,0.3146836820777397,4096,10207206,sharded,12902.073514561827,1000,0.29296875,ed25519,gossip,kademlia,943.5599999999808,3,4,4,5
memo,1024,4096000,1024,4096000,0.01,64,0.31414929588239376,4096,10972980,sharded,12922.187167720822,1000,0.29296875,ed25519,gossipsub,kademlia,1021.2797999999998,3,4,4,5
memo,1024,4096000,1024,4096000,0.01,64,0.3183191307375124,4096,4676816,sharded,12753.71665722376,1000,0.29296875,ed25519,plumtree,kademlia,380.5514,6,8,9,13
memo,1024,4096000,1024,4096000,0.01,64,0.5761990470088786,4096,10143842,sharded,7051.077264168743,1000,0.5859375,ed25519,gossip,kademlia,940.9649999999809,3,4,4,6
memo,1024,4096000,1024,4096000,0.01,64,0.5799197580969937,4096,10953444,sharded,6999.989124911045,1000,0.5859375,ed25519,gossipsub,kademlia,1020.7967999999992,3,4,4,5
memo,1024,4096000,1024,4096000,0.01,64,0.581095144630034,4096,4626304,sharded,6987.81264569893,1000,0.5859375,ed25519,plumtree,kademlia,380.57534999999973,6,8,9,14
memo,1024,4096000,1024,4096000,0.01,64,1069.1069271603405,4096,10203552,sharded,3.8005029214356827,1000,1200.0,ed25519,gossip,kademlia,947.747499999982,3,4,4,6
memo,1024,4096000,1024,4096000,0.01,64,1075.9902674902523,4096,10971804,sharded,3.7739895263846215,1000,1200.0,ed25519,gossipsub,kademlia,1021.8618000000001,3,4,4,5
memo,1024,4096000,1024,4096000,0.01,64,1073.7201789359067,4096,4655077,sharded,3.7842336203709777,1000,1200.0,ed25519,plumtree,kademlia,380.6079500000004,6,8,9,14
memo,1024,4096000,1024,4096000,0.01,64,135.1627425923046,4096,10197476,sharded,30.04549864935348,1000,150.0,ed25519,gossip,kademlia,945.5339999999795,3,4,4,6
memo,1024,4096000,1024,4096000,0.01,64,134.0567379827576,4096,10959192,sharded,30.309614131612026,1000,150.0,ed25519,gossipsub,kademlia,1019.2841999999996,3,4,4,5
memo,1024,4096000,1024,4096000,0.01,64,134.23809632214167,4096,4654074,sharded,30.25865317884445,1000,150.0,ed25519,plumtree,kademlia,380.59549999999973,6,8,9,14
memo,1024,4096000,1024,4096000,0.01,64,16.862262633950454,4096,10209622,sharded,240.9038506980199,1000,18.75,ed25519,gossip,kademlia,943.0564999999799,3,4,4,6
memo,1024,4096000,1024,4096000,0.01,64,16.969462243673707,4096,10971696,sharded,239.38578262928894,1000,18.75,ed25519,gossipsub,kademlia,1022.2505999999996,3,4,4,5
memo,1024,4096000,1024,4096000,0.01,64,16.785336033767145,4096,4645404,sharded,241.97740169330623,1000,18.75,ed25519,plumtree,kademlia,380.4678999999991,6,8,9,15
memo,1024,4096000,1024,4096000,0.01,64,1.10201540324407,4096,10200158,sharded,3685.734326437924,1000,1.171875,ed25519,gossip,kademlia,943.7074999999796,3,4,4,5
memo,1024,4096000,1024,4096000,0.01,64,1.1062383070660333,4096,10976424,sharded,3669.5239841822704,1000,1.171875,ed25519,gossipsub,kademlia,1021.4987999999976,3,4,4,5
memo,1024,4096000,1024,4096000,0.01,64,1.1100750714261909,4096,4662713,sharded,3659.204773224279,1000,1.171875,ed25519,plumtree,kademlia,380.6849499999997,6,8,9,14
memo,1024,4096000,1024,4096000,0.01,64,2.1559104416051635,4096,10245608,sharded,1884.5940543684728,1000,2.34375,ed25519,gossip,kademlia,943.4909999999794,3,4,4,6
memo,1024,4096000,1024,4096000,0.01,64,2.155961853906724,4096,10988988,sharded,1884.549113258932,1000,2.34375,ed25519,gossipsub,kademlia,1022.0022000000002,3,4,4,5
memo,1024,4096000,1024,4096000,0.01,64,2.1598339577884915,4096,4659084,sharded,1879.8667301987143,1000,2.34375,ed25519,plumtree,kademlia,380.5476,6,8,9,14
memo,1024,4096000,1024,4096000,0.01,64,269.5823733340697,4096,10267896,sharded,15.060598917454854,1000,300.0,ed25519,gossip,kademlia,947.2259999999801,3,4,4,5
memo,1024,4096000,1024,4096000,0.01,64,268.10667811365073,4096,10968048,sharded,15.154475183485296,1000,300.0,ed25519,gossipsub,kademlia,1021.4249999999997,3,4,4,5
memo,1024,4096000,1024,4096000,0.01,64,270.5892189401944,4096,4650482,sharded,15.006215014418057,1000,300.0,ed25519,plumtree,kademlia,380.5255499999998,6,8,9,15
memo,1024,4096000,1024,4096000,0.01,64,33.94252206097584,4096,10181736,sharded,119.57838585796917,1000,37.5,ed25519,gossip,kademlia,948.2499999999784,3,4,4,5
memo,1024,4096000,1024,4096000,0.01,64,33.70413658258864,4096,10978512,sharded,120.4583297973384,1000,37.5,ed25519,gossipsub,kademlia,1021.103999999998,3,4,4,5
memo,1024,4096000,1024,4096000,0.01,64,33.73463081931709,4096,4630094,sharded,120.41204843048081,1000,37.5,ed25519,plumtree,kademlia,380.6773500000007,6,8,9,13
memo,1024,4096000,1024,4096000,0.01,64,4.220359540405946,4096,10272246,sharded,963.1577502065168,1000,4.6875,ed25519,gossip,kademlia,948.0204999999805,3,4,4,6
memo,1024,4096000,1024,4096000,0.01,64,4.234952684005838,4096,10974300,sharded,959.2494422292818,1000,4.6875,ed25519,gossipsub,kademlia,1021.103400000002,3,4,4,5
memo,1024,4096000,1024,4096000,0.01,64,4.243086675206619,4096,4674156,sharded,957.3954790358326,1000,4.6875,ed25519,plumtree,kademlia,380.60109999999975,6,8,9,14
memo,1024,4096000,1024,4096000,0.01,64,538.975215828092,4096,10160304,sharded,7.536984782795035,1000,600.0,ed25519,gossip,kademlia,943.9334999999804,3,4,4,6
memo,1024,4096000,1024,4096000,0.01,64,538.2351663309801,4096,10972716,sharded,7.542710424653883,1000,600.0,ed25519,gossipsub,kademlia,1022.075400000002,3,4,4,5
memo,1024,4096000,1024,4096000,0.01,64,538.7736776690559,4096,4628783,sharded,7.53659684631845,1000,600.0,ed25519,plumtree,kademlia,380.66704999999916,6,8,9,13
memo,1024,4096000,1024,4096000,0.01,64,67.70542446936675,4096,10224584,sharded,59.98940309188477,1000,75.0,ed25519,gossip,kademlia,945.3519999999803,3,4,4,5
memo,1024,4096000,1024,4096000,0.01,64,67.50845491245002,4096,10984752,sharded,60.12272100233583,1000,75.0,ed25519,gossipsub,kademlia,1021.8497999999992,3,4,4,5
memo,1024,4096000,1024,4096000,0.01,64,67.65644540027425,4096,4655853,sharded,60.00823684987066,1000,75.0,ed25519,plumtree,kademlia,380.59935000000075,6,8,9,15
memo,1024,4096000,1024,4096000,0.01,64,8.520441874005758,4096,10266298,sharded,476.36684341252237,1000,9.375,ed25519,gossip,kademlia,947.1499999999781,3,4,4,5
memo,1024,4096000,1024,4096000,0.01,64,8.4445945678482,4096,10984728,sharded,481.0698687024315,1000,9.375,ed25519,gossipsub,kademlia,1021.9463999999996,3,4,4,5
memo,1024,4096000,1024,4096000,0.01,64,8.437372265660018,4096,4657395,sharded,481.4437329656259,1000,9.375,ed25519,plumtree,kademlia,380.54569999999956,6,8,9,14
memo,1024,524288000,1024,524288000,0.01,64,0.579507723561834,524288,10196262,sharded,897024.3723499457,1000,0.146484375,ed25519,gossip,kademlia,943.5334999999815,3,4,4,6
memo,1024,524288000,1024,524288000,0.01,64,0.5779695392920106,524288,10954308,sharded,898830.5519290213,1000,0.146484375,ed25519,gossipsub,kademlia,1020.5009999999996,3,4,4,5
memo,1024,524288000,1024,524288000,0.01,64,0.5818893428996205,524288,4606180,sharded,893226.2299391546,1000,0.146484375,ed25519,plumtree,kademlia,380.62679999999966,6,8,9,15
memo,1024,524288000,1024,524288000,0.01,64,0.6975244356372965,524288,10222260,sharded,745652.8451577442,1000,0.29296875,ed25519,gossip,kademlia,945.0449999999804,3,4,4,5
memo,1024,524288000,1024,524288000,0.01,64,0.6991724896564121,524288,10980132,sharded,743309.394589298,1000,0.29296875,ed25519,gossipsub,kademlia,1022.037599999999,3,4,4,5
memo,1024,524288000,1024,524288000,0.01,64,0.7022693904863198,524288,4663767,sharded,739938.1932909727,1000,0.29296875,ed25519,plumtree,kademlia,380.67034999999987,6,8,9,14
memo,1024,524288000,1024,524288000,0.01,64,0.9412466844575043,524288,10229786,sharded,552559.3923337548,1000,0.5859375,ed25519,gossip,kademlia,945.4654999999797,3,4,4,5
memo,1024,524288000,1024,524288000,0.01,64,0.9403361606275312,524288,10958808,sharded,552719.8269745908,1000,0.5859375,ed25519,gossipsub,kademlia,1019.6135999999996,3,4,4,5
memo,1024,524288000,1024,524288000,0.01,64,0.9431893515090138,524288,4635291,sharded,551178.1056139625,1000,0.5859375,ed25519,plumtree,kademlia,380.6566,6,8,9,14
memo,1024,524288000,1024,524288000,0.01,64,1083.4992348930373,524288,10215714,sharded,479.6283073068366,1000,1200.0,ed25519,gossip,kademlia,948.2609999999805,3,4,4,6
memo,1024,524288000,1024,524288000,0.01,64,1078.930122055294,524288,10930608,sharded,481.54557313710205,1000,1200.0,ed25519,gossipsub,kademlia,1020.4049999999992,3,4,4,5
memo,1024,524288000,1024,524288000,0.01,64,1082.2141441191652,524288,4584134,sharded,479.9783285246024,1000,1200.0,ed25519,plumtree,kademlia,380.70295,6,8,9,14
memo,1024,524288000,1024,524288000,0.01,64,134.8602705697463,524288,10209782,sharded,3851.563917272194,1000,150.0,ed25519,gossip,kademlia,945.1384999999793,3,4,4,5
memo,1024,524288000,1024,524288000,0.01,64,135.87784174730004,524288,10956780,sharded,3822.7200647328596,1000,150.0,ed25519,gossipsub,kademlia,1021.1885999999987,3,4,4,5
memo,1024,524288000,1024,524288000,0.01,64,135.56565770337698,524288,4626600,sharded,3832.006547975899,1000,150.0,ed25519,plumtree,kademlia,380.82540000000057,6,8,9,14
memo,1024,524288000,1024,524288000,0.01,64,16.94880187705396,524288,10222746,sharded,30678.971869035824,1000,18.75,ed25519,gossip,kademlia,948.5444999999788,3,4,4,6
memo,1024,524288000,1024,524288000,0.01,64,17.092574241988338,524288,10963488,sharded,30420.918969752147,1000,18.75,ed25519,gossipsub,kademlia,1020.5243999999992,3,4,4,5
memo,1024,524288000,1024,524288000,0.01,64,17.10432090579254,524288,4652535,sharded,30383.742848510337,1000,18.75,ed25519,plumtree,kademlia,380.4654000000003,6,8,9,14
memo,1024,524288000,1024,524288000,0.01,64,1.4175157064128083,524288,10179296,sharded,366385.6517782759,1000,1.171875,ed25519,gossip,kademlia,944.6539999999806,3,4,4,6
memo,1024,524288000,1024,524288000,0.01,64,1.4235793727681052,524288,10971036,sharded,364945.89479039115,1000,1.171875,ed25519,gossipsub,kademlia,1020.5484000000002,3,4,4,5
memo,1024,524288000,1024,524288000,0.01,64,1.4287786821612336,524288,4666109,sharded,363755.46646163525,1000,1.171875,ed25519,plumtree,kademlia,380.6454000000005,6,8,9,13
memo,1024,524288000,1024,524288000,0.01,64,2.4302410556305407,524288,10181866,sharded,213891.5293179148,1000,2.34375,ed25519,gossip,kademlia,943.5204999999812,3,4,4,5
memo,1024,524288000,1024,524288000,0.01,64,2.4335802834821676,524288,10970328,sharded,213382.59991857185,1000,2.34375,ed25519,gossipsub,kademlia,1022.1954000000007,3,4,4,5
memo,1024,524288000,1024,524288000,0.01,64,2.431436667571891,524288,4596614,sharded,213742.55267729852,1000,2.34375,ed25519,plumtree,kademlia,380.69439999999935,6,8,9,14
memo,1024,524288000,1024,524288000,0.01,64,268.5840267581872,524288,10333508,sharded,1935.242442648931,1000,300.0,ed25519,gossip,kademlia,950.4669999999807,3,4,4,6
memo,1024,524288000,1024,524288000,0.01,64,269.2975866405298,524288,10974768,sharded,1930.3579749264748,1000,300.0,ed25519,gossipsub,kademlia,1023.1314000000007,3,4,4,5
memo,1024,524288000,1024,524288000,0.01,64,267.7560759547429,524288,4607454,sharded,1942.6645320568537,1000,300.0,ed25519,plumtree,kademlia,380.60575000000046,6,8,9,14
memo,1024,524288000,1024,524288000,0.01,64,33.73995514822272,524288,10186928,sharded,15407.759901168212,1000,37.5,ed25519,gossip,kademlia,946.8534999999804,3,4,4,6
memo,1024,524288000,1024,524288000,0.01,64,34.072365735164105,524288,10969164,sharded,15250.949935176175,1000,37.5,ed25519,gossipsub,kademlia,1021.1483999999987,3,4,4,5
memo,1024,524288000,1024,524288000,0.01,64,34.20528064899413,524288,4641781,sharded,15193.84323529247,1000,37.5,ed25519,plumtree,kademlia,380.60444999999964,6,8,9,14
memo,1024,524288000,1024,524288000,0.01,64,4.499728725785115,524288,10154578,sharded,115494.35969816684,1000,4.6875,ed25519,gossip,kademlia,941.8284999999804,3,4,4,5
memo,1024,524288000,1024,524288000,0.01,64,4.528247905728471,524288,10980192,sharded,114710.88748097957,1000,4.6875,ed25519,gossipsub,kademlia,1022.8601999999973,3,4,4,5
memo,1024,524288000,1024,524288000,0.01,64,4.486836011385244,524288,4690956,sharded,115839.00786236551,1000,4.6875,ed25519,plumtree,kademlia,380.7707500000001,6,8,9,16
memo,1024,524288000,1024,524288000,0.01,64,540.8339592970004,524288,10140520,sharded,960.3959793411603,1000,600.0,ed25519,gossip,kademlia,941.7299999999814,3,4,4,6
memo,1024,524288000,1024,524288000,0.01,64,541.5896815530841,524288,10962816,sharded,959.358380887235,1000,600.0,ed25519,gossipsub,kademlia,1021.332599999999,3,4,4,5
memo,1024,524288000,1024,524288000,0.01,64,537.3435918594366,524288,4636593,sharded,967.5033105000638,1000,600.0,ed25519,plumtree,kademlia,380.4958500000008,6,8,9,14
memo,1024,524288000,1024,524288000,0.01,64,67.68055528702261,524288,10140482,sharded,7681.283195672642,1000,75.0,ed25519,gossip,kademlia,940.8204999999816,3,4,4,5
memo,1024,524288000,1024,524288000,0.01,64,67.59154518550913,524288,10965312,sharded,7690.792547696427,1000,75.0,ed25519,gossipsub,kademlia,1019.8685999999997,3,4,4,5
memo,1024,524288000,1024,524288000,0.01,64,67.61764423529401,524288,4635744,sharded,7686.7336902681445,1000,75.0,ed25519,plumtree,kademlia,380.5626000000002,6,8,9,14
memo,1024,524288000,1024,524288000,0.01,64,8.718825097296435,524288,10186520,sharded,59625.616318556706,1000,9.375,ed25519,gossip,kademlia,947.4634999999797,3,4,4,6
memo,1024,524288000,1024,524288000,0.01,64,8.64520333187601,524288,10959732,sharded,60123.9068702398,1000,9.375,ed25519,gossipsub,kademlia,1021.1945999999986,3,4,4,5
memo,1024,524288000,1024,524288000,0.01,64,8.75891440055434,524288,4633637,sharded,59316.235807387115,1000,9.375,ed25519,plumtree,kademlia,380.55225000000036,6,8,9,14
memo,1024,65536000,1024,65536000,0.01,64,0.22013552537927583,65536,10192014,sharded,295162.9360506526,1000,0.146484375,ed25519,gossip,kademlia,944.6009999999792,3,4,4,5
memo,1024,65536000,1024,65536000,0.01,64,0.21982712812628852,65536,10982352,sharded,295740.0597193419,1000,0.146484375,ed25519,gossipsub,kademlia,1022.2931999999989,3,4,4,5
memo,1024,65536000,1024,65536000,0.01,64,0.2237022238287103,65536,4599710,sharded,290420.2510286442,1000,0.146484375,ed25519,plumtree,kademlia,380.7842499999997,6,8,9,14
memo,1024,65536000,1024,65536000,0.01,64,0.34658194661433966,65536,10227024,sharded,187417.05571952174,1000,0.29296875,ed25519,gossip,kademlia,946.41549999998,3,4,4,5
memo,1024,65536000,1024,65536000,0.01,64,0.34562633388339875,65536,10977132,sharded,187944.1281864666,1000,0.29296875,ed25519,gossipsub,kademlia,1022.4377999999977,3,4,4,5
memo,1024,65536000,1024,65536000,0.01,64,0.34982124273108756,65536,4625254,sharded,185757.7072583684,1000,0.29296875,ed25519,plumtree,kademlia,380.8076000000005,6,8,9,14
memo,1024,65536000,1024,65536000,0.01,64,0.6088944226993608,65536,10234440,sharded,106657.37372349917,1000,0.5859375,ed25519,gossip,kademlia,949.7009999999802,3,4,4,5
memo,1024,65536000,1024,65536000,0.01,64,0.603944292028702,65536,10956948,sharded,107596.00323685445,1000,0.5859375,ed25519,gossipsub,kademlia,1020.6126000000012,3,4,4,5
memo,1024,65536000,1024,65536000,0.01,64,0.611161144519819,65536,4633190,sharded,106251.74159430581,1000,0.5859375,ed25519,plumtree,kademlia,380.7362000000003,6,8,9,15
memo,1024,65536000,1024,65536000,0.01,64,1069.288418714945,65536,10209178,sharded,60.748264792828174,1000,1200.0,ed25519,gossip,kademlia,944.8979999999808,3,4,4,5
memo,1024,65536000,1024,65536000,0.01,64,1080.4222261761736,65536,10949064,sharded,60.11656408613075,1000,1200.0,ed25519,gossipsub,kademlia,1020.3611999999982,3,4,4,5
memo,1024,65536000,1024,65536000,0.01,64,1073.231983341054,65536,4637024,sharded,60.549854093706436,1000,1200.0,ed25519,plumtree,kademlia,380.6226500000008,6,8,9,14
memo,1024,65536000,1024,65536000,0.01,64,133.99684053213898,65536,10158332,sharded,485.08922853602456,1000,150.0,ed25519,gossip,kademlia,946.9574999999784,3,4,4,6
memo,1024,65536000,1024,65536000,0.01,64,134.70204907002451,65536,10976940,sharded,482.1011146329415,1000,150.0,ed25519,gossipsub,kademlia,1022.2835999999988,3,4,4,5
memo,1024,65536000,1024,65536000,0.01,64,135.28135134004125,65536,4661545,sharded,480.1123536735081,1000,150.0,ed25519,plumtree,kademlia,380.6366500000003,6,8,9,13
memo,1024,65536000,1024,65536000,0.01,64,16.819166404905246,65536,10211088,sharded,3864.8464754496977,1000,18.75,ed25519,gossip,kademlia,946.1589999999808,3,4,4,5
memo,1024,65536000,1024,65536000,0.01,64,16.800984534963366,65536,10968624,sharded,3866.591024163552,1000,18.75,ed25519,gossipsub,kademlia,1019.9735999999995,3,4,4,5
memo,1024,65536000,1024,65536000,0.01,64,16.881811472991128,65536,4641681,sharded,3850.0801945328153,1000,18.75,ed25519,plumtree,kademlia,380.6794499999994,6,8,9,15
memo,1024,65536000,1024,65536000,0.01,64,1.1229500624587645,65536,10189402,sharded,57897.30654419677,1000,1.171875,ed25519,gossip,kademlia,946.874999999981,3,4,4,6
memo,1024,65536000,1024,65536000,0.01,64,1.1244069802168004,65536,10953108,sharded,57773.10986407677,1000,1.171875,ed25519,gossipsub,kademlia,1020.6029999999985,3,4,4,5
memo,1024,65536000,1024,65536000,0.01,64,1.1335619554993666,65536,4636249,sharded,57304.71077020571,1000,1.171875,ed25519,plumtree,kademlia,380.57159999999936,6,8,9,14
memo,1024,65536000,1024,65536000,0.01,64,2.1925229831875623,65536,10185154,sharded,29632.86063507686,1000,2.34375,ed25519,gossip,kademlia,943.7814999999794,3,4,4,6
memo,1024,65536000,1024,65536000,0.01,64,2.191324388409003,65536,10991904,sharded,29635.51738095245,1000,2.34375,ed25519,gossipsub,kademlia,1023.2063999999974,3,4,4,5
memo,1024,65536000,1024,65536000,0.01,64,2.180943260332557,65536,4677385,sharded,29789.72684969953,1000,2.34375,ed25519,plumtree,kademlia,380.7443000000005,6,8,9,14
memo,1024,65536000,1024,65536000,0.01,64,269.76966274736037,65536,10210298,sharded,240.84537652718603,1000,300.0,ed25519,gossip,kademlia,945.9729999999804,3,4,4,6
memo,1024,65536000,1024,65536000,0.01,64,267.2275702590288,65536,10959312,sharded,243.24762574831578,1000,300.0,ed25519,gossipsub,kademlia,1021.8575999999997,3,4,4,5
memo,1024,65536000,1024,65536000,0.01,64,269.48080841105934,65536,4670257,sharded,241.05793797720426,1000,300.0,ed25519,plumtree,kademlia,380.60325000000006,6,8,9,14
memo,1024,65536000,1024,65536000,0.01,64,33.802684838202694,65536,10280718,sharded,1921.8158649511015,1000,37.5,ed25519,gossip,kademlia,953.0234999999777,3,4,4,5
memo,1024,65536000,1024,65536000,0.01,64,33.71211904788259,65536,10954176,sharded,1926.462347494561,1000,37.5,ed25519,gossipsub,kademlia,1019.7473999999974,3,4,4,5
memo,1024,65536000,1024,65536000,0.01,64,33.704165467945884,65536,4581235,sharded,1927.3726881557184,1000,37.5,ed25519,plumtree,kademlia,380.8016500000001,6,8,9,16
memo,1024,65536000,1024,65536000,0.01,64,4.299405654094659,65536,10167954,sharded,15105.60603606866,1000,4.6875,ed25519,gossip,kademlia,939.9704999999805,3,4,4,6
memo,1024,65536000,1024,65536000,0.01,64,4.2805248820932755,65536,10958340,sharded,15169.603211895323,1000,4.6875,ed25519,gossipsub,kademlia,1020.3000000000004,3,4,4,5
memo,1024,65536000,1024,65536000,0.01,64,4.264345032351196,65536,4649353,sharded,15242.04807699694,1000,4.6875,ed25519,plumtree,kademlia,380.48615,6,8,9,14
memo,1024,65536000,1024,65536000,0.01,64,544.2567693487501,65536,10125818,sharded,119.36008821301982,1000,600.0,ed25519,gossip,kademlia,941.87299999998,3,4,4,5
memo,1024,65536000,1024,65536000,0.01,64,537.8888047851941,65536,10978116,sharded,120.81505214809553,1000,600.0,ed25519,gossipsub,kademlia,1024.101599999999,3,4,4,5
memo,1024,65536000,1024,65536000,0.01,64,538.1562107715259,65536,4661595,sharded,120.75692280282875,1000,600.0,ed25519,plumtree,kademlia,380.6610999999996,6,8,9,15
memo,1024,65536000,1024,65536000,0.01,64,67.30389520115958,65536,10214332,sharded,965.394704211422,1000,75.0,ed25519,gossip,kademlia,946.17199999998,3,4,4,6
memo,1024,65536000,1024,65536000,0.01,64,67.24049368572055,65536,10996284,sharded,966.6095597659578,1000,75.0,ed25519,gossipsub,kademlia,1022.7444000000005,3,4,4,5
memo,1024,65536000,1024,65536000,0.01,64,67.88678506323073,65536,4641185,sharded,956.0346677125632,1000,75.0,ed25519,plumtree,kademlia,380.4592000000009,6,8,9,14
memo,1024,65536000,1024,65536000,0.01,64,8.460692956666557,65536,10261806,sharded,7683.4831771997615,1000,9.375,ed25519,gossip,kademlia,948.0704999999801,3,4,4,6
memo,1024,65536000,1024,65536000,0.01,64,8.472952125910007,65536,11006352,sharded,7668.257182914488,1000,9.375,ed25519,gossipsub,kademlia,1023.6071999999973,3,4,4,5
memo,1024,65536000,1024,65536000,0.01,64,8.469953446232006,65536,4653290,sharded,7669.883950649112,1000,9.375,ed25519,plumtree,kademlia,380.64469999999994,6,8,9,14
memo,1024,8192000,1024,8192000,0.01,64,0.18518291105442558,8192,10230940,sharded,43859.12260345093,1000,0.146484375,ed25519,gossip,kademlia,943.6334999999793,3,4,4,5
memo,1024,8192000,1024,8192000,0.01,64,0.18409928603651382,8192,10974636,sharded,44126.3199597025,1000,0.146484375,ed25519,gossipsub,kademlia,1022.5709999999984,3,4,4,5
memo,1024,8192000,1024,8192000,0.01,64,0.1872195744874875,8192,4642008,sharded,43384.73699790858,1000,0.146484375,ed25519,plumtree,kademlia,380.50340000000006,6,8,9,13
memo,1024,8192000,1024,8192000,0.01,64,0.3159456480163727,8192,10192824,sharded,25717.765226438347,1000,0.29296875,ed25519,gossip,kademlia,944.3204999999797,3,4,4,5
memo,1024,8192000,1024,8192000,0.01,64,0.3168412992128203,8192,10988748,sharded,25621.230629240927,1000,0.29296875,ed25519,gossipsub,kademlia,1022.3658000000001,3,4,4,5
memo,1024,8192000,1024,8192000,0.01,64,0.3183539812844997,8192,4666728,sharded,25521.20117115553,1000,0.29296875,ed25519,plumtree,kademlia,380.64055000000064,6,8,9,17
memo,1024,8192000,1024,8192000,0.01,64,0.5779850515131774,8192,10247616,sharded,14051.754416030662,1000,0.5859375,ed25519,gossip,kademlia,948.8804999999809,3,4,4,5
memo,1024,8192000,1024,8192000,0.01,64,0.5802446440261229,8192,10976448,sharded,13995.930998433114,1000,0.5859375,ed25519,gossipsub,kademlia,1021.4717999999998,3,4,4,5
memo,1024,8192000,1024,8192000,0.01,64,0.5813849193653684,8192,4597135,sharded,13969.801639962861,1000,0.5859375,ed25519,plumtree,kademlia,380.52070000000043,6,8,9,14
memo,1024,8192000,1024,8192000,0.01,64,1073.1143576240413,8192,10222154,sharded,7.574790088539481,1000,1200.0,ed25519,gossip,kademlia,946.3029999999806,3,4,4,5
memo,1024,8192000,1024,8192000,0.01,64,1075.8978175573006,8192,10996224,sharded,7.54805509173504,1000,1200.0,ed25519,gossipsub,kademlia,1023.3941999999997,3,4,4,5
memo,1024,8192000,1024,8192000,0.01,64,1078.1646291665825,8192,4654128,sharded,7.532304232867994,1000,1200.0,ed25519,plumtree,kademlia,380.48670000000027,6,8,9,15
memo,1024,8192000,1024,8192000,0.01,64,134.2856169665319,8192,10190092,sharded,60.45031614981638,1000,150.0,ed25519,gossip,kademlia,944.0964999999796,3,4,4,5
memo,1024,8192000,1024,8192000,0.01,64,134.33003613206992,8192,10966440,sharded,60.460818993712955,1000,150.0,ed25519,gossipsub,kademlia,1020.4805999999999,3,4,4,5
memo,1024,8192000,1024,8192000,0.01,64,135.44722227688712,8192,4650029,sharded,59.95929531428886,1000,150.0,ed25519,plumtree,kademlia,380.5032500000006,6,8,9,16
memo,1024,8192000,1024,8192000,0.01,64,16.832946531703186,8192,10258310,sharded,482.5037603905587,1000,18.75,ed25519,gossip,kademlia,946.85999999998,3,4,4,6
memo,1024,8192000,1024,8192000,0.01,64,16.718827669925652,8192,10946976,sharded,486.2259579732931,1000,18.75,ed25519,gossipsub,kademlia,1020.508799999998,3,4,4,5
memo,1024,8192000,1024,8192000,0.01,64,16.779173797730202,8192,4640915,sharded,484.18736809907807,1000,18.75,ed25519,plumtree,kademlia,380.5379499999999,6,8,9,13
memo,1024,8192000,1024,8192000,0.01,64,1.1023909316325402,8192,10153720,sharded,7369.908230257598,1000,1.171875,ed25519,gossip,kademlia,940.8919999999812,3,4,4,6
memo,1024,8192000,1024,8192000,0.01,64,1.1019501683291393,8192,10977060,sharded,7368.790561838401,1000,1.171875,ed25519,gossipsub,kademlia,1020.5321999999998,3,4,4,5
memo,1024,8192000,1024,8192000,0.01,64,1.1084570489651489,8192,4683210,sharded,7328.190124807799,1000,1.171875,ed25519,plumtree,kademlia,380.6396500000011,6,8,9,14
memo,1024,8192000,1024,8192000,0.01,64,2.148541843637258,8192,10162350,sharded,3781.4111110100757,1000,2.34375,ed25519,gossip,kademlia,943.5659999999792,3,4,4,6
memo,1024,8192000,1024,8192000,0.01,64,2.1493146289863527,8192,10958820,sharded,3779.634628845018,1000,2.34375,ed25519,gossipsub,kademlia,1019.021999999999,3,4,4,5
memo,1024,8192000,1024,8192000,0.01,64,2.1586379384975736,8192,4667669,sharded,3763.369416945477,1000,2.34375,ed25519,plumtree,kademlia,380.7084499999997,6,8,9,16
memo,1024,8192000,1024,8192000,0.01,64,271.4942502588809,8192,10118594,sharded,29.878997408839776,1000,300.0,ed25519,gossip,kademlia,939.9754999999792,3,4,4,5
memo,1024,8192000,1024,8192000,0.01,64,269.0022794599276,8192,10960152,sharded,30.18529068341816,1000,300.0,ed25519,gossipsub,kademlia,1020.2303999999989,3,4,4,5
memo,1024,8192000,1024,8192000,0.01,64,268.8705358713245,8192,4691562,sharded,30.21341097742196,1000,300.0,ed25519,plumtree,kademlia,380.6800000000005,6,8,9,14
memo,1024,8192000,1024,8192000,0.01,64,33.805969705269526,8192,10239146,sharded,240.2446689388716,1000,37.5,ed25519,gossip,kademlia,946.0324999999801,3,4,4,5
memo,1024,8192000,1024,8192000,0.01,64,33.82032137590497,8192,10994316,sharded,240.18813747250022,1000,37.5,ed25519,gossipsub,kademlia,1023.0090000000009,3,4,4,5
memo,1024,8192000,1024,8192000,0.01,64,33.78427696120885,8192,4646664,sharded,240.23222427755027,1000,37.5,ed25519,plumtree,kademlia,380.64235,6,8,9,14
memo,1024,8192000,1024,8192000,0.01,64,4.261734026525565,8192,10225332,sharded,1905.667493431334,1000,4.6875,ed25519,gossip,kademlia,944.9564999999798,3,4,4,6
memo,1024,8192000,1024,8192000,0.01,64,4.267111304815834,8192,10943892,sharded,1902.936066100684,1000,4.6875,ed25519,gossipsub,kademlia,1021.6848000000003,3,4,4,5
memo,1024,8192000,1024,8192000,0.01,64,4.268212618829398,8192,4642068,sharded,1902.9548725310697,1000,4.6875,ed25519,plumtree,kademlia,380.39430000000067,6,8,9,14
memo,1024,8192000,1024,8192000,0.01,64,537.6306547738578,8192,10182818,sharded,15.106712996892384,1000,600.0,ed25519,gossip,kademlia,940.4334999999811,3,4,4,5
memo,1024,8192000,1024,8192000,0.01,64,538.3953788438504,8192,10965972,sharded,15.08050090889583,1000,600.0,ed25519,gossipsub,kademlia,1020.9983999999997,3,4,4,5
memo,1024,8192000,1024,8192000,0.01,64,537.945233585332,8192,4643585,sharded,15.09978245529246,1000,600.0,ed25519,plumtree,kademlia,380.5722499999996,6,8,9,16
memo,1024,8192000,1024,8192000,0.01,64,67.6257972303998,8192,10189768,sharded,120.10907571746465,1000,75.0,ed25519,gossip,kademlia,944.9139999999799,3,4,4,6
memo,1024,8192000,1024,8192000,0.01,64,67.4110750307216,8192,10970856,sharded,120.4802622758746,1000,75.0,ed25519,gossipsub,kademlia,1021.0235999999999,3,4,4,5
memo,1024,8192000,1024,8192000,0.01,64,67.02680869759723,8192,4609604,sharded,121.26073369641664,1000,75.0,ed25519,plumtree,kademlia,380.69600000000116,6,8,9,15
memo,1024,8192000,1024,8192000,0.01,64,8.431813622729175,8192,10255128,sharded,963.4643700023504,1000,9.375,ed25519,gossip,kademlia,946.7744999999802,3,4,4,5
memo,1024,8192000,1024,8192000,0.01,64,8.432102825998905,8192,10963320,sharded,963.0518232014091,1000,9.375,ed25519,gossipsub,kademlia,1020.9857999999972,3,4,4,5
memo,1024,8192000,1024,8192000,0.01,64,8.439143206356864,8192,4627351,sharded,962.5669100959316,1000,9.375,ed25519,plumtree,kademlia,380.4911500000005,6,8,9,15
memo,1024,1024000,1024,1024000,0.01,8,0.13331037603711507,1024,9400674,sharded,7202.98020712702,1000,0.146484375,ed25519,gossip,kademlia,938.9234999999802,3,4,4,6
memo,1024,1024000,1024,1024000,0.01,8,0.1339746252067896,1024,10260564,sharded,7129.051479157239,1000,0.146484375,ed25519,gossipsub,kademlia,1020.8856,3,4,4,5
memo,1024,1024000,1024,1024000,0.01,8,0.13593640170311483,1024,3882935,sharded,7070.424021514885,1000,0.146484375,ed25519,plumtree,kademlia,380.5688499999998,6,8,9,14
memo,1024,1024000,1024,1024000,0.01,8,0.25780571776380223,1024,9587602,sharded,3686.4038867854756,1000,0.29296875,ed25519,gossip,kademlia,948.3604999999793,3,4,4,5
memo,1024,1024000,1024,1024000,0.01,8,0.25640991165423815,1024,10263690,sharded,3718.45219963922,1000,0.29296875,ed25519,gossipsub,kademlia,1022.121599999998,3,4,4,5
memo,1024,1024000,1024,1024000,0.01,8,0.261077961728114,1024,3862184,sharded,3641.6708392649375,1000,0.29296875,ed25519,plumtree,kademlia,380.6785500000006,6,8,9,13
memo,1024,1024000,1024,1024000,0.01,8,0.49243994182087214,1024,9391252,sharded,1955.9258260784231,1000,0.5859375,ed25519,gossip,kademlia,940.0684999999803,3,4,4,5
memo,1024,1024000,1024,1024000,0.01,8,0.4914857550667249,1024,10253712,sharded,1950.0870373544815,1000,0.5859375,ed25519,gossipsub,kademlia,1020.6113999999983,3,4,4,5
memo,1024,1024000,1024,1024000,0.01,8,0.5011293715879783,1024,3930782,sharded,1903.3647877742587,1000,0.5859375,ed25519,plumtree,kademlia,380.33229999999963,6,8,9,16
memo,1024,1024000,1024,1024000,0.01,8,967.9979002679664,1024,9505038,sharded,0.9944897604979412,1000,1200.0,ed25519,gossip,kademlia,941.0644999999807,3,4,4,6
memo,1024,1024000,1024,1024000,0.01,8,983.4541671374667,1024,10266588,sharded,0.9779489803774094,1000,1200.0,ed25519,gossipsub,kademlia,1020.9479999999988,3,4,4,5
memo,1024,1024000,1024,1024000,0.01,8,997.7276308478552,1024,3934235,sharded,0.9601097237188531,1000,1200.0,ed25519,plumtree,kademlia,380.5794500000011,6,8,9,14
memo,1024,1024000,1024,1024000,0.01,8,123.6311072300115,1024,9484880,sharded,7.747241139060945,1000,150.0,ed25519,gossip,kademlia,943.6044999999802,3,4,4,6
memo,1024,1024000,1024,1024000,0.01,8,123.98176969748882,1024,10248462,sharded,7.731523774332891,1000,150.0,ed25519,gossipsub,kademlia,1020.7355999999995,3,4,4,5
memo,1024,1024000,1024,1024000,0.01,8,124.13736455228077,1024,3947007,sharded,7.70017958289608,1000,150.0,ed25519,plumtree,kademlia,380.73140000000046,6,8,9,15
memo,1024,1024000,1024,1024000,0.01,8,15.551165661594995,1024,9454816,sharded,61.55731479114193,1000,18.75,ed25519,gossip,kademlia,943.7174999999809,3,4,4,6
memo,1024,1024000,1024,1024000,0.01,8,15.480387676835969,1024,10271004,sharded,61.7643446637135,1000,18.75,ed25519,gossipsub,kademlia,1022.5211999999977,3,4,4,5
memo,1024,1024000,1024,1024000,0.01,8,15.340592518692963,1024,3931860,sharded,62.761069940865035,1000,18.75,ed25519,plumtree,kademlia,380.53360000000004,6,8,9,14
memo,1024,1024000,1024,1024000,0.01,8,0.9823548473170084,1024,9469712,sharded,974.6131986978829,1000,1.171875,ed25519,gossip,kademlia,942.4249999999811,3,4,4,6
memo,1024,1024000,1024,1024000,0.01,8,0.9794401275240083,1024,10247586,sharded,979.4738576059459,1000,1.171875,ed25519,gossipsub,kademlia,1021.5239999999988,3,4,4,5
memo,1024,1024000,1024,1024000,0.01,8,0.9902639803547849,1024,3933220,sharded,968.3801683430244,1000,1.171875,ed25519,plumtree,kademlia,380.31130000000104,6,8,9,14
memo,1024,1024000,1024,1024000,0.01,8,1.9532245645252555,1024,9450840,sharded,490.6962657583386,1000,2.34375,ed25519,gossip,kademlia,940.8564999999811,3,4,4,6
memo,1024,1024000,1024,1024000,0.01,8,1.9154314267916652,1024,10249926,sharded,503.7862418370753,1000,2.34375,ed25519,gossipsub,kademlia,1020.1709999999986,3,4,4,5
memo,1024,1024000,1024,1024000,0.01,8,1.942447631766696,1024,3956626,sharded,493.55050006060975,1000,2.34375,ed25519,plumtree,kademlia,380.5266000000005,6,8,9,15
memo,1024,1024000,1024,1024000,0.01,8,250.2605568824962,1024,9534924,sharded,3.8241423735397158,1000,300.0,ed25519,gossip,kademlia,948.91099999998,3,4,4,6
memo,1024,1024000,1024,1024000,0.01,8,246.82716047754246,1024,10263228,sharded,3.8934126946999275,1000,300.0,ed25519,gossipsub,kademlia,1021.513799999998,3,4,4,5
memo,1024,1024000,1024,1024000,0.01,8,252.19949432556675,1024,3939902,sharded,3.761244654897935,1000,300.0,ed25519,plumtree,kademlia,380.6262999999997,6,8,9,14
memo,1024,1024000,1024,1024000,0.01,8,31.346359071817538,1024,9493696,sharded,30.436963917056275,1000,37.5,ed25519,gossip,kademlia,946.5369999999796,3,4,4,5
memo,1024,1024000,1024,1024000,0.01,8,30.535735265258054,1024,10236738,sharded,31.400062637132542,1000,37.5,ed25519,gossipsub,kademlia,1018.8953999999985,3,4,4,5
memo,1024,1024000,1024,1024000,0.01,8,31.27269181809162,1024,3970148,sharded,30.480011300100724,1000,37.5,ed25519,plumtree,kademlia,380.6612500000005,6,8,9,13
memo,1024,1024000,1024,1024000,0.01,8,3.9309426421391267,1024,9484782,sharded,243.88450488259988,1000,4.6875,ed25519,gossip,kademlia,948.5304999999803,3,4,4,6
memo,1024,1024000,1024,1024000,0.01,8,3.8955997490723027,1024,10234302,sharded,245.67000247597497,1000,4.6875,ed25519,gossipsub,kademlia,1019.766599999999,3,4,4,5
memo,1024,1024000,1024,1024000,0.01,8,3.8485014125251835,1024,3966617,sharded,249.1089120767541,1000,4.6875,ed25519,plumtree,kademlia,380.60285000000067,6,8,9,14
memo,1024,1024000,1024,1024000,0.01,8,500.1335655751875,1024,9557252,sharded,1.9143206253291691,1000,600.0,ed25519,gossip,kademlia,947.6144999999798,3,4,4,5
memo,1024,1024000,1024,1024000,0.01,8,499.09787959251815,1024,10271808,sharded,1.9111121064644545,1000,600.0,ed25519,gossipsub,kademlia,1023.3485999999986,3,4,4,5
memo,1024,1024000,1024,1024000,0.01,8,496.93077698924463,1024,3950024,sharded,1.9220222297092138,1000,600.0,ed25519,plumtree,kademlia,380.5145999999997,6,8,9,14
memo,1024,1024000,1024,1024000,0.01,8,62.08300294979574,1024,9498328,sharded,15.41330081558415,1000,75.0,ed25519,gossip,kademlia,947.0509999999797,3,4,4,6
memo,1024,1024000,1024,1024000,0.01,8,61.19914166337738,1024,10255686,sharded,15.679827754418266,1000,75.0,ed25519,gossipsub,kademlia,1020.575999999999,3,4,4,5
memo,1024,1024000,1024,1024000,0.01,8,61.93682105286199,1024,3866896,sharded,15.464145297068677,1000,75.0,ed25519,plumtree,kademlia,380.64434999999946,6,8,9,15
memo,1024,1024000,1024,1024000,0.01,8,7.738041728909789,1024,9498922,sharded,123.3976286833141,1000,9.375,ed25519,gossip,kademlia,947.1414999999796,3,4,4,5
memo,1024,1024000,1024,1024000,0.01,8,7.83937564426604,1024,10257846,sharded,122.27606425533723,1000,9.375,ed25519,gossipsub,kademlia,1020.5495999999989,3,4,4,5
memo,1024,1024000,1024,1024000,0.01,8,7.816330942243061,1024,3925420,sharded,122.37455234021941,1000,9.375,ed25519,plumtree,kademlia,380.4760499999996,6,8,9,15
memo,1024,131072000,1024,131072000,0.01,8,0.9290852987266,131072,9482834,sharded,131625.34825124423,1000,0.146484375,ed25519,gossip,kademlia,946.11799999998,3,4,4,5
memo,1024,131072000,1024,131072000,0.01,8,0.9281915871805201,131072,10256706,sharded,131204.88666561776,1000,0.146484375,ed25519,gossipsub,kademlia,1021.3398000000009,3,4,4,5
memo,1024,131072000,1024,131072000,0.01,8,0.9333894765394242,131072,3925526,sharded,131211.46432255398,1000,0.146484375,ed25519,plumtree,kademlia,380.6478000000001,6,8,9,14
memo,1024,131072000,1024,131072000,0.01,8,1.0298688480650569,131072,9596368,sharded,118648.96411769226,1000,0.29296875,ed25519,gossip,kademlia,949.5674999999793,3,4,4,6
memo,1024,131072000,1024,131072000,0.01,8,1.0307559813617313,131072,10246494,sharded,118626.32302018061,1000,0.29296875,ed25519,gossipsub,kademlia,1019.7768000000001,3,4,4,5
memo,1024,131072000,1024,131072000,0.01,8,1.0328658983764472,131072,3966969,sharded,118383.99563021945,1000,0.29296875,ed25519,plumtree,kademlia,380.69270000000034,6,8,9,14
memo,1024,131072000,1024,131072000,0.01,8,1.2283499558471025,131072,9521790,sharded,100037.45220575843,1000,0.5859375,ed25519,gossip,kademlia,947.6849999999798,3,4,4,5
memo,1024,131072000,1024,131072000,0.01,8,1.2331329047478117,131072,10244322,sharded,99317.27515214321,1000,0.5859375,ed25519,gossipsub,kademlia,1022.1132000000008,3,4,4,5
memo,1024,131072000,1024,131072000,0.01,8,1.2307199618348585,131072,3882092,sharded,99285.6830060876,1000,0.5859375,ed25519,plumtree,kademlia,380.5912500000004,6,8,9,14
memo,1024,131072000,1024,131072000,0.01,8,1000.0983593032538,131072,9499240,sharded,122.21361915357193,1000,1200.0,ed25519,gossip,kademlia,947.0879999999788,3,4,4,6
memo,1024,131072000,1024,131072000,0.01,8,995.6036500063933,131072,10233984,sharded,123.02866105323483,1000,1200.0,ed25519,gossipsub,kademlia,1020.3996000000005,3,4,4,5
memo,1024,131072000,1024,131072000,0.01,8,989.7407031191021,131072,3940011,sharded,124.0554173563424,1000,1200.0,ed25519,plumtree,kademlia,380.70454999999896,6,8,9,14
memo,1024,131072000,1024,131072000,0.01,8,123.67169918575863,131072,9434794,sharded,991.4867896803356,1000,150.0,ed25519,gossip,kademlia,943.1554999999789,3,4,4,5
memo,1024,131072000,1024,131072000,0.01,8,125.1231853336691,131072,10259358,sharded,975.1402002324817,1000,150.0,ed25519,gossipsub,kademlia,1021.695599999998,3,4,4,5
memo,1024,131072000,1024,131072000,0.01,8,124.8449251373598,131072,3904022,sharded,981.381917328218,1000,150.0,ed25519,plumtree,kademlia,380.75529999999924,6,8,9,14
memo,1024,131072000,1024,131072000,0.01,8,15.95201350401325,131072,9404090,sharded,7656.946878164988,1000,18.75,ed25519,gossip,kademlia,937.4094999999818,3,4,4,5
memo,1024,131072000,1024,131072000,0.01,8,15.985349578022731,131072,10273146,sharded,7643.028849864685,1000,18.75,ed25519,gossipsub,kademlia,1022.0207999999989,3,4,4,5
memo,1024,131072000,1024,131072000,0.01,8,15.758741184992685,131072,3959447,sharded,7795.56124171837,1000,18.75,ed25519,plumtree,kademlia,380.5009999999999,6,8,9,14
memo,1024,131072000,1024,131072000,0.01,8,1.6386454192504976,131072,9544944,sharded,74429.46141196616,1000,1.171875,ed25519,gossip,kademlia,949.7294999999785,3,4,4,6
memo,1024,131072000,1024,131072000,0.01,8,1.640414241160401,131072,10260492,sharded,74788.66552220075,1000,1.171875,ed25519,gossipsub,kademlia,1021.8659999999965,3,4,4,5
memo,1024,131072000,1024,131072000,0.01,8,1.6473220742175756,131072,3927130,sharded,74544.66975337872,1000,1.171875,ed25519,plumtree,kademlia,380.53875000000096,6,8,9,14
memo,1024,131072000,1024,131072000,0.01,8,2.5346157750712504,131072,9544426,sharded,48035.092812668016,1000,2.34375,ed25519,gossip,kademlia,950.4349999999796,3,4,4,5
memo,1024,131072000,1024,131072000,0.01,8,2.5000643490248273,131072,10225530,sharded,48830.01673441634,1000,2.34375,ed25519,gossipsub,kademlia,1019.8188,3,4,4,5
memo,1024,131072000,1024,131072000,0.01,8,2.5286302883344964,131072,3955407,sharded,48511.642277604886,1000,2.34375,ed25519,plumtree,kademlia,380.6108500000006,6,8,9,15
memo,1024,131072000,1024,131072000,0.01,8,250.0838595299825,131072,9528726,sharded,488.80413246079337,1000,300.0,ed25519,gossip,kademlia,946.2334999999802,3,4,4,6
memo,1024,131072000,1024,131072000,0.01,8,247.25994809628193,131072,10242078,sharded,494.51920111374744,1000,300.0,ed25519,gossipsub,kademlia,1021.0781999999991,3,4,4,5
memo,1024,131072000,1024,131072000,0.01,8,252.06302634226802,131072,3951528,sharded,482.626118416957,1000,300.0,ed25519,plumtree,kademlia,380.61100000000033,6,8,9,13
memo,1024,131072000,1024,131072000,0.01,8,31.0709199363647,131072,9503504,sharded,3938.5089418217485,1000,37.5,ed25519,gossip,kademlia,945.1754999999799,3,4,4,6
memo,1024,131072000,1024,131072000,0.01,8,31.801097647139105,131072,10274412,sharded,3849.623348174379,1000,37.5,ed25519,gossipsub,kademlia,1023.9102000000005,3,4,4,5
memo,1024,131072000,1024,131072000,0.01,8,31.331978559757115,131072,3922045,sharded,3916.6744534166855,1000,37.5,ed25519,plumtree,kademlia,380.45554999999973,6,8,9,15
memo,1024,131072000,1024,131072000,0.01,8,4.434627740219444,131072,9524578,sharded,27591.202501688516,1000,4.6875,ed25519,gossip,kademlia,946.9044999999805,3,4,4,5
memo,1024,131072000,1024,131072000,0.01,8,4.3776374904624715,131072,10263324,sharded,27950.398420741258,1000,4.6875,ed25519,gossipsub,kademlia,1022.292600000001,3,4,4,5
memo,1024,131072000,1024,131072000,0.01,8,4.406240222740448,131072,3880463,sharded,27906.540221160154,1000,4.6875,ed25519,plumtree,kademlia,380.70465000000036,6,8,9,14
memo,1024,131072000,1024,131072000,0.01,8,490.0384846389347,131072,9457872,sharded,250.1560425204618,1000,600.0,ed25519,gossip,kademlia,943.6929999999802,3,4,4,6
memo,1024,131072000,1024,131072000,0.01,8,492.83654001182526,131072,10243014,sharded,248.8355266779883,1000,600.0,ed25519,gossipsub,kademlia,1020.2106000000023,3,4,4,5
memo,1024,131072000,1024,131072000,0.01,8,495.2146453278046,131072,3917504,sharded,247.47515275699593,1000,600.0,ed25519,plumtree,kademlia,380.4792999999999,6,8,9,15
memo,1024,131072000,1024,131072000,0.01,8,61.33884089849846,131072,9442152,sharded,2010.5265471851926,1000,75.0,ed25519,gossip,kademlia,941.5004999999802,3,4,4,6
memo,1024,131072000,1024,131072000,0.01,8,62.19275787800478,131072,10251054,sharded,1969.7497293864997,1000,75.0,ed25519,gossipsub,kademlia,1020.5909999999983,3,4,4,5
memo,1024,131072000,1024,131072000,0.01,8,61.536310174098666,131072,3933710,sharded,2002.7435452552324,1000,75.0,ed25519,plumtree,kademlia,380.6548500000007,6,8,9,15
memo,1024,131072000,1024,131072000,0.01,8,8.235910910723078,131072,9540996,sharded,14852.509373399776,1000,9.375,ed25519,gossip,kademlia,943.6414999999798,3,4,4,5
memo,1024,131072000,1024,131072000,0.01,8,8.276868093763733,131072,10248480,sharded,14790.890299706472,1000,9.375,ed25519,gossipsub,kademlia,1021.3943999999989,3,4,4,5
memo,1024,131072000,1024,131072000,0.01,8,8.30581659605478,131072,3921936,sharded,14703.832499505206,1000,9.375,ed25519,plumtree,kademlia,380.62870000000095,6,8,9,14
memo,1024,16384000,1024,16384000,0.01,8,0.2114593596396043,16384,9450790,sharded,72352.2478554529,1000,0.146484375,ed25519,gossip,kademlia,945.0369999999803,3,4,4,6
memo,1024,16384000,1024,16384000,0.01,8,0.21141926830796165,16384,10259892,sharded,72269.09884932479,1000,0.146484375,ed25519,gossipsub,kademlia,1021.3295999999983,3,4,4,5
memo,1024,16384000,1024,16384000,0.01,8,0.21504051162120294,16384,3899979,sharded,71290.19497035292,1000,0.146484375,ed25519,plumtree,kademlia,380.6758000000004,6,8,9,14
memo,1024,16384000,1024,16384000,0.01,8,0.32272660654554186,16384,9491954,sharded,47369.109611490065,1000,0.29296875,ed25519,gossip,kademlia,944.8984999999798,3,4,4,6
memo,1024,16384000,1024,16384000,0.01,8,0.3232400355491906,16384,10298562,sharded,47401.57874926445,1000,0.29296875,ed25519,gossipsub,kademlia,1024.452599999999,3,4,4,5
memo,1024,16384000,1024,16384000,0.01,8,0.3247140100706804,16384,3934006,sharded,47091.80240381847,1000,0.29296875,ed25519,plumtree,kademlia,380.5695500000004,6,8,9,14
memo,1024,16384000,1024,16384000,0.01,8,0.5567183296661415,16384,9421832,sharded,27544.226914885076,1000,0.5859375,ed25519,gossip,kademlia,945.9479999999801,3,4,4,6
memo,1024,16384000,1024,16384000,0.01,8,0.558506888443781,16384,10239738,sharded,27338.678028743692,1000,0.5859375,ed25519,gossipsub,kademlia,1019.8517999999987,3,4,4,5
memo,1024,16384000,1024,16384000,0.01,8,0.5662059356475898,16384,3948367,sharded,27028.42735566992,1000,0.5859375,ed25519,plumtree,kademlia,380.65345000000025,6,8,9,14
memo,1024,16384000,1024,16384000,0.01,8,985.2255229483363,16384,9504828,sharded,15.535228882618592,1000,1200.0,ed25519,gossip,kademlia,944.3644999999796,3,4,4,5
memo,1024,16384000,1024,16384000,0.01,8,994.6880540644222,16384,10226634,sharded,15.399794877809915,1000,1200.0,ed25519,gossipsub,kademlia,1018.0151999999986,3,4,4,5
memo,1024,16384000,1024,16384000,0.01,8,1006.0277767452388,16384,3950776,sharded,15.118318153407767,1000,1200.0,ed25519,plumtree,kademlia,380.57984999999996,6,8,9,14
memo,1024,16384000,1024,16384000,0.01,8,124.05043916013551,16384,9456150,sharded,123.25083331839853,1000,150.0,ed25519,gossip,kademlia,940.6509999999805,3,4,4,6
memo,1024,16384000,1024,16384000,0.01,8,123.13597783207001,16384,10275444,sharded,124.28257175064441,1000,150.0,ed25519,gossipsub,kademlia,1022.6508000000006,3,4,4,5
memo,1024,16384000,1024,16384000,0.01,8,122.11386107143932,16384,3978834,sharded,125.876291725863,1000,150.0,ed25519,plumtree,kademlia,380.6534000000003,6,8,9,13
memo,1024,16384000,1024,16384000,0.01,8,15.73602956981684,16384,9461548,sharded,970.7012771060645,1000,18.75,ed25519,gossip,kademlia,941.5749999999806,3,4,4,5
memo,1024,16384000,1024,16384000,0.01,8,15.548346708449511,16384,10264896,sharded,984.7894626429323,1000,18.75,ed25519,gossipsub,kademlia,1022.0363999999998,3,4,4,5
memo,1024,16384000,1024,16384000,0.01,8,15.399493105279669,16384,3911540,sharded,1001.0911329746672,1000,18.75,ed25519,plumtree,kademlia,380.69360000000074,6,8,9,15
memo,1024,16384000,1024,16384000,0.01,8,1.047204851658842,16384,9497070,sharded,14561.009697238878,1000,1.171875,ed25519,gossip,kademlia,949.2289999999791,3,4,4,6
memo,1024,16384000,1024,16384000,0.01,8,1.0567574718295254,16384,10265832,sharded,14365.43048398615,1000,1.171875,ed25519,gossipsub,kademlia,1021.9031999999978,3,4,4,5
memo,1024,16384000,1024,16384000,0.01,8,1.0504898532979507,16384,3934062,sharded,14548.618391714468,1000,1.171875,ed25519,plumtree,kademlia,380.57605000000007,6,8,9,15
memo,1024,16384000,1024,16384000,0.01,8,2.020337054779669,16384,9518494,sharded,7541.351560104705,1000,2.34375,ed25519,gossip,kademlia,943.8839999999799,3,4,4,5
memo,1024,16384000,1024,16384000,0.01,8,1.9876084291153624,16384,10234290,sharded,7710.86687674258,1000,2.34375,ed25519,gossipsub,kademlia,1020.4511999999993,3,4,4,5
memo,1024,16384000,1024,16384000,0.01,8,2.0063704820279993,16384,3919538,sharded,7642.843700780684,1000,2.34375,ed25519,plumtree,kademlia,380.89279999999985,6,8,9,14
memo,1024,16384000,1024,16384000,0.01,8,248.9665086294072,16384,9566690,sharded,61.57567170136727,1000,300.0,ed25519,gossip,kademlia,949.7739999999802,3,4,4,5
memo,1024,16384000,1024,16384000,0.01,8,251.54960333671593,16384,10242366,sharded,60.65027254118977,1000,300.0,ed25519,gossipsub,kademlia,1021.7717999999994,3,4,4,5
memo,1024,16384000,1024,16384000,0.01,8,244.2829214398036,16384,3947789,sharded,62.62211009200504,1000,300.0,ed25519,plumtree,kademlia,380.7056500000002,6,8,9,14
memo,1024,16384000,1024,16384000,0.01,8,31.263148141018263,16384,9477682,sharded,490.16611925573284,1000,37.5,ed25519,gossip,kademlia,944.6374999999796,3,4,4,6
memo,1024,16384000,1024,16384000,0.01,8,30.5653731526864,16384,10264446,sharded,501.8251183578924,1000,37.5,ed25519,gossipsub,kademlia,1021.934999999999,3,4,4,5
memo,1024,16384000,1024,16384000,0.01,8,31.15772572178588,16384,3898458,sharded,491.4302198023959,1000,37.5,ed25519,plumtree,kademlia,380.55644999999873,6,8,9,14
memo,1024,16384000,1024,16384000,0.01,8,3.9158932500829615,16384,9484282,sharded,3910.703132593199,1000,4.6875,ed25519,gossip,kademlia,944.4389999999802,3,4,4,6
memo,1024,16384000,1024,16384000,0.01,8,3.9279024023192233,16384,10256520,sharded,3906.567533587341,1000,4.6875,ed25519,gossipsub,kademlia,1021.9319999999997,3,4,4,5
memo,1024,16384000,1024,16384000,0.01,8,3.938536099998427,16384,3959850,sharded,3875.220541968905,1000,4.6875,ed25519,plumtree,kademlia,380.4598500000006,6,8,9,15
memo,1024,16384000,1024,16384000,0.01,8,493.20704297716617,16384,9500894,sharded,31.078696499290757,1000,600.0,ed25519,gossip,kademlia,948.7399999999802,3,4,4,5
memo,1024,16384000,1024,16384000,0.01,8,496.0750530264847,16384,10269696,sharded,30.816449863250504,1000,600.0,ed25519,gossipsub,kademlia,1023.0413999999982,3,4,4,5
memo,1024,16384000,1024,16384000,0.01,8,493.8316663354731,16384,3941065,sharded,31.08085820801376,1000,600.0,ed25519,plumtree,kademlia,380.6023500000001,6,8,9,13
memo,1024,16384000,1024,16384000,0.01,8,62.03492621926567,16384,9502340,sharded,245.96789147564527,1000,75.0,ed25519,gossip,kademlia,946.6149999999806,3,4,4,5
memo,1024,16384000,1024,16384000,0.01,8,62.5930452538861,16384,10259154,sharded,242.95670450793165,1000,75.0,ed25519,gossipsub,kademlia,1022.2337999999982,3,4,4,5
memo,1024,16384000,1024,16384000,0.01,8,61.97957898002755,16384,3943068,sharded,245.89015044634345,1000,75.0,ed25519,plumtree,kademlia,380.7407499999997,6,8,9,15
memo,1024,16384000,1024,16384000,0.01,8,7.76076978189732,16384,9426216,sharded,1978.258398517603,1000,9.375,ed25519,gossip,kademlia,940.6239999999817,3,4,4,6
memo,1024,16384000,1024,16384000,0.01,8,7.808984175715198,16384,10256040,sharded,1953.9801409064216,1000,9.375,ed25519,gossipsub,kademlia,1022.311199999998,3,4,4,5
memo,1024,16384000,1024,16384000,0.01,8,7.821704728664909,16384,3903299,sharded,1955.2535579555738,1000,9.375,ed25519,plumtree,kademlia,380.5904500000006,6,8,9,13
memo,1024,2048000,1024,2048000,0.01,8,0.13761361247171822,2048,9518578,sharded,13955.654280892384,1000,0.146484375,ed25519,gossip,kademlia,950.0469999999792,3,4,4,6
memo,1024,2048000,1024,2048000,0.01,8,0.1390263386597501,2048,10245624,sharded,13769.649826462899,1000,0.146484375,ed25519,gossipsub,kademlia,1020.7835999999996,3,4,4,5
memo,1024,2048000,1024,2048000,0.01,8,0.1422852589335115,2048,3956299,sharded,13439.874336480612,1000,0.146484375,ed25519,plumtree,kademlia,380.6255000000001,6,8,9,14
memo,1024,2048000,1024,2048000,0.01,8,0.2571156991700059,2048,9508284,sharded,7465.3706724101785,1000,0.29296875,ed25519,gossip,kademlia,947.5099999999795,3,4,4,6
memo,1024,2048000,1024,2048000,0.01,8,0.2582739803370844,2048,10235706,sharded,7401.1636693142045,1000,0.29296875,ed25519,gossipsub,kademlia,1020.1896,3,4,4,5
memo,1024,2048000,1024,2048000,0.01,8,0.2645760209352863,2048,3927285,sharded,7205.52071673304,1000,0.29296875,ed25519,plumtree,kademlia,380.4233499999997,6,8,9,13
memo,1024,2048000,1024,2048000,0.01,8,0.500866204658586,2048,9521764,sharded,3824.6221888853124,1000,0.5859375,ed25519,gossip,kademlia,946.0389999999807,3,4,4,5
memo,1024,2048000,1024,2048000,0.01,8,0.5019654269021383,2048,10256520,sharded,3814.716905539621,1000,0.5859375,ed25519,gossipsub,kademlia,1021.8947999999967,3,4,4,5
memo,1024,2048000,1024,2048000,0.01,8,0.5017474315610464,2048,3959189,sharded,3812.802776185695,1000,0.5859375,ed25519,plumtree,kademlia,380.5890500000006,6,8,9,14
memo,1024,2048000,1024,2048000,0.01,8,988.974878559614,2048,9482140,sharded,1.9359440178991265,1000,1200.0,ed25519,gossip,kademlia,945.0294999999803,3,4,4,6
memo,1024,2048000,1024,2048000,0.01,8,992.5691410784506,2048,10233570,sharded,1.926870301369601,1000,1200.0,ed25519,gossipsub,kademlia,1020.2783999999998,3,4,4,5
memo,1024,2048000,1024,2048000,0.01,8,998.41316708388,2048,3965019,sharded,1.9158481308763615,1000,1200.0,ed25519,plumtree,kademlia,380.66459999999984,6,8,9,14
memo,1024,2048000,1024,2048000,0.01,8,123.94440425263713,2048,9510916,sharded,15.346041731121803,1000,150.0,ed25519,gossip,kademlia,937.3234999999806,3,4,4,5
memo,1024,2048000,1024,2048000,0.01,8,122.94983833612544,2048,10278594,sharded,15.634668788622479,1000,150.0,ed25519,gossipsub,kademlia,1022.6183999999988,3,4,4,5
memo,1024,2048000,1024,2048000,0.01,8,124.62084330366444,2048,3942408,sharded,15.326424933154318,1000,150.0,ed25519,plumtree,kademlia,380.57150000000024,6,8,9,14
memo,1024,2048000,1024,2048000,0.01,8,15.423780512555156,2048,9540248,sharded,123.9338175516691,1000,18.75,ed25519,gossip,kademlia,949.6644999999792,3,4,4,5
memo,1024,2048000,1024,2048000,0.01,8,15.491292755727123,2048,10256856,sharded,123.60853481979925,1000,18.75,ed25519,gossipsub,kademlia,1021.6925999999985,3,4,4,5
memo,1024,2048000,1024,2048000,0.01,8,15.538792446624587,2048,3972528,sharded,123.37895667153047,1000,18.75,ed25519,plumtree,kademlia,380.5486499999998,6,8,9,15
memo,1024,2048000,1024,2048000,0.01,8,0.9826161723164775,2048,9463838,sharded,1946.6481968138519,1000,1.171875,ed25519,gossip,kademlia,942.5864999999812,3,4,4,5
memo,1024,2048000,1024,2048000,0.01,8,1.0021800572463888,2048,10253988,sharded,1904.5599502792118,1000,1.171875,ed25519,gossipsub,kademlia,1021.8539999999986,3,4,4,5
memo,1024,2048000,1024,2048000,0.01,8,0.9877174608680357,2048,3934953,sharded,1939.1861295199917,1000,1.171875,ed25519,plumtree,kademlia,380.5214500000003,6,8,9,15
memo,1024,2048000,1024,2048000,0.01,8,1.9322734248850788,2048,9467442,sharded,994.4306924959552,1000,2.34375,ed25519,gossip,kademlia,944.5594999999803,3,4,4,5
memo,1024,2048000,1024,2048000,0.01,8,1.976692961224578,2048,10231890,sharded,966.7743233203549,1000,2.34375,ed25519,gossipsub,kademlia,1020.2232000000014,3,4,4,5
memo,1024,2048000,1024,2048000,0.01,8,1.9561496375218865,2048,3901506,sharded,977.8433936287241,1000,2.34375,ed25519,plumtree,kademlia,380.69440000000054,6,8,9,14
memo,1024,2048000,1024,2048000,0.01,8,248.28142188193985,2048,9536274,sharded,7.720690438576214,1000,300.0,ed25519,gossip,kademlia,952.8024999999792,3,4,4,6
memo,1024,2048000,1024,2048000,0.01,8,250.22262410652948,2048,10250880,sharded,7.591224042120631,1000,300.0,ed25519,gossipsub,kademlia,1021.4993999999983,3,4,4,5
memo,1024,2048000,1024,2048000,0.01,8,249.1419264705617,2048,3933513,sharded,7.674501145137144,1000,300.0,ed25519,plumtree,kademlia,380.5748000000006,6,8,9,13
memo,1024,2048000,1024,2048000,0.01,8,31.16772358671929,2048,9478388,sharded,61.24823311810363,1000,37.5,ed25519,gossip,kademlia,943.4104999999811,3,4,4,5
memo,1024,2048000,1024,2048000,0.01,8,30.70815260278363,2048,10283358,sharded,62.431629307007334,1000,37.5,ed25519,gossipsub,kademlia,1024.1070000000002,3,4,4,5
memo,1024,2048000,1024,2048000,0.01,8,30.68681381011821,2048,3859310,sharded,62.616862470304085,1000,37.5,ed25519,plumtree,kademlia,380.86714999999924,6,8,9,14
memo,1024,2048000,1024,2048000,0.01,8,3.8853856725947162,2048,9501958,sharded,490.9906405059703,1000,4.6875,ed25519,gossip,kademlia,946.2644999999807,3,4,4,6
memo,1024,2048000,1024,2048000,0.01,8,3.8768525088483146,2048,10246836,sharded,495.1088532821718,1000,4.6875,ed25519,gossipsub,kademlia,1022.0399999999995,3,4,4,5
memo,1024,2048000,1024,2048000,0.01,8,3.8689363454622105,2048,3920751,sharded,493.4089965680066,1000,4.6875,ed25519,plumtree,kademlia,380.5009000000005,6,8,9,14
memo,1024,2048000,1024,2048000,0.01,8,491.2732540235457,2048,9454842,sharded,3.9138951372830983,1000,600.0,ed25519,gossip,kademlia,946.3389999999788,3,4,4,5
memo,1024,2048000,1024,2048000,0.01,8,491.4672154875991,2048,10242744,sharded,3.9149549336491787,1000,600.0,ed25519,gossipsub,kademlia,1021.0086000000008,3,4,4,5
memo,1024,2048000,1024,2048000,0.01,8,496.6941262748313,2048,3936659,sharded,3.8381931638650872,1000,600.0,ed25519,plumtree,kademlia,380.48955000000007,6,8,9,13
memo,1024,2048000,1024,2048000,0.01,8,61.88171757125383,2048,9511924,sharded,30.956218980092963,1000,75.0,ed25519,gossip,kademlia,944.0464999999813,3,4,4,6
memo,1024,2048000,1024,2048000,0.01,8,61.59476519554316,2048,10255128,sharded,31.10459133852869,1000,75.0,ed25519,gossipsub,kademlia,1021.1891999999974,3,4,4,5
memo,1024,2048000,1024,2048000,0.01,8,62.491085228296235,2048,3922669,sharded,30.551941817382538,1000,75.0,ed25519,plumtree,kademlia,380.60455000000013,6,8,9,15
memo,1024,2048000,1024,2048000,0.01,8,7.794632141814126,2048,9552658,sharded,244.90802968871165,1000,9.375,ed25519,gossip,kademlia,946.5529999999803,3,4,4,6
memo,1024,2048000,1024,2048000,0.01,8,7.788674974249469,2048,10242948,sharded,245.19395228506446,1000,9.375,ed25519,gossipsub,kademlia,1021.3145999999999,3,4,4,5
memo,1024,2048000,1024,2048000,0.01,8,7.75420843927088,2048,3930301,sharded,246.41586758527563,1000,9.375,ed25519,plumtree,kademlia,380.56865,6,8,9,14
memo,1024,262144000,1024,262144000,0.01,8,1.7476365736402684,262144,9459036,sharded,140174.77757960066,1000,0.146484375,ed25519,gossip,kademlia,944.175999999981,3,4,4,5
memo,1024,262144000,1024,262144000,0.01,8,1.7478108956408465,262144,10255326,sharded,139467.12004597214,1000,0.146484375,ed25519,gossipsub,kademlia,1021.3619999999985,3,4,4,5
memo,1024,262144000,1024,262144000,0.01,8,1.7515076907534322,262144,3962579,sharded,139415.9656215723,1000,0.146484375,ed25519,plumtree,kademlia,380.7859500000004,6,8,9,14
memo,1024,262144000,1024,262144000,0.01,8,1.8497748591570125,262144,9502948,sharded,133001.66924753142,1000,0.29296875,ed25519,gossip,kademlia,945.7039999999793,3,4,4,6
memo,1024,262144000,1024,262144000,0.01,8,1.8480750488854725,262144,10234692,sharded,131953.7624551915,1000,0.29296875,ed25519,gossipsub,kademlia,1019.1815999999994,3,4,4,5
memo,1024,262144000,1024,262144000,0.01,8,1.8545687408846534,262144,3938464,sharded,132339.83437191177,1000,0.29296875,ed25519,plumtree,kademlia,380.36560000000014,6,8,9,14
memo,1024,262144000,1024,262144000,0.01,8,2.0496147570782886,262144,9516194,sharded,119170.52761084813,1000,0.5859375,ed25519,gossip,kademlia,944.9059999999803,3,4,4,5
memo,1024,262144000,1024,262144000,0.01,8,2.0496797635561856,262144,10278048,sharded,119422.53826778838,1000,0.5859375,ed25519,gossipsub,kademlia,1022.6543999999989,3,4,4,5
memo,1024,262144000,1024,262144000,0.01,8,2.052883117728231,262144,3942602,sharded,118885.02657183877,1000,0.5859375,ed25519,plumtree,kademlia,380.6221000000006,6,8,9,15
memo,1024,262144000,1024,262144000,0.01,8,982.8043847079067,262144,9488044,sharded,250.02761060435375,1000,1200.0,ed25519,gossip,kademlia,947.6954999999805,3,4,4,5
memo,1024,262144000,1024,262144000,0.01,8,978.9695092831065,262144,10259646,sharded,250.73925762994736,1000,1200.0,ed25519,gossipsub,kademlia,1021.0962000000004,3,4,4,5
memo,1024,262144000,1024,262144000,0.01,8,994.681903445568,262144,3924928,sharded,246.21844546647287,1000,1200.0,ed25519,plumtree,kademlia,380.4920999999998,6,8,9,15
memo,1024,262144000,1024,262144000,0.01,8,125.96363909709642,262144,9523438,sharded,1944.0234162434947,1000,150.0,ed25519,gossip,kademlia,946.28499999998,3,4,4,5
memo,1024,262144000,1024,262144000,0.01,8,125.15760531051866,262144,10252932,sharded,1955.2341497175767,1000,150.0,ed25519,gossipsub,kademlia,1020.626999999999,3,4,4,5
memo,1024,262144000,1024,262144000,0.01,8,124.16173441787102,262144,3912533,sharded,1979.361847289295,1000,150.0,ed25519,plumtree,kademlia,380.62260000000055,6,8,9,14
memo,1024,262144000,1024,262144000,0.01,8,16.363605383292917,262144,9468706,sharded,14870.57175360901,1000,18.75,ed25519,gossip,kademlia,944.1679999999795,3,4,4,5
memo,1024,262144000,1024,262144000,0.01,8,16.557218745198917,262144,10251438,sharded,14706.576735335306,1000,18.75,ed25519,gossipsub,kademlia,1021.6476000000008,3,4,4,5
memo,1024,262144000,1024,262144000,0.01,8,16.603823749438803,262144,3945457,sharded,14726.4762436583,1000,18.75,ed25519,plumtree,kademlia,380.59940000000057,6,8,9,14
memo,1024,262144000,1024,262144000,0.01,8,2.450680489596257,262144,9524806,sharded,99427.01589799777,1000,1.171875,ed25519,gossip,kademlia,944.1909999999805,3,4,4,6
memo,1024,262144000,1024,262144000,0.01,8,2.4708646016002285,262144,10253616,sharded,98906.57053475406,1000,1.171875,ed25519,gossipsub,kademlia,1020.9768000000001,3,4,4,5
memo,1024,262144000,1024,262144000,0.01,8,2.461700295040634,262144,3932161,sharded,99594.24244044829,1000,1.171875,ed25519,plumtree,kademlia,380.4885000000001,6,8,9,15
memo,1024,262144000,1024,262144000,0.01,8,3.244815540676088,262144,9417832,sharded,75052.88758240403,1000,2.34375,ed25519,gossip,kademlia,940.4789999999806,3,4,4,5
memo,1024,262144000,1024,262144000,0.01,8,3.24836807375832,262144,10253142,sharded,74960.71949699766,1000,2.34375,ed25519,gossipsub,kademlia,1020.4019999999986,3,4,4,5
memo,1024,262144000,1024,262144000,0.01,8,3.25446556554708,262144,3957749,sharded,75494.87282981846,1000,2.34375,ed25519,plumtree,kademlia,380.6204500000001,6,8,9,14
memo,1024,262144000,1024,262144000,0.01,8,246.18840256780058,262144,9521104,sharded,997.4653129014528,1000,300.0,ed25519,gossip,kademlia,947.121499999979,3,4,4,5
memo,1024,262144000,1024,262144000,0.01,8,248.45630103332905,262144,10254684,sharded,982.5574919400104,1000,300.0,ed25519,gossipsub,kademlia,1021.323,3,4,4,5
memo,1024,262144000,1024,262144000,0.01,8,247.84156668002333,262144,3910435,sharded,990.8119743167889,1000,300.0,ed25519,plumtree,kademlia,380.68574999999964,6,8,9,14
memo,1024,262144000,1024,262144000,0.01,8,32.15635018586929,262144,9427478,sharded,7610.080826509217,1000,37.5,ed25519,gossip,kademlia,937.9104999999807,3,4,4,5
memo,1024,262144000,1024,262144000,0.01,8,32.08455354543896,262144,10252386,sharded,7638.3444654425875,1000,37.5,ed25519,gossipsub,kademlia,1021.4249999999993,3,4,4,5
memo,1024,262144000,1024,262144000,0.01,8,31.474865452301763,262144,3949582,sharded,7804.002478493106,1000,37.5,ed25519,plumtree,kademlia,380.72135000000026,6,8,9,14
memo,1024,262144000,1024,262144000,0.01,8,5.019869797102139,262144,9501592,sharded,48742.23154976015,1000,4.6875,ed25519,gossip,kademlia,943.5764999999807,3,4,4,6
memo,1024,262144000,1024,262144000,0.01,8,5.001594747072243,262144,10252446,sharded,49182.38850598483,1000,4.6875,ed25519,gossipsub,kademlia,1021.9679999999984,3,4,4,5
memo,1024,262144000,1024,262144000,0.01,8,5.022133287322796,262144,3925044,sharded,48628.91724050389,1000,4.6875,ed25519,plumtree,kademlia,380.6865499999997,6,8,9,14
memo,1024,262144000,1024,262144000,0.01,8,493.71238502801356,262144,9542378,sharded,497.9808314633423,1000,600.0,ed25519,gossip,kademlia,950.0089999999796,3,4,4,6
memo,1024,262144000,1024,262144000,0.01,8,496.77997653966247,262144,10255602,sharded,492.13547152796866,1000,600.0,ed25519,gossipsub,kademlia,1021.2762000000014,3,4,4,5
memo,1024,262144000,1024,262144000,0.01,8,489.9708999072026,262144,3929456,sharded,503.4554175497348,1000,600.0,ed25519,plumtree,kademlia,380.55324999999937,6,8,9,14
memo,1024,262144000,1024,262144000,0.01,8,62.58647602475615,262144,9486462,sharded,3922.5543854377206,1000,75.0,ed25519,gossip,kademlia,945.0219999999797,3,4,4,5
memo,1024,262144000,1024,262144000,0.01,8,62.59890146517576,262144,10271598,sharded,3907.6423750995164,1000,75.0,ed25519,gossipsub,kademlia,1022.4551999999977,3,4,4,5
memo,1024,262144000,1024,262144000,0.01,8,62.92781676753917,262144,3936350,sharded,3889.300544210997,1000,75.0,ed25519,plumtree,kademlia,380.47484999999955,6,8,9,14
memo,1024,262144000,1024,262144000,0.01,8,8.766945989196875,262144,9505804,sharded,27916.81302720341,1000,9.375,ed25519,gossip,kademlia,946.2519999999802,3,4,4,6
memo,1024,262144000,1024,262144000,0.01,8,8.73490663682831,262144,10250826,sharded,28206.780248937288,1000,9.375,ed25519,gossipsub,kademlia,1020.8693999999988,3,4,4,5
memo,1024,262144000,1024,262144000,0.01,8,8.789314095767457,262144,3889167,sharded,27875.592262425194,1000,9.375,ed25519,plumtree,kademlia,380.6794500000001,6,8,9,14
memo,1024,32768000,1024,32768000,0.01,8,0.3145410677240433,32768,9491498,sharded,97447.9047260417,1000,0.146484375,ed25519,gossip,kademlia,941.9304999999798,3,4,4,6
memo,1024,32768000,1024,32768000,0.01,8,0.31420028120214655,32768,10233720,sharded,97331.98163602113,1000,0.146484375,ed25519,gossipsub,kademlia,1021.4465999999999,3,4,4,5
memo,1024,32768000,1024,32768000,0.01,8,0.31718456498064407,32768,3932139,sharded,95796.36386737239,1000,0.146484375,ed25519,plumtree,kademlia,380.6127000000009,6,8,9,15
memo,1024,32768000,1024,32768000,0.01,8,0.4156656427872698,32768,9506712,sharded,73582.77627880176,1000,0.29296875,ed25519,gossip,kademlia,947.8184999999797,3,4,4,5
memo,1024,32768000,1024,32768000,0.01,8,0.41582873947456095,32768,10265616,sharded,73741.0695536495,1000,0.29296875,ed25519,gossipsub,kademlia,1021.688399999999,3,4,4,5
memo,1024,32768000,1024,32768000,0.01,8,0.41948106190287593,32768,3956744,sharded,72464.3345330284,1000,0.29296875,ed25519,plumtree,kademlia,380.61995000000036,6,8,9,14
memo,1024,32768000,1024,32768000,0.01,8,0.6382099982866744,32768,9446982,sharded,47988.58069008644,1000,0.5859375,ed25519,gossip,kademlia,944.3844999999797,3,4,4,6
memo,1024,32768000,1024,32768000,0.01,8,0.6330999837012772,32768,10251660,sharded,48369.44683045365,1000,0.5859375,ed25519,gossipsub,kademlia,1021.746000000001,3,4,4,5
memo,1024,32768000,1024,32768000,0.01,8,0.6395788435393067,32768,3970733,sharded,47777.002489485945,1000,0.5859375,ed25519,plumtree,kademlia,380.7353499999995,6,8,9,14
memo,1024,32768000,1024,32768000,0.01,8,992.6989302131345,32768,9509570,sharded,30.802531431594186,1000,1200.0,ed25519,gossip,kademlia,951.6864999999789,3,4,4,5
memo,1024,32768000,1024,32768000,0.01,8,989.2152012469048,32768,10258434,sharded,30.985540822021317,1000,1200.0,ed25519,gossipsub,kademlia,1021.4627999999989,3,4,4,5
memo,1024,32768000,1024,32768000,0.01,8,986.6113197444676,32768,3944076,sharded,31.071469976585885,1000,1200.0,ed25519,plumtree,kademlia,380.56500000000045,6,8,9,14
memo,1024,32768000,1024,32768000,0.01,8,123.31575144415982,32768,9505548,sharded,248.72611682449107,1000,150.0,ed25519,gossip,kademlia,942.5109999999813,3,4,4,5
memo,1024,32768000,1024,32768000,0.01,8,125.45842273516698,32768,10255002,sharded,243.40079632963796,1000,150.0,ed25519,gossipsub,kademlia,1022.0796000000007,3,4,4,5
memo,1024,32768000,1024,32768000,0.01,8,125.23333955639052,32768,3947875,sharded,243.51119364878292,1000,150.0,ed25519,plumtree,kademlia,380.5892000000004,6,8,9,14
memo,1024,32768000,1024,32768000,0.01,8,15.638431648642179,32768,9540796,sharded,1958.169251752227,1000,18.75,ed25519,gossip,kademlia,946.4599999999801,3,4,4,6
memo,1024,32768000,1024,32768000,0.01,8,15.461375087591884,32768,10255128,sharded,1984.3021611073552,1000,18.75,ed25519,gossipsub,kademlia,1021.179599999998,3,4,4,5
memo,1024,32768000,1024,32768000,0.01,8,15.709175661222424,32768,3915361,sharded,1951.958311580423,1000,18.75,ed25519,plumtree,kademlia,380.72725000000037,6,8,9,14
memo,1024,32768000,1024,32768000,0.01,8,1.1086452483508353,32768,9510712,sharded,27662.367241116848,1000,1.171875,ed25519,gossip,kademlia,945.7119999999798,3,4,4,5
memo,1024,32768000,1024,32768000,0.01,8,1.1081695827857878,32768,10297458,sharded,27585.53246259707,1000,1.171875,ed25519,gossipsub,kademlia,1023.5003999999989,3,4,4,5
memo,1024,32768000,1024,32768000,0.01,8,1.1101523830150546,32768,3957315,sharded,27517.815092223904,1000,1.171875,ed25519,plumtree,kademlia,380.67549999999966,6,8,9,14
memo,1024,32768000,1024,32768000,0.01,8,2.0622058372733387,32768,9518746,sharded,14849.485655849718,1000,2.34375,ed25519,gossip,kademlia,945.3039999999801,3,4,4,5
memo,1024,32768000,1024,32768000,0.01,8,2.0665054156604628,32768,10278414,sharded,14887.962918871448,1000,2.34375,ed25519,gossipsub,kademlia,1022.6717999999995,3,4,4,5
memo,1024,32768000,1024,32768000,0.01,8,2.069347753626643,32768,3917347,sharded,14774.48338319078,1000,2.34375,ed25519,plumtree,kademlia,380.66925000000055,6,8,9,14
memo,1024,32768000,1024,32768000,0.01,8,249.12489877494372,32768,9483712,sharded,122.60866798221502,1000,300.0,ed25519,gossip,kademlia,945.9059999999794,3,4,4,6
memo,1024,32768000,1024,32768000,0.01,8,249.68264134504096,32768,10260096,sharded,122.31837918517991,1000,300.0,ed25519,gossipsub,kademlia,1021.0289999999989,3,4,4,5
memo,1024,32768000,1024,32768000,0.01,8,246.7178947365688,32768,3934346,sharded,124.0040736918031,1000,300.0,ed25519,plumtree,kademlia,380.4842500000004,6,8,9,14
memo,1024,32768000,1024,32768000,0.01,8,31.40504397274208,32768,9521560,sharded,971.0452889818805,1000,37.5,ed25519,gossip,kademlia,947.91849999998,3,4,4,6
memo,1024,32768000,1024,32768000,0.01,8,30.77178635932384,32768,10245120,sharded,1000.2131056221301,1000,37.5,ed25519,gossipsub,kademlia,1020.4206000000001,3,4,4,5
memo,1024,32768000,1024,32768000,0.01,8,31.328769966638703,32768,3940949,sharded,975.2398205398829,1000,37.5,ed25519,plumtree,kademlia,380.7567500000008,6,8,9,14
memo,1024,32768000,1024,32768000,0.01,8,4.024055617858534,32768,9480076,sharded,7589.551164368044,1000,4.6875,ed25519,gossip,kademlia,944.3104999999812,3,4,4,6
memo,1024,32768000,1024,32768000,0.01,8,4.050534673502882,32768,10261056,sharded,7558.138978606677,1000,4.6875,ed25519,gossipsub,kademlia,1022.3183999999989,3,4,4,5
memo,1024,32768000,1024,32768000,0.01,8,4.005540388327377,32768,3930586,sharded,7671.671989514456,1000,4.6875,ed25519,plumtree,kademlia,380.50419999999974,6,8,9,14
memo,1024,32768000,1024,32768000,0.01,8,498.8334938760503,32768,9421072,sharded,61.437879324950075,1000,600.0,ed25519,gossip,kademlia,938.1479999999808,3,4,4,5
memo,1024,32768000,1024,32768000,0.01,8,492.9735112661893,32768,10291140,sharded,62.41745508996556,1000,600.0,ed25519,gossipsub,kademlia,1023.5754,3,4,4,5
memo,1024,32768000,1024,32768000,0.01,8,499.364939811638,32768,3930848,sharded,61.26586302102058,1000,600.0,ed25519,plumtree,kademlia,380.51725000000073,6,8,9,13
memo,1024,32768000,1024,32768000,0.01,8,62.44926636164164,32768,9440956,sharded,487.08171884439713,1000,75.0,ed25519,gossip,kademlia,941.4184999999803,3,4,4,6
memo,1024,32768000,1024,32768000,0.01,8,61.251956673110264,32768,10258260,sharded,500.2138978761901,1000,75.0,ed25519,gossipsub,kademlia,1020.1896000000007,3,4,4,5
memo,1024,32768000,1024,32768000,0.01,8,62.45443600683694,32768,3923553,sharded,488.8777475575565,1000,75.0,ed25519,plumtree,kademlia,380.56499999999966,6,8,9,19
memo,1024,32768000,1024,32768000,0.01,8,7.787359140927165,32768,9470134,sharded,3957.606608641738,1000,9.375,ed25519,gossip,kademlia,947.637999999979,3,4,4,5
memo,1024,32768000,1024,32768000,0.01,8,7.899243687994071,32768,10238880,sharded,3864.217032118343,1000,9.375,ed25519,gossipsub,kademlia,1020.1613999999988,3,4,4,5
memo,1024,32768000,1024,32768000,0.01,8,7.897567402019464,32768,3917219,sharded,3883.708291259026,1000,9.375,ed25519,plumtree,kademlia,380.6090499999996,6,8,9,16
memo,1024,4096000,1024,4096000,0.01,8,0.1463662665023054,4096,9573524,sharded,26203.90675838951,1000,0.146484375,ed25519,gossip,kademlia,949.2864999999795,3,4,4,5
memo,1024,4096000,1024,4096000,0.01,8,0.14668607612638193,4096,10234878,sharded,26007.158284833833,1000,0.146484375,ed25519,gossipsub,kademlia,1021.1525999999989,3,4,4,5
memo,1024,4096000,1024,4096000,0.01,8,0.15043489452106742,4096,3865837,sharded,25433.9394605297,1000,0.146484375,ed25519,plumtree,kademlia,380.6292999999994,6,8,9,14
memo,1024,4096000,1024,4096000,0.01,8,0.2690794134781709,4096,9539358,sharded,14194.679372265904,1000,0.29296875,ed25519,gossip,kademlia,949.1974999999802,3,4,4,6
memo,1024,4096000,1024,4096000,0.01,8,0.2696685456270925,4096,10277202,sharded,14150.378536460023,1000,0.29296875,ed25519,gossipsub,kademlia,1022.5764000000005,3,4,4,5
memo,1024,4096000,1024,4096000,0.01,8,0.2706866910479788,4096,3935238,sharded,14138.76679781659,1000,0.29296875,ed25519,plumtree,kademlia,380.6157000000002,6,8,9,13
memo,1024,4096000,1024,4096000,0.01,8,0.5117231261372591,4096,9459278,sharded,7484.00024229656,1000,0.5859375,ed25519,gossip,kademlia,943.5894999999806,3,4,4,6
memo,1024,4096000,1024,4096000,0.01,8,0.5157112850649744,4096,10254822,sharded,7393.361577339966,1000,0.5859375,ed25519,gossipsub,kademlia,1020.0767999999997,3,4,4,5
memo,1024,4096000,1024,4096000,0.01,8,0.5127023357733963,4096,3968051,sharded,7457.722996779847,1000,0.5859375,ed25519,plumtree,kademlia,380.6611000000017,6,8,9,14
memo,1024,4096000,1024,4096000,0.01,8,995.7288978308774,4096,9478312,sharded,3.8276522940156172,1000,1200.0,ed25519,gossip,kademlia,942.3949999999791,3,4,4,6
memo,1024,4096000,1024,4096000,0.01,8,996.9628984808272,4096,10247220,sharded,3.838321371668969,1000,1200.0,ed25519,gossipsub,kademlia,1020.4127999999996,3,4,4,5
memo,1024,4096000,1024,4096000,0.01,8,980.2697123502494,4096,3930209,sharded,3.9167424552929195,1000,1200.0,ed25519,plumtree,kademlia,380.6644500000002,6,8,9,14
memo,1024,4096000,1024,4096000,0.01,8,123.08136957668864,4096,9482174,sharded,31.057242969808378,1000,150.0,ed25519,gossip,kademlia,946.2059999999803,3,4,4,6
memo,1024,4096000,1024,4096000,0.01,8,123.75038749187465,4096,10277616,sharded,30.83969333227812,1000,150.0,ed25519,gossipsub,kademlia,1023.0023999999993,3,4,4,5
memo,1024,4096000,1024,4096000,0.01,8,123.91016479952748,4096,3928463,sharded,30.95694373585909,1000,150.0,ed25519,plumtree,kademlia,380.40690000000063,6,8,9,15
memo,1024,4096000,1024,4096000,0.01,8,15.469679712398463,4096,9421942,sharded,248.1928566964958,1000,18.75,ed25519,gossip,kademlia,939.6999999999813,3,4,4,5
memo,1024,4096000,1024,4096000,0.01,8,15.688131869509581,4096,10259640,sharded,242.55023043218154,1000,18.75,ed25519,gossipsub,kademlia,1021.4441999999974,3,4,4,5
memo,1024,4096000,1024,4096000,0.01,8,15.542611807184818,4096,3929959,sharded,245.6117444968499,1000,18.75,ed25519,plumtree,kademlia,380.52090000000015,6,8,9,14
memo,1024,4096000,1024,4096000,0.01,8,0.9868010828770107,4096,9471788,sharded,3891.3374403730695,1000,1.171875,ed25519,gossip,kademlia,943.4534999999806,3,4,4,5
memo,1024,4096000,1024,4096000,0.01,8,0.9859522879087963,4096,10249560,sharded,3891.5716785221616,1000,1.171875,ed25519,gossipsub,kademlia,1019.7503999999999,3,4,4,5
memo,1024,4096000,1024,4096000,0.01,8,0.9920715004154136,4096,3956446,sharded,3850.0208890192384,1000,1.171875,ed25519,plumtree,kademlia,380.6243499999995,6,8,9,15
memo,1024,4096000,1024,4096000,0.01,8,1.9413560851159313,4096,9476638,sharded,1971.393104718063,1000,2.34375,ed25519,gossip,kademlia,948.8314999999797,3,4,4,6
memo,1024,4096000,1024,4096000,0.01,8,1.9811701537900983,4096,10244364,sharded,1923.2472247326682,1000,2.34375,ed25519,gossipsub,kademlia,1021.4375999999982,3,4,4,5
memo,1024,4096000,1024,4096000,0.01,8,1.947037866741728,4096,3924986,sharded,1965.9032139962676,1000,2.34375,ed25519,plumtree,kademlia,380.6243499999991,6,8,9,15
memo,1024,4096000,1024,4096000,0.01,8,247.37276345720787,4096,9424150,sharded,15.496127974748168,1000,300.0,ed25519,gossip,kademlia,936.282999999981,3,4,4,6
memo,1024,4096000,1024,4096000,0.01,8,245.5982638377476,4096,10269594,sharded,15.61642961178994,1000,300.0,ed25519,gossipsub,kademlia,1022.066999999998,3,4,4,5
memo,1024,4096000,1024,4096000,0.01,8,247.0052793949155,4096,3942652,sharded,15.51089114121528,1000,300.0,ed25519,plumtree,kademlia,380.4383500000009,6,8,9,14
memo,1024,4096000,1024,4096000,0.01,8,31.044648485506404,4096,9493476,sharded,123.24674901010036,1000,37.5,ed25519,gossip,kademlia,944.068999999979,3,4,4,6
memo,1024,4096000,1024,4096000,0.01,8,30.81498285840672,4096,10248324,sharded,124.24838973926214,1000,37.5,ed25519,gossipsub,kademlia,1020.2135999999973,3,4,4,5
memo,1024,4096000,1024,4096000,0.01,8,31.00741228620334,4096,3911886,sharded,123.79104597863856,1000,37.5,ed25519,plumtree,kademlia,380.5847499999997,6,8,9,13
memo,1024,4096000,1024,4096000,0.01,8,3.905171049588648,4096,9560638,sharded,974.783422201437,1000,4.6875,ed25519,gossip,kademlia,946.6294999999795,3,4,4,6
memo,1024,4096000,1024,4096000,0.01,8,3.89443897470437,4096,10239108,sharded,984.7004985592583,1000,4.6875,ed25519,gossipsub,kademlia,1021.0049999999977,3,4,4,5
memo,1024,4096000,1024,4096000,0.01,8,3.8740286255716567,4096,3887606,sharded,991.2100222112757,1000,4.6875,ed25519,plumtree,kademlia,380.70389999999963,6,8,9,15
memo,1024,4096000,1024,4096000,0.01,8,503.5189177995763,4096,9488844,sharded,7.5662857249714355,1000,600.0,ed25519,gossip,kademlia,941.7734999999802,3,4,4,5
memo,1024,4096000,1024,4096000,0.01,8,488.5019035292149,4096,10259880,sharded,7.879584444177706,1000,600.0,ed25519,gossipsub,kademlia,1022.1251999999994,3,4,4,5
memo,1024,4096000,1024,4096000,0.01,8,495.92564004780246,4096,3922189,sharded,7.692459699466802,1000,600.0,ed25519,plumtree,kademlia,380.67549999999983,6,8,9,14
memo,1024,4096000,1024,4096000,0.01,8,61.790382407983955,4096,9455732,sharded,62.054058424221104,1000,75.0,ed25519,gossip,kademlia,942.1094999999791,3,4,4,6
memo,1024,4096000,1024,4096000,0.01,8,61.52189188708918,4096,10243788,sharded,62.549571899747875,1000,75.0,ed25519,gossipsub,kademlia,1020.9173999999988,3,4,4,5
memo,1024,4096000,1024,4096000,0.01,8,62.606642760423696,4096,3942423,sharded,61.032373427559605,1000,75.0,ed25519,plumtree,kademlia,380.4933000000001,6,8,9,14
memo,1024,4096000,1024,4096000,0.01,8,7.712184251180136,4096,9493462,sharded,497.8439148951189,1000,9.375,ed25519,gossip,kademlia,944.6804999999811,3,4,4,5
memo,1024,4096000,1024,4096000,0.01,8,7.842814886916147,4096,10270644,sharded,485.1778417399594,1000,9.375,ed25519,gossipsub,kademlia,1021.5965999999995,3,4,4,5
memo,1024,4096000,1024,4096000,0.01,8,7.766369845318271,4096,3932008,sharded,489.68978760296807,1000,9.375,ed25519,plumtree,kademlia,380.5341,6,8,9,14
memo,1024,524288000,1024,524288000,0.01,8,3.3874337304231403,524288,9548936,sharded,144636.96561786265,1000,0.146484375,ed25519,gossip,kademlia,945.5144999999801,3,4,4,6
memo,1024,524288000,1024,524288000,0.01,8,3.3861548837003985,524288,10244388,sharded,144885.1316168584,1000,0.146484375,ed25519,gossipsub,kademlia,1021.5173999999984,3,4,4,5
memo,1024,524288000,1024,524288000,0.01,8,3.3909337781215316,524288,3917872,sharded,144120.46473839597,1000,0.146484375,ed25519,plumtree,kademlia,380.661500000001,6,8,9,15
memo,1024,524288000,1024,524288000,0.01,8,3.4868358486734596,524288,9428456,sharded,140701.63245185357,1000,0.29296875,ed25519,gossip,kademlia,942.5014999999798,3,4,4,6
memo,1024,524288000,1024,524288000,0.01,8,3.4868883261208286,524288,10250808,sharded,140436.3851665926,1000,0.29296875,ed25519,gossipsub,kademlia,1021.4783999999988,3,4,4,5
memo,1024,524288000,1024,524288000,0.01,8,3.4881145570677563,524288,3955889,sharded,140387.01538852238,1000,0.29296875,ed25519,plumtree,kademlia,380.55980000000034,6,8,9,14
memo,1024,524288000,1024,524288000,0.01,8,3.6925773125873484,524288,9529440,sharded,132578.10969351762,1000,0.5859375,ed25519,gossip,kademlia,945.8194999999798,3,4,4,5
memo,1024,524288000,1024,524288000,0.01,8,3.6861332387946497,524288,10242180,sharded,132880.99812696085,1000,0.5859375,ed25519,gossipsub,kademlia,1020.4770000000002,3,4,4,5
memo,1024,524288000,1024,524288000,0.01,8,3.692773570475061,524288,3891402,sharded,132784.02876375642,1000,0.5859375,ed25519,plumtree,kademlia,380.72764999999987,6,8,9,14
memo,1024,524288000,1024,524288000,0.01,8,978.9666025333978,524288,9470974,sharded,501.3450946435695,1000,1200.0,ed25519,gossip,kademlia,945.0659999999784,3,4,4,5
memo,1024,524288000,1024,524288000,0.01,8,997.7343164881187,524288,10257144,sharded,488.4333313454827,1000,1200.0,ed25519,gossipsub,kademlia,1021.2545999999996,3,4,4,5
memo,1024,524288000,1024,524288000,0.01,8,986.4518106576558,524288,3923905,sharded,496.01285203561474,1000,1200.0,ed25519,plumtree,kademlia,380.4942500000007,6,8,9,16
memo,1024,524288000,1024,524288000,0.01,8,126.67829569693001,524288,9450156,sharded,3865.0698077860684,1000,150.0,ed25519,gossip,kademlia,945.1289999999799,3,4,4,5
memo,1024,524288000,1024,524288000,0.01,8,126.06240484099224,524288,10255938,sharded,3887.072221238954,1000,150.0,ed25519,gossipsub,kademlia,1020.3672,3,4,4,5
memo,1024,524288000,1024,524288000,0.01,8,124.86819258195918,524288,3931841,sharded,3931.070273783395,1000,150.0,ed25519,plumtree,kademlia,380.6240500000007,6,8,9,14
memo,1024,524288000,1024,524288000,0.01,8,17.61017322322381,524288,9599772,sharded,27881.424320828773,1000,18.75,ed25519,gossip,kademlia,951.9349999999788,3,4,4,6
memo,1024,524288000,1024,524288000,0.01,8,17.66763533359413,524288,10245204,sharded,27664.6239732281,1000,18.75,ed25519,gossipsub,kademlia,1020.6863999999977,3,4,4,5
memo,1024,524288000,1024,524288000,0.01,8,17.39030611795657,524288,3906683,sharded,28233.931517342033,1000,18.75,ed25519,plumtree,kademlia,380.65425000000084,6,8,9,14
memo,1024,524288000,1024,524288000,0.01,8,4.098340949142209,524288,9550092,sharded,119404.0022713151,1000,1.171875,ed25519,gossip,kademlia,943.6904999999805,3,4,4,5
memo,1024,524288000,1024,524288000,0.01,8,4.097031659116505,524288,10276542,sharded,119730.08773522169,1000,1.171875,ed25519,gossipsub,kademlia,1022.2883999999985,3,4,4,5
memo,1024,524288000,1024,524288000,0.01,8,4.096935901793736,524288,3929110,sharded,120276.76190497764,1000,1.171875,ed25519,plumtree,kademlia,380.35890000000035,6,8,9,17
memo,1024,524288000,1024,524288000,0.01,8,4.919489058005244,524288,9427288,sharded,99619.94065268183,1000,2.34375,ed25519,gossip,kademlia,943.2814999999813,3,4,4,6
memo,1024,524288000,1024,524288000,0.01,8,4.898767017247841,524288,10262760,sharded,99961.06985204386,1000,2.34375,ed25519,gossipsub,kademlia,1023.1656000000008,3,4,4,5
memo,1024,524288000,1024,524288000,0.01,8,4.8968710390674035,524288,3935803,sharded,100013.15617518732,1000,2.34375,ed25519,plumtree,kademlia,380.5283999999997,6,8,9,14
memo,1024,524288000,1024,524288000,0.01,8,252.70211172184077,524288,9455698,sharded,1931.5751842124907,1000,300.0,ed25519,gossip,kademlia,940.5329999999797,3,4,4,6
memo,1024,524288000,1024,524288000,0.01,8,249.52386578913593,524288,10244604,sharded,1963.0068749172378,1000,300.0,ed25519,gossipsub,kademlia,1020.4397999999968,3,4,4,5
memo,1024,524288000,1024,524288000,0.01,8,249.31526504651208,524288,3925195,sharded,1968.8551357191245,1000,300.0,ed25519,plumtree,kademlia,380.7000000000007,6,8,9,16
memo,1024,524288000,1024,524288000,0.01,8,32.91205802519879,524288,9462934,sharded,14872.645874202923,1000,37.5,ed25519,gossip,kademlia,948.2799999999799,3,4,4,6
memo,1024,524288000,1024,524288000,0.01,8,32.71561117272506,524288,10235892,sharded,15000.01223908433,1000,37.5,ed25519,gossipsub,kademlia,1021.2197999999994,3,4,4,5
memo,1024,524288000,1024,524288000,0.01,8,33.00320771052222,524288,3916518,sharded,14918.942798491058,1000,37.5,ed25519,plumtree,kademlia,380.7532999999996,6,8,9,14
memo,1024,524288000,1024,524288000,0.01,8,6.524543465529295,524288,9477214,sharded,75273.89258646895,1000,4.6875,ed25519,gossip,kademlia,942.706499999981,3,4,4,5
memo,1024,524288000,1024,524288000,0.01,8,6.496423924398,524288,10254240,sharded,75559.36092109117,1000,4.6875,ed25519,gossipsub,kademlia,1022.323199999999,3,4,4,5
memo,1024,524288000,1024,524288000,0.01,8,6.512358376168678,524288,3898551,sharded,75283.91216830374,1000,4.6875,ed25519,plumtree,kademlia,380.63335000000063,6,8,9,14
memo,1024,524288000,1024,524288000,0.01,8,504.24633520737785,524288,9433740,sharded,966.9655601948456,1000,600.0,ed25519,gossip,kademlia,942.4829999999799,3,4,4,5
memo,1024,524288000,1024,524288000,0.01,8,503.88014349827836,524288,10242096,sharded,971.3100512397394,1000,600.0,ed25519,gossipsub,kademlia,1019.3609999999994,3,4,4,5
memo,1024,524288000,1024,524288000,0.01,8,498.7533263864403,524288,3934421,sharded,978.0094130581452,1000,600.0,ed25519,plumtree,kademlia,380.57269999999994,6,8,9,15
memo,1024,524288000,1024,524288000,0.01,8,64.63809223032393,524288,9535192,sharded,7540.325142383266,1000,75.0,ed25519,gossip,kademlia,946.427999999979,3,4,4,6
memo,1024,524288000,1024,524288000,0.01,8,63.61360409973402,524288,10268556,sharded,7724.604429417239,1000,75.0,ed25519,gossipsub,kademlia,1022.4551999999973,3,4,4,5
memo,1024,524288000,1024,524288000,0.01,8,64.55173169882953,524288,3935855,sharded,7553.4587092857355,1000,75.0,ed25519,plumtree,kademlia,380.4016999999998,6,8,9,14
memo,1024,524288000,1024,524288000,0.01,8,10.028455814451434,524288,9488086,sharded,49084.515613127434,1000,9.375,ed25519,gossip,kademlia,944.600999999979,3,4,4,5
memo,1024,524288000,1024,524288000,0.01,8,9.95935477517959,524288,10262910,sharded,49280.31133333633,1000,9.375,ed25519,gossipsub,kademlia,1021.8395999999988,3,4,4,5
memo,1024,524288000,1024,524288000,0.01,8,9.971098663979697,524288,3875486,sharded,49274.85010000904,1000,9.375,ed25519,plumtree,kademlia,380.4376999999999,6,8,9,14
memo,1024,65536000,1024,65536000,0.01,8,0.5193575568214184,65536,9502882,sharded,117229.34075056697,1000,0.146484375,ed25519,gossip,kademlia,944.16549999998,3,4,4,6
memo,1024,65536000,1024,65536000,0.01,8,0.5203426431841024,65536,10275498,sharded,118188.16851849153,1000,0.146484375,ed25519,gossipsub,kademlia,1021.6925999999994,3,4,4,5
memo,1024,65536000,1024,65536000,0.01,8,0.524077151889562,65536,3953764,sharded,116892.66700355864,1000,0.146484375,ed25519,plumtree,kademlia,380.5581500000002,6,8,9,15
memo,1024,65536000,1024,65536000,0.01,8,0.6191563892577048,65536,9480038,sharded,98611.55769255469,1000,0.29296875,ed25519,gossip,kademlia,943.3754999999801,3,4,4,5
memo,1024,65536000,1024,65536000,0.01,8,0.617783521877498,65536,10276314,sharded,99546.75355066314,1000,0.29296875,ed25519,gossipsub,kademlia,1022.7995999999989,3,4,4,5
memo,1024,65536000,1024,65536000,0.01,8,0.6248833139252338,65536,3929877,sharded,98048.65426016276,1000,0.29296875,ed25519,plumtree,kademlia,380.50635,6,8,9,14
memo,1024,65536000,1024,65536000,0.01,8,0.8204278834961611,65536,9537628,sharded,74419.67445062548,1000,0.5859375,ed25519,gossip,kademlia,944.8644999999798,3,4,4,6
memo,1024,65536000,1024,65536000,0.01,8,0.8163883868355802,65536,10275912,sharded,74838.07582910272,1000,0.5859375,ed25519,gossipsub,kademlia,1023.3084000000002,3,4,4,5
memo,1024,65536000,1024,65536000,0.01,8,0.826791665969851,65536,3928774,sharded,73896.41008092588,1000,0.5859375,ed25519,plumtree,kademlia,380.6223500000008,6,8,9,15
memo,1024,65536000,1024,65536000,0.01,8,1004.0700721745338,65536,9428364,sharded,60.612670058172036,1000,1200.0,ed25519,gossip,kademlia,944.0299999999811,3,4,4,5
memo,1024,65536000,1024,65536000,0.01,8,995.2020092015654,65536,10258398,sharded,61.482038253810785,1000,1200.0,ed25519,gossipsub,kademlia,1020.7314000000006,3,4,4,5
memo,1024,65536000,1024,65536000,0.01,8,1006.0999512475682,65536,3912948,sharded,60.49037963329003,1000,1200.0,ed25519,plumtree,kademlia,380.6576000000005,6,8,9,15
memo,1024,65536000,1024,65536000,0.01,8,125.01988497997561,65536,9464958,sharded,488.3701181598376,1000,150.0,ed25519,gossip,kademlia,945.6174999999804,3,4,4,5
memo,1024,65536000,1024,65536000,0.01,8,124.91743328857952,65536,10265496,sharded,488.31160226518,1000,150.0,ed25519,gossipsub,kademlia,1022.3718000000007,3,4,4,5
memo,1024,65536000,1024,65536000,0.01,8,125.0255034205995,65536,3876502,sharded,490.2483279255577,1000,150.0,ed25519,plumtree,kademlia,380.57600000000036,6,8,9,14
memo,1024,65536000,1024,65536000,0.01,8,15.917328358139027,65536,9539418,sharded,3840.9646785189475,1000,18.75,ed25519,gossip,kademlia,947.3304999999793,3,4,4,5
memo,1024,65536000,1024,65536000,0.01,8,15.630226377129045,65536,10254744,sharded,3916.2340021874547,1000,18.75,ed25519,gossipsub,kademlia,1021.728,3,4,4,5
memo,1024,65536000,1024,65536000,0.01,8,15.741721285047214,65536,3886020,sharded,3893.1798429320356,1000,18.75,ed25519,plumtree,kademlia,380.5686499999995,6,8,9,14
memo,1024,65536000,1024,65536000,0.01,8,1.2553312793568152,65536,9470256,sharded,48787.43404799037,1000,1.171875,ed25519,gossip,kademlia,943.6559999999804,3,4,4,5
memo,1024,65536000,1024,65536000,0.01,8,1.2600393659355302,65536,10270404,sharded,48566.13345136635,1000,1.171875,ed25519,gossipsub,kademlia,1022.4995999999985,3,4,4,5
memo,1024,65536000,1024,65536000,0.01,8,1.2642639734830274,65536,3932291,sharded,48248.33522064994,1000,1.171875,ed25519,plumtree,kademlia,380.5187999999997,6,8,9,14
memo,1024,65536000,1024,65536000,0.01,8,2.20065471760628,65536,9443296,sharded,27848.690441843584,1000,2.34375,ed25519,gossip,kademlia,940.5649999999804,3,4,4,5
memo,1024,65536000,1024,65536000,0.01,8,2.2054256440136046,65536,10265304,sharded,27769.873886359055,1000,2.34375,ed25519,gossipsub,kademlia,1021.3415999999994,3,4,4,5
memo,1024,65536000,1024,65536000,0.01,8,2.223149120100771,65536,3950442,sharded,27541.11608906588,1000,2.34375,ed25519,plumtree,kademlia,380.5713000000002,6,8,9,13
memo,1024,65536000,1024,65536000,0.01,8,246.5773131186596,65536,9543098,sharded,249.10895176492102,1000,300.0,ed25519,gossip,kademlia,947.4599999999807,3,4,4,6
memo,1024,65536000,1024,65536000,0.01,8,251.91073901913373,65536,10252968,sharded,242.46902787006894,1000,300.0,ed25519,gossipsub,kademlia,1021.8605999999978,3,4,4,5
memo,1024,65536000,1024,65536000,0.01,8,241.47185468195363,65536,3938871,sharded,254.4098072254181,1000,300.0,ed25519,plumtree,kademlia,380.64879999999874,6,8,9,14
memo,1024,65536000,1024,65536000,0.01,8,31.493323125990187,65536,9490246,sharded,1936.8750562134312,1000,37.5,ed25519,gossip,kademlia,943.3929999999806,3,4,4,6
memo,1024,65536000,1024,65536000,0.01,8,31.697239373395945,65536,10280196,sharded,1925.9653271646896,1000,37.5,ed25519,gossipsub,kademlia,1023.9437999999981,3,4,4,5
memo,1024,65536000,1024,65536000,0.01,8,31.11566554172611,65536,3953379,sharded,1959.0669503197917,1000,37.5,ed25519,plumtree,kademlia,380.3023500000003,6,8,9,14
memo,1024,65536000,1024,65536000,0.01,8,4.123104057318793,65536,9588398,sharded,14828.123459915118,1000,4.6875,ed25519,gossip,kademlia,950.3234999999794,3,4,4,5
memo,1024,65536000,1024,65536000,0.01,8,4.130841309547951,65536,10251966,sharded,14808.282239894146,1000,4.6875,ed25519,gossipsub,kademlia,1021.8311999999993,3,4,4,5
memo,1024,65536000,1024,65536000,0.01,8,4.166744602117398,65536,3935688,sharded,14653.160159845993,1000,4.6875,ed25519,plumtree,kademlia,380.4757000000001,6,8,9,13
memo,1024,65536000,1024,65536000,0.01,8,498.5326151929024,65536,9544646,sharded,122.52067395102216,1000,600.0,ed25519,gossip,kademlia,947.4044999999796,3,4,4,5
memo,1024,65536000,1024,65536000,0.01,8,494.77673991102444,65536,10241424,sharded,124.3116966473822,1000,600.0,ed25519,gossipsub,kademlia,1022.3777999999998,3,4,4,5
memo,1024,65536000,1024,65536000,0.01,8,496.3299243212886,65536,3891561,sharded,123.32849784083533,1000,600.0,ed25519,plumtree,kademlia,380.61204999999956,6,8,9,14
memo,1024,65536000,1024,65536000,0.01,8,61.76864211878336,65536,9503426,sharded,998.1438782713908,1000,75.0,ed25519,gossip,kademlia,943.0369999999815,3,4,4,6
memo,1024,65536000,1024,65536000,0.01,8,62.20549339356856,65536,10268628,sharded,987.4468097435057,1000,75.0,ed25519,gossipsub,kademlia,1021.5743999999988,3,4,4,5
memo,1024,65536000,1024,65536000,0.01,8,61.51379925951688,65536,3886264,sharded,998.4170176336196,1000,75.0,ed25519,plumtree,kademlia,380.58120000000116,6,8,9,13
memo,1024,65536000,1024,65536000,0.01,8,7.946590130653096,65536,9510318,sharded,7739.990988429781,1000,9.375,ed25519,gossip,kademlia,948.4524999999803,3,4,4,5
memo,1024,65536000,1024,65536000,0.01,8,7.986734239125161,65536,10235970,sharded,7704.164200002216,1000,9.375,ed25519,gossipsub,kademlia,1020.3173999999995,3,4,4,5
memo,1024,65536000,1024,65536000,0.01,8,7.968913566784659,65536,3951901,sharded,7692.6089718820185,1000,9.375,ed25519,plumtree,kademlia,380.7413500000001,6,8,9,15
memo,1024,8192000,1024,8192000,0.01,8,0.16601352526753455,8192,9459280,sharded,46328.996312832904,1000,0.146484375,ed25519,gossip,kademlia,947.3699999999802,3,4,4,5
memo,1024,8192000,1024,8192000,0.01,8,0.1646543542949638,8192,10246104,sharded,46587.046135800985,1000,0.146484375,ed25519,gossipsub,kademlia,1021.2713999999985,3,4,4,5
memo,1024,8192000,1024,8192000,0.01,8,0.16975899051319715,8192,3933448,sharded,45216.33862686803,1000,0.146484375,ed25519,plumtree,kademlia,380.4766499999997,6,8,9,14
memo,1024,8192000,1024,8192000,0.01,8,0.28391173523432234,8192,9547798,sharded,26902.69915646881,1000,0.29296875,ed25519,gossip,kademlia,947.7119999999795,3,4,4,6
memo,1024,8192000,1024,8192000,0.01,8,0.2833342300041469,8192,10254552,sharded,27123.782396103426,1000,0.29296875,ed25519,gossipsub,kademlia,1021.9961999999995,3,4,4,5
memo,1024,8192000,1024,8192000,0.01,8,0.28705975138790496,8192,3927876,sharded,26596.97140781991,1000,0.29296875,ed25519,plumtree,kademlia,380.4731500000004,6,8,9,15
memo,1024,8192000,1024,8192000,0.01,8,0.5180714794804633,8192,9525704,sharded,14764.866052211348,1000,0.5859375,ed25519,gossip,kademlia,947.7374999999804,3,4,4,5
memo,1024,8192000,1024,8192000,0.01,8,0.5227952098488062,8192,10257120,sharded,14578.572749746863,1000,0.5859375,ed25519,gossipsub,kademlia,1020.7872,3,4,4,5
memo,1024,8192000,1024,8192000,0.01,8,0.5316019216721409,8192,3946118,sharded,14338.985036064572,1000,0.5859375,ed25519,plumtree,kademlia,380.489,6,8,9,16
memo,1024,8192000,1024,8192000,0.01,8,992.8414877146907,8192,9492210,sharded,7.710596399049658,1000,1200.0,ed25519,gossip,kademlia,941.8199999999805,3,4,4,5
memo,1024,8192000,1024,8192000,0.01,8,978.1458278758462,8192,10276686,sharded,7.866221764406096,1000,1200.0,ed25519,gossipsub,kademlia,1021.9733999999983,3,4,4,5
memo,1024,8192000,1024,8192000,0.01,8,1003.223111556999,8192,3962744,sharded,7.609370151124427,1000,1200.0,ed25519,plumtree,kademlia,380.6195500000008,6,8,9,14
memo,1024,8192000,1024,8192000,0.01,8,123.27340316901176,8192,9485792,sharded,62.283735198527104,1000,150.0,ed25519,gossip,kademlia,942.7619999999803,3,4,4,6
memo,1024,8192000,1024,8192000,0.01,8,124.76019436490951,8192,10270434,sharded,61.42657951930451,1000,150.0,ed25519,gossipsub,kademlia,1022.3243999999997,3,4,4,5
memo,1024,8192000,1024,8192000,0.01,8,125.48538462649671,8192,3933323,sharded,60.68805560637351,1000,150.0,ed25519,plumtree,kademlia,380.54525000000007,6,8,9,15
memo,1024,8192000,1024,8192000,0.01,8,15.542665996838425,8192,9456292,sharded,491.02567098542903,1000,18.75,ed25519,gossip,kademlia,945.8169999999794,3,4,4,5
memo,1024,8192000,1024,8192000,0.01,8,15.623753322812284,8192,10257102,sharded,489.32928228182413,1000,18.75,ed25519,gossipsub,kademlia,1020.8664000000001,3,4,4,5
memo,1024,8192000,1024,8192000,0.01,8,15.491987549346,8192,3924541,sharded,493.160737165873,1000,18.75,ed25519,plumtree,kademlia,380.7970500000006,6,8,9,14
memo,1024,8192000,1024,8192000,0.01,8,1.0258993939083092,8192,9485074,sharded,7416.220386889126,1000,1.171875,ed25519,gossip,kademlia,944.7044999999797,3,4,4,5
memo,1024,8192000,1024,8192000,0.01,8,1.0015779450512685,8192,10278066,sharded,7641.294457225936,1000,1.171875,ed25519,gossipsub,kademlia,1022.7635999999982,3,4,4,5
memo,1024,8192000,1024,8192000,0.01,8,1.00475048596774,8192,3943985,sharded,7646.722352763991,1000,1.171875,ed25519,plumtree,kademlia,380.6276500000004,6,8,9,13
memo,1024,8192000,1024,8192000,0.01,8,1.963690696860774,8192,9572718,sharded,3900.039864854026,1000,2.34375,ed25519,gossip,kademlia,946.7494999999803,3,4,4,6
memo,1024,8192000,1024,8192000,0.01,8,1.972989969118065,8192,10261068,sharded,3892.0380337425254,1000,2.34375,ed25519,gossipsub,kademlia,1020.6587999999994,3,4,4,5
memo,1024,8192000,1024,8192000,0.01,8,1.9823426809004596,8192,3941579,sharded,3864.3772713001795,1000,2.34375,ed25519,plumtree,kademlia,380.6401500000001,6,8,9,14
memo,1024,8192000,1024,8192000,0.01,8,246.21333867979848,8192,9471558,sharded,30.93866498397395,1000,300.0,ed25519,gossip,kademlia,946.7989999999808,3,4,4,6
memo,1024,8192000,1024,8192000,0.01,8,245.30651834507975,8192,10253910,sharded,31.215835810885576,1000,300.0,ed25519,gossipsub,kademlia,1021.0104000000014,3,4,4,5
memo,1024,8192000,1024,8192000,0.01,8,245.67130822484475,8192,3933707,sharded,31.14447533692998,1000,300.0,ed25519,plumtree,kademlia,380.59680000000026,6,8,9,14
memo,1024,8192000,1024,8192000,0.01,8,30.893267132376,8192,9500632,sharded,247.37066388135838,1000,37.5,ed25519,gossip,kademlia,944.4434999999797,3,4,4,6
memo,1024,8192000,1024,8192000,0.01,8,31.505814497953676,8192,10232070,sharded,241.6186383784628,1000,37.5,ed25519,gossipsub,kademlia,1020.933599999999,3,4,4,5
memo,1024,8192000,1024,8192000,0.01,8,30.963324727325794,8192,3964865,sharded,247.34010534861054,1000,37.5,ed25519,plumtree,kademlia,380.48930000000036,6,8,9,14
memo,1024,8192000,1024,8192000,0.01,8,3.8963529545680267,8192,9527558,sharded,1965.548832279509,1000,4.6875,ed25519,gossip,kademlia,946.5999999999801,3,4,4,5
memo,1024,8192000,1024,8192000,0.01,8,3.862396808950544,8192,10240806,sharded,1991.5778674460105,1000,4.6875,ed25519,gossipsub,kademlia,1021.1297999999982,3,4,4,5
memo,1024,8192000,1024,8192000,0.01,8,3.929703305212755,8192,3928195,sharded,1952.515852741863,1000,4.6875,ed25519,plumtree,kademlia,380.5518500000001,6,8,9,15
memo,1024,8192000,1024,8192000,0.01,8,490.8209701276446,8192,9516626,sharded,15.630513908166657,1000,600.0,ed25519,gossip,kademlia,944.5984999999796,3,4,4,6
memo,1024,8192000,1024,8192000,0.01,8,496.22016568193516,8192,10259178,sharded,15.419171829675896,1000,600.0,ed25519,gossipsub,kademlia,1021.4849999999992,3,4,4,5
memo,1024,8192000,1024,8192000,0.01,8,492.8179053402839,8192,3948462,sharded,15.529776651916627,1000,600.0,ed25519,plumtree,kademlia,380.6150499999999,6,8,9,13
memo,1024,8192000,1024,8192000,0.01,8,62.97472586541993,8192,9571834,sharded,120.73376891307728,1000,75.0,ed25519,gossip,kademlia,948.4389999999793,3,4,4,6
memo,1024,8192000,1024,8192000,0.01,8,61.4845348409104,8192,10249920,sharded,124.82579594785072,1000,75.0,ed25519,gossipsub,kademlia,1021.7514,3,4,4,5
memo,1024,8192000,1024,8192000,0.01,8,61.779493176010824,8192,3925561,sharded,123.86517931117349,1000,75.0,ed25519,plumtree,kademlia,380.6643999999999,6,8,9,15
memo,1024,8192000,1024,8192000,0.01,8,7.855851685990701,8192,9485864,sharded,972.398195045181,1000,9.375,ed25519,gossip,kademlia,947.8284999999802,3,4,4,5
memo,1024,8192000,1024,8192000,0.01,8,7.6940796166717185,8192,10274190,sharded,1001.6272749896104,1000,9.375,ed25519,gossipsub,kademlia,1022.6981999999986,3,4,4,5
memo,1024,8192000,1024,8192000,0.01,8,7.838101321351891,8192,3924174,sharded,972.2487229452688,1000,9.375,ed25519,plumtree,kademlia,380.6416000000011,6,8,9,15